track_id,scan_id,time_row,fixed_reference_channel,saved_moving_center_channel,original_width_channels,static_center_normalized_power,copied_moving_center_normalized_power,static_flank_normalized_power,original_moving_flank_normalized_power,static_residual,moving_same_static_background_residual,static_minus_moving_residual,moving_original_background_residual
epoch1_on_gap_drift_rank_01,epoch1_on,0,158358343,158358343,3,1.060884343305453,1.060884343305453,1.0357418765890103,1.0357418765890103,0.025142466716442602,0.025142466716442602,0.0,0.025142466716442602
epoch1_on_gap_drift_rank_01,epoch1_on,1,158358343,158358360,3,1.1236204206707558,1.1578205762957838,1.0439597749836618,1.0467742126446131,0.07966064568709408,0.11386080131212206,-0.034200155625027984,0.11104636365117071
epoch1_on_gap_drift_rank_01,epoch1_on,2,158358343,158358377,3,1.0689079530218903,1.1537204184990915,1.0584241263646361,1.0560495494313844,0.010483826657254225,0.09529629213445534,-0.08481246547720112,0.09767086906770706
epoch1_on_gap_drift_rank_01,epoch1_on,3,158358343,158358395,3,1.1280608942834276,1.141638477830945,1.0337491381107466,1.019880563906856,0.09431175617268095,0.10788933972019832,-0.013577583547517369,0.12175791392408897
epoch1_on_gap_drift_rank_01,epoch1_on,4,158358343,158358412,3,1.1310356742604668,1.0976474332253339,1.0144233357058454,1.0195384817040696,0.11661233855462139,0.08322409751948845,0.03338824103513294,0.07810895152126429
epoch1_on_gap_drift_rank_01,epoch1_on,5,158358343,158358429,3,1.0636615342952027,1.0597055887311648,1.0257442125719693,1.0353331442349714,0.037917321723233366,0.03396137615919548,0.003955945564037888,0.02437244449619347
epoch1_on_gap_drift_rank_01,epoch1_on,6,158358343,158358446,3,1.1513205482981943,1.1645472804896964,1.0177673887447605,1.0383780259124018,0.13355315955343383,0.1467798917449359,-0.013226732191502055,0.12616925457729455
epoch1_on_gap_drift_rank_01,epoch1_on,7,158358343,158358463,3,0.9783117229865658,1.1053628681779515,1.0495441701186565,1.044483178759703,-0.07123244713209076,0.05581869805929496,-0.12705114519138572,0.060879689418248395
epoch1_on_gap_drift_rank_01,epoch1_on,8,158358343,158358480,3,1.0731595450072096,1.1486732646506523,1.0395599491255547,0.9971521754056714,0.03359959588165484,0.10911331552509762,-0.07551371964344278,0.15152108924498098
epoch1_on_gap_drift_rank_01,epoch1_on,9,158358343,158358498,3,1.0111569564552694,1.0983058471734009,1.038710226715743,1.0472307648845955,-0.027553270260473717,0.05959562045765776,-0.08714889071813148,0.05107508228880531
epoch1_on_gap_drift_rank_01,epoch1_on,10,158358343,158358515,3,1.046367843409478,1.2339703317119135,1.0084640084268535,1.051643432912021,0.03790383498262462,0.22550632328506004,-0.18760248830243542,0.1823268987998925
epoch1_on_gap_drift_rank_01,epoch1_on,11,158358343,158358532,3,1.0433190659355327,1.168536897321552,1.0451723447739476,1.053471843065505,-0.0018532788384149068,0.12336455254760437,-0.12521783138601927,0.11506505425604696
epoch1_on_gap_drift_rank_01,epoch1_on,12,158358343,158358549,3,1.0660559643668563,0.9940323655113611,1.0420271698563568,1.0378362764112663,0.02402879451049955,-0.0479948043449957,0.07202359885549525,-0.04380391089990521
epoch1_on_gap_drift_rank_01,epoch1_on,13,158358343,158358566,3,1.006121320205961,1.1858330607463206,1.0472427148725911,1.0579647247149855,-0.04112139466663023,0.13859034587372943,-0.17971174054035965,0.12786833603133507
epoch1_on_gap_drift_rank_01,epoch1_on,14,158358343,158358584,3,0.963512161531904,1.1876040538367136,1.0292322372600498,1.0296375273485117,-0.06572007572814575,0.15837181657666388,-0.22409189230480964,0.15796652648820197
epoch1_on_gap_drift_rank_01,epoch1_on,15,158358343,158358601,3,1.1455704505709672,1.1257731221334268,1.0311834648840308,1.0176289979553017,0.1143869856869364,0.09458965724939605,0.01979732843754034,0.10814412417812513
epoch1_on_gap_drift_rank_01,epoch1_off,0,158358343,158358658,3,1.0584802577375831,1.0164832575326457,1.000457058218979,1.0337997346050338,0.05802319951860424,0.016026199313666778,0.04199700020493746,-0.017316477072388148
epoch1_on_gap_drift_rank_01,epoch1_off,1,158358343,158358675,3,1.150341947634624,0.9597423016847292,1.0321775179533783,1.040343940675191,0.11816442968124563,-0.07243521626864913,0.19059964594989476,-0.08060163899046191
epoch1_on_gap_drift_rank_01,epoch1_off,2,158358343,158358693,3,1.017906860832188,0.9425626233243115,1.054326724166406,1.0296016535254917,-0.036419863334218094,-0.11176410084209454,0.07534423750787644,-0.0870390302011802
epoch1_on_gap_drift_rank_01,epoch1_off,3,158358343,158358710,3,0.9125714467678433,1.169292268066202,1.0537866718751565,1.0273618577599044,-0.1412152251073132,0.11550559619104539,-0.2567208212983586,0.1419304103062975
epoch1_on_gap_drift_rank_01,epoch1_off,4,158358343,158358727,3,1.038971345709277,0.9615448497007284,1.0154294869780207,1.0340534773293943,0.02354185873125636,-0.05388463727729231,0.07742649600854867,-0.07250862762866594
epoch1_on_gap_drift_rank_01,epoch1_off,5,158358343,158358744,3,0.9992783181634598,1.0490055493636816,1.0367788174730417,1.0419761407037433,-0.03750049930958188,0.012226731890639941,-0.04972723120022182,0.0070294086599382855
epoch1_on_gap_drift_rank_01,epoch1_off,6,158358343,158358761,3,1.09956491372548,1.0015987694055775,1.0241178068732946,1.0221547716155395,0.07544710685218536,-0.022519037467717107,0.09796614431990247,-0.02055600220996201
epoch1_on_gap_drift_rank_01,epoch1_off,7,158358343,158358779,3,1.0092045260748512,0.877760280776771,1.043878187766634,1.0407422532754058,-0.034673661691782875,-0.16611790698986306,0.1314442452980802,-0.16298197249863478
epoch1_on_gap_drift_rank_01,epoch1_off,8,158358343,158358796,3,1.0493836221847954,0.9971696674969316,1.0312603173674466,1.0443429678390679,0.018123304817348806,-0.03409064987051502,0.05221395468786383,-0.04717330034213629
epoch1_on_gap_drift_rank_01,epoch1_off,9,158358343,158358813,3,1.070907750366729,1.0910282443131987,1.0558544140463657,1.0352305638782933,0.01505333632036332,0.03517383026683296,-0.020120493946469642,0.055797680434905406
epoch1_on_gap_drift_rank_01,epoch1_off,10,158358343,158358830,3,1.0168901540124813,1.0504706162129402,1.0325388012545698,1.026188019136033,-0.015648647242088476,0.017931814958370484,-0.03358046220045896,0.024282597076907164
epoch1_on_gap_drift_rank_01,epoch1_off,11,158358343,158358847,3,0.9332416089535328,1.0202246530946548,1.041146961046925,1.025772480034009,-0.10790535209339225,-0.020922307952270236,-0.08698304414112201,-0.0055478269393540725
epoch1_on_gap_drift_rank_01,epoch1_off,12,158358343,158358864,3,0.9623226158056672,0.9260365545453552,1.0382133499270452,1.0090737599467148,-0.07589073412137792,-0.11217679538169001,0.036286061260312086,-0.08303720540135962
epoch1_on_gap_drift_rank_01,epoch1_off,13,158358343,158358882,3,0.9569497997164574,1.0438078097075434,1.0562416185454633,1.0278490736940615,-0.09929181882900584,-0.01243380883791989,-0.08685800999108595,0.015958736013481856
epoch1_on_gap_drift_rank_01,epoch1_off,14,158358343,158358899,3,1.0232296808653032,0.9676595890163782,1.0383784124712796,1.0414250194373347,-0.015148731605976407,-0.07071882345490144,0.05557009184892503,-0.07376543042095651
epoch1_on_gap_drift_rank_01,epoch1_off,15,158358343,158358916,3,0.9270525338664038,0.9907805632114082,1.0388326297215147,1.0470901058441773,-0.11178009585511084,-0.04805206651010652,-0.06372802934500432,-0.056309542632769105
epoch1_on_gap_drift_rank_01,epoch2_on,0,158358343,158358973,3,1.0554285521804674,1.049096208970483,1.0216717866841485,1.032457137422384,0.0337567654963189,0.02742442228633446,0.006332343209984437,0.01663907154809885
epoch1_on_gap_drift_rank_01,epoch2_on,1,158358343,158358991,3,0.9849603729262721,0.9679554037427338,1.02510172194873,1.046667878800703,-0.040141349022457806,-0.05714631820599614,0.017004969183538332,-0.0787124750579693
epoch1_on_gap_drift_rank_01,epoch2_on,2,158358343,158359008,3,1.039025553255642,1.2269987794235189,1.0380267735283515,1.0346797407412494,0.0009987797272905663,0.18897200589516738,-0.18797322616787682,0.19231903868226952
epoch1_on_gap_drift_rank_01,epoch2_on,3,158358343,158359025,3,1.0702455999121288,0.9796348999684721,1.036797958908488,1.0419305076470289,0.03344764100364084,-0.05716305894001583,0.09061069994365667,-0.0622956076785568
epoch1_on_gap_drift_rank_01,epoch2_on,4,158358343,158359042,3,1.0071381292041222,1.0046186289400982,1.0416460618089847,1.0310907645226395,-0.03450793260486251,-0.037027432868886434,0.0025195002640239217,-0.026472135582541245
epoch1_on_gap_drift_rank_01,epoch2_on,5,158358343,158359059,3,1.0417110358955286,1.0017046008422967,1.0389787354951578,1.044810085848614,0.0027323004003707574,-0.03727413465286111,0.04000643505323187,-0.04310548500631728
epoch1_on_gap_drift_rank_01,epoch2_on,6,158358343,158359077,3,1.1276850901008624,0.99490973241448,1.0375896983821078,1.047945260346086,0.09009539171875458,-0.0426799659676278,0.13277535768638238,-0.05303552793160593
epoch1_on_gap_drift_rank_01,epoch2_on,7,158358343,158359094,3,1.0152253847976567,1.0684536625283527,1.0326997001375253,1.042581201375161,-0.01747431533986865,0.0357539623908274,-0.05322827773069605,0.02587246115319175
epoch1_on_gap_drift_rank_01,epoch2_on,8,158358343,158359111,3,1.0161662681226233,0.9941700000649102,1.0133008765093736,1.0591032190518037,0.0028653916132497237,-0.01913087644446343,0.021996268057713153,-0.06493321898689353
epoch1_on_gap_drift_rank_01,epoch2_on,9,158358343,158359128,3,1.0341596591691136,1.0276046613569358,1.0340547529911812,1.027438773088231,0.00010490617793235124,-0.00645009163424537,0.006554997812177721,0.00016588826870478357
epoch1_on_gap_drift_rank_01,epoch2_on,10,158358343,158359145,3,1.0388569789087503,0.9882407854150507,1.0431512755428776,1.036023973766917,-0.0042942966341272815,-0.054910490127826894,0.05061619349369961,-0.047783188351866346
epoch1_on_gap_drift_rank_01,epoch2_on,11,158358343,158359162,3,1.0976467488261503,1.029329875734781,1.0499181009275156,1.0475427735007754,0.047728647898634735,-0.02058822519273451,0.06831687309136925,-0.01821289776599433
epoch1_on_gap_drift_rank_01,epoch2_on,12,158358343,158359180,3,0.9689949290275578,0.9929951790000158,1.008796156099009,1.0516097601798444,-0.039801227071451284,-0.015800977098993307,-0.024000249972457977,-0.05861458117982865
epoch1_on_gap_drift_rank_01,epoch2_on,13,158358343,158359197,3,0.9756926354406543,1.1763023791756242,1.0639573303649503,1.0366166711249094,-0.088264694924296,0.11234504881067386,-0.20060974373496987,0.13968570805071479
epoch1_on_gap_drift_rank_01,epoch2_on,14,158358343,158359214,3,1.0503185738036562,0.9808313372654774,1.0297485474603363,1.0248126504983261,0.020570026343319947,-0.04891721019485884,0.06948723653817879,-0.04398131323284871
epoch1_on_gap_drift_rank_01,epoch2_on,15,158358343,158359231,3,1.0082252225828146,1.032337775504555,1.0218724209400831,1.0258147583303043,-0.013647198357268575,0.010465354564471951,-0.024112552921740527,0.006523017174250745
epoch1_on_gap_drift_rank_01,epoch2_off,0,158358343,158359289,3,1.0305396531961946,1.030487154824842,1.037512035959598,1.03001320998438,-0.006972382763403395,-0.007024881134755967,5.249837135257174e-05,0.0004739448404620372
epoch1_on_gap_drift_rank_01,epoch2_off,1,158358343,158359306,3,1.1029342076210242,1.0630425884198522,1.0381391735744114,1.0326324378453247,0.0647950340466128,0.024903414845440786,0.03989161920117201,0.03041015057452756
epoch1_on_gap_drift_rank_01,epoch2_off,2,158358343,158359323,3,1.0735290146573144,1.0019346496595432,1.0590973148150686,1.0189153242959672,0.014431699842245793,-0.05716266515552548,0.07159436499777128,-0.016980674636424054
epoch1_on_gap_drift_rank_01,epoch2_off,3,158358343,158359340,3,1.050174769209331,1.0148937807639073,1.0334571201711114,1.019996802035633,0.016717649038219706,-0.018563339407204005,0.03528098844542371,-0.005103021271725572
epoch1_on_gap_drift_rank_01,epoch2_off,4,158358343,158359357,3,1.0188435706189605,0.9541965334652343,1.041440887001066,1.0453159010808366,-0.022597316382105603,-0.08724435353583182,0.06464703715372622,-0.09111936761560235
epoch1_on_gap_drift_rank_01,epoch2_off,5,158358343,158359375,3,1.025657529747357,1.0037539324800266,1.0364247780460838,1.0383786039444791,-0.010767248298726884,-0.03267084556605715,0.021903597267330266,-0.03462467146445247
epoch1_on_gap_drift_rank_01,epoch2_off,6,158358343,158359392,3,1.0582004985735016,1.0293318295181717,1.02176949815777,1.0359888265038033,0.03643100041573155,0.007562331360401631,0.02886866905532992,-0.0066569969856316025
epoch1_on_gap_drift_rank_01,epoch2_off,7,158358343,158359409,3,0.9659406704954949,1.0176187878318919,1.0508879342452089,1.0203340362027764,-0.08494726374971395,-0.03326914641331702,-0.051678117336396934,-0.0027152483708845487
epoch1_on_gap_drift_rank_01,epoch2_off,8,158358343,158359426,3,1.0823186594005536,1.1758628466096601,1.0249599191987688,1.0438304947424337,0.057358740201784775,0.15090292741089129,-0.09354418720910651,0.1320323518672264
epoch1_on_gap_drift_rank_01,epoch2_off,9,158358343,158359443,3,1.0150997636121069,1.095358779741141,1.024651427414525,1.0348802207392953,-0.009551663802418231,0.07070735232661596,-0.08025901612903419,0.06047855900184573
epoch1_on_gap_drift_rank_01,epoch2_off,10,158358343,158359461,3,1.1201756637970002,1.1355642552232723,1.022244255632927,1.052557072638045,0.0979314081640732,0.11331999959034533,-0.015388591426272136,0.08300718258522721
epoch1_on_gap_drift_rank_01,epoch2_off,11,158358343,158359478,3,1.0853821465334006,0.9793756707451619,1.0556731424766084,1.0597172275452116,0.02970900405679222,-0.07629747173144652,0.10600647578823874,-0.08034155680004973
epoch1_on_gap_drift_rank_01,epoch2_off,12,158358343,158359495,3,1.1159685869801577,1.0158867099425388,1.0441364976953469,1.0462502720308404,0.07183208928481077,-0.028249787752808064,0.10008187703761884,-0.0303635620883016
epoch1_on_gap_drift_rank_01,epoch2_off,13,158358343,158359512,3,1.0253881841125045,1.0433541280014582,1.0452193611600098,1.0413838508236521,-0.019831177047505255,-0.0018652331585515824,-0.017965943888953673,0.001970277177806068
epoch1_on_gap_drift_rank_01,epoch2_off,14,158358343,158359529,3,1.1952157924741702,1.041019885578738,1.0410729366888836,1.0471438450555364,0.15414285578528664,-5.305111014552999e-05,0.15419590689543217,-0.006123959476798335
epoch1_on_gap_drift_rank_01,epoch2_off,15,158358343,158359546,3,1.0382587497148903,0.9304952620132965,1.0492266408630573,1.0465894860106533,-0.010967891148166986,-0.11873137884976082,0.10776348770159383,-0.1160942239973568
epoch1_on_gap_drift_rank_01,epoch3_on,0,158358343,158359604,3,0.892251118131986,1.0664977707935617,1.020797534210312,1.026866374519411,-0.12854641607832595,0.04570023658324973,-0.17424665266157568,0.03963139627415058
epoch1_on_gap_drift_rank_01,epoch3_on,1,158358343,158359621,3,1.078598328868311,1.0256853461190607,1.0435643011069518,1.0541640313233471,0.03503402776135922,-0.01787895498789105,0.05291298274925027,-0.028478685204286425
epoch1_on_gap_drift_rank_01,epoch3_on,2,158358343,158359638,3,1.075261480580939,1.06653076146376,1.044743882132034,1.0293527091202326,0.030517598448905003,0.02178687933172596,0.008730719117179042,0.037178052343527446
epoch1_on_gap_drift_rank_01,epoch3_on,3,158358343,158359655,3,1.1102887137439585,0.937826201344068,1.0276468031287442,1.062434036667685,0.08264191061521431,-0.08982060178467621,0.17246251239989052,-0.12460783532361697
epoch1_on_gap_drift_rank_01,epoch3_on,4,158358343,158359673,3,0.9461289146578373,1.043555255048102,1.0347253841729414,1.0390857820673913,-0.08859646951510403,0.008829870875160628,-0.09742634039026465,0.004469472980710654
epoch1_on_gap_drift_rank_01,epoch3_on,5,158358343,158359690,3,0.9716088889766894,1.1005365207369078,1.0522575174767916,1.0368995285282274,-0.08064862850010224,0.04827900326011614,-0.12892763176021838,0.06363699220868035
epoch1_on_gap_drift_rank_01,epoch3_on,6,158358343,158359707,3,1.0807333428860726,1.0713376495131082,1.0404606549361448,1.0263399724870745,0.04027268794992778,0.030876994576963357,0.00939569337296442,0.04499767702603363
epoch1_on_gap_drift_rank_01,epoch3_on,7,158358343,158359724,3,1.0301361436617926,1.0411355049862618,1.0215415733015154,1.0247225261211006,0.00859457036027722,0.019593931684746435,-0.010999361324469215,0.016412978865161243
epoch1_on_gap_drift_rank_01,epoch3_on,8,158358343,158359741,3,1.037809949044045,1.088541886683626,1.0297793476560753,1.042866067593506,0.008030601387969849,0.0587625390275508,-0.05073193763958095,0.045675819090120084
epoch1_on_gap_drift_rank_01,epoch3_on,9,158358343,158359759,3,0.9938376022658791,1.026728171011938,1.0340432921321354,1.0071382241528943,-0.04020568986625628,-0.007315121120197388,-0.03289056874605889,0.019589946859043694
epoch1_on_gap_drift_rank_01,epoch3_on,10,158358343,158359776,3,1.0492672355259514,1.041895763317272,1.0398119417771712,1.0210957044874078,0.00945529374878018,0.002083821540100894,0.007371472208679286,0.020800058829864243
epoch1_on_gap_drift_rank_01,epoch3_on,11,158358343,158359793,3,1.0665961247485352,1.0532648353031366,1.0354862553963005,1.0235780576561337,0.031109869352234698,0.01777857990683618,0.01333128944539852,0.029686777647002893
epoch1_on_gap_drift_rank_01,epoch3_on,12,158358343,158359810,3,1.0855224311797669,0.9618441581196387,0.9925447002991432,1.0056671246965037,0.09297773088062367,-0.030700542179504464,0.12367827306012813,-0.04382296657686491
epoch1_on_gap_drift_rank_01,epoch3_on,13,158358343,158359827,3,1.0061368560771413,0.9764129552575418,1.037574108735548,1.0172068494685405,-0.03143725265840658,-0.0611611534780061,0.029723900819599525,-0.04079389421099866
epoch1_on_gap_drift_rank_01,epoch3_on,14,158358343,158359844,3,0.9847331081308169,1.005589471814884,1.0122621534226295,1.0203346423527744,-0.02752904529181255,-0.00667268160774559,-0.02085636368406696,-0.014745170537890484
epoch1_on_gap_drift_rank_01,epoch3_on,15,158358343,158359862,3,1.133026380129187,1.1231008207916942,1.0455097415417502,1.0356416231675,0.08751663858743686,0.0775910792499439,0.00992555933749295,0.08745919762419407
epoch1_on_gap_drift_rank_01,epoch3_off,0,158358343,158359918,3,1.0589362916898841,1.0577002557754456,1.0567848131478228,1.03174876716687,0.0021514785420613247,0.0009154426276227756,0.001236035914438549,0.025951488608575657
epoch1_on_gap_drift_rank_01,epoch3_off,1,158358343,158359935,3,0.9799085847259882,1.0857558724002334,1.058408032666563,1.036684192479885,-0.07849944794057484,0.027347839733670387,-0.10584728767424523,0.04907167992034833
epoch1_on_gap_drift_rank_01,epoch3_off,2,158358343,158359953,3,0.9986799198185095,0.878739690007096,1.0386542123085334,1.0518509120690125,-0.03997429249002393,-0.15991452230143743,0.1199402298114135,-0.17311122206191654
epoch1_on_gap_drift_rank_01,epoch3_off,3,158358343,158359970,3,0.9692582583184501,1.0299776228700879,1.0461718656247665,1.021827300601759,-0.07691360730631636,-0.016194242754678623,-0.06071936455163773,0.008150322268328791
epoch1_on_gap_drift_rank_01,epoch3_off,4,158358343,158359987,3,1.0456673441178277,1.1452531859705501,1.0346996213344215,1.032704239277244,0.010967722783406186,0.11055356463612864,-0.09958584185272246,0.11254894669330606
epoch1_on_gap_drift_rank_01,epoch3_off,5,158358343,158360004,3,1.0203580396382834,1.1073428181105058,1.02520307442146,1.0354999456770075,-0.0048450347831765495,0.08213974368904586,-0.08698477847222241,0.0718428724334983
epoch1_on_gap_drift_rank_01,epoch3_off,6,158358343,158360021,3,1.0691595479327936,1.0094282629169946,1.0327247205819128,1.0316037225633872,0.03643482735088077,-0.02329645766491817,0.05973128501579894,-0.02217545964639256
epoch1_on_gap_drift_rank_01,epoch3_off,7,158358343,158360039,3,1.0672362944115579,0.9946705587355988,1.0289153898530374,1.03242708072025,0.03832090455852044,-0.03424483111743859,0.07256573567595903,-0.03775652198465118
epoch1_on_gap_drift_rank_01,epoch3_off,8,158358343,158360056,3,0.9937101384178476,1.0251304424283687,1.0341675416829814,1.0320781830180072,-0.04045740326513381,-0.009037099254612713,-0.031420304010521094,-0.00694774058963854
epoch1_on_gap_drift_rank_01,epoch3_off,9,158358343,158360073,3,1.0772594579790475,1.0089708042059975,1.0182763773887915,1.031699713336536,0.05898308059025603,-0.009305573182794014,0.06828865377305005,-0.02272890913053849
epoch1_on_gap_drift_rank_01,epoch3_off,10,158358343,158360090,3,1.0757240701855613,1.0775725832058687,1.046093920769607,1.0413575631680336,0.02963014941595432,0.03147866243626174,-0.0018485130203074185,0.036215020037835055
epoch1_on_gap_drift_rank_01,epoch3_off,11,158358343,158360107,3,1.0662951930473423,0.9870064060021435,1.0272233349657802,1.0286973073451935,0.039071858081562105,-0.04021692896363671,0.07928878704519882,-0.04169090134304998
epoch1_on_gap_drift_rank_01,epoch3_off,12,158358343,158360124,3,1.1070388006167917,0.9396426745043014,1.0678828108778964,1.0324419061458516,0.039155989738895336,-0.128240136373595,0.16739612611249033,-0.09279923164155024
epoch1_on_gap_drift_rank_01,epoch3_off,13,158358343,158360142,3,1.1073259573664354,0.9774940847419936,1.0301040275006246,1.023237294089542,0.07722192986581078,-0.052609942758630956,0.12983187262444174,-0.045743209347548386
epoch1_on_gap_drift_rank_01,epoch3_off,14,158358343,158360159,3,1.0610248432577187,1.060269487470092,1.0440953450441632,1.0379980126433304,0.016929498213555494,0.01617414242592874,0.0007553557876267547,0.022271474826761617
epoch1_on_gap_drift_rank_01,epoch3_off,15,158358343,158360176,3,1.0634544262133572,0.9059812776354305,1.0220703690077992,1.0240643869539605,0.041384057205557934,-0.11608909137236878,0.1574731485779267,-0.11808310931853006
epoch1_on_gap_drift_rank_02,epoch1_on,0,158355634,158355634,3,1.1902141398604502,1.1902141398604502,1.038676289596176,1.038676289596176,0.15153785026427413,0.15153785026427413,0.0,0.15153785026427413
epoch1_on_gap_drift_rank_02,epoch1_on,1,158355634,158355633,3,1.0591844986011867,1.079095972394012,1.0422964989732528,1.0422964989732528,0.01688799962793386,0.036799473420759066,-0.019911473792825207,0.036799473420759066
epoch1_on_gap_drift_rank_02,epoch1_on,2,158355634,158355632,3,0.9805719161594042,1.1726428386320895,1.0355178344829368,1.0387861486905796,-0.05494591832353257,0.13712500414915274,-0.1920709224726853,0.1338566899415099
epoch1_on_gap_drift_rank_02,epoch1_on,3,158355634,158355630,3,0.9833214323356191,1.1646644328873716,1.0307346067934078,1.0386705167705481,-0.0474131744577887,0.13392982609396387,-0.18134300055175256,0.12599391611682353
epoch1_on_gap_drift_rank_02,epoch1_on,4,158355634,158355629,3,1.1559749973026785,1.175390536384546,1.0385912497953766,1.0381686277352422,0.11738374750730185,0.1367992865891694,-0.01941553908186755,0.13722190864930384
epoch1_on_gap_drift_rank_02,epoch1_on,5,158355634,158355628,3,1.0351024168215222,1.1302814615554242,1.0375160098348553,1.0479309523821954,-0.002413593013333104,0.09276545172056894,-0.09517904473390204,0.08235050917322884
epoch1_on_gap_drift_rank_02,epoch1_on,6,158355634,158355627,3,1.0153530422682158,1.1541932287212389,1.025949224330054,1.0215415544029036,-0.010596182061838322,0.12824400439118477,-0.1388401864530231,0.13265167431833524
epoch1_on_gap_drift_rank_02,epoch1_on,7,158355634,158355626,3,0.9749048713175456,1.136296450748716,1.0476096644479083,1.0423616862250027,-0.07270479313036271,0.08868678630080784,-0.16139157943117055,0.09393476452371341
epoch1_on_gap_drift_rank_02,epoch1_on,8,158355634,158355624,3,1.0979867321015788,1.0829153847243702,1.0414277213414374,1.047612693762649,0.05655901076014147,0.04148766338293286,0.01507134737720861,0.03530269096172112
epoch1_on_gap_drift_rank_02,epoch1_on,9,158355634,158355623,3,0.959345418052648,1.1520983661661879,1.0500752729229288,1.0222457394054532,-0.09072985487028085,0.10202309324325909,-0.19275294811353993,0.12985262676073472
epoch1_on_gap_drift_rank_02,epoch1_on,10,158355634,158355622,3,1.0339840485135772,1.0471931940370869,1.039697647334262,1.029529515004346,-0.005713598820684895,0.007495546702824818,-0.013209145523509713,0.01766367903274091
epoch1_on_gap_drift_rank_02,epoch1_on,11,158355634,158355621,3,1.106487957721364,1.177566238270203,1.0461954636547177,1.037260909163479,0.060292494066646274,0.1313707746154853,-0.07107828054883902,0.140305329106724
epoch1_on_gap_drift_rank_02,epoch1_on,12,158355634,158355620,3,1.0139762823650378,0.9760995169105465,1.0171160275828641,1.0137580049645813,-0.0031397452178263396,-0.041016510672317597,0.03787676545449126,-0.03765848805403482
epoch1_on_gap_drift_rank_02,epoch1_on,13,158355634,158355618,3,1.100062163773064,1.1081361606093127,1.0238033778494922,1.0422248495371944,0.07625878592357194,0.08433278275982059,-0.008073996836248654,0.06591131107211834
epoch1_on_gap_drift_rank_02,epoch1_on,14,158355634,158355617,3,1.1496065709988363,1.2230922093984644,1.0534078318432978,1.0465962814511964,0.09619873915553856,0.16968437755516663,-0.07348563839962807,0.17649592794726798
epoch1_on_gap_drift_rank_02,epoch1_on,15,158355634,158355616,3,1.037730331340562,1.0863727130281946,1.0280004958349667,1.0318455365606733,0.009729835505595252,0.05837221719322794,-0.048642381687632685,0.054527176467521254
epoch1_on_gap_drift_rank_02,epoch1_off,0,158355634,158355612,3,1.0612670791112644,0.9986194714010027,1.0400398157785213,1.0429288118185043,0.02122726333274305,-0.041420344377518625,0.06264760771026168,-0.044309340417501564
epoch1_on_gap_drift_rank_02,epoch1_off,1,158355634,158355611,3,1.0007066056484268,0.9698046075141464,1.0123374614196976,1.032320361968237,-0.011630855771270765,-0.04253285390555117,0.030901998134280406,-0.06251575445409063
epoch1_on_gap_drift_rank_02,epoch1_off,2,158355634,158355610,3,1.0216441741574604,1.0778241384275997,1.0017448563635836,1.0285605625318477,0.01989931779387688,0.07607928206401615,-0.05617996427013927,0.04926357589575203
epoch1_on_gap_drift_rank_02,epoch1_off,3,158355634,158355608,3,0.9040428501745282,1.1134366270462186,1.0637125510746408,1.0557871955614866,-0.15966970090011257,0.0497240759715778,-0.20939377687169036,0.057649431484732006
epoch1_on_gap_drift_rank_02,epoch1_off,4,158355634,158355607,3,1.0211306405877874,1.0178875426907201,1.0490355956795945,1.0357476507008612,-0.027904955091807127,-0.031148052988874353,0.0032430978970672264,-0.01786010801014104
epoch1_on_gap_drift_rank_02,epoch1_off,5,158355634,158355606,3,0.9764729893749532,1.0566695707121143,1.0437345262981461,1.0437345262981461,-0.06726153692319292,0.0129350444139682,-0.08019658133716112,0.0129350444139682
epoch1_on_gap_drift_rank_02,epoch1_off,6,158355634,158355605,3,1.012812241834477,0.9730511244832346,1.0312115765003895,1.016893602576899,-0.018399334665912592,-0.05816045201715492,0.039761117351242325,-0.04384247809366448
epoch1_on_gap_drift_rank_02,epoch1_off,7,158355634,158355604,3,0.9182232427112105,1.1183147208077602,1.0602700172044162,1.0494673034413406,-0.14204677449320569,0.05804470360334402,-0.2000914780965497,0.06884741736641953
epoch1_on_gap_drift_rank_02,epoch1_off,8,158355634,158355602,3,1.016970611087661,1.0630171961348094,1.0417572592474955,1.0386445160188231,-0.024786648159834446,0.02125993688731387,-0.046046585047148314,0.024372680115986256
epoch1_on_gap_drift_rank_02,epoch1_off,9,158355634,158355601,3,1.0140421654614191,1.0875435422332165,1.0337787475067042,1.0223601264810238,-0.019736582045285056,0.0537647947265123,-0.07350137677179736,0.06518341575219266
epoch1_on_gap_drift_rank_02,epoch1_off,10,158355634,158355600,3,0.899434617202188,1.0029653241124425,1.011249434787191,1.0193301799972332,-0.111814817585003,-0.008284110674748435,-0.10353070691025457,-0.01636485588479064
epoch1_on_gap_drift_rank_02,epoch1_off,11,158355634,158355599,3,1.0238717456009978,1.0788021204474842,1.0147778022297738,1.0198603009346128,0.009093943371224045,0.06402431821771049,-0.05493037484648644,0.058941819512871474
epoch1_on_gap_drift_rank_02,epoch1_off,12,158355634,158355598,3,1.073947449730167,1.0637348334271939,1.0419713209299784,1.0524876707614415,0.03197612880018874,0.02176351249721553,0.01021261630297321,0.01124716266575243
epoch1_on_gap_drift_rank_02,epoch1_off,13,158355634,158355596,3,0.9496052928531409,1.0288101362555473,1.0137033350673523,1.0144375700905264,-0.06409804221421145,0.015106801188194963,-0.07920484340240641,0.014372566165020917
epoch1_on_gap_drift_rank_02,epoch1_off,14,158355634,158355595,3,0.9131788786485706,1.059431884686725,1.0209113694867213,1.0194396925865405,-0.10773249083815073,0.03852051520000366,-0.1462530060381544,0.039992192100184454
epoch1_on_gap_drift_rank_02,epoch1_off,15,158355634,158355594,3,0.9995012783877669,0.9779034195990888,1.029679636726748,1.0518677356996933,-0.03017835833898108,-0.05177621712765923,0.021597858788678148,-0.0739643161006045
epoch1_on_gap_drift_rank_02,epoch2_on,0,158355634,158355590,3,1.0361862834133968,1.0254809625471741,1.0516139763968164,1.0693329232006523,-0.015427692983419616,-0.026133013849642284,0.010705320866222667,-0.043851960653478184
epoch1_on_gap_drift_rank_02,epoch2_on,1,158355634,158355589,3,1.194204532031578,1.0323054401873026,1.0364266850263175,1.031121345458331,0.15777784700526043,-0.0041212448390148815,0.1618990918442753,0.0011840947289716297
epoch1_on_gap_drift_rank_02,epoch2_on,2,158355634,158355588,3,1.1517915403871342,1.0047913262931634,1.0372043766822308,1.0245893988138453,0.1145871637049034,-0.03241305038906739,0.1470002140939708,-0.019798072520681886
epoch1_on_gap_drift_rank_02,epoch2_on,3,158355634,158355586,3,0.9874211211640254,1.081540006827338,1.0421043814438864,1.0264909311841954,-0.054683260279861035,0.03943562538345158,-0.09411888566331261,0.05504907564314254
epoch1_on_gap_drift_rank_02,epoch2_on,4,158355634,158355585,3,0.982076557232291,1.0195394051305564,1.0467458859274357,1.0359200991164594,-0.06466932869514463,-0.027206480796879262,-0.03746284789826537,-0.016380693985903028
epoch1_on_gap_drift_rank_02,epoch2_on,5,158355634,158355584,3,1.101813138797856,1.0939090095766544,1.0513733336865556,1.0457698247341871,0.05043980511130042,0.04253567589009877,0.00790412922120165,0.048139184842467264
epoch1_on_gap_drift_rank_02,epoch2_on,6,158355634,158355583,3,1.2635375327780407,1.1734516060740734,1.0290676356931439,1.0292325353544354,0.23446989708489685,0.14438397038092954,0.09008592670396731,0.14421907071963802
epoch1_on_gap_drift_rank_02,epoch2_on,7,158355634,158355582,3,1.0273262489691257,1.0122779222231122,1.0282918019232676,1.0342457102147136,-0.0009655529541419128,-0.016013879700155442,0.01504832674601353,-0.021967787991601373
epoch1_on_gap_drift_rank_02,epoch2_on,8,158355634,158355580,3,1.0670087867885425,1.0686085609186016,1.0465192513305386,1.0411711222265772,0.020489535458003916,0.02208930958806299,-0.0015997741300590729,0.02743743869202442
epoch1_on_gap_drift_rank_02,epoch2_on,9,158355634,158355579,3,1.0459383685076553,0.9549965886169929,1.0319085469807465,1.0319085469807465,0.014029821526908792,-0.07691195836375364,0.09094177989066243,-0.07691195836375364
epoch1_on_gap_drift_rank_02,epoch2_on,10,158355634,158355578,3,1.004004010134001,1.022168898251601,1.0615707601764663,1.0375309336721352,-0.05756675004246525,-0.03940186192486528,-0.018164888117599975,-0.01536203542053416
epoch1_on_gap_drift_rank_02,epoch2_on,11,158355634,158355577,3,1.0530645864732653,1.0365253951684048,1.0433630123729616,1.0253388257033316,0.0097015741003037,-0.0068376172045567785,0.01653919130486048,0.011186569465073237
epoch1_on_gap_drift_rank_02,epoch2_on,12,158355634,158355576,3,1.1306078023306232,0.9887740215252658,1.0355185230178874,1.0367641313371134,0.09508927931273581,-0.04674450149262155,0.14183378080535736,-0.04799010981184759
epoch1_on_gap_drift_rank_02,epoch2_on,13,158355634,158355574,3,0.9806613198273646,0.9329404847472503,1.017590547565963,1.033873968854214,-0.036929227738598414,-0.08465006281871268,0.047720835080114266,-0.10093348410696368
epoch1_on_gap_drift_rank_02,epoch2_on,14,158355634,158355573,3,1.0120017689131207,1.037105065819919,1.046701870907592,1.0390686736533894,-0.034700101994471266,-0.00959680508767291,-0.025103296906798356,-0.001963607833470382
epoch1_on_gap_drift_rank_02,epoch2_on,15,158355634,158355572,3,0.9493850483354201,0.9791611141976615,1.0541338040542048,1.0438313836231137,-0.10474875571878461,-0.07497268985654326,-0.029776065862241352,-0.06467026942545218
epoch1_on_gap_drift_rank_02,epoch2_off,0,158355634,158355568,3,1.0441257742475056,1.0257233524039657,1.0523500362238762,1.0375555595056405,-0.008224261976370606,-0.026626683819910513,0.018402421843539907,-0.011832207101674763
epoch1_on_gap_drift_rank_02,epoch2_off,1,158355634,158355567,3,1.1089541918499393,1.0364816654711813,1.030944699578603,1.0320351743197986,0.07800949227133636,0.005536965892578349,0.072472526378758,0.0044464911513826255
epoch1_on_gap_drift_rank_02,epoch2_off,2,158355634,158355566,3,1.0541118355040553,0.893607422507805,1.050093865828025,1.050476282164423,0.004017969676030297,-0.15648644332022,0.1605044129962503,-0.1568688596566179
epoch1_on_gap_drift_rank_02,epoch2_off,3,158355634,158355564,3,1.1637826164476226,1.045560314954041,1.0643885856810136,1.0601769866472919,0.09939403076660902,-0.018828270726972685,0.1182223014935817,-0.014616671693250982
epoch1_on_gap_drift_rank_02,epoch2_off,4,158355634,158355563,3,1.0306361662104004,1.1181343854935102,1.034816979305594,1.0240264389525628,-0.00418081309519347,0.08331740618791628,-0.08749821928310975,0.09410794654094734
epoch1_on_gap_drift_rank_02,epoch2_off,5,158355634,158355562,3,1.0690934883190097,1.001012259676571,1.0486375544287307,1.022823102424913,0.020455933890279,-0.04762529475215982,0.06808122864243882,-0.021810842748342107
epoch1_on_gap_drift_rank_02,epoch2_off,6,158355634,158355561,3,1.0906202094203465,1.0274076747175467,1.037695127646702,1.0413516456042555,0.05292508177364463,-0.010287452929155227,0.06321253470279986,-0.013943970886708845
epoch1_on_gap_drift_rank_02,epoch2_off,7,158355634,158355560,3,1.119015769322071,1.0953387375817485,1.0334236969934842,1.0335378121351741,0.08559207232858679,0.06191504058826425,0.02367703174032254,0.06180092544657434
epoch1_on_gap_drift_rank_02,epoch2_off,8,158355634,158355558,3,1.0206876997052248,1.1023052809326586,1.0333830302333786,1.0286008303213146,-0.012695330528153859,0.06892225069927993,-0.08161758122743379,0.07370445061134401
epoch1_on_gap_drift_rank_02,epoch2_off,9,158355634,158355557,3,0.9765144005187305,1.0196467987143605,1.0367009434106067,1.0448937557299627,-0.060186542891876194,-0.01705414469624622,-0.04313239819562997,-0.0252469570156022
epoch1_on_gap_drift_rank_02,epoch2_off,10,158355634,158355556,3,1.093582123983761,0.9663151793767275,1.0250516711832844,1.0390747538425966,0.06853045280047665,-0.058736491806556934,0.12726694460703358,-0.07275957446586911
epoch1_on_gap_drift_rank_02,epoch2_off,11,158355634,158355555,3,1.0449428801672729,0.959155104332566,1.0599871696131435,1.0517578756379629,-0.015044289445870662,-0.10083206528057753,0.08578777583470687,-0.09260277130539685
epoch1_on_gap_drift_rank_02,epoch2_off,12,158355634,158355554,3,1.1991294490594984,0.9862037583493549,1.0552675882144091,1.034531621021655,0.14386186084508923,-0.06906382986505422,0.21292569071014344,-0.04832786267230016
epoch1_on_gap_drift_rank_02,epoch2_off,13,158355634,158355552,3,1.0709011223062312,1.1337917404716782,1.0428579272131775,1.0158240425848062,0.028043195093053752,0.0909338132585007,-0.06289061816544694,0.117967697886872
epoch1_on_gap_drift_rank_02,epoch2_off,14,158355634,158355551,3,1.0757614098465476,1.1065591485876591,1.0581804484906852,1.041933960129802,0.0175809613558624,0.04837870009697398,-0.03079773874111158,0.06462518845785703
epoch1_on_gap_drift_rank_02,epoch2_off,15,158355634,158355550,3,1.0111765335854284,1.1294012621081448,1.0413244917666962,1.0292173892424277,-0.03014795818126781,0.08807677034144867,-0.11822472852271648,0.10018387286571717
epoch1_on_gap_drift_rank_02,epoch3_on,0,158355634,158355546,3,1.0223830113127936,1.0907498378390923,1.0540835582543333,1.060598224696891,-0.031700546941539676,0.03666627958475899,-0.06836682652629866,0.030151613142201272
epoch1_on_gap_drift_rank_02,epoch3_on,1,158355634,158355545,3,1.0161275086943262,1.04328028865669,1.0396432163608886,1.050585858720067,-0.023515707666562413,0.003637072295801458,-0.02715277996236387,-0.007305570063376843
epoch1_on_gap_drift_rank_02,epoch3_on,2,158355634,158355544,3,1.1476109333060027,1.0256201375301754,1.0273150106727589,1.0393229312078294,0.12029592263324385,-0.0016948731425834307,0.12199079577582728,-0.013702793677653924
epoch1_on_gap_drift_rank_02,epoch3_on,3,158355634,158355542,3,1.100838933076463,1.0089965960245515,1.0103084537017901,1.0137472529261213,0.09053047937467285,-0.001311857677238626,0.09184233705191147,-0.0047506569015698386
epoch1_on_gap_drift_rank_02,epoch3_on,4,158355634,158355541,3,0.9448947062268228,1.0561558756481049,1.0509610918842793,1.0342211439563154,-0.10606638565745652,0.005194783763825539,-0.11126116942128206,0.0219347316917895
epoch1_on_gap_drift_rank_02,epoch3_on,5,158355634,158355540,3,1.1045128254982581,1.1907622932794608,1.0236478653282393,1.0373619870229591,0.08086496017001887,0.16711442795122156,-0.08624946778120268,0.1534003062565017
epoch1_on_gap_drift_rank_02,epoch3_on,6,158355634,158355539,3,0.952777618709411,1.1049067394402285,1.0489182300208044,1.047386498818302,-0.0961406113113934,0.055988509419424126,-0.15212912073081752,0.05752024062192662
epoch1_on_gap_drift_rank_02,epoch3_on,7,158355634,158355538,3,1.0185229564757392,1.016663893304801,1.0323028461718304,1.0320426076852611,-0.01377988969609123,-0.015638952867029543,0.0018590631709383132,-0.015378714380460234
epoch1_on_gap_drift_rank_02,epoch3_on,8,158355634,158355536,3,0.9247762599062009,1.1152146518271555,1.0364253704535045,1.0423810837692882,-0.11164911054730353,0.07878928137365104,-0.19043839192095458,0.07283356805786734
epoch1_on_gap_drift_rank_02,epoch3_on,9,158355634,158355535,3,1.0787011187921702,0.9548865510191479,1.038506795058149,1.048339606743549,0.04019432373402121,-0.08362024403900115,0.12381456777302235,-0.09345305572440121
epoch1_on_gap_drift_rank_02,epoch3_on,10,158355634,158355534,3,1.0565055121336162,1.054845142873426,1.0414699472600069,1.0495861719805466,0.015035564873609353,0.013375195613419155,0.0016603692601901976,0.005258970892879411
epoch1_on_gap_drift_rank_02,epoch3_on,11,158355634,158355533,3,0.9813245383637289,1.0749853339753261,1.0328796796427069,1.0245975053713923,-0.05155514127897798,0.04210565433261926,-0.09366079561159724,0.05038782860393387
epoch1_on_gap_drift_rank_02,epoch3_on,12,158355634,158355532,3,1.0246725043188931,1.0477434476407985,1.0202376907470363,1.0262803259989866,0.004434813571856822,0.027505756893762223,-0.0230709433219054,0.021463121641811966
epoch1_on_gap_drift_rank_02,epoch3_on,13,158355634,158355530,3,1.1646658922069855,0.9281548222027253,1.0309121969052653,1.0470994215550466,0.1337536953017202,-0.10275737470253998,0.2365110700042602,-0.11894459935232138
epoch1_on_gap_drift_rank_02,epoch3_on,14,158355634,158355529,3,0.9998945542232628,0.9947319610854563,1.0209040560521387,1.0395506878043925,-0.021009501828875954,-0.02617209496668249,0.005162593137806537,-0.044818726718936275
epoch1_on_gap_drift_rank_02,epoch3_on,15,158355634,158355528,3,1.042257485285712,0.9726656443588139,1.0392987159417748,1.0513002145150976,0.0029587693439372398,-0.06663307158296095,0.06959184092689819,-0.07863457015628372
epoch1_on_gap_drift_rank_02,epoch3_off,0,158355634,158355524,3,0.9869512050698752,0.9922997246821416,1.0397206711698468,1.0436132267220872,-0.052769466099971574,-0.04742094648770523,-0.005348519612266345,-0.05131350203994567
epoch1_on_gap_drift_rank_02,epoch3_off,1,158355634,158355523,3,1.1862647545513312,1.0670269969348174,1.0312846448446646,1.0365112206631852,0.15498010970666654,0.03574235209015275,0.11923775761651378,0.030515776271632156
epoch1_on_gap_drift_rank_02,epoch3_off,2,158355634,158355522,3,1.0363617173361546,1.1900887680237,1.047929543373626,1.0170987953112607,-0.011567826037471418,0.14215922465007402,-0.15372705068754544,0.17298997271243932
epoch1_on_gap_drift_rank_02,epoch3_off,3,158355634,158355521,3,1.0126461066752812,1.008686224984518,1.0327263898025052,1.0471116504159366,-0.020080283127223986,-0.024040164817987097,0.003959881690763112,-0.03842542543141847
epoch1_on_gap_drift_rank_02,epoch3_off,4,158355634,158355519,3,0.9678148808023858,1.0504178411744896,1.0458536887906287,1.036805559355849,-0.07803880798824292,0.0045641523838608755,-0.0826029603721038,0.013612281818640604
epoch1_on_gap_drift_rank_02,epoch3_off,5,158355634,158355518,3,0.9975481442936512,1.074603923003786,1.0188426057569897,1.056084850954863,-0.021294461463338465,0.05576131724679634,-0.0770557787101348,0.018519072048923002
epoch1_on_gap_drift_rank_02,epoch3_off,6,158355634,158355517,3,1.0031010080749343,1.0738498920665052,1.041582131091784,1.0277454900729084,-0.038481123016849805,0.03226776097472106,-0.07074888399157087,0.04610440199359678
epoch1_on_gap_drift_rank_02,epoch3_off,7,158355634,158355516,3,1.0209587043233024,0.9157372505964617,1.0354141567491668,1.0361118622311851,-0.014455452425864435,-0.1196769061527051,0.10522145372684066,-0.1203746116347234
epoch1_on_gap_drift_rank_02,epoch3_off,8,158355634,158355515,3,1.068493058813595,1.0844007617835205,1.0471827152954942,1.0162859512815476,0.021310343518100794,0.03721804648802629,-0.015907702969925497,0.06811481050197288
epoch1_on_gap_drift_rank_02,epoch3_off,9,158355634,158355513,3,1.0880834592385564,1.0977822593355848,1.0273729889893422,1.0445377742408806,0.06071047024921428,0.07040927034624267,-0.009698800097028393,0.05324448509470425
epoch1_on_gap_drift_rank_02,epoch3_off,10,158355634,158355512,3,1.099900658129046,0.9800506924747232,1.0568158517547799,1.0493564237655506,0.04308480637426615,-0.07676515928005667,0.11984996565432282,-0.0693057312908274
epoch1_on_gap_drift_rank_02,epoch3_off,11,158355634,158355511,3,1.0679152873831324,1.0884554763186378,1.023330935501126,1.0194842904132184,0.04458435188200638,0.06512454081751184,-0.020540188935505466,0.0689711859054194
epoch1_on_gap_drift_rank_02,epoch3_off,12,158355634,158355510,3,0.9280063407243612,1.0656167452505572,1.0544567277996277,1.0258201094521322,-0.12645038707526657,0.011160017450929427,-0.137610404526196,0.03979663579842496
epoch1_on_gap_drift_rank_02,epoch3_off,13,158355634,158355509,3,1.0864953733432567,1.0710882012952265,1.025133675822853,1.037052484122185,0.06136169752040366,0.04595452547237344,0.015407172048030215,0.034035717173041435
epoch1_on_gap_drift_rank_02,epoch3_off,14,158355634,158355507,3,0.9775862679436251,1.0658550923118186,1.047646924875774,1.0062621875021318,-0.07006065693214891,0.018208167436044587,-0.0882688243681935,0.05959290480968682
epoch1_on_gap_drift_rank_02,epoch3_off,15,158355634,158355506,3,1.032862464277314,1.077310648083585,1.020585880666976,1.0265673165784484,0.01227658361033801,0.05672476741660892,-0.04444818380627091,0.05074333150513666
epoch1_on_gap_drift_rank_03,epoch1_on,0,158879966,158879966,3,1.065196457386202,1.065196457386202,1.0170123011142789,1.0170123011142789,0.048184156271923184,0.048184156271923184,0.0,0.048184156271923184
epoch1_on_gap_drift_rank_03,epoch1_on,1,158879966,158879975,3,1.0661293423343532,1.1024179006241726,1.0513781397094286,1.0504105254971006,0.014751202624924575,0.05103976091474394,-0.03628855828981936,0.052007375127071986
epoch1_on_gap_drift_rank_03,epoch1_on,2,158879966,158879985,3,1.1359025756765206,1.322007919302276,1.045973275062916,1.0441763711160506,0.0899293006136046,0.27603464423935997,-0.18610534362575537,0.27783154818622546
epoch1_on_gap_drift_rank_03,epoch1_on,3,158879966,158879994,3,0.9935950934766407,1.129476348048329,1.027439041309509,1.0112589945459982,-0.03384394783286826,0.10203730673882005,-0.13588125457168831,0.11821735350233076
epoch1_on_gap_drift_rank_03,epoch1_on,4,158879966,158880003,3,1.047096267291919,1.17046978674729,1.0216414138432,1.0457145274922257,0.025454853448719117,0.14882837290409,-0.1233735194553709,0.12475525925506425
epoch1_on_gap_drift_rank_03,epoch1_on,5,158879966,158880012,3,1.111953148509482,1.0288244034177287,1.0300505840293772,1.0270601126549357,0.0819025644801048,-0.0012261806116484752,0.08312874509175328,0.0017642907627930526
epoch1_on_gap_drift_rank_03,epoch1_on,6,158879966,158880022,3,1.0859247059111568,1.1466621528917742,1.0461598923361808,1.0383507752662327,0.039764813574975966,0.10050226055559341,-0.06073744698061745,0.10831137762554155
epoch1_on_gap_drift_rank_03,epoch1_on,7,158879966,158880031,3,1.0972801582103748,1.1308292705742053,1.0118825007861614,1.0322225562400962,0.08539765742421346,0.11894676978804397,-0.03354911236383051,0.09860671433410917
epoch1_on_gap_drift_rank_03,epoch1_on,8,158879966,158880040,3,0.9854321875684566,1.0154951703062385,1.0400800716688845,1.0432196069327877,-0.05464788410042787,-0.024584901362646017,-0.03006298273778185,-0.02772443662654922
epoch1_on_gap_drift_rank_03,epoch1_on,9,158879966,158880049,3,1.1656175280634218,1.2518592685351762,1.029143262129557,1.0401127739920726,0.1364742659338647,0.22271600640561906,-0.08624174047175437,0.21174649454310357
epoch1_on_gap_drift_rank_03,epoch1_on,10,158879966,158880059,3,0.9822011050571228,1.0836643346802435,1.019532614949466,1.0320318227195786,-0.03733150989234313,0.06413171973077758,-0.10146322962312071,0.05163251196066487
epoch1_on_gap_drift_rank_03,epoch1_on,11,158879966,158880068,3,1.0171667572287795,1.083965471686634,1.0375557858476698,1.0202299515537336,-0.02038902861889036,0.04640968583896421,-0.06679871445785457,0.0637355201329004
epoch1_on_gap_drift_rank_03,epoch1_on,12,158879966,158880077,3,0.9748659122799492,1.1402829897945195,1.0126465203372406,1.0334278781327892,-0.03778060805729133,0.1276364694572789,-0.16541707751457024,0.10685511166173023
epoch1_on_gap_drift_rank_03,epoch1_on,13,158879966,158880086,3,1.134208085087557,1.0464221778883684,1.0192681678808544,1.0404567025575804,0.11493991720670271,0.02715401000751405,0.08778590719918866,0.0059654753307880615
epoch1_on_gap_drift_rank_03,epoch1_on,14,158879966,158880096,3,0.9991732495701172,1.2081368364673808,1.0241152009736103,1.0165699171922,-0.02494195140349309,0.18402163549377049,-0.20896358689726358,0.19156691927518077
epoch1_on_gap_drift_rank_03,epoch1_on,15,158879966,158880105,3,0.9345934999486065,1.0166701745836138,1.0251836200121553,1.0221356202730112,-0.09059012006354883,-0.0085134454285416,-0.08207667463500723,-0.005465445689397441
epoch1_on_gap_drift_rank_03,epoch1_off,0,158879966,158880136,3,0.9496081689206509,1.1043220874775435,1.0408896415599893,1.050745941488969,-0.09128147263933839,0.06343244591755415,-0.15471391855689254,0.05357614598857441
epoch1_on_gap_drift_rank_03,epoch1_off,1,158879966,158880145,3,1.0814528969437243,1.0266099456210167,1.0386581460042956,1.0269667669853657,0.04279475093942864,-0.012048200383278918,0.054842951322707556,-0.0003568213643490026
epoch1_on_gap_drift_rank_03,epoch1_off,2,158879966,158880154,3,1.0113043958103691,1.1538375438055484,1.0162763938125048,1.048320075963054,-0.004971998002135658,0.13756114999304359,-0.14253314799517924,0.10551746784249438
epoch1_on_gap_drift_rank_03,epoch1_off,3,158879966,158880164,3,0.9955549083501997,1.0319504098684733,1.024978030775706,1.0346890139342602,-0.029423122425506265,0.006972379092767378,-0.03639550151827364,-0.0027386040657868538
epoch1_on_gap_drift_rank_03,epoch1_off,4,158879966,158880173,3,1.0028112363023027,1.2429214159001543,1.042972596748172,1.0359868693297294,-0.040161360445869265,0.19994881915198226,-0.24011017959785153,0.20693454657042487
epoch1_on_gap_drift_rank_03,epoch1_off,5,158879966,158880182,3,1.0576252427253747,1.0515804638588195,1.0366500086546995,1.039131512008624,0.020975234070675253,0.014930455204120063,0.006044778866555189,0.012448951850195566
epoch1_on_gap_drift_rank_03,epoch1_off,6,158879966,158880191,3,1.120958371230186,1.0576250205229376,1.0471911591094478,1.04120640993232,0.07376721212073822,0.010433861413489787,0.06333335070724844,0.016418610590617666
epoch1_on_gap_drift_rank_03,epoch1_off,7,158879966,158880201,3,1.045352858244017,0.9979358838733482,1.033787271606963,1.0436312622474468,0.011565586637054093,-0.03585138773361474,0.04741697437066883,-0.04569537837409865
epoch1_on_gap_drift_rank_03,epoch1_off,8,158879966,158880210,3,1.004477410972873,1.0662182791014192,1.022025685804556,1.0228427168266598,-0.017548274831683086,0.0441925932968632,-0.06174086812854629,0.04337556227475936
epoch1_on_gap_drift_rank_03,epoch1_off,9,158879966,158880219,3,0.9201033241644007,0.9601103048935875,1.0559058973580275,1.0389248982797805,-0.13580257319362687,-0.09579559246444003,-0.04000698072918685,-0.07881459338619301
epoch1_on_gap_drift_rank_03,epoch1_off,10,158879966,158880228,3,0.9688251846361844,1.1285896080345605,1.0154209929909688,1.019499580389149,-0.046595808354784385,0.11316861504359177,-0.15976442339837615,0.10909002764541165
epoch1_on_gap_drift_rank_03,epoch1_off,11,158879966,158880238,3,1.0277318731289353,1.090829606581319,1.028791114871885,1.0252899504843813,-0.0010592417429495793,0.062038491709434096,-0.06309773345238368,0.06553965609693768
epoch1_on_gap_drift_rank_03,epoch1_off,12,158879966,158880247,3,1.0667218497368616,1.0384235389768952,1.0272411546367706,1.0369935015952794,0.039480695100091,0.01118238434012464,0.02829831075996636,0.0014300373816158451
epoch1_on_gap_drift_rank_03,epoch1_off,13,158879966,158880256,3,1.021252841743325,0.9412386733273905,1.0447210233674298,1.0261478181423689,-0.02346818162410469,-0.10348235004003925,0.08001416841593456,-0.08490914481497835
epoch1_on_gap_drift_rank_03,epoch1_off,14,158879966,158880265,3,1.0500384773320388,0.9916822419684396,1.0386003101721168,1.066752696780787,0.011438167159921964,-0.04691806820367728,0.05835623536359924,-0.07507045481234742
epoch1_on_gap_drift_rank_03,epoch1_off,15,158879966,158880275,3,1.0246067884894623,1.047515831020196,1.0279963939498404,1.0321757347920215,-0.0033896054603781423,0.019519437070355528,-0.02290904253073367,0.015340096228174449
epoch1_on_gap_drift_rank_03,epoch2_on,0,158879966,158880306,3,1.0591822373269035,1.0324296370201662,1.0422585159306696,1.0196540998102603,0.01692372139623388,-0.009828878910503436,0.026752600306737317,0.012775537209905874
epoch1_on_gap_drift_rank_03,epoch2_on,1,158879966,158880315,3,1.0714817951095528,1.0463825440159435,1.037332160907136,1.0253632189682258,0.03414963420241679,0.00905038310880757,0.02509925109360922,0.021019325047717752
epoch1_on_gap_drift_rank_03,epoch2_on,2,158879966,158880324,3,0.9864083634951532,1.0880768752495673,1.0300974853364506,1.0444316267242653,-0.043689121841297474,0.057979389913116686,-0.10166851175441416,0.04364524852530205
epoch1_on_gap_drift_rank_03,epoch2_on,3,158879966,158880333,3,0.9700371054473881,1.0599982121046765,1.0216368865333,1.0288740862673165,-0.05159978108591201,0.03836132557137639,-0.0899611066572884,0.031124125837360017
epoch1_on_gap_drift_rank_03,epoch2_on,4,158879966,158880343,3,1.0372137484361428,1.0332671032015606,1.0251472730172126,1.0217866071912458,0.012066475418930134,0.00811983018434792,0.003946645234582213,0.011480496010314756
epoch1_on_gap_drift_rank_03,epoch2_on,5,158879966,158880352,3,1.0427467868453764,1.0968456681521053,1.046374620610628,1.0450303628372688,-0.0036278337652515535,0.050471047541477354,-0.05409888130672891,0.05181530531483647
epoch1_on_gap_drift_rank_03,epoch2_on,6,158879966,158880361,3,1.03758203519353,1.2245737139693371,1.0374300088206991,1.0288289154291377,0.0001520263728309601,0.18714370514863798,-0.18699167877580702,0.19574479854019944
epoch1_on_gap_drift_rank_03,epoch2_on,7,158879966,158880370,3,1.0251916675133952,1.0627329929169609,1.0349429170272733,1.0263376676058131,-0.009751249513878069,0.027790075889687627,-0.037541325403565695,0.03639532531114775
epoch1_on_gap_drift_rank_03,epoch2_on,8,158879966,158880380,3,0.935991500340909,1.051165915037476,1.040473882524716,1.0184834193523682,-0.1044823821838069,0.010692032512759964,-0.11517441469656686,0.032682495685107726
epoch1_on_gap_drift_rank_03,epoch2_on,9,158879966,158880389,3,1.104887519720119,0.9879352125919287,1.0355776941663457,1.0348710878660705,0.06930982555377319,-0.04764248157441697,0.11695230712819016,-0.04693587527414178
epoch1_on_gap_drift_rank_03,epoch2_on,10,158879966,158880398,3,0.8886727221722684,0.9896674727152406,1.0401492451552068,1.0368070469813961,-0.15147652298293834,-0.05048177243996621,-0.10099475054297213,-0.04713957426615556
epoch1_on_gap_drift_rank_03,epoch2_on,11,158879966,158880407,3,1.1482676227883968,1.047865776730221,1.036741342917853,1.0273068749572865,0.11152627987054387,0.011124433812368162,0.1004018460581757,0.020558901772934624
epoch1_on_gap_drift_rank_03,epoch2_on,12,158879966,158880417,3,1.0587698783101087,1.1066118607274793,1.031168440855326,1.0352240198639326,0.027601437454782607,0.0754434198721532,-0.04784198241737059,0.07138784086354666
epoch1_on_gap_drift_rank_03,epoch2_on,13,158879966,158880426,3,1.02495292684187,1.029755838717561,1.0329149125279677,1.038168695548668,-0.007961985686097739,-0.0031590738104068095,-0.0048029118756909295,-0.00841285683110704
epoch1_on_gap_drift_rank_03,epoch2_on,14,158879966,158880435,3,0.950350165899391,1.0191042006409268,1.0322014980371228,1.055341187110451,-0.08185133213773177,-0.013097297396196028,-0.06875403474153574,-0.036236986469524224
epoch1_on_gap_drift_rank_03,epoch2_on,15,158879966,158880445,3,0.9939868353314817,1.0488501404324089,1.0357058359582805,1.03697446146305,-0.041719000626798786,0.013144304474128399,-0.054863305100927184,0.011875678969358816
epoch1_on_gap_drift_rank_03,epoch2_off,0,158879966,158880476,3,1.0828135232144966,0.9644135324158709,1.0249595773432365,1.0256965368458184,0.05785394587126014,-0.060546044927365594,0.11839999079862573,-0.061283004429947496
epoch1_on_gap_drift_rank_03,epoch2_off,1,158879966,158880485,3,1.0233505144333133,1.0891171280752276,1.0456751090278724,1.0249769320766122,-0.022324594594559155,0.04344201904735523,-0.06576661364191438,0.06414019599861542
epoch1_on_gap_drift_rank_03,epoch2_off,2,158879966,158880494,3,1.0263199799175438,1.0027516626272597,1.026707994764751,1.0327791394660575,-0.0003880148472072964,-0.023956332137491376,0.02356831729028408,-0.030027476838797806
epoch1_on_gap_drift_rank_03,epoch2_off,3,158879966,158880503,3,1.0954486678116797,1.104382200625271,1.05163564265025,1.0407023817919312,0.04381302516142971,0.052746557975021036,-0.008933532813591327,0.06367981883333984
epoch1_on_gap_drift_rank_03,epoch2_off,4,158879966,158880513,3,1.0636146621154319,0.9169942913671824,1.0303886016706363,1.02630763931627,0.03322606044479559,-0.11339431030345393,0.14662037074824952,-0.10931334794908765
epoch1_on_gap_drift_rank_03,epoch2_off,5,158879966,158880522,3,1.0918795499447025,1.0112259332309526,1.0381706416455632,1.0171424600903909,0.053708908299139324,-0.026944708414610608,0.08065361671374993,-0.005916526859438331
epoch1_on_gap_drift_rank_03,epoch2_off,6,158879966,158880531,3,0.9477282074938006,1.132143105714789,1.0643773045808675,1.0342460081102205,-0.11664909708706694,0.0677658011339215,-0.18441489822098844,0.09789709760456855
epoch1_on_gap_drift_rank_03,epoch2_off,7,158879966,158880540,3,1.0460150951305516,1.09398766463151,1.0440360797781656,1.036104019905169,0.001979015352385982,0.0499515848533445,-0.04797256950095852,0.05788364472634111
epoch1_on_gap_drift_rank_03,epoch2_off,8,158879966,158880550,3,1.045951475059289,0.9938919355035815,1.0488713737795377,1.0520952586609242,-0.0029198987202485593,-0.054979438275956194,0.052059539555707635,-0.05820332315734278
epoch1_on_gap_drift_rank_03,epoch2_off,9,158879966,158880559,3,0.9787201171773132,0.9716283283832711,1.0412767382509467,1.0275073703750075,-0.06255662107363347,-0.06964840986767562,0.007091788794042153,-0.05587904199173643
epoch1_on_gap_drift_rank_03,epoch2_off,10,158879966,158880568,3,1.099956357009298,1.180458298703616,1.0262458756787944,1.0103002904209515,0.07371048133050362,0.15421242302482163,-0.08050194169431801,0.17015800828266459
epoch1_on_gap_drift_rank_03,epoch2_off,11,158879966,158880577,3,0.9757685649792421,0.991517616345997,1.0464833274311993,1.0538066942637832,-0.07071476245195718,-0.05496571108520232,-0.015749051366754863,-0.06228907791778615
epoch1_on_gap_drift_rank_03,epoch2_off,12,158879966,158880587,3,1.0481501554505488,1.1513711312294193,1.0276274586950722,1.0107583788764558,0.020522696755476577,0.12374367253434704,-0.10322097577887046,0.14061275235296344
epoch1_on_gap_drift_rank_03,epoch2_off,13,158879966,158880596,3,1.054180125227617,1.0658410776911398,1.0401612533416271,1.0247897030485875,0.014018871885989936,0.02567982434951266,-0.011660952463522722,0.04105137464255226
epoch1_on_gap_drift_rank_03,epoch2_off,14,158879966,158880605,3,1.0782741013547343,1.0953608308091554,1.0420460017204776,1.0351880886351967,0.03622809963425677,0.053314829088677795,-0.017086729454421024,0.06017274217395863
epoch1_on_gap_drift_rank_03,epoch2_off,15,158879966,158880614,3,1.0427517332837202,1.0499554725314202,1.064468428535172,1.0424085052372432,-0.021716695251451812,-0.014512956003751798,-0.007203739247700014,0.007546967294177032
epoch1_on_gap_drift_rank_03,epoch3_on,0,158879966,158880645,3,1.1305301026109107,1.059572381870417,1.0270895311359984,1.0222234049724959,0.10344057147491226,0.03248285073441859,0.07095772074049367,0.03734897689792116
epoch1_on_gap_drift_rank_03,epoch3_on,1,158879966,158880655,3,0.9964639125622016,0.97491355064389,1.0272260192224887,1.0377446619521296,-0.030762106660287114,-0.052312468578598725,0.02155036191831161,-0.0628311113082396
epoch1_on_gap_drift_rank_03,epoch3_on,2,158879966,158880664,3,1.036792202842946,1.0675670560106616,1.0409053897936746,1.0307338705037734,-0.004113186950728709,0.026661666216986957,-0.030774853167715666,0.03683318550688819
epoch1_on_gap_drift_rank_03,epoch3_on,3,158879966,158880673,3,1.088910676625964,1.048156094040796,1.0503686683550253,1.0507418404553577,0.03854200827093868,-0.0022125743142293874,0.040754582585168064,-0.0025857464145617737
epoch1_on_gap_drift_rank_03,epoch3_on,4,158879966,158880682,3,1.0641069467813025,1.0386631717476094,1.0415876368975385,1.028116391487388,0.02251930988376394,-0.0029244651499291674,0.025443775033693106,0.010546780260221267
epoch1_on_gap_drift_rank_03,epoch3_on,5,158879966,158880692,3,1.0031308848409357,1.1356224330244775,1.0397024175600231,1.048586344994232,-0.03657153271908742,0.09592001546445439,-0.1324915481835418,0.08703608803024543
epoch1_on_gap_drift_rank_03,epoch3_on,6,158879966,158880701,3,1.1853103573544994,1.0664366235782852,1.0258532556745732,1.0201530299587203,0.15945710167992622,0.040583367903711975,0.11887373377621424,0.04628359361956491
epoch1_on_gap_drift_rank_03,epoch3_on,7,158879966,158880710,3,1.1030746500110566,1.1074434647256342,1.0280890383164987,1.05481498770722,0.07498561169455797,0.07935442640913548,-0.004368814714577507,0.05262847701841422
epoch1_on_gap_drift_rank_03,epoch3_on,8,158879966,158880719,3,1.1066394009988718,1.047471916859023,1.050287439647958,1.041041959529919,0.056351961350913804,-0.002815522788935043,0.05916748413984885,0.006429957329104008
epoch1_on_gap_drift_rank_03,epoch3_on,9,158879966,158880729,3,0.9673288942236252,1.0792241345694473,1.0263563996991265,1.0267689023664222,-0.059027505475501285,0.052867734870320815,-0.1118952403458221,0.05245523220302517
epoch1_on_gap_drift_rank_03,epoch3_on,10,158879966,158880738,3,1.1148722495444525,1.2308582068853406,1.051687092955913,1.0345718702601112,0.06318515658853951,0.17917111392942764,-0.11598595734088812,0.19628633662522943
epoch1_on_gap_drift_rank_03,epoch3_on,11,158879966,158880747,3,1.0345471978569913,0.9394157623613001,1.0326305319609068,1.0210393691106625,0.001916665896084524,-0.09321476959960673,0.09513143549569125,-0.08162360674936242
epoch1_on_gap_drift_rank_03,epoch3_on,12,158879966,158880756,3,0.9737772809809795,1.0559168563892771,1.0393504149985098,1.0268149948577618,-0.06557313401753029,0.01656644139076735,-0.08213957540829764,0.029101861531515283
epoch1_on_gap_drift_rank_03,epoch3_on,13,158879966,158880766,3,1.0998939519759352,1.0422422455452809,1.041038439832843,1.061066074140233,0.05885551214309226,0.0012038057124379442,0.057651706430654315,-0.01882382859495202
epoch1_on_gap_drift_rank_03,epoch3_on,14,158879966,158880775,3,0.9235082718449802,1.0663134460820378,1.0346882779553277,1.046243274660554,-0.1111800061103475,0.031625168126710124,-0.14280517423705763,0.02007017142148393
epoch1_on_gap_drift_rank_03,epoch3_on,15,158879966,158880784,3,0.9943069429875887,1.093484760102735,1.0552304806422868,1.0310816367055256,-0.060923537654698046,0.03825427946044835,-0.0991778171151464,0.06240312339720955
epoch1_on_gap_drift_rank_03,epoch3_off,0,158879966,158880815,3,1.0209416281583417,1.0171691607345672,1.0183062903249551,1.0387090907266952,0.002635337833386542,-0.0011371295903879197,0.0037724674237744615,-0.02153992999212795
epoch1_on_gap_drift_rank_03,epoch3_off,1,158879966,158880824,3,0.9936528147648472,1.0518730460470451,1.0319686505110794,1.0175435631034797,-0.03831583574623221,0.01990439553596568,-0.05822023128219789,0.034329482943565415
epoch1_on_gap_drift_rank_03,epoch3_off,2,158879966,158880833,3,1.1561778871311694,0.9660417827016321,1.0274225919540612,1.0253295675171463,0.12875529517710826,-0.06138080925242906,0.19013610442953732,-0.05928778481551422
epoch1_on_gap_drift_rank_03,epoch3_off,3,158879966,158880842,3,1.023041202848175,1.0488752735100648,1.0320886624248256,1.039992395038384,-0.00904745957665054,0.016786611085239267,-0.025834070661889807,0.008882878471680788
epoch1_on_gap_drift_rank_03,epoch3_off,4,158879966,158880852,3,0.9651654248176446,0.9533477284104462,1.0558755511185502,1.0097797727798055,-0.09071012630090569,-0.10252782270810401,0.01181769640719832,-0.056432044369359224
epoch1_on_gap_drift_rank_03,epoch3_off,5,158879966,158880861,3,1.1255634819184144,1.0558885474135757,1.0263392112197514,1.0196106652929102,0.09922427069866302,0.029549336193824383,0.06967493450483864,0.03627788212066552
epoch1_on_gap_drift_rank_03,epoch3_off,6,158879966,158880870,3,0.9660979749686621,1.0419407090137018,1.0270938930941003,1.0320233036383346,-0.06099591812543814,0.014846815919601575,-0.07584273404503972,0.009917405375367228
epoch1_on_gap_drift_rank_03,epoch3_off,7,158879966,158880879,3,1.0511395052598314,0.9368620411425569,1.0237185004675045,1.0349213387240224,0.027421004792326897,-0.08685645932494757,0.11427746411727446,-0.09805929758146548
epoch1_on_gap_drift_rank_03,epoch3_off,8,158879966,158880889,3,0.9702451774592314,1.1301898418499192,1.0417519309477234,1.0511840123708167,-0.071506753488492,0.08843791090219577,-0.15994466439068777,0.07900582947910251
epoch1_on_gap_drift_rank_03,epoch3_off,9,158879966,158880898,3,0.984109289081479,1.040431326967353,1.0289313310761483,1.0331585312739966,-0.044822041994669326,0.011499995891204762,-0.05632203788587409,0.007272795693356482
epoch1_on_gap_drift_rank_03,epoch3_off,10,158879966,158880907,3,1.002466709168601,1.0468456026749573,1.041597043385952,1.045850209452432,-0.039130334217351015,0.00524855928900525,-0.044378893506356265,0.000995393222525287
epoch1_on_gap_drift_rank_03,epoch3_off,11,158879966,158880916,3,1.0672194963574542,1.0502208476150807,1.0558957856779325,1.0339701909910994,0.011323710679521648,-0.005674938062851798,0.016998648742373446,0.016250656623981286
epoch1_on_gap_drift_rank_03,epoch3_off,12,158879966,158880926,3,1.0402013109211852,1.0375059516474827,1.0229116392992916,1.0442033406685245,0.017289671621893543,0.014594312348191085,0.002695359273702458,-0.0066973890210417775
epoch1_on_gap_drift_rank_03,epoch3_off,13,158879966,158880935,3,1.105734463153737,1.1252604459856408,1.0190455730637695,1.0327317230251127,0.08668889008996739,0.10621487292187126,-0.019525982831903876,0.09252872296052805
epoch1_on_gap_drift_rank_03,epoch3_off,14,158879966,158880944,3,1.0359464464007608,1.1093010869175648,1.0354812355914205,1.032351587367844,0.0004652108093403662,0.07381985132614433,-0.07335464051680396,0.07694949954972086
epoch1_on_gap_drift_rank_03,epoch3_off,15,158879966,158880954,3,1.063470709132172,0.9661736346284737,1.0309076684351957,1.0164756578385927,0.03256304069697635,-0.06473403380672194,0.09729707450369829,-0.05030202321011901
epoch2_on_gap_drift_rank_01,epoch1_on,0,159145548,159145631,1,0.6594706437999428,0.5153927314874389,0.6475587129561842,0.6365423815788862,0.011911930843758634,-0.13216598146874525,0.1440779123125039,-0.12114965009144729
epoch2_on_gap_drift_rank_01,epoch1_on,1,159145548,159145629,1,0.616068603569651,0.661893779148213,0.6498608905347543,0.6376584854615188,-0.03379228696510328,0.012032888613458748,-0.04582517557856203,0.024235293686694193
epoch2_on_gap_drift_rank_01,epoch1_on,2,159145548,159145627,1,0.5988699470009098,0.5339823434684028,0.6381796393650028,0.6595060665941288,-0.039309692364092985,-0.10419729589659998,0.064887603532507,-0.12552372312572602
epoch2_on_gap_drift_rank_01,epoch1_on,3,159145548,159145624,1,0.6751730780693915,0.7375877338134733,0.6394474951201774,0.6371445753485276,0.03572558294921413,0.09814023869329591,-0.06241465574408178,0.10044315846494567
epoch2_on_gap_drift_rank_01,epoch1_on,4,159145548,159145622,1,0.6682516978445721,0.5601625582887326,0.6405174472935975,0.6405174472935975,0.02773425055097456,-0.08035488900486487,0.10808913955583943,-0.08035488900486487
epoch2_on_gap_drift_rank_01,epoch1_on,5,159145548,159145620,1,0.7200226448116648,0.7313400251353754,0.6543381365883663,0.6526318458523759,0.06568450822329852,0.07700188854700918,-0.011317380323710657,0.07870817928299956
epoch2_on_gap_drift_rank_01,epoch1_on,6,159145548,159145618,1,0.5087700197832529,0.6328111193575697,0.6427368009525549,0.6446287836887334,-0.13396678116930205,-0.009925681594985192,-0.12404109957431686,-0.011817664331163713
epoch2_on_gap_drift_rank_01,epoch1_on,7,159145548,159145615,1,0.6760454705020629,0.6180540667372938,0.6601420499195156,0.6538442016957569,0.015903420582547234,-0.042087983182221844,0.05799140376476908,-0.03579013495846306
epoch2_on_gap_drift_rank_01,epoch1_on,8,159145548,159145613,1,0.7164592563045404,0.6455170654992136,0.6442153859232109,0.6338228091456297,0.07224387038132951,0.00130167957600269,0.07094219080532682,0.011694256353583898
epoch2_on_gap_drift_rank_01,epoch1_on,9,159145548,159145611,1,0.7529797701741393,0.6458971375069145,0.6476337718438911,0.6402084143463265,0.10534599833024816,-0.0017366343369766835,0.10708263266722484,0.005688723160587994
epoch2_on_gap_drift_rank_01,epoch1_on,10,159145548,159145608,1,0.6250821999511453,0.6214593505706072,0.6463046233560172,0.6445425869601629,-0.021222423404871904,-0.024845272785410044,0.00362284938053814,-0.023083236389555672
epoch2_on_gap_drift_rank_01,epoch1_on,11,159145548,159145606,1,0.5722539984403022,0.7212221194878997,0.64136096890965,0.6419712343025853,-0.06910697046934777,0.07986115057824972,-0.1489681210475975,0.07925088518531442
epoch2_on_gap_drift_rank_01,epoch1_on,12,159145548,159145604,1,0.6244676387214358,0.5636452177891599,0.6302471041629113,0.6438129684327136,-0.005779465441475451,-0.06660188637375142,0.06082242093227597,-0.08016775064355375
epoch2_on_gap_drift_rank_01,epoch1_on,13,159145548,159145602,1,0.5483280444485783,0.6073052056629821,0.651103657351332,0.6384131098851372,-0.10277561290275372,-0.04379845168834995,-0.05897716121440377,-0.031107904222155147
epoch2_on_gap_drift_rank_01,epoch1_on,14,159145548,159145599,1,0.6622228504608522,0.5123279026964278,0.6532515592977104,0.6453143373123473,0.00897129116314177,-0.1409236566012826,0.14989494776442436,-0.13298643461591952
epoch2_on_gap_drift_rank_01,epoch1_on,15,159145548,159145597,1,0.6939243684393595,0.5854775897689669,0.647167908682725,0.6471722540998684,0.04675645975663445,-0.06169031891375809,0.10844677867039254,-0.06169466433090154
epoch2_on_gap_drift_rank_01,epoch1_off,0,159145548,159145590,1,0.5212882109622103,0.6369521001941133,0.6462017550565189,0.6326232286584749,-0.12491354409430855,-0.009249654862405587,-0.11566388923190296,0.004328871535638434
epoch2_on_gap_drift_rank_01,epoch1_off,1,159145548,159145587,1,0.6567622049442656,0.6534909430162512,0.6473570818016791,0.6479843405573864,0.009405123142586569,0.006133861214572156,0.003271261928014413,0.005506602458864807
epoch2_on_gap_drift_rank_01,epoch1_off,2,159145548,159145585,1,0.6207491912344819,0.6545786266045897,0.6488166414757701,0.6493046294196512,-0.028067450241288205,0.005761985128819536,-0.03382943537010774,0.005273997184938484
epoch2_on_gap_drift_rank_01,epoch1_off,3,159145548,159145583,1,0.6437921988022787,0.7120004771975461,0.643810630622974,0.6434701493881061,-1.8431820695274936e-05,0.06818984657457217,-0.06820827839526744,0.06853032780944002
epoch2_on_gap_drift_rank_01,epoch1_off,4,159145548,159145580,1,0.7685528500639052,0.7096723290799757,0.6547399139899848,0.6589284825675195,0.1138129360739204,0.054932415089990916,0.058880520983929485,0.050743846512456225
epoch2_on_gap_drift_rank_01,epoch1_off,5,159145548,159145578,1,0.5073571798368217,0.623874464824978,0.6331470680149722,0.6342049842714218,-0.1257898881781505,-0.009272603189994233,-0.11651728498815628,-0.010330519446443809
epoch2_on_gap_drift_rank_01,epoch1_off,6,159145548,159145576,1,0.8430240255188068,0.5996399690396829,0.6463433663350855,0.6413481485052785,0.19668065918372135,-0.04670339729540263,0.24338405647912398,-0.041708179465595685
epoch2_on_gap_drift_rank_01,epoch1_off,7,159145548,159145574,1,0.62386238819253,0.5259543289068825,0.6481081676218504,0.6541534322908533,-0.02424577942932038,-0.12215383871496788,0.0979080592856475,-0.12819910338397078
epoch2_on_gap_drift_rank_01,epoch1_off,8,159145548,159145571,1,0.5730485287172822,0.5626667103739954,0.6338128928435605,0.6276567874173044,-0.06076436412627828,-0.07114618246956506,0.010381818343286775,-0.06499007704330895
epoch2_on_gap_drift_rank_01,epoch1_off,9,159145548,159145569,1,0.7362128537492543,0.5157617037318306,0.6299710847331998,0.6329028347843904,0.10624176901605442,-0.11420938100136924,0.22045115001742366,-0.11714113105255974
epoch2_on_gap_drift_rank_01,epoch1_off,10,159145548,159145567,1,0.783260403773124,0.6409400799888906,0.6523789542340421,0.6521957585960074,0.13088144953908187,-0.011438874245151553,0.14232032378423343,-0.011255678607116848
epoch2_on_gap_drift_rank_01,epoch1_off,11,159145548,159145565,1,0.8526855640314491,0.6682761871895884,0.6277683312074467,0.6315253923745177,0.22491723282400244,0.04050785598214168,0.18440937684186076,0.03675079481507071
epoch2_on_gap_drift_rank_01,epoch1_off,12,159145548,159145562,1,0.6944836455921035,0.6802468842006743,0.6479755754440089,0.6490924867123256,0.04650807014809466,0.032271308756665396,0.014236761391429265,0.031154397488348695
epoch2_on_gap_drift_rank_01,epoch1_off,13,159145548,159145560,1,0.6155102982425413,0.6047504058388513,0.6430053902718924,0.6427643703550731,-0.027495092029351076,-0.038254984433041095,0.010759892403690019,-0.03801396451622174
epoch2_on_gap_drift_rank_01,epoch1_off,14,159145548,159145558,1,0.6976353682404789,0.640741858767877,0.6436488299906663,0.6500281596565747,0.05398653824981259,-0.0029069712227892675,0.056893509472601855,-0.00928630088869764
epoch2_on_gap_drift_rank_01,epoch1_off,15,159145548,159145556,1,0.7368205884548077,0.613407990645972,0.6367015859163795,0.6407327715141433,0.1001190025384282,-0.02329359527040753,0.12341259780883573,-0.02732478086817136
epoch2_on_gap_drift_rank_01,epoch2_on,0,159145548,159145548,1,0.6760282782520745,0.6760282782520745,0.6327898726927342,0.6327898726927342,0.04323840555934022,0.04323840555934022,0.0,0.04323840555934022
epoch2_on_gap_drift_rank_01,epoch2_on,1,159145548,159145546,1,0.628688600284303,0.7766981991319396,0.6442069201620342,0.6422335450518742,-0.015518319877731224,0.13249127896990542,-0.14800959884763665,0.13446465408006536
epoch2_on_gap_drift_rank_01,epoch2_on,2,159145548,159145543,1,0.5782092305421029,0.6809990722160639,0.6397719550958564,0.6422612775740374,-0.061562724553753445,0.041227117120207546,-0.10278984167396099,0.038737794642026535
epoch2_on_gap_drift_rank_01,epoch2_on,3,159145548,159145541,1,0.7956201252425232,0.8225574442759059,0.6413363482309635,0.6418668570108903,0.1542837770115597,0.1812210960449424,-0.0269373190333827,0.18069058726501563
epoch2_on_gap_drift_rank_01,epoch2_on,4,159145548,159145539,1,0.6295591212446794,0.669209798888358,0.6425303042492165,0.6468257103915934,-0.012971183004537146,0.026679494639141432,-0.03965067764367858,0.022384088496764543
epoch2_on_gap_drift_rank_01,epoch2_on,5,159145548,159145537,1,0.6369538494223516,0.8377180303906275,0.6510001192125427,0.6464987094398154,-0.01404626979019119,0.18671791117808478,-0.20076418096827597,0.19121932095081218
epoch2_on_gap_drift_rank_01,epoch2_on,6,159145548,159145534,1,0.6285478826414581,0.6518801426942156,0.6367734906470892,0.6294900966421427,-0.008225608005631102,0.015106652047126357,-0.02333226005275746,0.022390046052072843
epoch2_on_gap_drift_rank_01,epoch2_on,7,159145548,159145532,1,0.5053101121807227,0.9074929902934603,0.6478434296722486,0.6349684199041841,-0.14253331749152587,0.2596495606212117,-0.40218287811273756,0.27252457038927624
epoch2_on_gap_drift_rank_01,epoch2_on,8,159145548,159145530,1,0.6707151222338958,0.8826784747401231,0.6461977042451639,0.6450602952244896,0.02451741798873197,0.2364807704949592,-0.21196335250622722,0.23761817951563347
epoch2_on_gap_drift_rank_01,epoch2_on,9,159145548,159145528,1,0.6745551714620013,0.6546067778556763,0.6526854501085725,0.6531537886468286,0.021869721353428795,0.0019213277471038515,0.019948393606324943,0.0014529892088477325
epoch2_on_gap_drift_rank_01,epoch2_on,10,159145548,159145525,1,0.5819725210358091,0.6673396840006416,0.657687687730728,0.6524447128811895,-0.07571516669491896,0.009651996269913532,-0.08536716296483249,0.014894971119452038
epoch2_on_gap_drift_rank_01,epoch2_on,11,159145548,159145523,1,0.6339341656402383,0.7259852277784125,0.6352516653702629,0.6312305311186479,-0.001317499730024596,0.09073356240814956,-0.09205106213817416,0.09475469665976455
epoch2_on_gap_drift_rank_01,epoch2_on,12,159145548,159145521,1,0.5571952672432526,0.6065306653734596,0.6378908286632676,0.6382690512663962,-0.080695561420015,-0.03136016328980806,-0.04933539813020693,-0.03173838589293665
epoch2_on_gap_drift_rank_01,epoch2_on,13,159145548,159145519,1,0.616841562769988,0.724894064956053,0.6479797619756142,0.6410228756908913,-0.031138199205626216,0.07691430298043878,-0.10805250218606499,0.08387118926516168
epoch2_on_gap_drift_rank_01,epoch2_on,14,159145548,159145516,1,0.5759884763758312,0.7892507583509542,0.644494715863805,0.6410106879939372,-0.06850623948797385,0.14475604248714913,-0.21326228197512298,0.14824007035701692
epoch2_on_gap_drift_rank_01,epoch2_on,15,159145548,159145514,1,0.5629635447236555,0.7440252057645099,0.6306027611161056,0.6443742345923518,-0.06763921639245007,0.11342244464840434,-0.18106166104085442,0.09965097117215815
epoch2_on_gap_drift_rank_01,epoch2_off,0,159145548,159145506,1,0.5595573982120841,0.5809328180737995,0.6511359057361028,0.6541546492230916,-0.09157850752401875,-0.07020308766230332,-0.021375419861715428,-0.07322183114929215
epoch2_on_gap_drift_rank_01,epoch2_off,1,159145548,159145504,1,0.7086371323196471,0.5726777125244743,0.6481535337732562,0.6485961726260816,0.06048359854639085,-0.07547582124878194,0.1359594197951728,-0.0759184601016073
epoch2_on_gap_drift_rank_01,epoch2_off,2,159145548,159145502,1,0.6111559644229532,0.5426032214287774,0.6475371748727354,0.6377367371061513,-0.036381210449782264,-0.10493395344395806,0.0685527429941758,-0.09513351567737394
epoch2_on_gap_drift_rank_01,epoch2_off,3,159145548,159145500,1,0.592455844182024,0.7113967634539085,0.6500963466682097,0.6492167433723623,-0.057640502486185685,0.06130041678569875,-0.11894091927188444,0.062180020081546106
epoch2_on_gap_drift_rank_01,epoch2_off,4,159145548,159145497,1,0.6766368529223075,0.6923425310285497,0.6385670466436275,0.6508936777340466,0.03806980627867995,0.05377548438492219,-0.015705678106242238,0.041448853294503096
epoch2_on_gap_drift_rank_01,epoch2_off,5,159145548,159145495,1,0.5818153686982325,0.6393905629369153,0.6402398975686812,0.6321255439931611,-0.05842452887044869,-0.0008493346317658412,-0.05757519423868285,0.007265018943754198
epoch2_on_gap_drift_rank_01,epoch2_off,6,159145548,159145493,1,0.6903216504649624,0.6058397735200113,0.6489337810522159,0.6451589406815084,0.041387869412746525,-0.0430940075322046,0.08448187694495113,-0.03931916716149708
epoch2_on_gap_drift_rank_01,epoch2_off,7,159145548,159145491,1,0.7533035633925393,0.6899466545065329,0.6389620136171545,0.6481144905144514,0.1143415497753848,0.050984640889378374,0.06335690888600642,0.04183216399208156
epoch2_on_gap_drift_rank_01,epoch2_off,8,159145548,159145488,1,0.7001783160135217,0.6172711201641402,0.6364224108231424,0.6462112982357426,0.06375590519037921,-0.01915129065900223,0.08290719584938144,-0.02894017807160243
epoch2_on_gap_drift_rank_01,epoch2_off,9,159145548,159145486,1,0.5485008392111116,0.5691266198442062,0.6343272911609827,0.6504425807757794,-0.08582645194987115,-0.06520067131677654,-0.020625780633094615,-0.08131596093157323
epoch2_on_gap_drift_rank_01,epoch2_off,10,159145548,159145484,1,0.5935427424444727,0.6440913240320864,0.6260095343683019,0.6318986367347874,-0.032466791923829175,0.018081789663784487,-0.05054858158761366,0.012192687297298943
epoch2_on_gap_drift_rank_01,epoch2_off,11,159145548,159145482,1,0.5252417319498704,0.7251862134739115,0.6470073184511003,0.6492891948753198,-0.12176558650122982,0.07817889502281128,-0.1999444815240411,0.07589701859859177
epoch2_on_gap_drift_rank_01,epoch2_off,12,159145548,159145479,1,0.541357080548038,0.766786556177079,0.6355459466294431,0.6409521758679058,-0.09418886608140509,0.13124060954763594,-0.22542947562904103,0.12583438030917327
epoch2_on_gap_drift_rank_01,epoch2_off,13,159145548,159145477,1,0.6000480630248447,0.6089162199194798,0.6393378884180514,0.6463254048275071,-0.03928982539320669,-0.03042166849857164,-0.008868156894635049,-0.03740918490802736
epoch2_on_gap_drift_rank_01,epoch2_off,14,159145548,159145475,1,0.7697847729102985,0.6862342438856743,0.638704350653104,0.6456487714853727,0.1310804222571944,0.047529893232570286,0.08355052902462412,0.040585472400301636
epoch2_on_gap_drift_rank_01,epoch2_off,15,159145548,159145472,1,0.6274145935097686,0.5347872205426888,0.6371971302647987,0.6429769177211595,-0.009782536755030158,-0.10240990972210995,0.09262737296707979,-0.10818969717847071
epoch2_on_gap_drift_rank_01,epoch3_on,0,159145548,159145465,1,0.5874920066936593,0.562683758367886,0.6287274981038831,0.646981819749984,-0.04123549141022376,-0.06604373973599709,0.02480824832577333,-0.08429806138209806
epoch2_on_gap_drift_rank_01,epoch3_on,1,159145548,159145463,1,0.6602129494176258,0.6075658077059425,0.6509233520042971,0.6301442438924025,0.009289597413328687,-0.04335754429835459,0.052647141711683276,-0.02257843618646005
epoch2_on_gap_drift_rank_01,epoch3_on,2,159145548,159145460,1,0.5324242262144013,0.6734511761926818,0.6351102977706538,0.6514219518394407,-0.10268607155625242,0.038340878422028046,-0.14102694997828047,0.02202922435324106
epoch2_on_gap_drift_rank_01,epoch3_on,3,159145548,159145458,1,0.6280431002913719,0.673076078796153,0.6442186144559914,0.6460533799846555,-0.016175514164619487,0.028857464340161676,-0.04503297850478116,0.027022698811497547
epoch2_on_gap_drift_rank_01,epoch3_on,4,159145548,159145456,1,0.5912594019858245,0.7116345238769891,0.6389171700275081,0.647251627006848,-0.047657768041683646,0.07271735384948097,-0.12037512189116462,0.0643828968701411
epoch2_on_gap_drift_rank_01,epoch3_on,5,159145548,159145454,1,0.560652148032467,0.5247264369387659,0.6581883908978758,0.6423646617635821,-0.09753624286540885,-0.13346195395910998,0.03592571109370113,-0.11763822482481623
epoch2_on_gap_drift_rank_01,epoch3_on,6,159145548,159145451,1,0.5421553700343354,0.6389063288279125,0.6537668195364055,0.6426694365291736,-0.11161144950207003,-0.014860490708492935,-0.09675095879357709,-0.0037631077012610925
epoch2_on_gap_drift_rank_01,epoch3_on,7,159145548,159145449,1,0.7338049436270291,0.5347474486480284,0.6462443367798913,0.6500306587673341,0.08756060684713773,-0.11149688813186298,0.19905749497900072,-0.11528321011930576
epoch2_on_gap_drift_rank_01,epoch3_on,8,159145548,159145447,1,0.6614667105892388,0.6687430951965773,0.6420728577055117,0.637581501333136,0.01939385288372708,0.026670237491065563,-0.007276384607338482,0.031161593863441306
epoch2_on_gap_drift_rank_01,epoch3_on,9,159145548,159145445,1,0.6756422418363813,0.606884241577403,0.6521345400930707,0.6383906064811835,0.023507701743310627,-0.04525029851566775,0.06875800025897838,-0.03150636490378056
epoch2_on_gap_drift_rank_01,epoch3_on,10,159145548,159145442,1,0.49350736503145753,0.6423192611378478,0.6577389398315439,0.6418218269639508,-0.16423157480008632,-0.015419678693696093,-0.14881189610639023,0.0004974341738969157
epoch2_on_gap_drift_rank_01,epoch3_on,11,159145548,159145440,1,0.564026721447031,0.6245965676488052,0.6366635595923356,0.6365945327907914,-0.07263683814530453,-0.012066991943530336,-0.06056984620177419,-0.011997965141986144
epoch2_on_gap_drift_rank_01,epoch3_on,12,159145548,159145438,1,0.6689790977964352,0.6922990989181409,0.6419372509992637,0.6294406340506815,0.027041846797171476,0.05036184791887721,-0.023320001121705736,0.06285846486745938
epoch2_on_gap_drift_rank_01,epoch3_on,13,159145548,159145435,1,0.7609322652971764,0.6735075315486676,0.6383927040107178,0.6547098639009057,0.1225395612864586,0.03511482753794981,0.08742473374850879,0.018797667647761918
epoch2_on_gap_drift_rank_01,epoch3_on,14,159145548,159145433,1,0.7888109085965304,0.6851069061454528,0.6491236811959802,0.6373365866922356,0.13968722740055017,0.03598322494947259,0.10370400245107758,0.04777031945321719
epoch2_on_gap_drift_rank_01,epoch3_on,15,159145548,159145431,1,0.7321146936809833,0.6010200471678888,0.6380310259455995,0.6252227888788644,0.09408366773538379,-0.037010978777710646,0.13109464651309444,-0.024202741710975584
epoch2_on_gap_drift_rank_01,epoch3_off,0,159145548,159145423,1,0.7558432140859629,0.5867133348176882,0.6360241846481838,0.6402786005495587,0.11981902943777911,-0.04931084983049561,0.16912987926827472,-0.05356526573187048
epoch2_on_gap_drift_rank_01,epoch3_off,1,159145548,159145421,1,0.5749745378711549,0.6779105186926809,0.6408252765138991,0.6529794533843072,-0.06585073864274416,0.03708524217878184,-0.102935980821526,0.024931065308373745
epoch2_on_gap_drift_rank_01,epoch3_off,2,159145548,159145419,1,0.5719181948772764,0.6965042943300883,0.6318543213320243,0.6271791513018683,-0.059936126454747995,0.06464997299806396,-0.12458609945281196,0.06932514302822002
epoch2_on_gap_drift_rank_01,epoch3_off,3,159145548,159145417,1,0.513126498247722,0.5965807348087541,0.6431682506974361,0.6453982953848829,-0.13004175244971405,-0.04658751588868204,-0.08345423656103201,-0.04881756057612885
epoch2_on_gap_drift_rank_01,epoch3_off,4,159145548,159145414,1,0.5018638484733113,0.6285616024086998,0.6382743054388322,0.6491665435371603,-0.1364104569655209,-0.009712703030132386,-0.1266977539353885,-0.020604941128460452
epoch2_on_gap_drift_rank_01,epoch3_off,5,159145548,159145412,1,0.5514661619740092,0.5769787344978035,0.6426820690978069,0.6479797629958013,-0.09121590712379768,-0.06570333460000344,-0.02551257252379424,-0.07100102849799783
epoch2_on_gap_drift_rank_01,epoch3_off,6,159145548,159145410,1,0.5062129498586623,0.5999459432230725,0.6483412066883579,0.633126723116711,-0.14212825682969565,-0.04839526346528544,-0.09373299336441021,-0.033180779893638546
epoch2_on_gap_drift_rank_01,epoch3_off,7,159145548,159145408,1,0.653687681015413,0.5995910069751001,0.6366804257384777,0.6352161433984147,0.01700725527693525,-0.03708941876337757,0.05409667404031282,-0.03562513642331455
epoch2_on_gap_drift_rank_01,epoch3_off,8,159145548,159145405,1,0.5873553054861923,0.6490863183507285,0.650344819792366,0.6417200789167383,-0.06298951430617372,-0.0012585014416375273,-0.061731012864536194,0.007366239433990174
epoch2_on_gap_drift_rank_01,epoch3_off,9,159145548,159145403,1,0.7172475872567871,0.651522256430297,0.6369751323977715,0.6496296671184603,0.08027245485901557,0.01454712403252556,0.06572533082649001,0.0018925893118367787
epoch2_on_gap_drift_rank_01,epoch3_off,10,159145548,159145401,1,0.6219649511360111,0.6667776950507465,0.6569236927107533,0.6469042218429132,-0.034958741574742214,0.009854002339993118,-0.04481274391473533,0.01987347320783328
epoch2_on_gap_drift_rank_01,epoch3_off,11,159145548,159145399,1,0.6564064369723401,0.6305531373159587,0.6464400304198461,0.6336679070753919,0.009966406552494034,-0.015886893103887356,0.02585329965638139,-0.0031147697594331447
epoch2_on_gap_drift_rank_01,epoch3_off,12,159145548,159145396,1,0.6080578642115182,0.6737727144957254,0.6458001124376168,0.6418465273423223,-0.03774224822609862,0.027972602058108587,-0.0657148502842072,0.03192618715340312
epoch2_on_gap_drift_rank_01,epoch3_off,13,159145548,159145394,1,0.7213717870144193,0.618488216215485,0.6524762588057329,0.6380503723267843,0.06889552820868639,-0.0339880425902479,0.10288357079893429,-0.0195621561112993
epoch2_on_gap_drift_rank_01,epoch3_off,14,159145548,159145392,1,0.7614201381794344,0.653392588049678,0.6583948278051923,0.6303755675319583,0.10302531037424212,-0.005002239755514282,0.1080275501297564,0.0230170205177197
epoch2_on_gap_drift_rank_01,epoch3_off,15,159145548,159145390,1,0.6973366825411033,0.660944424034785,0.6506528171227446,0.6426668910283763,0.04668386541835867,0.010291606912040452,0.03639225850631822,0.018277533006408775
epoch2_on_gap_drift_rank_02,epoch1_on,0,159144660,159144797,1,0.7451719894430477,0.7595651691227397,0.6394822898640056,0.6302928113063513,0.10568969957904217,0.12008287925873418,-0.014393179679692003,0.12927235781638846
epoch2_on_gap_drift_rank_02,epoch1_on,1,159144660,159144793,1,0.6807279964986004,0.6171659634497263,0.6360244488327502,0.633167656586537,0.04470354766585016,-0.018858485383023926,0.06356203304887409,-0.016001693136810657
epoch2_on_gap_drift_rank_02,epoch1_on,2,159144660,159144789,1,0.6840772508495268,0.5536522962639876,0.6416178132488459,0.6510667879372092,0.04245943760068083,-0.08796551698485833,0.13042495458553915,-0.09741449167322158
epoch2_on_gap_drift_rank_02,epoch1_on,3,159144660,159144786,1,0.7100941113532515,0.639615090591326,0.6391166458603234,0.6317998010399537,0.07097746549292816,0.0004984447310026896,0.07047902076192547,0.00781528955137234
epoch2_on_gap_drift_rank_02,epoch1_on,4,159144660,159144782,1,0.8112759415076715,0.6495561114542616,0.640226554131867,0.6417544201439388,0.17104938737580444,0.0093295573223946,0.16171983005340984,0.0078016913103228225
epoch2_on_gap_drift_rank_02,epoch1_on,5,159144660,159144778,1,0.6278648662901407,0.6979139961853126,0.6414176842560342,0.6416564938187548,-0.013552817965893471,0.0564963119292784,-0.07004912989517187,0.0562575023665578
epoch2_on_gap_drift_rank_02,epoch1_on,6,159144660,159144774,1,0.6372007198598412,0.5693801451466436,0.635743998639356,0.6377880575622203,0.0014567212204851243,-0.06636385349271245,0.06782057471319758,-0.06840791241557675
epoch2_on_gap_drift_rank_02,epoch1_on,7,159144660,159144771,1,0.6174316699373854,0.6197564474050534,0.6441673946906312,0.6350292731609932,-0.026735724753245815,-0.0244109472855778,-0.0023247774676680155,-0.0152728257559398
epoch2_on_gap_drift_rank_02,epoch1_on,8,159144660,159144767,1,0.6234030949710807,0.5860353570856397,0.6392112172266888,0.635947046110688,-0.015808122255608126,-0.053175860141049136,0.03736773788544101,-0.04991168902504828
epoch2_on_gap_drift_rank_02,epoch1_on,9,159144660,159144763,1,0.6769305545448143,0.5434387058785393,0.6424514029443404,0.6410738511733762,0.03447915160047388,-0.09901269706580118,0.13349184866627506,-0.09763514529483697
epoch2_on_gap_drift_rank_02,epoch1_on,10,159144660,159144760,1,0.4990804276987254,0.6262646559275649,0.6432638921333622,0.6348974890314389,-0.1441834644346368,-0.016999236205797352,-0.12718422822883946,-0.008632833103874082
epoch2_on_gap_drift_rank_02,epoch1_on,11,159144660,159144756,1,0.5532479092433061,0.6524923351006336,0.6424579049488459,0.6433351532855756,-0.08920999570553978,0.010034430151787732,-0.09924442585732751,0.00915718181505809
epoch2_on_gap_drift_rank_02,epoch1_on,12,159144660,159144752,1,0.581240226074452,0.772699059685768,0.6321344311097917,0.6439481785512617,-0.0508942050353397,0.1405646285759763,-0.191458833611316,0.12875088113450628
epoch2_on_gap_drift_rank_02,epoch1_on,13,159144660,159144748,1,0.534926560878521,0.7472289527119882,0.6497680354192423,0.6419143942663716,-0.11484147454072136,0.09746091729274586,-0.21230239183346722,0.10531455844561655
epoch2_on_gap_drift_rank_02,epoch1_on,14,159144660,159144745,1,0.8009671465292608,0.5258211735425063,0.6365108098032213,0.6372757193531812,0.16445633672603954,-0.11068963626071493,0.2751459729867545,-0.11145454581067482
epoch2_on_gap_drift_rank_02,epoch1_on,15,159144660,159144741,1,0.6203983421024722,0.5696520379450973,0.6449646841741019,0.6448523567745609,-0.024566342071629665,-0.07531264622900458,0.05074630415737491,-0.07520031882946354
epoch2_on_gap_drift_rank_02,epoch1_off,0,159144660,159144728,1,0.7161003666004813,0.5273856962436354,0.6505079549887001,0.6513354685148923,0.0655924116117812,-0.12312225874506466,0.18871467035684586,-0.12394977227125692
epoch2_on_gap_drift_rank_02,epoch1_off,1,159144660,159144725,1,0.7187119319556604,0.7328152212176989,0.6438228117218499,0.6475384881449598,0.07488912023381056,0.08899240949584908,-0.01410328926203852,0.08527673307273909
epoch2_on_gap_drift_rank_02,epoch1_off,2,159144660,159144721,1,0.6876200223173458,0.6511826535185723,0.638220732832492,0.6368289341633078,0.049399289484853726,0.012961920686080264,0.03643736879877346,0.014353719355264527
epoch2_on_gap_drift_rank_02,epoch1_off,3,159144660,159144717,1,0.7411308730639468,0.711827486539369,0.6469507515501227,0.6499038042295757,0.09418012151382404,0.06487673498924629,0.029303386524577757,0.06192368230979328
epoch2_on_gap_drift_rank_02,epoch1_off,4,159144660,159144714,1,0.6702202762587215,0.6181870979738932,0.6327236810400821,0.6376803879355502,0.03749659521863935,-0.01453658306618899,0.05203317828482834,-0.019493289961657
epoch2_on_gap_drift_rank_02,epoch1_off,5,159144660,159144710,1,0.5775763264860694,0.7476935160767242,0.6516817334148938,0.6469676961712288,-0.07410540692882439,0.09601178266183041,-0.1701171895906548,0.10072581990549534
epoch2_on_gap_drift_rank_02,epoch1_off,6,159144660,159144706,1,0.65851030837831,0.7833943374935174,0.6452093925992333,0.6424976610366494,0.013300915779076772,0.13818494489428412,-0.12488402911520735,0.140896676456868
epoch2_on_gap_drift_rank_02,epoch1_off,7,159144660,159144702,1,0.7068249847590957,0.6274583921679068,0.6360876516984542,0.6362655112547462,0.07073733306064156,-0.008629259530547384,0.07936659259118894,-0.008807119086839399
epoch2_on_gap_drift_rank_02,epoch1_off,8,159144660,159144699,1,0.49899314247683685,0.5277443152611365,0.6360700455217924,0.628987891067406,-0.1370769030449555,-0.10832573026065584,-0.028751172784299672,-0.10124357580626953
epoch2_on_gap_drift_rank_02,epoch1_off,9,159144660,159144695,1,0.5701340037054967,0.5721854607222685,0.6253394416449354,0.6409352402422202,-0.05520543793943866,-0.05315398092266688,-0.002051457016771785,-0.06874977951995165
epoch2_on_gap_drift_rank_02,epoch1_off,10,159144660,159144691,1,0.6155429665035733,0.6023907357665096,0.6311771973865659,0.6321029499335866,-0.01563423088299254,-0.02878646162005627,0.01315223073706373,-0.029712214167077033
epoch2_on_gap_drift_rank_02,epoch1_off,11,159144660,159144687,1,0.6601419683325531,0.721362864115642,0.6465157506019208,0.6448823550890994,0.013626217730632328,0.0748471135137212,-0.06122089578308887,0.07648050902654258
epoch2_on_gap_drift_rank_02,epoch1_off,12,159144660,159144684,1,0.6265153715207501,0.6908579335154057,0.64906868925847,0.6454385315035793,-0.022553317737719958,0.04178924425693564,-0.0643425619946556,0.04541940201182637
epoch2_on_gap_drift_rank_02,epoch1_off,13,159144660,159144680,1,0.6797546537495327,0.6476535194920283,0.647825984665696,0.6529492917099082,0.031928669083836736,-0.00017246517366764635,0.03210113425750438,-0.005295772217879913
epoch2_on_gap_drift_rank_02,epoch1_off,14,159144660,159144676,1,0.5620522052983381,0.6985570820373745,0.6531887282517493,0.6443940670003996,-0.09113652295341124,0.045368353785625204,-0.13650487673903644,0.05416301503697496
epoch2_on_gap_drift_rank_02,epoch1_off,15,159144660,159144672,1,0.5608752600334224,0.5871832673820798,0.6358856836493028,0.6283040470626502,-0.0750104236158804,-0.04870241626722294,-0.02630800734865746,-0.041120779680570374
epoch2_on_gap_drift_rank_02,epoch2_on,0,159144660,159144660,1,0.6815935496728791,0.6815935496728791,0.6451584562071119,0.6451584562071119,0.03643509346576723,0.03643509346576723,0.0,0.03643509346576723
epoch2_on_gap_drift_rank_02,epoch2_on,1,159144660,159144656,1,0.6542868334944505,0.8793893979285831,0.6307782906271605,0.6241906752148241,0.023508542867289983,0.24861110730142255,-0.22510256443413257,0.255198722713759
epoch2_on_gap_drift_rank_02,epoch2_on,2,159144660,159144653,1,0.6176082494332108,0.7128372997132677,0.641013003621241,0.641013003621241,-0.02340475418803023,0.07182429609202667,-0.0952290502800569,0.07182429609202667
epoch2_on_gap_drift_rank_02,epoch2_on,3,159144660,159144649,1,0.631558852650405,0.7116781793626225,0.6401725234345482,0.640189093695286,-0.008613670784143213,0.07150565592807423,-0.08011932671221744,0.07148908566733647
epoch2_on_gap_drift_rank_02,epoch2_on,4,159144660,159144645,1,0.7281240094234976,0.5945507261595894,0.6286186949622861,0.6313881827821672,0.09950531446121158,-0.03406796880269669,0.13357328326390827,-0.03683745662257787
epoch2_on_gap_drift_rank_02,epoch2_on,5,159144660,159144641,1,0.7048742866077304,0.6469982853132744,0.6374707292950669,0.6278968128435802,0.06740355731266356,0.00952755601820754,0.057876001294456025,0.01910147246969418
epoch2_on_gap_drift_rank_02,epoch2_on,6,159144660,159144638,1,0.7593039358657545,0.6267297531610978,0.6473114061069665,0.64851822805545,0.11199252975878804,-0.020581652945868667,0.1325741827046567,-0.021788474894352206
epoch2_on_gap_drift_rank_02,epoch2_on,7,159144660,159144634,1,0.6668224125773697,0.7954633425635976,0.6329757673136541,0.6295648471420907,0.03384664526371561,0.1624875752499435,-0.1286409299862279,0.16589849542150692
epoch2_on_gap_drift_rank_02,epoch2_on,8,159144660,159144630,1,0.661008199460479,0.7505094031954881,0.6453652314071264,0.6372864972964482,0.015642968053352524,0.10514417178836166,-0.08950120373500914,0.11322290589903994
epoch2_on_gap_drift_rank_02,epoch2_on,9,159144660,159144626,1,0.6990488753278304,0.7900967479454958,0.6388088675841281,0.6245131610934348,0.060240007743702306,0.15128788036136764,-0.09104787261766534,0.16558358685206098
epoch2_on_gap_drift_rank_02,epoch2_on,10,159144660,159144623,1,0.6241382122920605,0.5904800056391695,0.6442316950772838,0.6404013139473418,-0.020093482785223382,-0.05375168943811437,0.03365820665289099,-0.04992130830817232
epoch2_on_gap_drift_rank_02,epoch2_on,11,159144660,159144619,1,0.6307410865063926,0.7303783934087387,0.6507994142445827,0.6302638038314081,-0.02005832773819005,0.07957897916415602,-0.09963730690234607,0.10011458957733055
epoch2_on_gap_drift_rank_02,epoch2_on,12,159144660,159144615,1,0.6529380696064063,0.8856518964234072,0.6383510408400119,0.627922110688405,0.014587028766394394,0.24730085558339532,-0.23271382681700092,0.25772978573500227
epoch2_on_gap_drift_rank_02,epoch2_on,13,159144660,159144612,1,0.778377609461852,0.7601035445973618,0.6409968783579889,0.6315603043290301,0.13738073110386306,0.11910666623937294,0.018274064864490125,0.12854324026833175
epoch2_on_gap_drift_rank_02,epoch2_on,14,159144660,159144608,1,0.7581175952141214,0.7535017734817296,0.6399696666160521,0.6397636866752339,0.11814792859806922,0.1135321068656775,0.004615821732391723,0.11373808680649578
epoch2_on_gap_drift_rank_02,epoch2_on,15,159144660,159144604,1,0.7620892019622924,0.8338646824290468,0.6320592367612858,0.6367271984069263,0.13002996520100651,0.20180544566776093,-0.07177548046675442,0.1971374840221205
epoch2_on_gap_drift_rank_02,epoch2_off,0,159144660,159144592,1,0.6520642773503336,0.644187495776713,0.6383091050082008,0.6447640193850999,0.013755172342132749,0.005878390768512154,0.007876781573620595,-0.0005765236083868919
epoch2_on_gap_drift_rank_02,epoch2_off,1,159144660,159144588,1,0.6109492955217585,0.6072376499872393,0.6327546413210703,0.6251863304079334,-0.021805345799311815,-0.025516991333831007,0.0037116455345191923,-0.017948680420694085
epoch2_on_gap_drift_rank_02,epoch2_off,2,159144660,159144584,1,0.777211925962945,0.544017437871858,0.6391058175941258,0.654411961341185,0.1381061083688192,-0.0950883797222678,0.233194488091087,-0.11039452346932699
epoch2_on_gap_drift_rank_02,epoch2_off,3,159144660,159144580,1,0.6430062535142869,0.5513998400756864,0.6437775944301403,0.6375700402798682,-0.0007713409158534024,-0.09237775435445383,0.09160641343860043,-0.08617020020418176
epoch2_on_gap_drift_rank_02,epoch2_off,4,159144660,159144577,1,0.6640851087448028,0.6812030409039784,0.6410066913599998,0.6398458326327456,0.023078417384802985,0.04019634954397866,-0.017117932159175675,0.04135720827123279
epoch2_on_gap_drift_rank_02,epoch2_off,5,159144660,159144573,1,0.775124610695753,0.7904087121005624,0.6282280239443927,0.6464585357231709,0.1468965867513603,0.1621806881561697,-0.015284101404809403,0.1439501763773915
epoch2_on_gap_drift_rank_02,epoch2_off,6,159144660,159144569,1,0.5806000279878643,0.5185496221833951,0.6466235432714422,0.646553084540435,-0.06602351528357797,-0.12807392108804716,0.06205040580446919,-0.12800346235703997
epoch2_on_gap_drift_rank_02,epoch2_off,7,159144660,159144565,1,0.7286764940834862,0.5487459731867488,0.6358041772454472,0.636652442893783,0.09287231683803898,-0.08705820405869846,0.17993052089673744,-0.0879064697070342
epoch2_on_gap_drift_rank_02,epoch2_off,8,159144660,159144562,1,0.6616846261070972,0.6395353357179872,0.6384874561262783,0.6393381493564321,0.023197169980818888,0.0010478795917088224,0.022149290389110066,0.00019718636155507951
epoch2_on_gap_drift_rank_02,epoch2_off,9,159144660,159144558,1,0.50883861989215,0.5413316846588196,0.646506861102907,0.6451744351398531,-0.13766824121075705,-0.10517517644408736,-0.03249306476666969,-0.10384275048103342
epoch2_on_gap_drift_rank_02,epoch2_off,10,159144660,159144554,1,0.6243211403748133,0.6145572525563501,0.6344064596660133,0.6344064596660133,-0.010085319291199935,-0.019849207109663203,0.009763887818463268,-0.019849207109663203
epoch2_on_gap_drift_rank_02,epoch2_off,11,159144660,159144551,1,0.6565848578126059,0.522397866871682,0.6262465532089607,0.6407137812587673,0.030338304603645172,-0.10384868633727873,0.1341869909409239,-0.11831591438708533
epoch2_on_gap_drift_rank_02,epoch2_off,12,159144660,159144547,1,0.5514814283598127,0.7091963536241562,0.6335077073880833,0.6330960362265396,-0.08202627902827053,0.07568864623607297,-0.1577149252643435,0.07610031739761658
epoch2_on_gap_drift_rank_02,epoch2_off,13,159144660,159144543,1,0.7034245655982599,0.8024186630253147,0.6361336867617378,0.6279775311560953,0.06729087883652218,0.16628497626357697,-0.09899409742705478,0.1744411318692194
epoch2_on_gap_drift_rank_02,epoch2_off,14,159144660,159144539,1,0.6254114512455938,0.720040725990275,0.6417687061396569,0.6372565719078809,-0.016357254894063034,0.07827201985061816,-0.09462927474468119,0.08278415408239415
epoch2_on_gap_drift_rank_02,epoch2_off,15,159144660,159144536,1,0.5826459218084971,0.6712609694437249,0.6495619062533712,0.644698323686077,-0.06691598444487412,0.02169906319035375,-0.08861504763522787,0.026562645757647885
epoch2_on_gap_drift_rank_02,epoch3_on,0,159144660,159144523,1,0.5995737682644533,0.625719202730772,0.6485977568213769,0.6414891534583625,-0.04902398855692358,-0.022878554090604908,-0.026145434466318673,-0.015769950727590576
epoch2_on_gap_drift_rank_02,epoch3_on,1,159144660,159144519,1,0.6362396456327029,0.6705005742231542,0.6429494234875084,0.6363761266194458,-0.006709777854805532,0.027551150735645846,-0.03426092859045138,0.034124447603708474
epoch2_on_gap_drift_rank_02,epoch3_on,2,159144660,159144516,1,0.685302072530454,0.7432528624501261,0.6261998587042845,0.6301353020823037,0.059102213826169536,0.1170530037458416,-0.05795078991967206,0.11311756036782239
epoch2_on_gap_drift_rank_02,epoch3_on,3,159144660,159144512,1,0.7007215525256348,0.6969070845243075,0.6500084724884714,0.6575917225506127,0.05071308003716346,0.04689861203583612,0.0038144680013273424,0.039315361973694785
epoch2_on_gap_drift_rank_02,epoch3_on,4,159144660,159144508,1,0.5537437605077187,0.821089891029136,0.6343723639101839,0.6412000278794487,-0.08062860340246525,0.18671752711895206,-0.2673461305214173,0.17988986314968725
epoch2_on_gap_drift_rank_02,epoch3_on,5,159144660,159144505,1,0.727726285915996,0.7907446306336562,0.6255294569782657,0.6409365413238328,0.1021968289377303,0.1652151736553905,-0.06301834471766021,0.14980808930982337
epoch2_on_gap_drift_rank_02,epoch3_on,6,159144660,159144501,1,0.6436686197958841,0.7624928192508597,0.6570461254789433,0.6435250695920505,-0.013377505683059177,0.1054466937719164,-0.11882419945497558,0.11896774965880919
epoch2_on_gap_drift_rank_02,epoch3_on,7,159144660,159144497,1,0.6564380353981587,0.6009453412659722,0.6375283803388896,0.6341246586910938,0.018909655059269115,-0.03658303907291738,0.05549269413218649,-0.03317931742512159
epoch2_on_gap_drift_rank_02,epoch3_on,8,159144660,159144493,1,0.6525047614788889,0.6496249950938591,0.6401952133118459,0.6384228516098553,0.012309548167042994,0.009429781782013147,0.002879766385029847,0.011202143484003724
epoch2_on_gap_drift_rank_02,epoch3_on,9,159144660,159144490,1,0.6088249516629987,0.6890798760967829,0.6305762765827454,0.6436234565183239,-0.02175132491974674,0.058503599514037496,-0.08025492443378424,0.04545641957845903
epoch2_on_gap_drift_rank_02,epoch3_on,10,159144660,159144486,1,0.7164690917460929,0.5471388817216557,0.648180800081817,0.621733937384709,0.06828829166427586,-0.1010419183601613,0.16933021002443716,-0.07459505566305324
epoch2_on_gap_drift_rank_02,epoch3_on,11,159144660,159144482,1,0.4948408326611903,0.7006666426158188,0.6422874531285225,0.6278358782299496,-0.14744662046733226,0.05837918948729626,-0.2058258099546285,0.07283076438586922
epoch2_on_gap_drift_rank_02,epoch3_on,12,159144660,159144478,1,0.6142986828435761,0.5696117528673602,0.6424008350186092,0.6373469311892233,-0.02810215217503309,-0.07278908215124902,0.04468692997621593,-0.06773517832186304
epoch2_on_gap_drift_rank_02,epoch3_on,13,159144660,159144475,1,0.6195417906295596,0.7290607974326231,0.6393428778728731,0.6298098374117239,-0.01980108724331353,0.08971791955974995,-0.10951900680306348,0.09925096002089917
epoch2_on_gap_drift_rank_02,epoch3_on,14,159144660,159144471,1,0.6102997951580809,0.5851035886040501,0.6335871144089931,0.6295972179488096,-0.02328731925091221,-0.04848352580494297,0.025196206554030764,-0.04449362934475953
epoch2_on_gap_drift_rank_02,epoch3_on,15,159144660,159144467,1,0.5789960406492904,0.7072533100830574,0.6359837582823402,0.6462731792220004,-0.05698771763304977,0.07126955180071715,-0.12825726943376692,0.060980130861056914
epoch2_on_gap_drift_rank_02,epoch3_off,0,159144660,159144455,1,0.5723480326587597,0.6256935439553818,0.6402786005495587,0.6489386254882834,-0.06793056789079899,-0.01458505659417686,-0.05334551129662213,-0.023245081532901612
epoch2_on_gap_drift_rank_02,epoch3_off,1,159144660,159144451,1,0.6049745144217654,0.6273458183094397,0.6481926187574794,0.6332290421732061,-0.043218104335713936,-0.02084680044803966,-0.022371303887674276,-0.005883223863766385
epoch2_on_gap_drift_rank_02,epoch3_off,2,159144660,159144447,1,0.6247482933825789,0.48881858097826575,0.6417443419972629,0.6329720986071377,-0.016996048614684067,-0.15292576101899719,0.13592971240431312,-0.1441535176288719
epoch2_on_gap_drift_rank_02,epoch3_off,3,159144660,159144444,1,0.6172347198580997,0.63601317013274,0.6359222568058744,0.6568096099226072,-0.018687536947774697,9.09133268655049e-05,-0.0187784502746402,-0.020796439789867227
epoch2_on_gap_drift_rank_02,epoch3_off,4,159144660,159144440,1,0.5250728483672507,0.7297460431127869,0.6382777582768436,0.6392021416455782,-0.11320490990959298,0.09146828483594327,-0.20467319474553625,0.0905439014672087
epoch2_on_gap_drift_rank_02,epoch3_off,5,159144660,159144436,1,0.6024237931588379,0.6607846865303411,0.6308643164997902,0.6359910814122315,-0.028440523340952373,0.029920370030550814,-0.058360893371503186,0.024793605118109574
epoch2_on_gap_drift_rank_02,epoch3_off,6,159144660,159144433,1,0.6035530258193025,0.6366663486345815,0.6431630217282731,0.6274912748353012,-0.03960999590897063,-0.006496673093691618,-0.03311332281527901,0.009175073799280287
epoch2_on_gap_drift_rank_02,epoch3_off,7,159144660,159144429,1,0.7132233693545181,0.6292568472286927,0.6476701341265161,0.6363798872125337,0.06555323522800205,-0.0184132868978234,0.08396652212582545,-0.007123039983841006
epoch2_on_gap_drift_rank_02,epoch3_off,8,159144660,159144425,1,0.6047722129048282,0.6685912452902957,0.6412462505599908,0.6380424300930881,-0.03647403765516266,0.027344994730304828,-0.06381903238546749,0.030548815197207535
epoch2_on_gap_drift_rank_02,epoch3_off,9,159144660,159144421,1,0.689768682658967,0.6088815063912635,0.6559761251609442,0.6196156032996103,0.03379255749802279,-0.047094618769680685,0.08088717626770348,-0.010734096908346813
epoch2_on_gap_drift_rank_02,epoch3_off,10,159144660,159144418,1,0.7316161015588801,0.6652359475755085,0.6381528114222494,0.643288617340555,0.09346329013663068,0.02708313615325908,0.0663801539833716,0.021947330234953544
epoch2_on_gap_drift_rank_02,epoch3_off,11,159144660,159144414,1,0.6652063989670025,0.6694271590971188,0.6418574537643911,0.6428360133283473,0.023348945202611437,0.027569705332727734,-0.004220760130116297,0.02659114576877153
epoch2_on_gap_drift_rank_02,epoch3_off,12,159144660,159144410,1,0.5477089402754617,0.5991237498935151,0.6476586807128587,0.6297009656974089,-0.09994974043739702,-0.04853493081934357,-0.05141480961805345,-0.03057721580389372
epoch2_on_gap_drift_rank_02,epoch3_off,13,159144660,159144406,1,0.6031420086635059,0.8209702343449645,0.6223742800764016,0.6382132008643344,-0.01923227141289574,0.1985959542685629,-0.21782822568145865,0.1827570334806301
epoch2_on_gap_drift_rank_02,epoch3_off,14,159144660,159144403,1,0.6089536297520092,0.728812221431423,0.6179734289308847,0.640351006558147,-0.00901979917887552,0.1108387925005383,-0.11985859167941382,0.08846121487327596
epoch2_on_gap_drift_rank_02,epoch3_off,15,159144660,159144399,1,0.5622545854087009,0.7607495233506162,0.6200998062701248,0.6391102332355751,-0.05784522086142396,0.14064971708049134,-0.1984949379419153,0.12163929011504104
epoch2_on_gap_drift_rank_03,epoch1_on,0,159014473,159014326,1,0.9320305424931854,1.1227272855139043,0.9279549107210321,0.9657543436737673,0.00407563177215331,0.19477237479287224,-0.19069674302071893,0.156972941840137
epoch2_on_gap_drift_rank_03,epoch1_on,1,159014473,159014330,1,0.8452663697855537,0.9161807009484353,0.9525955707504402,0.948421894318147,-0.10732920096488652,-0.03641486980200492,-0.0709143311628816,-0.03224119336971176
epoch2_on_gap_drift_rank_03,epoch1_on,2,159014473,159014334,1,1.0980627383206953,0.9097429761425135,0.9529886102006903,0.9541974003051601,0.14507412812000509,-0.04324563405817672,0.1883197621781818,-0.044454424162646555
epoch2_on_gap_drift_rank_03,epoch1_on,3,159014473,159014338,1,1.021857465764528,0.9065308240193364,0.9534054557516292,0.9583617637363488,0.06845201001289891,-0.04687463173229278,0.1153266417451917,-0.05183093971701247
epoch2_on_gap_drift_rank_03,epoch1_on,4,159014473,159014342,1,0.9933861523371962,1.0402384482270524,0.9643785224349841,0.9716438703033412,0.029007629902212062,0.07585992579206824,-0.04685229588985618,0.06859457792371115
epoch2_on_gap_drift_rank_03,epoch1_on,5,159014473,159014346,1,0.9906706978643285,0.9474489081984452,0.9623757132959035,0.9402443193477125,0.02829498456842494,-0.014926805097458362,0.0432217896658833,0.007204588850732718
epoch2_on_gap_drift_rank_03,epoch1_on,6,159014473,159014350,1,0.9875416687449219,0.9531202282881373,0.9545969723848398,0.9509150747449087,0.032944696360082126,-0.0014767440967025092,0.034421440456784635,0.0022051535432285885
epoch2_on_gap_drift_rank_03,epoch1_on,7,159014473,159014354,1,1.0311846403339517,0.8946756070230503,0.9563037991419443,0.9718089132081773,0.07488084119200744,-0.06162819211889403,0.13650903331090147,-0.07713330618512704
epoch2_on_gap_drift_rank_03,epoch1_on,8,159014473,159014358,1,0.9592063455734982,0.9574993052172464,0.9545451543398582,0.9597470009906784,0.00466119123363995,0.002954150877388151,0.0017070403562517988,-0.00224769577343209
epoch2_on_gap_drift_rank_03,epoch1_on,9,159014473,159014362,1,0.8856145138484863,1.1875255243816183,0.9420682622044134,0.9655774137489079,-0.05645374835592709,0.24545726217720487,-0.30191101053313196,0.22194811063271036
epoch2_on_gap_drift_rank_03,epoch1_on,10,159014473,159014366,1,0.7725826512130975,0.8234136174004006,0.9661841471513496,0.971128800377199,-0.19360149593825204,-0.14277052975094895,-0.050830966187303095,-0.1477151829767983
epoch2_on_gap_drift_rank_03,epoch1_on,11,159014473,159014370,1,0.9962436865098947,0.8800734434998897,0.974086617184347,0.9580829592501849,0.02215706932554773,-0.09401317368445727,0.116170243010005,-0.07800951575029524
epoch2_on_gap_drift_rank_03,epoch1_on,12,159014473,159014374,1,1.052441613352466,1.0057577573949195,0.961162476665482,0.9582201712996643,0.09127913668698406,0.044595280729437414,0.04668385595754665,0.04753758609525516
epoch2_on_gap_drift_rank_03,epoch1_on,13,159014473,159014378,1,0.9604988107194102,1.0233926031554603,0.9757354885299216,0.9605772883461998,-0.015236677810511412,0.04765711462553868,-0.06289379243605009,0.0628153148092605
epoch2_on_gap_drift_rank_03,epoch1_on,14,159014473,159014382,1,0.7933287586534249,0.9819660764197885,0.9521720806545231,0.9491761985193445,-0.15884332200109819,0.029793995765265424,-0.1886373177663636,0.032789877900443964
epoch2_on_gap_drift_rank_03,epoch1_on,15,159014473,159014386,1,0.9840344146582617,1.054719518352657,0.9600572523411179,0.9621717388575499,0.023977162317143752,0.09466226601153904,-0.07068510369439529,0.09254777949510706
epoch2_on_gap_drift_rank_03,epoch1_off,0,159014473,159014400,1,1.0794022929027427,0.9534354012841144,0.9527871044964911,0.962792533920835,0.12661518840625163,0.0006482967876233481,0.12596689161862828,-0.009357132636720555
epoch2_on_gap_drift_rank_03,epoch1_off,1,159014473,159014404,1,0.8871594374501386,0.8446186532126406,0.947549089517282,0.9526282056896298,-0.06038965206714342,-0.10293043630464138,0.042540784237497964,-0.10800955247698918
epoch2_on_gap_drift_rank_03,epoch1_off,2,159014473,159014408,1,0.9607202181130837,0.9197622616477052,0.9599718350239761,0.9557826652947778,0.0007483830891076293,-0.040209573376270846,0.040957956465378476,-0.036020403647072596
epoch2_on_gap_drift_rank_03,epoch1_off,3,159014473,159014412,1,0.9274801815367372,0.8785030690127308,0.9646214133493918,0.9678400413920418,-0.03714123181265461,-0.08611834433666099,0.04897711252400638,-0.08933697237931104
epoch2_on_gap_drift_rank_03,epoch1_off,4,159014473,159014416,1,0.893115139229367,0.840275093238628,0.9506112237308022,0.9575049565759424,-0.057496084501435174,-0.11033613049217417,0.05284004599073899,-0.11722986333731433
epoch2_on_gap_drift_rank_03,epoch1_off,5,159014473,159014420,1,1.2456345983292645,1.0534308246714543,0.9454351551540889,0.9524114564201291,0.30019944317517555,0.10799566951736539,0.19220377365781016,0.10101936825132518
epoch2_on_gap_drift_rank_03,epoch1_off,6,159014473,159014424,1,1.005683224876667,0.9533993151202579,0.9398505930151648,0.9398501043737963,0.06583263186150212,0.013548722105093058,0.052283909756409064,0.013549210746461537
epoch2_on_gap_drift_rank_03,epoch1_off,7,159014473,159014428,1,0.9409007064069299,0.9434073369353922,0.9426756428459881,0.9639936657952288,-0.001774936439058239,0.0007316940894041002,-0.002506630528462339,-0.020586328859836578
epoch2_on_gap_drift_rank_03,epoch1_off,8,159014473,159014432,1,0.9642044813420205,0.9386224381584831,0.9473217420104396,0.950511702245477,0.01688273933158091,-0.008699303851956497,0.025582043183537406,-0.011889264086993867
epoch2_on_gap_drift_rank_03,epoch1_off,9,159014473,159014436,1,0.8912128335724823,0.9451171626095517,0.951343974779816,0.9516643623925278,-0.06013114120733376,-0.006226812170264329,-0.05390432903706943,-0.006547199782976132
epoch2_on_gap_drift_rank_03,epoch1_off,10,159014473,159014440,1,1.0586886382876006,1.0042491319455795,0.9562818189640045,0.9562818189640045,0.10240681932359608,0.04796731298157497,0.054439506342021105,0.04796731298157497
epoch2_on_gap_drift_rank_03,epoch1_off,11,159014473,159014444,1,1.0332296094032056,0.9800516130903402,0.9528661974365642,0.9582828806785487,0.08036341196664143,0.02718541565377597,0.05317799631286546,0.021768732411791447
epoch2_on_gap_drift_rank_03,epoch1_off,12,159014473,159014448,1,0.9160151241972119,0.9874725364960759,0.9523197091166606,0.9512344079278472,-0.03630458491944877,0.035152827379415275,-0.07145741229886404,0.03623812856822872
epoch2_on_gap_drift_rank_03,epoch1_off,13,159014473,159014452,1,0.9835122248334166,0.9374751333843954,0.9502703631767575,0.9502703631767575,0.0332418616566591,-0.01279522979236214,0.04603709144902124,-0.01279522979236214
epoch2_on_gap_drift_rank_03,epoch1_off,14,159014473,159014456,1,0.9956486961184997,0.9227545154511994,0.9601256774085545,0.9457534131016707,0.03552301870994523,-0.037371161957355126,0.07289418066730036,-0.02299889765047136
epoch2_on_gap_drift_rank_03,epoch1_off,15,159014473,159014460,1,0.9976396726850284,0.8552036400714789,0.9506580785988143,0.9478044356015807,0.04698159408621405,-0.09545443852733548,0.14243603261354953,-0.09260079553010181
epoch2_on_gap_drift_rank_03,epoch2_on,0,159014473,159014473,1,1.2911738014315495,1.2911738014315495,0.9573336158711158,0.9573336158711158,0.3338401855604337,0.3338401855604337,0.0,0.3338401855604337
epoch2_on_gap_drift_rank_03,epoch2_on,1,159014473,159014477,1,0.863393081875605,1.3215701472285692,0.9482100711880572,0.9559856236723507,-0.08481698931245218,0.373360076040512,-0.4581770653529642,0.3655845235562185
epoch2_on_gap_drift_rank_03,epoch2_on,2,159014473,159014481,1,0.8572907133794672,1.028284293619759,0.9631303038136001,0.9526269733797679,-0.10583959043413294,0.06515398980615883,-0.17099358024029176,0.07565732023999105
epoch2_on_gap_drift_rank_03,epoch2_on,3,159014473,159014485,1,1.025825907045981,0.9409480181479839,0.9373000215315725,0.9369534784558289,0.08852588551440843,0.003647996616411353,0.08487788889799708,0.003994539692155019
epoch2_on_gap_drift_rank_03,epoch2_on,4,159014473,159014489,1,0.8438038501592655,0.9811290911824899,0.9656674225860604,0.9555113126029728,-0.12186357242679491,0.0154616685964295,-0.1373252410232244,0.02561777857951708
epoch2_on_gap_drift_rank_03,epoch2_on,5,159014473,159014493,1,0.9520881154704636,0.8585260732635096,0.9544512314214135,0.9552756225154314,-0.0023631159509499566,-0.09592515815790392,0.09356204220695397,-0.09674954925192181
epoch2_on_gap_drift_rank_03,epoch2_on,6,159014473,159014497,1,1.1059070028431515,1.0709300392997834,0.9736800081694366,0.9685517719810206,0.1322269946737149,0.0972500311303468,0.0349769635433681,0.10237826731876276
epoch2_on_gap_drift_rank_03,epoch2_on,7,159014473,159014501,1,1.2038499763448272,1.2987140306296525,0.9579480175374806,0.9543089205908977,0.24590195880734655,0.3407660130921719,-0.09486405428482536,0.34440511003875485
epoch2_on_gap_drift_rank_03,epoch2_on,8,159014473,159014505,1,0.9452375391764416,1.0683240017350617,0.9489750903111649,0.946170546530066,-0.0037375511347232937,0.11934891142389681,-0.1230864625586201,0.12215345520499565
epoch2_on_gap_drift_rank_03,epoch2_on,9,159014473,159014509,1,0.8393511618753815,1.236982239515794,0.9570454105174577,0.9270760874918178,-0.11769424864207623,0.27993682899833616,-0.3976310776404124,0.3099061520239761
epoch2_on_gap_drift_rank_03,epoch2_on,10,159014473,159014513,1,0.907004713683807,1.0767636509140392,0.9445011191692805,0.9502393780548487,-0.037496405485473505,0.13226253174475877,-0.16975893723023228,0.12652427285919055
epoch2_on_gap_drift_rank_03,epoch2_on,11,159014473,159014517,1,1.205456529779987,1.2311434542562476,0.9500389899318723,0.9484864354946498,0.25541753984811477,0.2811044643243753,-0.02568692447626053,0.28265701876159777
epoch2_on_gap_drift_rank_03,epoch2_on,12,159014473,159014521,1,0.832464424456367,0.8720968526644098,0.9477060903565573,0.9596222239006005,-0.11524166590019025,-0.07560923769214745,-0.0396324282080428,-0.08752537123619064
epoch2_on_gap_drift_rank_03,epoch2_on,13,159014473,159014525,1,1.0796080844838107,1.0182284142019342,0.9653932987705061,0.9789739457672745,0.11421478571330468,0.05283511543142816,0.06137967028187652,0.03925446843465974
epoch2_on_gap_drift_rank_03,epoch2_on,14,159014473,159014529,1,0.9412901887406923,1.1621328727303035,0.9375233432484146,0.9373772895028605,0.0037668454922776817,0.22460952948188895,-0.22084268398961127,0.22475558322744305
epoch2_on_gap_drift_rank_03,epoch2_on,15,159014473,159014533,1,0.9236298031075706,1.0954493025794012,0.9778274435399251,0.9630350453875341,-0.05419764043235453,0.11762185903947608,-0.17181949947183062,0.13241425719186706
epoch2_on_gap_drift_rank_03,epoch2_off,0,159014473,159014546,1,0.8561894468863085,0.8997748146622331,0.9559708358259168,0.9546314411743986,-0.0997813889396083,-0.05619602116368372,-0.04358536777592459,-0.054856626512165496
epoch2_on_gap_drift_rank_03,epoch2_off,1,159014473,159014550,1,1.0228368847894929,0.755977568347503,0.9353432667733956,0.9340835314302007,0.08749361801609723,-0.17936569842589267,0.2668593164419899,-0.17810596308269777
epoch2_on_gap_drift_rank_03,epoch2_off,2,159014473,159014554,1,0.9560555167029776,1.0590922272363137,0.959874690326256,0.9507018836695114,-0.003819173623278438,0.09921753691005764,-0.10303671053333607,0.10839034356680233
epoch2_on_gap_drift_rank_03,epoch2_off,3,159014473,159014558,1,1.0572683525936424,0.9497328538517888,0.9444938875627826,0.9522471571094917,0.11277446503085975,0.005238966289006219,0.10753549874185353,-0.0025143032577028546
epoch2_on_gap_drift_rank_03,epoch2_off,4,159014473,159014562,1,0.9621725779937673,1.076114864809715,0.9523719148977849,0.9576400182179989,0.009800663095982376,0.12374294991193002,-0.11394228681594765,0.11847484659171603
epoch2_on_gap_drift_rank_03,epoch2_off,5,159014473,159014566,1,0.8821758759026898,0.7710556353240061,0.9627534064571003,0.9602232475115446,-0.08057753055441053,-0.19169777113309416,0.11112024057868364,-0.18916761218753853
epoch2_on_gap_drift_rank_03,epoch2_off,6,159014473,159014570,1,0.9512720327810142,1.0749395932943373,0.9510411915891903,0.9537593140182291,0.00023084119182392726,0.12389840170514699,-0.12366756051332306,0.1211802792761082
epoch2_on_gap_drift_rank_03,epoch2_off,7,159014473,159014574,1,0.923606436757792,0.8261055746304241,0.9576456787000492,0.945635149520121,-0.03403924194225727,-0.13154010406962513,0.09750086212736786,-0.11952957488969684
epoch2_on_gap_drift_rank_03,epoch2_off,8,159014473,159014578,1,0.9722696887998147,0.8416330579896261,0.9603762343079698,0.935500461390735,0.011893454491844868,-0.11874317631834375,0.13063663081018861,-0.09386740340110888
epoch2_on_gap_drift_rank_03,epoch2_off,9,159014473,159014582,1,0.9730748921819241,0.9425179798847292,0.9642946711690368,0.9499346375510852,0.008780221012887335,-0.021776691284307592,0.030556912297194927,-0.007416657666356019
epoch2_on_gap_drift_rank_03,epoch2_off,10,159014473,159014586,1,1.0430678466460728,0.947554269713943,0.9620636330166494,0.95615552336178,0.08100421362942334,-0.014509363302706468,0.0955135769321298,-0.008601253647837037
epoch2_on_gap_drift_rank_03,epoch2_off,11,159014473,159014590,1,0.9779773890638043,1.0003359626315798,0.9529302029168718,0.9653523886650115,0.025047186146932465,0.04740575971470795,-0.022358573567775486,0.03498357396656826
epoch2_on_gap_drift_rank_03,epoch2_off,12,159014473,159014594,1,1.0425659359650505,0.9719818684423586,0.9522381443538677,0.945408961956438,0.09032779161118287,0.0197437240884909,0.07058406752269197,0.02657290648592059
epoch2_on_gap_drift_rank_03,epoch2_off,13,159014473,159014598,1,0.8295119246179571,0.9465361848900087,0.9600731534645464,0.9786738443917462,-0.13056122884658927,-0.013536968574537678,-0.1170242602720516,-0.032137659501737526
epoch2_on_gap_drift_rank_03,epoch2_off,14,159014473,159014602,1,1.0435267357978866,0.93292072908703,0.9450754271704159,0.9430260501438918,0.09845130862747065,-0.012154698083385873,0.11060600671085652,-0.010105321056861793
epoch2_on_gap_drift_rank_03,epoch2_off,15,159014473,159014606,1,0.8056430065252523,1.0400138129392924,0.9493421004631413,0.942644381826018,-0.14369909393788893,0.09067171247615113,-0.23437080641404007,0.09736943111327445
epoch2_on_gap_drift_rank_03,epoch3_on,0,159014473,159014620,1,0.9322828129527998,1.1732525362632749,0.960298547962241,0.9659220167642836,-0.02801573500944121,0.21295398830103385,-0.24096972331047506,0.20733051949899128
epoch2_on_gap_drift_rank_03,epoch3_on,1,159014473,159014624,1,0.9280979344053685,1.0419941998674334,0.9606425111928412,0.9573443672235391,-0.03254457678747269,0.08135168867459219,-0.11389626546206488,0.08464983264389425
epoch2_on_gap_drift_rank_03,epoch3_on,2,159014473,159014628,1,1.0469484757999976,0.9408942026340581,0.9652502193615005,0.938823372732507,0.08169825643849715,-0.024356016727442364,0.10605427316593952,0.0020708299015510523
epoch2_on_gap_drift_rank_03,epoch3_on,3,159014473,159014632,1,1.0863458439315097,1.1151823297028196,0.9408842411649584,0.9549409522999224,0.1454616027665513,0.17429808853786122,-0.028836485771309928,0.16024137740289723
epoch2_on_gap_drift_rank_03,epoch3_on,4,159014473,159014636,1,1.1290379440600165,0.951286916656733,0.9551757089229218,0.9743053424970736,0.17386223513709465,-0.0038887922661887675,0.1777510274032834,-0.02301842584034053
epoch2_on_gap_drift_rank_03,epoch3_on,5,159014473,159014640,1,0.9354094978505899,0.9352415142619042,0.9669735816726461,0.9433765988008636,-0.03156408382205622,-0.03173206741074197,0.00016798358868574947,-0.008135084538959392
epoch2_on_gap_drift_rank_03,epoch3_on,6,159014473,159014644,1,0.7854171260575491,0.8896171484969854,0.9551983441458076,0.9486745185691516,-0.16978121808825852,-0.06558119564882225,-0.10420002243943627,-0.05905737007216627
epoch2_on_gap_drift_rank_03,epoch3_on,7,159014473,159014648,1,0.8946209443160544,0.9972956794491544,0.9619659549122916,0.9417286314636624,-0.06734501059623721,0.03532972453686278,-0.10267473513309999,0.05556704798549206
epoch2_on_gap_drift_rank_03,epoch3_on,8,159014473,159014652,1,0.8540605500124029,0.8288209529675041,0.9543902361710452,0.9559048749563817,-0.10032968615864235,-0.1255692832035411,0.025239597044898754,-0.12708392198887752
epoch2_on_gap_drift_rank_03,epoch3_on,9,159014473,159014656,1,1.104824789606053,0.890525648117052,0.9525658082772539,0.9757467581445991,0.15225898132879911,-0.06204016016020186,0.21429914148900098,-0.08522111002754706
epoch2_on_gap_drift_rank_03,epoch3_on,10,159014473,159014660,1,0.936138716343985,1.0066473756411312,0.9594018637061592,0.9554868954135216,-0.023263147362174164,0.04724551193497195,-0.07050865929714611,0.05116048022760955
epoch2_on_gap_drift_rank_03,epoch3_on,11,159014473,159014664,1,0.9078647835286944,1.0884337519179357,0.9495483433111792,0.9375533736719015,-0.041683559782484836,0.13888540860675647,-0.1805689683892413,0.15088037824603417
epoch2_on_gap_drift_rank_03,epoch3_on,12,159014473,159014668,1,0.8082204725641867,0.9241237163154054,0.9534755595322487,0.9696216330078865,-0.145255086968062,-0.029351843216843365,-0.11590324375121863,-0.045497916692481155
epoch2_on_gap_drift_rank_03,epoch3_on,13,159014473,159014672,1,1.112852652720045,0.9078007575306031,0.9592648293443269,0.9624552693451565,0.1535878233757182,-0.05146407181372381,0.205051895189442,-0.054654511814553386
epoch2_on_gap_drift_rank_03,epoch3_on,14,159014473,159014676,1,1.0733345129036098,1.0412875183033963,0.9454535697070741,0.9424401037414711,0.12788094319653576,0.09583394859632222,0.03204699460021354,0.09884741456192514
epoch2_on_gap_drift_rank_03,epoch3_on,15,159014473,159014680,1,0.7797223074507722,1.0241418988515176,0.9501082683359217,0.953430855807314,-0.17038596088514946,0.07403363051559597,-0.24441959140074543,0.07071104304420361
epoch2_on_gap_drift_rank_03,epoch3_off,0,159014473,159014693,1,1.0795386635569042,0.9422922312524095,0.9608772941001584,0.9690231907210538,0.11866136945674577,-0.018585062847748968,0.13724643230449474,-0.026730959468644344
epoch2_on_gap_drift_rank_03,epoch3_off,1,159014473,159014697,1,0.9090445728602498,1.047028141612427,0.9604680745680166,0.9649577858877926,-0.05142350170776688,0.08656006704441033,-0.1379835687521772,0.08207035572463439
epoch2_on_gap_drift_rank_03,epoch3_off,2,159014473,159014701,1,0.8472740676323294,1.0213786705410897,0.9690383443118635,0.9486766902645487,-0.12176427667953416,0.05234032622922613,-0.1741046029087603,0.07270198027654096
epoch2_on_gap_drift_rank_03,epoch3_off,3,159014473,159014705,1,0.812416977325162,0.8366447606981623,0.9358066335361237,0.9653298416194833,-0.12338965621096165,-0.0991618728379614,-0.024227783373000245,-0.12868508092132103
epoch2_on_gap_drift_rank_03,epoch3_off,4,159014473,159014709,1,0.85933913201646,0.9595599051759475,0.9754970979222254,0.9560253717142989,-0.11615796590576544,-0.015937192746277917,-0.10022077315948752,0.003534533461648559
epoch2_on_gap_drift_rank_03,epoch3_off,5,159014473,159014713,1,0.9501559901625999,0.8768731035687347,0.9719289184941978,0.9417136058042948,-0.02177292833159794,-0.09505581492546311,0.07328288659386517,-0.06484050223556004
epoch2_on_gap_drift_rank_03,epoch3_off,6,159014473,159014717,1,1.0435326917242107,1.046471191044043,0.9547254317936372,0.9561457075495827,0.08880725993057348,0.09174575925040573,-0.002938499319832255,0.09032548349446023
epoch2_on_gap_drift_rank_03,epoch3_off,7,159014473,159014721,1,1.0507718220290667,0.9740079948134707,0.937977905124304,0.9548883039201952,0.1127939169047627,0.036030089689166656,0.07676382721559605,0.019119690893275476
epoch2_on_gap_drift_rank_03,epoch3_off,8,159014473,159014725,1,0.8791813139629087,0.8955944512664579,0.954507709092971,0.9454599946721665,-0.07532639513006234,-0.05891325782651313,-0.016413137303549208,-0.04986554340570859
epoch2_on_gap_drift_rank_03,epoch3_off,9,159014473,159014729,1,0.8478627286756466,1.075456066479523,0.9206785029533107,0.9398555217185043,-0.07281577427766406,0.1547775635262123,-0.22759333780387636,0.13560054476101868
epoch2_on_gap_drift_rank_03,epoch3_off,10,159014473,159014733,1,0.9441116052022472,0.830205075522518,0.9573523095748213,0.9489423814110756,-0.013240704372574075,-0.12714723405230333,0.11390652967972925,-0.11873730588855758
epoch2_on_gap_drift_rank_03,epoch3_off,11,159014473,159014737,1,0.7398739074276681,0.922142016133837,0.9438785251800288,0.9678945107857668,-0.20400461775236067,-0.021736509046191843,-0.18226810870616883,-0.045752494651929876
epoch2_on_gap_drift_rank_03,epoch3_off,12,159014473,159014741,1,1.0623492115429354,0.9093712689585427,0.9519792902206106,0.953083899928437,0.11036992132232482,-0.04260802126206786,0.15297794258439268,-0.043712630969894306
epoch2_on_gap_drift_rank_03,epoch3_off,13,159014473,159014745,1,0.9617407245456915,0.8600339289534246,0.9609877523151278,0.9685439460466811,0.0007529722305636977,-0.10095382336170322,0.10170679559226692,-0.10851001709325658
epoch2_on_gap_drift_rank_03,epoch3_off,14,159014473,159014749,1,0.9680878854726437,1.1433694953419906,0.9415857144202899,0.9400267861116318,0.02650217105235375,0.20178378092170068,-0.17528160986934693,0.2033427092303588
epoch2_on_gap_drift_rank_03,epoch3_off,15,159014473,159014753,1,0.9298103861692584,0.9648400830910192,0.9339971343797417,0.9530375145440506,-0.004186748210483371,0.030842948711277463,-0.03502969692176083,0.011802568546968595
epoch3_on_gap_drift_rank_01,epoch1_on,0,158489515,158488938,1,1.017672748478315,0.8940985359598232,1.023756708082527,1.0307313606550266,-0.00608395960421193,-0.1296581721227037,0.12357421251849177,-0.13663282469520333
epoch3_on_gap_drift_rank_01,epoch1_on,1,158489515,158488946,1,1.0516185633049946,1.0378617940120232,1.0219660691039754,1.0246684224686398,0.02965249420101923,0.015895724908047804,0.013756769292971427,0.013193371543383403
epoch3_on_gap_drift_rank_01,epoch1_on,2,158489515,158488954,1,1.051476682893062,1.0918123851261132,1.020049967326646,1.0523802737253118,0.03142671556641585,0.07176241779946713,-0.040335702233051274,0.039432111400801384
epoch3_on_gap_drift_rank_01,epoch1_on,3,158489515,158488962,1,1.1054982478863025,1.0159194152400104,1.0473393876190755,1.028612274896007,0.05815886026722694,-0.03141997237906513,0.08957883264629207,-0.012692859655996536
epoch3_on_gap_drift_rank_01,epoch1_on,4,158489515,158488970,1,1.0381278498444535,0.8868227583431075,1.0351961804752459,1.0408831956138909,0.0029316693692076345,-0.14837342213213833,0.15130509150134597,-0.15406043727078333
epoch3_on_gap_drift_rank_01,epoch1_on,5,158489515,158488978,1,0.8455800194128221,0.9618803417241489,1.0354889676378125,1.0497855935243252,-0.18990894822499038,-0.07360862591366357,-0.11630032231132681,-0.08790525180017628
epoch3_on_gap_drift_rank_01,epoch1_on,6,158489515,158488985,1,0.967869371927628,0.8946522576623152,1.0263793743147456,1.036045116651649,-0.058510002387117566,-0.13172711665243042,0.07321711426531285,-0.14139285898933374
epoch3_on_gap_drift_rank_01,epoch1_on,7,158489515,158488993,1,1.1147907948506202,1.0911919747916232,1.0394197704526396,1.0369884839608057,0.0753710243979806,0.05177220433898366,0.02359882005899694,0.05420349083081755
epoch3_on_gap_drift_rank_01,epoch1_on,8,158489515,158489001,1,1.1396588534940215,1.104660896972709,0.9977035549990028,1.0335662136138186,0.14195529849501876,0.10695734197370621,0.034997956521312545,0.07109468335889035
epoch3_on_gap_drift_rank_01,epoch1_on,9,158489515,158489009,1,0.9298011646603651,1.0332803437298579,1.0310918049762146,1.0211842766294237,-0.10129064031584945,0.002188538753643332,-0.10347917906949278,0.012096067100434205
epoch3_on_gap_drift_rank_01,epoch1_on,10,158489515,158489017,1,1.0770031833651375,0.9990922054079336,1.0272503330619038,1.0227989446131427,0.04975285030323362,-0.02815812765397019,0.07791097795720381,-0.02370673920520905
epoch3_on_gap_drift_rank_01,epoch1_on,11,158489515,158489025,1,1.0757681524558185,1.0577545447525996,1.0249793017994273,1.033240029751581,0.05078885065639116,0.032775242953172246,0.018013607703218915,0.024514515001018644
epoch3_on_gap_drift_rank_01,epoch1_on,12,158489515,158489033,1,1.145710741356884,0.9435480453911662,1.045290003506584,1.0434378664456994,0.10042073785030015,-0.10174195811541775,0.2021626959657179,-0.09988982105453315
epoch3_on_gap_drift_rank_01,epoch1_on,13,158489515,158489040,1,0.8928544275620479,0.8258223201213108,1.0367142047966258,1.0408889010232203,-0.14385977723457788,-0.21089188467531494,0.06703210744073707,-0.21506658090190944
epoch3_on_gap_drift_rank_01,epoch1_on,14,158489515,158489048,1,1.0541778993339728,1.0417380562659513,1.0332836691109213,1.0347005358382209,0.02089423022305148,0.008454387155029996,0.012439843068021483,0.007037520427730426
epoch3_on_gap_drift_rank_01,epoch1_on,15,158489515,158489056,1,0.7788853763252134,1.1343798361143893,1.015696300168086,1.0542603417170697,-0.23681092384287272,0.11868353594630321,-0.35549445978917593,0.08011949439731958
epoch3_on_gap_drift_rank_01,epoch1_off,0,158489515,158489082,1,0.9720569547267026,0.8773280045264804,1.02034969151592,1.0197355654735654,-0.048292736789217416,-0.14302168698943962,0.0947289502002222,-0.14240756094708495
epoch3_on_gap_drift_rank_01,epoch1_off,1,158489515,158489090,1,1.0962686306700185,1.104677636581558,1.023176220821226,1.0540263123185203,0.0730924098487924,0.08150141576033199,-0.008409005911539591,0.050651324263037756
epoch3_on_gap_drift_rank_01,epoch1_off,2,158489515,158489098,1,0.9227751816597217,0.992010719219355,1.0454348729481888,1.038235329060738,-0.1226596912884671,-0.0534241537288338,-0.0692355375596333,-0.04622460984138299
epoch3_on_gap_drift_rank_01,epoch1_off,3,158489515,158489106,1,1.0078890156890479,1.1764043099424253,1.034559958450813,1.0333624466614864,-0.02667094276176507,0.14184435149161234,-0.1685152942533774,0.14304186328093893
epoch3_on_gap_drift_rank_01,epoch1_off,4,158489515,158489114,1,1.1228312852263918,1.018496540218325,1.035554953171161,1.0354944200871623,0.08727633205523078,-0.017058412952835944,0.10433474500806672,-0.016997879868837273
epoch3_on_gap_drift_rank_01,epoch1_off,5,158489515,158489122,1,1.1745723364477196,0.9355927189828235,1.0368541707949452,1.0341861279919087,0.1377181656527744,-0.10126145181212176,0.23897961746489615,-0.0985934090090852
epoch3_on_gap_drift_rank_01,epoch1_off,6,158489515,158489130,1,1.014356348558964,1.0397483040886903,1.0241381343542244,1.0483962464524637,-0.009781785795260456,0.01561016973446594,-0.025391955529726395,-0.008647942363773309
epoch3_on_gap_drift_rank_01,epoch1_off,7,158489515,158489137,1,1.1247467200201775,1.1742734842242755,1.031167012214286,1.0360972895693408,0.09357970780589153,0.1431064720099895,-0.04952676420409796,0.1381761946549347
epoch3_on_gap_drift_rank_01,epoch1_off,8,158489515,158489145,1,0.9804955392404746,1.0696044216841287,1.037444762904284,1.0359967399730858,-0.05694922366380939,0.032159658779844724,-0.08910888244365411,0.03360768171104289
epoch3_on_gap_drift_rank_01,epoch1_off,9,158489515,158489153,1,1.0094550305964476,1.1571834319803918,1.0262365074346196,1.0286671901345739,-0.016781476838171994,0.13094692454577217,-0.14772840138394416,0.1285162418458179
epoch3_on_gap_drift_rank_01,epoch1_off,10,158489515,158489161,1,1.0034135061605254,0.939582706227161,1.0175233950375295,1.0454727925056377,-0.01410988887700415,-0.07794068881036853,0.06383079993336438,-0.10589008627847674
epoch3_on_gap_drift_rank_01,epoch1_off,11,158489515,158489169,1,0.9359985007420843,1.1266714207617827,1.0167080184104587,1.0198002705222522,-0.08070951766837431,0.10996340235132407,-0.19067292001969838,0.10687115023953053
epoch3_on_gap_drift_rank_01,epoch1_off,12,158489515,158489177,1,1.0371527287899636,0.9336787189438324,1.0525313430119234,1.0549216141943705,-0.015378614221959852,-0.11885262406809105,0.1034740098461312,-0.12124289525053811
epoch3_on_gap_drift_rank_01,epoch1_off,13,158489515,158489185,1,0.9850067051636295,1.025045746730416,1.0589939052284592,1.0341962364818411,-0.07398720006482962,-0.033948158498043224,-0.04003904156678639,-0.009150489751425184
epoch3_on_gap_drift_rank_01,epoch1_off,14,158489515,158489192,1,1.131932657584536,0.9799204194154725,1.02995514169,1.035599320605304,0.10197751589453619,-0.05003472227452743,0.15201223816906362,-0.05567890118983154
epoch3_on_gap_drift_rank_01,epoch1_off,15,158489515,158489200,1,0.8629666865626732,0.9466445851355011,1.0243485051686259,1.0303229751565082,-0.1613818186059527,-0.07770392003312476,-0.08367789857282792,-0.08367839002100708
epoch3_on_gap_drift_rank_01,epoch2_on,0,158489515,158489227,1,0.7610959060523551,1.0038971531988619,1.0286651193716687,1.0164115345701286,-0.2675692133193136,-0.024767966172806855,-0.24280124714650675,-0.012514381371266703
epoch3_on_gap_drift_rank_01,epoch2_on,1,158489515,158489235,1,1.0113231344271014,1.11610454603817,1.0352445277960751,1.0473269440285353,-0.023921393368973698,0.08086001824209488,-0.10478141161106858,0.06877760200963468
epoch3_on_gap_drift_rank_01,epoch2_on,2,158489515,158489242,1,1.0266417131214998,0.9639956301135766,1.0354023811233302,1.04266344746753,-0.008760668001830396,-0.07140675100975358,0.06264608300792318,-0.07866781735395345
epoch3_on_gap_drift_rank_01,epoch2_on,3,158489515,158489250,1,0.8230400327733063,1.0417678651663886,1.0516353089403037,1.0408360891293815,-0.22859527616699737,-0.009867443773915019,-0.21872783239308236,0.0009317760370071149
epoch3_on_gap_drift_rank_01,epoch2_on,4,158489515,158489258,1,1.0427041388503795,0.974556894295488,1.0429477256331015,1.049553388491319,-0.00024358678272196066,-0.06839083133761348,0.06814724455489152,-0.0749964941958311
epoch3_on_gap_drift_rank_01,epoch2_on,5,158489515,158489266,1,1.1303683953264527,1.039536813820136,1.029612856618218,1.035413884391364,0.10075553870823462,0.009923957201917855,0.09083158150631676,0.004122929428771904
epoch3_on_gap_drift_rank_01,epoch2_on,6,158489515,158489274,1,1.1831839858201922,1.0438735347245343,1.0411062878611446,1.0231409842608095,0.14207769795904768,0.002767246863389694,0.13931045109565798,0.020732550463724797
epoch3_on_gap_drift_rank_01,epoch2_on,7,158489515,158489282,1,1.151390174008091,0.9584243145588579,1.025273592165266,1.0297542579800119,0.12611658184282493,-0.06684927760640813,0.19296585944923306,-0.07132994342115395
epoch3_on_gap_drift_rank_01,epoch2_on,8,158489515,158489290,1,0.9629889875334586,0.9091044475528716,1.0203658685286907,1.0354151699755385,-0.05737688099523208,-0.11126142097581915,0.053884539980587065,-0.12631072242266694
epoch3_on_gap_drift_rank_01,epoch2_on,9,158489515,158489297,1,0.8831033409346497,1.265452755121222,1.048346246688385,1.047321754094868,-0.16524290575373535,0.21710650843283696,-0.3823494141865723,0.21813100102635397
epoch3_on_gap_drift_rank_01,epoch2_on,10,158489515,158489305,1,1.1232674505129652,0.9330640482227169,1.0260912893984524,1.0405600002814372,0.09717616111451277,-0.09302724117573546,0.19020340229024824,-0.10749595205872031
epoch3_on_gap_drift_rank_01,epoch2_on,11,158489515,158489313,1,0.98660041443187,0.9347466743459681,1.0239657332037453,1.0285135804169463,-0.03736531877187532,-0.08921905885777714,0.05185374008590182,-0.09376690607097815
epoch3_on_gap_drift_rank_01,epoch2_on,12,158489515,158489321,1,1.0407039718791429,1.0281721658322682,1.0366859931845513,1.0205842462126007,0.0040179786945915286,-0.008513827352283121,0.01253180604687465,0.007587919619667538
epoch3_on_gap_drift_rank_01,epoch2_on,13,158489515,158489329,1,1.0623772484422855,1.014680677539547,1.021809538633999,1.0085881780480483,0.04056770980828661,-0.007128861094451988,0.0476965709027386,0.006092499491498593
epoch3_on_gap_drift_rank_01,epoch2_on,14,158489515,158489337,1,1.081638646481832,0.9337620585930337,1.0400830684357805,1.0443201971755005,0.04155557804605148,-0.10632100984274673,0.1478765878887982,-0.11055813858246677
epoch3_on_gap_drift_rank_01,epoch2_on,15,158489515,158489345,1,1.1898352100161302,1.017798457773216,1.039441799550767,1.0108875981206622,0.15039341046536325,-0.021643341777551006,0.17203675224291426,0.00691085965255378
epoch3_on_gap_drift_rank_01,epoch2_off,0,158489515,158489371,1,1.1254655745088473,0.9479139478065113,1.0246775892033375,1.031584174734098,0.10078798530550981,-0.07676364139682623,0.17755162670233604,-0.08367022692758663
epoch3_on_gap_drift_rank_01,epoch2_off,1,158489515,158489379,1,1.0375702998313863,1.1509040103883734,1.0399809157936182,1.0393681342626975,-0.00241061596223191,0.11092309459475524,-0.11333371055698716,0.11153587612567595
epoch3_on_gap_drift_rank_01,epoch2_off,2,158489515,158489387,1,1.0658001998244393,1.0039538966222261,1.0511022174146778,1.0227611750950234,0.0146979824097615,-0.04714832079245168,0.06184630320221318,-0.018807278472797284
epoch3_on_gap_drift_rank_01,epoch2_off,3,158489515,158489394,1,1.0233488584434969,1.1503375313737463,1.0094269165654226,1.0174734633216906,0.013921941878074273,0.14091061480832368,-0.1269886729302494,0.13286406805205564
epoch3_on_gap_drift_rank_01,epoch2_off,4,158489515,158489402,1,0.8728142727247499,0.9459938195928376,1.0343528447666512,1.0295349023231215,-0.16153857204190136,-0.08835902517381367,-0.0731795468680877,-0.08354108273028393
epoch3_on_gap_drift_rank_01,epoch2_off,5,158489515,158489410,1,1.0490286399023796,0.9479464123349521,1.0417062948746558,1.0208785911980864,0.007322345027723776,-0.09375988253970369,0.10108222756742746,-0.0729321788631343
epoch3_on_gap_drift_rank_01,epoch2_off,6,158489515,158489418,1,0.997234405145072,0.87378151389827,1.037505824827531,1.0380362378937162,-0.040271419682459064,-0.1637243109292611,0.12345289124680203,-0.16425472399544627
epoch3_on_gap_drift_rank_01,epoch2_off,7,158489515,158489426,1,1.062209835326026,0.9958850867356425,1.0287567553918673,1.0253215870119985,0.0334530799341588,-0.03287166865622482,0.06632474859038362,-0.029436500276356026
epoch3_on_gap_drift_rank_01,epoch2_off,8,158489515,158489434,1,0.8260512727441971,0.9443969561992116,1.0171642488613437,1.0138684057461542,-0.19111297611714662,-0.07276729266213211,-0.1183456834550145,-0.06947144954694262
epoch3_on_gap_drift_rank_01,epoch2_off,9,158489515,158489442,1,1.0356118515395611,0.8736634538706178,1.0400379198612342,1.0348438069372787,-0.004426068321673027,-0.16637446599061634,0.1619483976689433,-0.1611803530666609
epoch3_on_gap_drift_rank_01,epoch2_off,10,158489515,158489449,1,1.1374233459493126,0.9616569616667257,1.045919655931628,1.0376974414627593,0.09150369001768466,-0.0842626942649023,0.17576638428258695,-0.07604047979603368
epoch3_on_gap_drift_rank_01,epoch2_off,11,158489515,158489457,1,0.9932356268056771,1.3092811434917886,1.0506812000454984,1.041050531709696,-0.057445573239821246,0.2585999434462902,-0.31604551668611147,0.2682306117820925
epoch3_on_gap_drift_rank_01,epoch2_off,12,158489515,158489465,1,1.0201511825275342,1.2008405328434297,1.0423484092629212,1.0777177742403972,-0.022197226735386932,0.15849212358050857,-0.1806893503158955,0.12312275860303257
epoch3_on_gap_drift_rank_01,epoch2_off,13,158489515,158489473,1,1.0261778313639376,0.8754990733407028,1.0317311606913657,1.0248664132553147,-0.005553329327428136,-0.15623208735066296,0.15067875802323483,-0.14936733991461193
epoch3_on_gap_drift_rank_01,epoch2_off,14,158489515,158489481,1,1.0790028893456718,0.8864553453941131,1.0353187983753545,1.0406629566634766,0.043684090970317335,-0.14886345298124137,0.1925475439515587,-0.15420761126936355
epoch3_on_gap_drift_rank_01,epoch2_off,15,158489515,158489489,1,0.894361240803751,1.075705838331545,1.0346418211817165,1.033146396571285,-0.14028058037796554,0.041064017149828436,-0.18134459752779397,0.04255944176025994
epoch3_on_gap_drift_rank_01,epoch3_on,0,158489515,158489515,1,1.2868139249209178,1.2868139249209178,1.0410579598003749,1.0410579598003749,0.24575596512054299,0.24575596512054299,0.0,0.24575596512054299
epoch3_on_gap_drift_rank_01,epoch3_on,1,158489515,158489523,1,1.1547797295872346,1.5162127753888992,1.055138839688215,1.0568352941199457,0.09964088989901954,0.4610739357006841,-0.3614330458016646,0.4593774812689535
epoch3_on_gap_drift_rank_01,epoch3_on,2,158489515,158489531,1,1.1337132710792117,1.1657097203776947,1.0271701053554176,1.0206121298390736,0.10654316572379408,0.13853961502227707,-0.031996449298483,0.14509759053862115
epoch3_on_gap_drift_rank_01,epoch3_on,3,158489515,158489539,1,0.879824576364228,1.0422513564574012,1.0300736052704909,1.0337829534569538,-0.1502490289062629,0.012177751186910335,-0.16242678009317324,0.008468403000447378
epoch3_on_gap_drift_rank_01,epoch3_on,4,158489515,158489546,1,1.2561257597638325,1.2255132130999538,1.0382406374232094,1.0500021495836647,0.21788512234062307,0.18727257567674438,0.030612546663878692,0.1755110635162891
epoch3_on_gap_drift_rank_01,epoch3_on,5,158489515,158489554,1,1.0175876542914641,1.3348382756682822,1.0434494263474168,1.0403529721852969,-0.025861772055952637,0.2913888493208654,-0.31725062137681803,0.2944853034829853
epoch3_on_gap_drift_rank_01,epoch3_on,6,158489515,158489562,1,1.0778880344686324,0.9875761703552246,1.037523770644087,1.035787694171732,0.04036426382454539,-0.04994760028886236,0.09031186411340775,-0.04821152381650751
epoch3_on_gap_drift_rank_01,epoch3_on,7,158489515,158489570,1,1.1006389487471018,1.16433138321976,1.0143919266416948,1.01779704689653,0.08624702210540702,0.14993945657806518,-0.06369243447265815,0.14653433632322987
epoch3_on_gap_drift_rank_01,epoch3_on,8,158489515,158489578,1,1.2755053748197258,1.3950041914552893,1.0496477049121746,1.0407334340532326,0.22585766990755118,0.3453564865431147,-0.1194988166355635,0.3542707574020567
epoch3_on_gap_drift_rank_01,epoch3_on,9,158489515,158489586,1,0.9158501072259421,1.063709027535872,1.0317568757609448,1.0355489952599646,-0.1159067685350027,0.03195215177492727,-0.14785892030992998,0.028160032275907465
epoch3_on_gap_drift_rank_01,epoch3_on,10,158489515,158489594,1,1.1792638000249562,1.1495564534439737,1.0260813012763488,1.0246556832992884,0.15318249874860745,0.12347515216762495,0.029707346580982508,0.12490077014468537
epoch3_on_gap_drift_rank_01,epoch3_on,11,158489515,158489601,1,1.0422150335945628,1.1252318095818838,1.0280258256614818,1.0338879593424326,0.014189207933080983,0.09720598392040203,-0.08301677598732105,0.09134385023945124
epoch3_on_gap_drift_rank_01,epoch3_on,12,158489515,158489609,1,1.207689944886424,1.180010421428753,1.0296722467178694,1.03968849188622,0.17801769816855462,0.15033817471088362,0.027679523457670996,0.14032192954253309
epoch3_on_gap_drift_rank_01,epoch3_on,13,158489515,158489617,1,1.060859775453645,1.0820966389519309,1.061974544822343,1.0190829708732472,-0.001114769368697921,0.020122094129587875,-0.021236863498285796,0.0630136680786837
epoch3_on_gap_drift_rank_01,epoch3_on,14,158489515,158489625,1,0.8357875550565511,1.1429326935899247,1.0360038782709493,1.0282521825844688,-0.2002163232143982,0.10692881531897536,-0.30714513853337355,0.11468051100545584
epoch3_on_gap_drift_rank_01,epoch3_on,15,158489515,158489633,1,1.032018147214287,1.3252459065569757,1.0269236174307945,1.0525626875458318,0.005094529783492563,0.2983222891261812,-0.29322775934268863,0.2726832190111439
epoch3_on_gap_drift_rank_01,epoch3_off,0,158489515,158489659,1,1.1134291163454957,0.9478526991915824,1.0307243864431415,1.0214068895865385,0.08270472990235422,-0.08287168725155902,0.16557641715391325,-0.07355419039495603
epoch3_on_gap_drift_rank_01,epoch3_off,1,158489515,158489667,1,0.9829702716455453,1.1512760506433861,1.0170584212880853,1.041763525673043,-0.03408814964254003,0.1342176293553008,-0.16830577899784083,0.10951252497034303
epoch3_on_gap_drift_rank_01,epoch3_off,2,158489515,158489674,1,1.0689921278319965,1.1542873826405484,1.037774972753894,1.0379226141572446,0.03121715507810241,0.11651240988665434,-0.08529525480855193,0.1163647684833038
epoch3_on_gap_drift_rank_01,epoch3_off,3,158489515,158489682,1,1.094770602964256,0.9551835043527765,1.0367556007685397,1.0293364355363992,0.058015002195716425,-0.08157209641576313,0.13958709861147955,-0.07415293118362265
epoch3_on_gap_drift_rank_01,epoch3_off,4,158489515,158489690,1,0.9637037016768806,1.122534445642297,1.0363882871395727,1.0266771476587282,-0.07268458546269208,0.08614615850272433,-0.1588307439654164,0.09585729798356879
epoch3_on_gap_drift_rank_01,epoch3_off,5,158489515,158489698,1,1.0336208639799052,1.1314043299323848,1.0446960940468757,1.0368705290747573,-0.011075230066970532,0.08670823588550913,-0.09778346595247966,0.09453380085762753
epoch3_on_gap_drift_rank_01,epoch3_off,6,158489515,158489706,1,1.17047903832304,0.9530595055386394,1.0424570555808579,1.0220471078843365,0.12802198274218202,-0.0893975500422185,0.21741953278440052,-0.06898760234569712
epoch3_on_gap_drift_rank_01,epoch3_off,7,158489515,158489714,1,0.9948659875093256,1.1852726022889797,1.0129580158267335,1.0462349771460406,-0.01809202831740786,0.17231458646224618,-0.19040661477965404,0.13903762514293905
epoch3_on_gap_drift_rank_01,epoch3_off,8,158489515,158489722,1,1.0178042793295081,1.1646232635057903,1.037793715116114,1.0349449964548612,-0.019989435786605947,0.1268295483896762,-0.14681898417628214,0.1296782670509291
epoch3_on_gap_drift_rank_01,epoch3_off,9,158489515,158489729,1,1.0190443307692278,1.1776241276799617,1.051916387714259,1.0359960456433663,-0.03287205694503115,0.12570773996570273,-0.15857979691073387,0.14162808203659538
epoch3_on_gap_drift_rank_01,epoch3_off,10,158489515,158489737,1,0.8075267089767914,1.130459761660226,1.0421414556725956,1.0516203873369578,-0.2346147466958043,0.08831830598763046,-0.32293305268343475,0.07883937432326826
epoch3_on_gap_drift_rank_01,epoch3_off,11,158489515,158489745,1,1.1631533578974844,1.0241710312880759,1.0250881956174185,1.0426952261376,0.13806516228006593,-0.0009171643293426346,0.13898232660940857,-0.018524194849524056
epoch3_on_gap_drift_rank_01,epoch3_off,12,158489515,158489753,1,1.1918822437400565,0.8623283313877318,1.0394058872919703,1.0337598763915654,0.15247635644808621,-0.17707755590423846,0.3295539123523247,-0.17143154500383362
epoch3_on_gap_drift_rank_01,epoch3_off,13,158489515,158489761,1,0.92485529658436,1.1621264268797753,1.0286162943398822,1.0383598603687567,-0.10376099775552217,0.13351013253989308,-0.23727113029541524,0.12376656651101858
epoch3_on_gap_drift_rank_01,epoch3_off,14,158489515,158489769,1,1.0791384396294121,0.9481993762467674,1.0448721942555061,1.0230343343638266,0.03426624537390599,-0.09667281800873873,0.13093906338264472,-0.0748349581170592
epoch3_on_gap_drift_rank_01,epoch3_off,15,158489515,158489777,1,0.9962405320572728,1.1999654741412507,1.0155203101551296,1.008495878491873,-0.019279778097856748,0.1844451639861211,-0.20372494208397784,0.1914695956493777
epoch3_on_gap_drift_rank_02,epoch1_on,0,158490607,158491316,1,1.0330879190173972,1.0976009121114683,1.027515216522783,1.0314206909383064,0.005572702494614168,0.07008569558868527,-0.0645129930940711,0.06618022117316191
epoch3_on_gap_drift_rank_02,epoch1_on,1,158490607,158491306,1,1.29990140375851,1.163187082132769,1.0343648097566125,1.0402985399736688,0.26553659400189744,0.1288222723761565,0.13671432162574093,0.12288854215910017
epoch3_on_gap_drift_rank_02,epoch1_on,2,158490607,158491296,1,0.9248248579032124,0.82577115183654,1.0517136250691217,1.05220294231153,-0.12688876716590924,-0.22594247323258165,0.09905370606667241,-0.22643179047498996
epoch3_on_gap_drift_rank_02,epoch1_on,3,158490607,158491287,1,0.9928089333935641,1.0017783270133018,1.0505896755574966,1.0272158527165516,-0.057780742163932475,-0.04881134854419478,-0.008969393619737698,-0.025437525703249753
epoch3_on_gap_drift_rank_02,epoch1_on,4,158490607,158491277,1,1.2135739094050975,1.0421248008326258,1.0128227871812319,1.0377392854787062,0.2007511222238656,0.029302013651393954,0.17144910857247164,0.004385515353919622
epoch3_on_gap_drift_rank_02,epoch1_on,5,158490607,158491267,1,1.050558901833671,0.8617696630533477,1.0316645555179043,1.0237328016649707,0.018894346315766697,-0.16989489246455658,0.18878923878032328,-0.16196313861162304
epoch3_on_gap_drift_rank_02,epoch1_on,6,158490607,158491258,1,0.9035211220832855,0.9904013261590445,1.0436680046940134,1.031877200318751,-0.14014688261072794,-0.053266678534968914,-0.08688020407575903,-0.04147587415970655
epoch3_on_gap_drift_rank_02,epoch1_on,7,158490607,158491248,1,1.0730531058371127,1.0710282259039092,1.030351936386971,1.0438837103053835,0.042701169450141574,0.040676289516938136,0.0020248799332034384,0.02714451559852571
epoch3_on_gap_drift_rank_02,epoch1_on,8,158490607,158491238,1,0.9829564722691768,1.071693013918542,1.041715933575499,1.0258530133954116,-0.05875946130632226,0.029977080343043028,-0.08873654164936529,0.04584000052313053
epoch3_on_gap_drift_rank_02,epoch1_on,9,158490607,158491229,1,0.8713955211959933,1.0699784322636776,1.0287113085524595,1.068395155766912,-0.15731578735646623,0.0412671237112181,-0.19858291106768433,0.0015832764967655955
epoch3_on_gap_drift_rank_02,epoch1_on,10,158490607,158491219,1,1.3070122138098,0.9458411477240976,1.0109874639624872,1.041734475254903,0.29602474984731275,-0.06514631623838962,0.3611710660857024,-0.09589332753080537
epoch3_on_gap_drift_rank_02,epoch1_on,11,158490607,158491209,1,1.0222738376181908,1.211620074974716,1.03085619280885,1.02113757597778,-0.008582355190659197,0.18076388216586592,-0.18934623735652512,0.1904824989969358
epoch3_on_gap_drift_rank_02,epoch1_on,12,158490607,158491200,1,0.9190801063478833,1.0676390087002585,1.0368341481086807,1.0594254020444476,-0.1177540417607974,0.030804860591577832,-0.14855890235237523,0.008213606655810946
epoch3_on_gap_drift_rank_02,epoch1_on,13,158490607,158491190,1,1.175273623365915,0.9238311764994811,1.017187906594446,1.053201789198448,0.15808571677146888,-0.09335673009496492,0.2514424468664338,-0.12937061269896688
epoch3_on_gap_drift_rank_02,epoch1_on,14,158490607,158491180,1,1.068440388895672,1.1587747344476662,1.0407206687825106,1.0380901843082384,0.027719720113161372,0.11805406566515564,-0.09033434555199427,0.1206845501394278
epoch3_on_gap_drift_rank_02,epoch1_on,15,158490607,158491171,1,1.2397145773193141,0.884548474239093,1.0304309889274197,1.0150075025423957,0.20928358839189443,-0.1458825146883267,0.3551661030802211,-0.1304590283033027
epoch3_on_gap_drift_rank_02,epoch1_off,0,158490607,158491139,1,1.071850296854266,1.0278252444057656,1.0438018972277268,1.059789265159103,0.028048399626539267,-0.015976652821961146,0.04402505244850041,-0.031964020753337374
epoch3_on_gap_drift_rank_02,epoch1_off,1,158490607,158491129,1,0.96082747175048,0.9952682062229663,1.0160223206600092,1.0083045608254064,-0.05519484890952919,-0.020754114437042892,-0.0344407344724863,-0.013036354602440126
epoch3_on_gap_drift_rank_02,epoch1_off,2,158490607,158491119,1,1.2097141162891165,0.9676201998743262,1.0428271679935786,1.0251332232218942,0.16688694829553796,-0.07520696811925232,0.24209391641479028,-0.057513023347567915
epoch3_on_gap_drift_rank_02,epoch1_off,3,158490607,158491110,1,0.9785061398915607,1.0597129441995126,1.0301298392450589,1.0199906681950783,-0.0516236993534982,0.02958310495445371,-0.08120680430795191,0.03972227600443423
epoch3_on_gap_drift_rank_02,epoch1_off,4,158490607,158491100,1,0.9744495385211726,1.2119621754981458,1.0441928834831438,1.0502949391853669,-0.06974334496197121,0.16776929201500201,-0.23751263697697322,0.1616672363127789
epoch3_on_gap_drift_rank_02,epoch1_off,5,158490607,158491090,1,1.0189990885805222,1.2064567451698813,1.0447703815560654,1.0230415707535385,-0.025771292975543147,0.16168636361381594,-0.1874576565893591,0.1834151744163428
epoch3_on_gap_drift_rank_02,epoch1_off,6,158490607,158491081,1,1.0096440866576148,1.0479466638173445,1.0584948998871564,1.045887463938267,-0.048850813229541545,-0.010548236069811923,-0.03830257715972962,0.0020591998790775445
epoch3_on_gap_drift_rank_02,epoch1_off,7,158490607,158491071,1,1.2177817737733605,1.0190178388822422,1.0588796808198528,1.0408093916641237,0.15890209295350766,-0.039861841937610665,0.19876393489111832,-0.021791552781881496
epoch3_on_gap_drift_rank_02,epoch1_off,8,158490607,158491061,1,1.1755884033834696,1.0887495376774587,1.0430537540067952,1.0539116731478888,0.13253464937667436,0.045695783670663515,0.08683886570601085,0.03483786452956994
epoch3_on_gap_drift_rank_02,epoch1_off,9,158490607,158491052,1,0.9324081393879097,1.143152895282163,1.0112912470169295,1.043255256602328,-0.07888310762901984,0.1318616482652335,-0.21074475589425334,0.09989763867983492
epoch3_on_gap_drift_rank_02,epoch1_off,10,158490607,158491042,1,0.9670219738002778,0.9854510496286267,1.0300751402865385,1.0271440427681398,-0.06305316648626069,-0.04462409065791173,-0.018429075828348962,-0.041692993139513024
epoch3_on_gap_drift_rank_02,epoch1_off,11,158490607,158491032,1,1.0999316933599506,0.8994268500030733,1.0260386976026439,1.0506678236401854,0.07389299575730668,-0.12661184759957056,0.20050484335687724,-0.15124097363711209
epoch3_on_gap_drift_rank_02,epoch1_off,12,158490607,158491023,1,0.9571848501224588,0.8327101756474379,1.0292093805901952,1.027944454389107,-0.07202453046773638,-0.1964992049427573,0.12447467447502092,-0.1952342787416691
epoch3_on_gap_drift_rank_02,epoch1_off,13,158490607,158491013,1,1.0212350440867777,1.086008558559736,1.0367958271139566,1.0291191009591127,-0.015560783027178893,0.049212731445779534,-0.06477351447295843,0.05688945760062336
epoch3_on_gap_drift_rank_02,epoch1_off,14,158490607,158491003,1,0.927787165785418,1.0562060719672928,1.0376243008634165,1.015870925224994,-0.10983713507799853,0.018581771103876266,-0.1284189061818748,0.040335146742298766
epoch3_on_gap_drift_rank_02,epoch1_off,15,158490607,158490994,1,1.0737017626411447,0.9650566584053135,1.0328239549403615,1.0646508598148001,0.0408778077007832,-0.06776729653504798,0.10864510423583118,-0.0995942014094866
epoch3_on_gap_drift_rank_02,epoch2_on,0,158490607,158490961,1,0.977109605825173,0.935557151290164,1.0340265546757967,1.0454520899554487,-0.056916948850623705,-0.0984694033856327,0.041552454535009,-0.10989493866528466
epoch3_on_gap_drift_rank_02,epoch2_on,1,158490607,158490952,1,0.9987634404177996,1.1063792602821425,1.0388284868217648,1.0365838510046932,-0.04006504640396513,0.06755077346037774,-0.10761581986434288,0.06979540927744932
epoch3_on_gap_drift_rank_02,epoch2_on,2,158490607,158490942,1,0.9171716708826927,1.0605937361532982,1.0579918011578,1.0309201425583336,-0.1408201302751073,0.002601934995498212,-0.14342206527060553,0.029673593594964576
epoch3_on_gap_drift_rank_02,epoch2_on,3,158490607,158490932,1,1.0486467045267283,1.0851391716341097,1.0394317513932205,1.0132107624527138,0.00921495313350773,0.04570742024088914,-0.03649246710738141,0.07192840918139587
epoch3_on_gap_drift_rank_02,epoch2_on,4,158490607,158490923,1,1.0871781402095528,1.0138059153021106,1.0220994652852606,1.0116131468891008,0.0650786749242922,-0.008293549983150017,0.07337222490744222,0.00219276841300986
epoch3_on_gap_drift_rank_02,epoch2_on,5,158490607,158490913,1,1.0037096787598572,1.0146716486601186,1.043782754230487,1.0138663796215637,-0.04007307547062977,-0.029111105570368334,-0.010961969900261437,0.0008052690385549344
epoch3_on_gap_drift_rank_02,epoch2_on,6,158490607,158490903,1,0.9633107371301415,1.1437463952621436,1.0363336409897315,1.022800569359715,-0.07302290385958998,0.10741275427241215,-0.18043565813200213,0.12094582590242853
epoch3_on_gap_drift_rank_02,epoch2_on,7,158490607,158490894,1,1.1117816578329907,0.9592839694181857,1.0255431874894212,1.0330270076965506,0.08623847034356946,-0.06625921807123547,0.15249768841480493,-0.07374303827836493
epoch3_on_gap_drift_rank_02,epoch2_on,8,158490607,158490884,1,1.2305128037909974,0.9110732512058588,1.0213903926772971,1.0225400213628495,0.20912241111370022,-0.11031714147143834,0.31943955258513856,-0.11146677015699069
epoch3_on_gap_drift_rank_02,epoch2_on,9,158490607,158490874,1,0.9639780030784091,1.0782111316242586,1.0271454450950217,1.0536458429264193,-0.06316744201661262,0.05106568652923693,-0.11423312854584955,0.02456528869783936
epoch3_on_gap_drift_rank_02,epoch2_on,10,158490607,158490865,1,1.0030321611165973,0.9956368750088763,1.0301043116063306,1.0347902425689806,-0.027072150489733326,-0.034467436597454326,0.007395286107721,-0.039153367560104235
epoch3_on_gap_drift_rank_02,epoch2_on,11,158490607,158490855,1,1.081900115867722,1.1216635860773012,1.0301190539538752,1.0570798190877595,0.05178106191384679,0.09154453212342606,-0.039763470209579266,0.06458376698954171
epoch3_on_gap_drift_rank_02,epoch2_on,12,158490607,158490845,1,0.9991570610158443,0.9806932179282214,1.0285981395286292,1.0146013573582802,-0.02944107851278488,-0.047904921600407824,0.018463843087622944,-0.03390813943005877
epoch3_on_gap_drift_rank_02,epoch2_on,13,158490607,158490836,1,1.1833830280254518,1.0786717226846514,1.017991233503139,1.0153394074439357,0.1653917945223129,0.060680489181512476,0.10471130534080042,0.0633323152407157
epoch3_on_gap_drift_rank_02,epoch2_on,14,158490607,158490826,1,0.8992240277350992,0.9876502317331578,1.03519764424631,1.046428310443075,-0.13597361651121076,-0.0475474125131522,-0.08842620399805856,-0.058778078709917136
epoch3_on_gap_drift_rank_02,epoch2_on,15,158490607,158490816,1,1.0314621869428406,0.832920531288548,1.0395595407518174,1.0309193490414383,-0.008097353808976804,-0.2066390094632694,0.1985416556542926,-0.1979988177528903
epoch3_on_gap_drift_rank_02,epoch2_off,0,158490607,158490784,1,1.1346742680823017,1.2993754697896271,1.0276228131868765,1.0228295049386156,0.10705145489542511,0.2717526566027506,-0.1647012017073255,0.27654596485101157
epoch3_on_gap_drift_rank_02,epoch2_off,1,158490607,158490775,1,1.0062931229035175,1.152924814055092,1.0344072729591667,1.0157355188260522,-0.028114150055649212,0.11851754109592538,-0.1466316911515746,0.1371892952290399
epoch3_on_gap_drift_rank_02,epoch2_off,2,158490607,158490765,1,1.0896586612962706,1.1623595094478294,1.0237868114043687,1.0413413714468644,0.06587184989190198,0.13857269804346073,-0.07270084815155875,0.12101813800096495
epoch3_on_gap_drift_rank_02,epoch2_off,3,158490607,158490755,1,1.2787615697060006,0.9078841434005843,1.0344647855651377,1.0411584276897003,0.24429678414086298,-0.12658064216455334,0.3708774263054163,-0.13327428428911603
epoch3_on_gap_drift_rank_02,epoch2_off,4,158490607,158490746,1,1.0702252926551754,0.9533081829178509,1.05320690651522,1.0422303989186736,0.01701838613995532,-0.09989872359736918,0.1169171097373245,-0.08892221600082273
epoch3_on_gap_drift_rank_02,epoch2_off,5,158490607,158490736,1,1.3128896882729135,1.331990451840664,1.0244385606224318,1.0361816487766142,0.28845112765048175,0.30755189121823223,-0.01910076356775048,0.2958088030640498
epoch3_on_gap_drift_rank_02,epoch2_off,6,158490607,158490726,1,0.8196132588398809,1.1690660021918176,1.0431110597840867,1.045693057640263,-0.2234978009442058,0.12595494240773086,-0.34945274335193666,0.12337294455155456
epoch3_on_gap_drift_rank_02,epoch2_off,7,158490607,158490717,1,1.0316810575828195,0.8135555772628492,1.037377898913443,1.0277273437515762,-0.005696841330623537,-0.2238223216505938,0.21812548031997026,-0.21417176648872693
epoch3_on_gap_drift_rank_02,epoch2_off,8,158490607,158490707,1,1.0403374977671496,1.16260389741915,1.0297831359541298,1.0141010837027016,0.01055436181301972,0.1328207614650201,-0.12226639965200037,0.14850281371644836
epoch3_on_gap_drift_rank_02,epoch2_off,9,158490607,158490697,1,0.9833098413283233,0.9050447902792997,1.043074303307559,1.0087052437568569,-0.05976446197923557,-0.13802951302825917,0.07826505104902359,-0.10366045347755715
epoch3_on_gap_drift_rank_02,epoch2_off,10,158490607,158490688,1,1.0490376974414628,1.1238996602642481,1.04183253563476,1.0338035836289443,0.007205161806702831,0.08206712462948818,-0.07486196282278534,0.09009607663530383
epoch3_on_gap_drift_rank_02,epoch2_off,11,158490607,158490678,1,0.9978885790349812,1.0231936620779771,1.0264393801333185,1.0393285930047762,-0.028550801098337297,-0.003245718055341351,-0.025305083042995946,-0.016134930926799074
epoch3_on_gap_drift_rank_02,epoch2_off,12,158490607,158490668,1,1.0647783480954967,0.9783619550271953,1.0218971437349567,1.0222419011879484,0.04288120436053999,-0.04353518870776141,0.0864163930683014,-0.04387994616075319
epoch3_on_gap_drift_rank_02,epoch2_off,13,158490607,158490659,1,1.1043613963425096,0.976733239374755,1.0285495803853766,1.0421045350551936,0.07581181595713304,-0.0518163410106216,0.12762815696775465,-0.06537129568043865
epoch3_on_gap_drift_rank_02,epoch2_off,14,158490607,158490649,1,0.951925232197778,0.9783390617198446,1.0413739156453348,1.0583831499386536,-0.08944868344755674,-0.06303485392549013,-0.026413829522066612,-0.08004408821880893
epoch3_on_gap_drift_rank_02,epoch2_off,15,158490607,158490639,1,1.027329347271521,0.9813144883948901,1.039812455670132,1.0422587738612599,-0.012483108398610998,-0.058497967275241924,0.046014858876630926,-0.06094428546636976
epoch3_on_gap_drift_rank_02,epoch3_on,0,158490607,158490607,1,1.2550055341022408,1.2550055341022408,1.0358421934606798,1.0358421934606798,0.21916334064156096,0.21916334064156096,0.0,0.21916334064156096
epoch3_on_gap_drift_rank_02,epoch3_on,1,158490607,158490597,1,1.114554083627707,1.1951332918712498,1.0354625539614428,1.0294856571867252,0.0790915296662642,0.15967073790980701,-0.08057920824354281,0.1656476346845246
epoch3_on_gap_drift_rank_02,epoch3_on,2,158490607,158490588,1,1.0039093161153152,1.4111440137978009,1.0053271599150715,1.0183938535647066,-0.001417843799756291,0.40581685388272937,-0.40723469768248566,0.3927501602330943
epoch3_on_gap_drift_rank_02,epoch3_on,3,158490607,158490578,1,0.896940689143717,1.1909169735687541,1.018784541278463,1.0171854036630072,-0.12184385213474602,0.17213243229029107,-0.2939762844250371,0.1737315699057469
epoch3_on_gap_drift_rank_02,epoch3_on,4,158490607,158490568,1,1.1640231347313443,1.0862889783028842,1.0202296992993007,1.0129290292154476,0.1437934354320436,0.06605927900358344,0.07773415642846015,0.0733599490874366
epoch3_on_gap_drift_rank_02,epoch3_on,5,158490607,158490559,1,0.9340744019784243,1.2805338927847507,1.0316912899631983,1.0395981832558636,-0.09761688798477397,0.24884260282155246,-0.34645949080632643,0.2409357095288871
epoch3_on_gap_drift_rank_02,epoch3_on,6,158490607,158490549,1,0.7583231911054843,1.3517820824988722,1.0384961030265514,1.0275229984787306,-0.2801729119210671,0.31328597947232084,-0.5934588913933879,0.3242590840201416
epoch3_on_gap_drift_rank_02,epoch3_on,7,158490607,158490539,1,0.9698861039478579,1.1911448268648084,1.0546417555888012,1.0423575948070176,-0.08475565164094334,0.13650307127600714,-0.22125872291695048,0.14878723205779076
epoch3_on_gap_drift_rank_02,epoch3_on,8,158490607,158490530,1,1.0856782408632362,1.0620502663505647,1.0346191946196281,1.0434663253880212,0.05105904624360802,0.027431071730936507,0.023627974512671512,0.018583940962543455
epoch3_on_gap_drift_rank_02,epoch3_on,9,158490607,158490520,1,0.9335729361774414,1.1683234948440098,1.0258543032502319,1.0377528850435247,-0.09228136707279044,0.1424691915937779,-0.23475055866656835,0.13057060980048507
epoch3_on_gap_drift_rank_02,epoch3_on,10,158490607,158490510,1,0.8645152215768026,1.2988400532487474,1.0405278084960403,1.0122373621077467,-0.1760125869192377,0.2583122447527071,-0.4343248316719448,0.2866026911410007
epoch3_on_gap_drift_rank_02,epoch3_on,11,158490607,158490501,1,0.9927616281833566,1.179088343496119,1.0340489024933914,1.0413303509413758,-0.04128727431003487,0.1450394410027276,-0.18632671531276246,0.1377579925547432
epoch3_on_gap_drift_rank_02,epoch3_on,12,158490607,158490491,1,1.1169755161639752,1.1283106133578196,1.0375432296907678,1.0387068363398742,0.07943228647320733,0.09076738366705173,-0.011335097193844401,0.08960377701794542
epoch3_on_gap_drift_rank_02,epoch3_on,13,158490607,158490481,1,1.087936714462402,1.0470200583492375,1.0463566549862984,1.0156580931362762,0.04158005947610355,0.00066340336293913,0.04091665611316442,0.03136196521296131
epoch3_on_gap_drift_rank_02,epoch3_on,14,158490607,158490472,1,0.9856414206102585,1.1146318537315512,1.0158711180699975,1.0309437819841891,-0.030229697459739024,0.09876073566155363,-0.12899043312129266,0.08368807174736204
epoch3_on_gap_drift_rank_02,epoch3_on,15,158490607,158490462,1,0.9264076595486608,1.222220099207119,1.0453104208558628,1.0343164161273357,-0.11890276130720201,0.17690967835125626,-0.29581243965845827,0.18790368307978333
epoch3_on_gap_drift_rank_02,epoch3_off,0,158490607,158490430,1,0.9462538692349393,1.0174775617269918,1.0476920540418075,1.0107751654493264,-0.10143818480686828,-0.030214492314815766,-0.07122369249205251,0.0067023962776653345
epoch3_on_gap_drift_rank_02,epoch3_off,1,158490607,158490421,1,1.1506778306604937,1.0266732898164772,1.0209578919311433,1.0370719216227604,0.1297199387293504,0.005715397885333928,0.12400454084401646,-0.010398631806283198
epoch3_on_gap_drift_rank_02,epoch3_off,2,158490607,158490411,1,1.0271188120346202,1.1879013095190192,1.0522981987813904,1.0463892544926288,-0.025179386746770227,0.13560311073762876,-0.160782497484399,0.14151205502639042
epoch3_on_gap_drift_rank_02,epoch3_off,3,158490607,158490401,1,1.1057896626145918,1.1131521453072193,1.0455397023769701,1.018387008856533,0.060249960237621636,0.06761244293024915,-0.007362482692627514,0.0947651364506863
epoch3_on_gap_drift_rank_02,epoch3_off,4,158490607,158490392,1,0.8944434194510222,0.9797941874012847,1.0372842986035158,1.045126996685015,-0.14284087915249355,-0.05749011120223113,-0.08535076795026242,-0.06533280928373031
epoch3_on_gap_drift_rank_02,epoch3_off,5,158490607,158490382,1,1.006115690299681,1.0638701285401566,1.024531574654607,1.0192416458255251,-0.018415884354926026,0.03933855388554952,-0.05775443824047555,0.04462848271463149
epoch3_on_gap_drift_rank_02,epoch3_off,6,158490607,158490372,1,0.9575085487935628,1.0178117275220844,1.0169337767386128,1.0527670874018553,-0.05942522794505001,0.0008779507834715261,-0.060303178728521534,-0.03495535987977094
epoch3_on_gap_drift_rank_02,epoch3_off,7,158490607,158490363,1,1.1633668133794213,1.066107920208243,1.0417698054074132,1.0558119427005788,0.12159700797200812,0.024338114800829924,0.0972588931711782,0.010295977507664311
epoch3_on_gap_drift_rank_02,epoch3_off,8,158490607,158490353,1,0.8626860642661105,1.1349875485733674,1.0481051895685773,1.0354567127894003,-0.18541912530246685,0.08688235900479002,-0.27230148430725687,0.09953083578396704
epoch3_on_gap_drift_rank_02,epoch3_off,9,158490607,158490343,1,0.8804262346701179,1.0578137479242433,1.0397510278835882,1.0437784949835525,-0.15932479321347026,0.018062720040655122,-0.17738751325412538,0.014035252940690857
epoch3_on_gap_drift_rank_02,epoch3_off,10,158490607,158490334,1,1.1644930316398998,1.020629407910385,1.0447841026274607,1.0162686417351203,0.11970892901243912,-0.024154694717075653,0.14386362372951478,0.0043607661752647076
epoch3_on_gap_drift_rank_02,epoch3_off,11,158490607,158490324,1,1.050240122863157,0.9600401392438729,1.0160323660620123,1.0460618396686163,0.03420775680114474,-0.05599222681813942,0.09019998361928416,-0.08602170042474344
epoch3_on_gap_drift_rank_02,epoch3_off,12,158490607,158490314,1,1.0550703347311619,1.0148551297578554,1.0444228232731279,1.0105599463654853,0.010647511458033998,-0.029567693515272442,0.04021520497330644,0.004295183392370117
epoch3_on_gap_drift_rank_02,epoch3_off,13,158490607,158490305,1,1.1220555823196632,1.133748537974041,1.0494281358997477,1.014640389581341,0.07262744641991548,0.08432040207429337,-0.01169295565437789,0.11910814839270012
epoch3_on_gap_drift_rank_02,epoch3_off,14,158490607,158490295,1,1.0040077818104567,0.8905501807559036,1.038592985261142,1.0065598362298565,-0.034585203450685276,-0.14804280450523832,0.11345760105455305,-0.11600965547395281
epoch3_on_gap_drift_rank_02,epoch3_off,15,158490607,158490286,1,1.035834953386188,0.9905486437347665,1.0428467012844556,1.0481146266315875,-0.0070117478982676396,-0.05229805754968908,0.04528630965142144,-0.05756598289682102
epoch3_on_gap_drift_rank_03,epoch1_on,0,159145372,159145172,1,0.5290915435457274,0.5946864194868836,0.641838684676437,0.6345847215179581,-0.1127471411307096,-0.0471522651895534,-0.0655948759411562,-0.03989830203107447
epoch3_on_gap_drift_rank_03,epoch1_on,1,159145372,159145174,1,0.6645437044046348,0.7561886263253469,0.616777511396327,0.6479432907753153,0.04776619300830787,0.13941111492901992,-0.09164492192071205,0.10824533555003157
epoch3_on_gap_drift_rank_03,epoch1_on,2,159145372,159145177,1,0.5807921268637091,0.7767683645195177,0.6346593089954369,0.6312599620448782,-0.05386718213172781,0.14210905552408082,-0.19597623765580863,0.14550840247463948
epoch3_on_gap_drift_rank_03,epoch1_on,3,159145372,159145180,1,0.6951311720198741,0.597645254250556,0.6507011360126367,0.6372693089471367,0.04443003600723738,-0.05305588176208065,0.09748591776931803,-0.0396240546965807
epoch3_on_gap_drift_rank_03,epoch1_on,4,159145372,159145183,1,0.6826164112546196,0.6147218755376564,0.635906479137085,0.6321517488201978,0.0467099321175346,-0.02118460359942853,0.06789453571696313,-0.01742987328254131
epoch3_on_gap_drift_rank_03,epoch1_on,5,159145372,159145185,1,0.6083369795465712,0.5937769060514435,0.6409468528306537,0.6456386873319065,-0.03260987328408249,-0.04716994677921016,0.014560073495127668,-0.05186178128046304
epoch3_on_gap_drift_rank_03,epoch1_on,6,159145372,159145188,1,0.6758363408887188,0.5720354064357366,0.6344424140126534,0.6389655980289415,0.04139392687606536,-0.06240700757691686,0.10380093445298222,-0.0669301915932049
epoch3_on_gap_drift_rank_03,epoch1_on,7,159145372,159145191,1,0.5145343501238065,0.7102497935469053,0.6306382010276341,0.6418205380753594,-0.11610385090382758,0.07961159251927119,-0.19571544342309877,0.06842925547154588
epoch3_on_gap_drift_rank_03,epoch1_on,8,159145372,159145193,1,0.7645436503395444,0.6820944839153705,0.6271404049684324,0.6406977907543215,0.13740324537111204,0.054954078946938156,0.08244916642417388,0.04139669316104899
epoch3_on_gap_drift_rank_03,epoch1_on,9,159145372,159145196,1,0.6184329354317928,0.545153566787014,0.6489018055477264,0.6395142032402767,-0.030468870115933577,-0.10374823876071237,0.0732793686447788,-0.09436063645326276
epoch3_on_gap_drift_rank_03,epoch1_on,10,159145372,159145199,1,0.6445178928129556,0.6230456323113709,0.6417477560861149,0.6304908363566041,0.0027701367268406774,-0.018702123774744006,0.021472260501584683,-0.007445204045233189
epoch3_on_gap_drift_rank_03,epoch1_on,11,159145372,159145202,1,0.6289359080235593,0.7213639398869643,0.6360388824369645,0.6547462734420105,-0.007102974413405239,0.08532505744999985,-0.09242803186340509,0.06661766644495382
epoch3_on_gap_drift_rank_03,epoch1_on,12,159145372,159145204,1,0.8175364585825814,0.7253035062379786,0.6479495754395749,0.6466075285072352,0.16958688314300652,0.07735393079840369,0.09223295234460283,0.07869597773074333
epoch3_on_gap_drift_rank_03,epoch1_on,13,159145372,159145207,1,0.6800732013698673,0.6967885113195894,0.6452063070016021,0.622259618750921,0.03486689436826518,0.051582204317987324,-0.016715309949722146,0.07452889256866846
epoch3_on_gap_drift_rank_03,epoch1_on,14,159145372,159145210,1,0.766355405619805,0.674987317341976,0.6459115484986802,0.6350435062505754,0.12044385712112482,0.02907576884329588,0.09136808827782894,0.03994381109140066
epoch3_on_gap_drift_rank_03,epoch1_on,15,159145372,159145213,1,0.5999375697512964,0.6533480393575866,0.646276771445238,0.641677555802834,-0.04633920169394157,0.007071267912348578,-0.053410469606290145,0.011670483554752531
epoch3_on_gap_drift_rank_03,epoch1_off,0,159145372,159145222,1,0.8658161221888355,0.5917159790375872,0.6251088334970001,0.6400558557746273,0.24070728869183544,-0.03339285445941287,0.2741001431512483,-0.0483398767370401
epoch3_on_gap_drift_rank_03,epoch1_off,1,159145372,159145224,1,0.58840688302268,0.577461521659022,0.6537317614892536,0.6576432234289544,-0.06532487846657364,-0.07627023983023162,0.01094536136365798,-0.08018170176993245
epoch3_on_gap_drift_rank_03,epoch1_off,2,159145372,159145227,1,0.6413800720750784,0.6436043649250285,0.6361709288828155,0.6494007190796595,0.005209143192262955,0.007433436042213026,-0.0022242928499500714,-0.005796354154630978
epoch3_on_gap_drift_rank_03,epoch1_off,3,159145372,159145230,1,0.7462468000493174,0.6523393909091904,0.6347788093122404,0.6639328096950199,0.11146799073707703,0.017560581596949953,0.09390740914012707,-0.011593418785829535
epoch3_on_gap_drift_rank_03,epoch1_off,4,159145372,159145233,1,0.7817371456408322,0.6380268244389968,0.6463549196471599,0.6425341001948582,0.13538222599367233,-0.008328095208163022,0.14371032120183536,-0.004507275755861406
epoch3_on_gap_drift_rank_03,epoch1_off,5,159145372,159145235,1,0.6756755821819189,0.8141871279164575,0.665360401003684,0.6389062940159346,0.010315181178234933,0.14882672691277354,-0.1385115457345386,0.17528083390052296
epoch3_on_gap_drift_rank_03,epoch1_off,6,159145372,159145238,1,0.7388780663874679,0.7103041434181963,0.6469886009741554,0.6299650197932329,0.09188946541331244,0.0633155424440408,0.028573922969271637,0.08033912362496332
epoch3_on_gap_drift_rank_03,epoch1_off,7,159145372,159145241,1,0.6032415916927434,0.5814703927873441,0.6409626501465937,0.6386023519018623,-0.03772105845385032,-0.05949225735924957,0.021771198905399247,-0.05713195911451818
epoch3_on_gap_drift_rank_03,epoch1_off,8,159145372,159145244,1,0.6876750034478292,0.6792686344716045,0.6428894989050531,0.6521400309677743,0.04478550454277608,0.03637913556655137,0.00840636897622471,0.027128603503830173
epoch3_on_gap_drift_rank_03,epoch1_off,9,159145372,159145246,1,0.6729345917217178,0.6312740485968618,0.6300583980866692,0.6465049079672345,0.042876193635048576,0.0012156505101925674,0.04166054312485601,-0.015230859370372718
epoch3_on_gap_drift_rank_03,epoch1_off,10,159145372,159145249,1,0.8400120848971214,0.6424125754063844,0.6457184328809626,0.6547273497096199,0.19429365201615878,-0.003305857474578233,0.197599509490737,-0.012314774303235465
epoch3_on_gap_drift_rank_03,epoch1_off,11,159145372,159145252,1,0.5624436806625058,0.6950424351000368,0.6415042563130078,0.6366672029557695,-0.07906057565050195,0.053538178787029045,-0.132598754437531,0.05837523214426732
epoch3_on_gap_drift_rank_03,epoch1_off,12,159145372,159145254,1,0.5660739575178837,0.6631723418145977,0.6520131338409338,0.6491221681520245,-0.08593917632305015,0.011159207973663876,-0.09709838429671402,0.014050173662573218
epoch3_on_gap_drift_rank_03,epoch1_off,13,159145372,159145257,1,0.6332882619117951,0.7536243173934297,0.6424510052517247,0.6532777532342939,-0.009162743339929613,0.111173312141705,-0.12033605548163462,0.10034656415913579
epoch3_on_gap_drift_rank_03,epoch1_off,14,159145372,159145260,1,0.5839074259558875,0.516542676632502,0.6377547541811638,0.637814616784046,-0.05384732822527627,-0.12121207754866181,0.06736474932338554,-0.12127194015154408
epoch3_on_gap_drift_rank_03,epoch1_off,15,159145372,159145263,1,0.8272067546734593,0.7119729029889813,0.6290067851956674,0.6285697567115276,0.19819996947779184,0.08296611779331386,0.11523385168447797,0.08340314627745371
epoch3_on_gap_drift_rank_03,epoch2_on,0,159145372,159145272,1,0.5912516582709877,0.64848946692136,0.6440979270379709,0.6414773869287649,-0.05284626876698317,0.0043915398833891395,-0.05723780865037231,0.007012079992595122
epoch3_on_gap_drift_rank_03,epoch2_on,1,159145372,159145275,1,0.6390809516140388,0.6067401575173405,0.6493267496691122,0.6359118676673565,-0.010245798055073418,-0.04258659215177174,0.03234079409669832,-0.029171710150016072
epoch3_on_gap_drift_rank_03,epoch2_on,2,159145372,159145277,1,0.6343861475407542,0.48212432513043363,0.635561711561849,0.6405104458524842,-0.001175564021094866,-0.1534373864314154,0.15226182241032055,-0.15838612072205055
epoch3_on_gap_drift_rank_03,epoch2_on,3,159145372,159145280,1,0.5759289389088669,0.6179502086127462,0.6369167439131638,0.6479668290074753,-0.0609878050042969,-0.018966535300417586,-0.042021269703879316,-0.030016620394729077
epoch3_on_gap_drift_rank_03,epoch2_on,4,159145372,159145283,1,0.6062662854188569,0.6912492528640698,0.6381323557717364,0.6296477898227837,-0.03186607035287958,0.05311689709233336,-0.08498296744521294,0.06160146304128611
epoch3_on_gap_drift_rank_03,epoch2_on,5,159145372,159145285,1,0.5512084100163469,0.7538035683768343,0.6442031212908407,0.6583037704407955,-0.09299471127449377,0.10960044708599359,-0.20259515836048736,0.0954997979360388
epoch3_on_gap_drift_rank_03,epoch2_on,6,159145372,159145288,1,0.6441770100174591,0.721472163217841,0.6473186025574296,0.6512920526699417,-0.0031415925399704836,0.07415356066041145,-0.07729515320038194,0.0701801105478993
epoch3_on_gap_drift_rank_03,epoch2_on,7,159145372,159145291,1,0.6446678229100562,0.6149199846422235,0.6186143171834448,0.6408275315320294,0.02605350572661136,-0.0036943325412213124,0.02974783826783267,-0.0259075468898059
epoch3_on_gap_drift_rank_03,epoch2_on,8,159145372,159145294,1,0.6978986489232776,0.5565290845667462,0.6473228936009601,0.6449734506543141,0.050575755322317506,-0.09079380903421386,0.14136956435653136,-0.0884443660875679
epoch3_on_gap_drift_rank_03,epoch2_on,9,159145372,159145296,1,0.6917906566902492,0.6050795447256936,0.6360129116568713,0.6278938135682779,0.055777745033377846,-0.030933366931177764,0.08671111196455561,-0.022814268842584307
epoch3_on_gap_drift_rank_03,epoch2_on,10,159145372,159145299,1,0.8011083287328324,0.6439867078207906,0.6352979828112172,0.6314533995214784,0.16581034592161525,0.008688725009573406,0.15712162091204185,0.012533308299312207
epoch3_on_gap_drift_rank_03,epoch2_on,11,159145372,159145302,1,0.7298009459313527,0.6830325911225814,0.6499971176534726,0.644194797586237,0.07980382827788013,0.033035473469108845,0.046768354808771284,0.03883779353634442
epoch3_on_gap_drift_rank_03,epoch2_on,12,159145372,159145305,1,0.6462104856439586,0.5402450326296961,0.6402147369600185,0.6414047281480977,0.005995748683940039,-0.09996970433032237,0.10596545301426241,-0.10115969551840154
epoch3_on_gap_drift_rank_03,epoch2_on,13,159145372,159145307,1,0.7813403243813125,0.5630105369315822,0.6483767199933552,0.6519115070408625,0.1329636043879573,-0.08536618306177302,0.2183297874497303,-0.08890097010928033
epoch3_on_gap_drift_rank_03,epoch2_on,14,159145372,159145310,1,0.8136980291543556,0.5069856868637789,0.637276095355661,0.6545971209650159,0.17642193379869464,-0.13029040849188211,0.30671234229057676,-0.147611434101237
epoch3_on_gap_drift_rank_03,epoch2_on,15,159145372,159145313,1,0.587704878347269,0.7657779253281644,0.6399957908500712,0.643277157102764,-0.052290912502802156,0.12578213447809317,-0.17807304698089532,0.12250076822540035
epoch3_on_gap_drift_rank_03,epoch2_off,0,159145372,159145322,1,0.5687979175616985,0.5856197681070695,0.6364890235054597,0.6401390544620719,-0.06769110594376115,-0.050869255398390156,-0.016821850545370998,-0.05451928635500236
epoch3_on_gap_drift_rank_03,epoch2_off,1,159145372,159145325,1,0.6337288780344887,0.55581888612476,0.6525708728541539,0.6389437445842161,-0.018841994819665198,-0.09675198672939389,0.07790999190972869,-0.08312485845945605
epoch3_on_gap_drift_rank_03,epoch2_off,2,159145372,159145327,1,0.6333711379570032,0.5266922102255376,0.6458898755747822,0.6471397567015479,-0.012518737617778997,-0.11919766534924459,0.10667892773146559,-0.1204475464760103
epoch3_on_gap_drift_rank_03,epoch2_off,3,159145372,159145330,1,0.6694344084917371,0.7661812462940767,0.6509082003517499,0.6436996024594969,0.018526208139987177,0.11527304594232679,-0.09674683780233961,0.12248164383457982
epoch3_on_gap_drift_rank_03,epoch2_off,4,159145372,159145333,1,0.5826671085129966,0.5439396912408319,0.6361396125573597,0.6423778079960039,-0.0534725040443631,-0.09219992131652788,0.03872741727216478,-0.098438116755172
epoch3_on_gap_drift_rank_03,epoch2_off,5,159145372,159145336,1,0.5223454395302634,0.6010977847030999,0.6287748115069989,0.6244998348198242,-0.10642937197673552,-0.02767702680389894,-0.07875234517283658,-0.02340205011672425
epoch3_on_gap_drift_rank_03,epoch2_off,6,159145372,159145338,1,0.5960317616612949,0.6785294477065797,0.6499937594626957,0.653430521822383,-0.05396199780140076,0.028535688243884083,-0.08249768604528485,0.02509892588419671
epoch3_on_gap_drift_rank_03,epoch2_off,7,159145372,159145341,1,0.6158007072600723,0.6578267726292083,0.6435890295618414,0.6463902357787381,-0.027788322301769086,0.014237743067366915,-0.042026065369136,0.011436536850470191
epoch3_on_gap_drift_rank_03,epoch2_off,8,159145372,159145344,1,0.6181998819026927,0.7558593633197875,0.6389851509926856,0.6317478232471767,-0.020785269089992897,0.11687421232710193,-0.13765948141709483,0.12411154007261083
epoch3_on_gap_drift_rank_03,epoch2_off,9,159145372,159145346,1,0.733885264083445,0.6127349162502096,0.6547636418544279,0.6401376050870407,0.07912162222901709,-0.04202872560421833,0.12115034783323542,-0.027402688836831057
epoch3_on_gap_drift_rank_03,epoch2_off,10,159145372,159145349,1,0.572092106195022,0.7102183312538145,0.6505391886022925,0.6482433750486899,-0.0784470824072705,0.059679142651521966,-0.13812622505879246,0.06197495620512461
epoch3_on_gap_drift_rank_03,epoch2_off,11,159145372,159145352,1,0.7186094845245911,0.6350097412885899,0.6436935288974417,0.6417641202457136,0.07491595562714937,-0.0086837876088518,0.08359974323600117,-0.006754378957123719
epoch3_on_gap_drift_rank_03,epoch2_off,12,159145372,159145355,1,0.6228160789363614,0.6355872247785936,0.6464828926890911,0.643956761400019,-0.02366681375272972,-0.010895667910497453,-0.012771145842232268,-0.008369536621425366
epoch3_on_gap_drift_rank_03,epoch2_off,13,159145372,159145357,1,0.6575297302647162,0.6091482438128485,0.6428005545070739,0.6498509406434048,0.014729175757642321,-0.03365231069422536,0.048381486451867683,-0.04070269683055627
epoch3_on_gap_drift_rank_03,epoch2_off,14,159145372,159145360,1,0.6942168884569241,0.6079857962518279,0.6380644025655988,0.6381513353317516,0.056152485891325266,-0.030078606313770906,0.08623109220509617,-0.030165539079923698
epoch3_on_gap_drift_rank_03,epoch2_off,15,159145372,159145363,1,0.785124238281932,0.6663495718536021,0.6387681534229042,0.637592125347799,0.14635608485902785,0.027581418430697946,0.1187746664283299,0.02875744650580314
epoch3_on_gap_drift_rank_03,epoch3_on,0,159145372,159145372,1,0.62114637554297,0.62114637554297,0.6411062281349056,0.6411062281349056,-0.019959852591935556,-0.019959852591935556,0.0,-0.019959852591935556
epoch3_on_gap_drift_rank_03,epoch3_on,1,159145372,159145375,1,0.8020126239865123,0.6671087725783873,0.6369662090531802,0.6334278637576514,0.16504641493333205,0.030142563525207056,0.134903851408125,0.03368090882073593
epoch3_on_gap_drift_rank_03,epoch3_on,2,159145372,159145377,1,0.6308861513975186,0.7058098236292488,0.6488519348475983,0.6458435532086917,-0.01796578345007971,0.056957888781650534,-0.07492367223173024,0.05996627042055713
epoch3_on_gap_drift_rank_03,epoch3_on,3,159145372,159145380,1,0.7436091400155079,0.7181688478433804,0.6464131608192445,0.6486017086736298,0.09719597919626344,0.07175568702413593,0.02544029217212751,0.06956713916975066
epoch3_on_gap_drift_rank_03,epoch3_on,4,159145372,159145383,1,0.7317546921177372,0.725229142361715,0.6457846990029189,0.6398656901042938,0.08596999311481834,0.07944444335879608,0.006525549756022264,0.08536345225742115
epoch3_on_gap_drift_rank_03,epoch3_on,5,159145372,159145386,1,0.579976564177399,0.7362515992557515,0.6450520092786727,0.6382068892376651,-0.06507544510127372,0.09119958997707878,-0.1562750350783525,0.09804471001808635
epoch3_on_gap_drift_rank_03,epoch3_on,6,159145372,159145388,1,0.5793610435322472,0.7397746391357759,0.6501640397929457,0.6450412862305557,-0.07080299626069853,0.08961059934283022,-0.16041359560352875,0.09473335290522023
epoch3_on_gap_drift_rank_03,epoch3_on,7,159145372,159145391,1,0.6873272801620667,0.8760525819001515,0.6449696853550491,0.6468255067933921,0.04235759480701762,0.2310828965451024,-0.18872530173808477,0.22922707510675933
epoch3_on_gap_drift_rank_03,epoch3_on,8,159145372,159145394,1,0.6594678039670778,0.736958338451016,0.6363442100280023,0.6392285326964431,0.023123593939075482,0.10061412842301365,-0.07749053448393817,0.09772980575457291
epoch3_on_gap_drift_rank_03,epoch3_on,9,159145372,159145397,1,0.5432791050496371,0.6935550056967446,0.6455331295723442,0.6470189338268341,-0.10225402452270715,0.04802187612440034,-0.1502759006471075,0.04653607186991049
epoch3_on_gap_drift_rank_03,epoch3_on,10,159145372,159145399,1,0.7474848216217708,0.7648429712343042,0.6332930363509488,0.6424764414888986,0.11419178527082197,0.13154993488335542,-0.017358149612533458,0.12236652974540563
epoch3_on_gap_drift_rank_03,epoch3_on,11,159145372,159145402,1,0.5479727153984598,0.7513535439466946,0.6415286467087175,0.6392102578515708,-0.09355593131025763,0.10982489723797717,-0.2033808285482348,0.1121432860951238
epoch3_on_gap_drift_rank_03,epoch3_on,12,159145372,159145405,1,0.5662529615965786,0.9930053822310074,0.6302494686571292,0.628845803940187,-0.0639965070605506,0.36275591357387826,-0.42675242063442886,0.36415957829082046
epoch3_on_gap_drift_rank_03,epoch3_on,13,159145372,159145407,1,0.5748632403064398,0.7913318945790562,0.6436658901636708,0.6486210039778117,-0.06880264985723106,0.14766600441538535,-0.2164686542726164,0.14271089060124442
epoch3_on_gap_drift_rank_03,epoch3_on,14,159145372,159145410,1,0.666119575901119,0.6987175425734884,0.6342635676059645,0.6358796981427624,0.03185600829515456,0.06445397496752392,-0.03259796667236936,0.06283784443072604
epoch3_on_gap_drift_rank_03,epoch3_on,15,159145372,159145413,1,0.5927885234585742,0.6123499918647946,0.6474663318244347,0.6361569615349878,-0.05467780836586045,-0.03511633995964014,-0.019561468406220306,-0.023806969670193245
epoch3_on_gap_drift_rank_03,epoch3_off,0,159145372,159145422,1,0.6767878344048873,0.5441289835743413,0.631179848436861,0.6415574886331554,0.04560798596802629,-0.08705086486251978,0.13265885083054607,-0.09742850505881417
epoch3_on_gap_drift_rank_03,epoch3_off,1,159145372,159145425,1,0.6604829974989923,0.7199305220641821,0.6429000263935907,0.6543834855850088,0.017582971105401635,0.07703049567059139,-0.05944752456518976,0.06554703647917326
epoch3_on_gap_drift_rank_03,epoch3_off,2,159145372,159145427,1,0.6646119931830367,0.6373381495359014,0.6421101410729073,0.6335836628324829,0.02250185211012934,-0.004771991537005915,0.027273843647135254,0.0037544867034184914
epoch3_on_gap_drift_rank_03,epoch3_off,3,159145372,159145430,1,0.6177156428971377,0.7060369312450557,0.6446594049673948,0.647605888320169,-0.02694376207025717,0.06137752627766091,-0.08832128834791808,0.05843104292488677
epoch3_on_gap_drift_rank_03,epoch3_off,4,159145372,159145433,1,0.587030215329402,0.7079700361414418,0.6551518753601049,0.6506093737906924,-0.06812166003070286,0.05281816078133694,-0.1209398208120398,0.057360662350749436
epoch3_on_gap_drift_rank_03,epoch3_off,5,159145372,159145436,1,0.6427547813330603,0.5484084792733092,0.6359341917232553,0.647904776472582,0.006820589609805028,-0.08752571244994611,0.09434630205975114,-0.09949629719927289
epoch3_on_gap_drift_rank_03,epoch3_off,6,159145372,159145438,1,0.7583869681645544,0.6719595796405491,0.6363966830251437,0.6271013384291358,0.12199028513941068,0.03556289661540535,0.08642738852400533,0.04485824121141324
epoch3_on_gap_drift_rank_03,epoch3_off,7,159145372,159145441,1,0.6313277449999837,0.5833179453264223,0.6393532476079088,0.6398064499314218,-0.008025502607925117,-0.056035302281486454,0.04800979967356134,-0.056488504604999434
epoch3_on_gap_drift_rank_03,epoch3_off,8,159145372,159145444,1,0.7305237176781254,0.6863535212237346,0.6448200993893112,0.6441936739358018,0.08570361828881423,0.041533421834423434,0.0441701964543908,0.04215984728793276
epoch3_on_gap_drift_rank_03,epoch3_off,9,159145372,159145447,1,0.6535866325110569,0.6095466746738171,0.6535663494111574,0.646533070387835,2.028309989943189e-05,-0.044019674737340364,0.044039957837239796,-0.03698639571401796
epoch3_on_gap_drift_rank_03,epoch3_off,10,159145372,159145449,1,0.5637581092271943,0.7661543044144425,0.6470971599690101,0.6511199589544316,-0.0833390507418158,0.11905714444543247,-0.20239619518724827,0.1150343454600109
epoch3_on_gap_drift_rank_03,epoch3_off,11,159145372,159145452,1,0.6283258402158516,0.5969461906463517,0.6351101758902082,0.6356101965932524,-0.006784335674356656,-0.03816398524385656,0.0313796495694999,-0.03866400594690067
epoch3_on_gap_drift_rank_03,epoch3_off,12,159145372,159145455,1,0.5169640514847574,0.6287429599489185,0.6381847499057592,0.6440674698644522,-0.1212206984210018,-0.009441789956840752,-0.11177890846416105,-0.01532450991553369
epoch3_on_gap_drift_rank_03,epoch3_off,13,159145372,159145457,1,0.705616280486286,0.564161565713949,0.6371164903390028,0.6366383786635365,0.06849979014728325,-0.07295492462505371,0.14145471477233695,-0.07247681294958741
epoch3_on_gap_drift_rank_03,epoch3_off,14,159145372,159145460,1,0.6118262339526146,0.6822366760533917,0.6319243933900738,0.646136234956363,-0.020098159437459184,0.05031228266331789,-0.07041044210077707,0.0361004410970287
epoch3_on_gap_drift_rank_03,epoch3_off,15,159145372,159145463,1,0.6640834282122318,0.5866916473960165,0.6302195969502765,0.6441303048058331,0.033863831261955246,-0.04352794955425998,0.07739178081621523,-0.057438657409816574
