id,source_channel_offset,frequency_offset_hz,epoch1_on,epoch1_off,epoch2_on,epoch2_off,epoch3_on,epoch3_off
epoch1_on_contrast_rank_01,-64,181.47221878097128,-0.003406077149801151,0.0031172571984237687,0.00153810163426394,0.007284836728966192,0.008879480739618688,0.03747876417717109
epoch1_on_contrast_rank_01,-63,178.6367153625186,-0.01613240478411722,-0.01166365820249271,0.006003062351782308,0.020119583400774,0.02091033880029948,0.010187857152456549
epoch1_on_contrast_rank_01,-62,175.80121194406593,0.020357516159221843,0.008945149934839483,-0.03222602451455518,0.03534117862568566,0.007222412361027747,-0.003628266681169251
epoch1_on_contrast_rank_01,-61,172.96570852561325,0.015873641450024872,-0.0005871474432336057,0.005805048765824543,-0.009784827629386816,-0.003268978350589022,-0.004188990133579998
epoch1_on_contrast_rank_01,-60,170.13020510716058,0.027296435048858293,0.0065032291018838825,0.014079777665949866,0.036761305176967844,-0.009403711106585954,0.014292782403883986
epoch1_on_contrast_rank_01,-59,167.2947016887079,-0.019223406726619322,0.006308557581015603,0.0008362274026253794,0.001425663636297779,0.027991864763722715,-0.003684406014833424
epoch1_on_contrast_rank_01,-58,164.45919827025523,-0.021458086169278353,-0.002391375048982722,-0.012031741704194066,-0.004719874783083118,0.012067626465546898,-0.003071623381965101
epoch1_on_contrast_rank_01,-57,161.62369485180255,-0.007525318574689598,-0.03255528364656637,-0.018593216311711507,0.016039343880054832,0.007802891054079837,0.025759660210482607
epoch1_on_contrast_rank_01,-56,158.78819143334988,0.016198641462181834,0.02203666906369476,-0.016881995245379387,0.02598801157724419,0.00377618690505626,0.014933958810803408
epoch1_on_contrast_rank_01,-55,155.95268801489718,0.017365376058070828,-0.0101029674266893,-0.010355921978074993,0.014261745246721302,-0.0032869407101602383,0.000984591793370286
epoch1_on_contrast_rank_01,-54,153.1171845964445,-0.006223802070530516,0.007997978884725337,-0.015141814483415665,-0.0006223508214693863,0.00860944310193923,-0.014049666822865597
epoch1_on_contrast_rank_01,-53,150.28168117799183,0.010584749771887773,-0.01612637208333132,0.010156459253096335,0.025027510178267855,-0.0053965691767482865,-0.0009960404441618567
epoch1_on_contrast_rank_01,-52,147.44617775953915,-0.0013486232608250145,0.017760192640642207,-0.0099990452044715,-0.006483816864104659,-0.037914686980649384,-0.03661515765720904
epoch1_on_contrast_rank_01,-51,144.61067434108648,0.03714922813950839,0.024764817919165447,0.04162378253538386,-0.006495320697296261,-0.02284714426474075,-0.011032488592822104
epoch1_on_contrast_rank_01,-50,141.7751709226338,-0.03824455002760969,-0.017980145115377426,-0.00664793574763399,0.0009943391758935813,-0.029164325968539438,0.0058192059590320075
epoch1_on_contrast_rank_01,-49,138.93966750418113,0.00035479653445742027,0.0067150125308762035,0.01658843918180041,0.021565129077995668,0.012043889219010638,-0.00230730657106867
epoch1_on_contrast_rank_01,-48,136.10416408572846,0.018256796382265468,0.033735399578623405,0.020723899110069097,-0.021886267208462058,0.020729647976459924,-0.02270192282714885
epoch1_on_contrast_rank_01,-47,133.26866066727578,-0.0021637300990407365,-0.008750197826434956,-0.0070716874433706806,-0.009635336414040345,-0.009028682348895367,0.0012422916081319471
epoch1_on_contrast_rank_01,-46,130.4331572488231,0.032956038794297246,0.021341354457976684,0.008610087148749931,-0.036915852599834154,0.026571030639727794,0.042784379155878606
epoch1_on_contrast_rank_01,-45,127.59765383037043,0.021291572999140113,-0.005892887921684693,0.009053574222626891,-0.005710126792174405,0.004758288464823249,0.021307845917559638
epoch1_on_contrast_rank_01,-44,124.76215041191776,-0.004464576537813528,0.009427975470515576,0.010375928447374325,-0.015310150699721345,-0.01486294007272091,0.006062184367654683
epoch1_on_contrast_rank_01,-43,121.92664699346507,0.0011404433070123718,0.03264558995482709,0.007053501914819273,-0.02526036712911152,-0.0052984106312038495,0.009141494543860665
epoch1_on_contrast_rank_01,-42,119.0911435750124,-0.004956330820946979,0.0011499209157488366,0.0033273334545725064,-0.0004837843883906401,0.01211037315355138,-0.0038503852911604755
epoch1_on_contrast_rank_01,-41,116.25564015655972,-0.012483487571218262,0.027361774252853938,0.0005357731990558862,-0.0019699276748531974,0.0059985743776370185,0.01019023481858073
epoch1_on_contrast_rank_01,-40,113.42013673810705,-0.007656912146271802,-0.011886967626658466,0.015262431440700816,-0.006752342375131268,0.017133050617944144,0.03562566446517482
epoch1_on_contrast_rank_01,-39,110.58463331965437,0.007101609432615695,-0.006242616235808754,-0.01720911163691872,-0.005684773185028108,-0.00499010894450827,0.0217341192068597
epoch1_on_contrast_rank_01,-38,107.7491299012017,-0.016318594739268263,0.026259655666814014,-0.010344128472546517,0.016201760267941668,0.02195126575298354,0.0065339088161325415
epoch1_on_contrast_rank_01,-37,104.91362648274902,-0.0057852769212881835,-0.014637376645502943,-0.01536538349592654,-0.005636139610526041,-9.433946203604021e-05,-0.01437133571256316
epoch1_on_contrast_rank_01,-36,102.07812306429634,0.0063561062693500425,0.022579805188470692,-0.0003640892423936448,0.0009973172278784984,-0.011266415118945168,0.00040716405796248356
epoch1_on_contrast_rank_01,-35,99.24261964584366,0.03290972788598462,-0.012460914403461018,0.02899818425864053,0.02006367252188234,0.008880637539234813,-0.003027146079711475
epoch1_on_contrast_rank_01,-34,96.40711622739099,0.025674509496329524,0.025720143002875846,0.009918548138341227,-0.0056901501603447285,0.005771081438702877,-0.01657589877080973
epoch1_on_contrast_rank_01,-33,93.57161280893831,0.029366930449185327,0.02552267637185065,0.021485911412015814,0.02919536599037178,-0.0029704460086500406,-0.013495688827700018
epoch1_on_contrast_rank_01,-32,90.73610939048564,-0.03279966555313954,-0.011378750898308997,0.011256053625581179,0.0030522280442012023,-0.01179753376684168,-0.010346639376694652
epoch1_on_contrast_rank_01,-31,87.90060597203296,0.03313407153962063,-0.021347195259233502,-0.014888745823403972,0.003429834291069897,-0.0005565715375993527,-0.004148444039330432
epoch1_on_contrast_rank_01,-30,85.06510255358029,0.02025230223324139,-0.010748645057879522,0.005656142364871428,0.01776669287771914,0.00582835746547692,0.029745612771179555
epoch1_on_contrast_rank_01,-29,82.22959913512761,0.0016002481651072598,0.01963819668750416,-0.0024722201726092574,-0.012353986703026357,0.022293453935181465,-0.0158228603594419
epoch1_on_contrast_rank_01,-28,79.39409571667494,0.00023135867632110424,0.009135042342270569,-0.010208145176163252,0.009989293098285681,-0.004621527447188918,0.0007259777670126019
epoch1_on_contrast_rank_01,-27,76.55859229822225,0.003959627085500503,0.010746214516999635,-0.013931938827086751,-0.019762247394610036,0.006483435169523634,0.023828327941598698
epoch1_on_contrast_rank_01,-26,73.72308887976958,-0.017431735508258033,-0.004897229175405672,-0.0032423103944744514,0.02129227275891605,0.0016012057263618748,0.004007884139877516
epoch1_on_contrast_rank_01,-25,70.8875854613169,-0.011988759206608135,0.027623719976903292,-0.007286923976270808,-0.008926370369708031,-0.0416219678983017,0.015461600718492521
epoch1_on_contrast_rank_01,-24,68.05208204286423,0.0006259443077685709,0.027131818115007457,0.015455134684653343,-0.029188828359011126,0.004910331406890185,0.008517248438952102
epoch1_on_contrast_rank_01,-23,65.21657862441155,0.014127550217972011,0.0139848526913696,0.018459440713737237,-0.03905076163430034,0.013968317631108028,0.021823340028736635
epoch1_on_contrast_rank_01,-22,62.38107520595888,0.00569665225530256,0.007907133640659498,-0.016666823060822893,-0.01716202365206458,0.016810105452913532,-0.02364510632984876
epoch1_on_contrast_rank_01,-21,59.5455717875062,-0.009748382187258705,-0.01272863636846077,0.007068328185210956,0.022168163098116346,-0.004559771954611949,0.01891281345181945
epoch1_on_contrast_rank_01,-20,56.71006836905352,0.0073113055735115964,0.00021930595901623745,0.011361951440111692,0.0032594375775764003,-0.008434852327995783,0.025328236072965332
epoch1_on_contrast_rank_01,-19,53.87456495060085,-0.034224597460736216,0.02406365373930653,0.015232497183882074,0.010369202685168749,0.010546791034590726,-0.007173513169625695
epoch1_on_contrast_rank_01,-18,51.03906153214817,-0.0013153711852878294,-0.02503236468104235,-0.008270645541044133,-0.033799163394195086,-0.02197024915663895,0.014676249332560336
epoch1_on_contrast_rank_01,-17,48.20355811369549,0.010740571321544518,0.011447866613913005,-0.016023045840298032,0.0029073206292673376,-0.007919930160564831,0.0018208577501449622
epoch1_on_contrast_rank_01,-16,45.36805469524282,-0.02423368486759829,-0.002756413563755618,0.01481392382807288,-0.00399438597268903,0.0017789735588921649,0.017969060659825703
epoch1_on_contrast_rank_01,-15,42.532551276790144,-0.015879227459804503,-0.00609108676616868,0.013727120150165882,0.0034792913359420405,-0.025630343338443724,0.026967830928068447
epoch1_on_contrast_rank_01,-14,39.69704785833747,0.014435382513468209,-0.0009881517234687984,-0.00848493939345412,-0.015146352663225594,0.01574642430340721,-0.013431193061582122
epoch1_on_contrast_rank_01,-13,36.86154443988479,0.003501935704345184,-0.0021997761707792593,-0.030172597688286958,-0.025791232855775656,0.011683676992046498,0.007582452165397539
epoch1_on_contrast_rank_01,-12,34.026041021432114,0.022897891872009184,-0.0041650968574826475,-0.005392826495556613,0.002230793197229783,0.015984781462709416,0.008468120577122956
epoch1_on_contrast_rank_01,-11,31.19053760297944,-0.0006118490504043936,0.0017368482514032862,-0.008045259688176043,0.0006452179387777673,0.03339415580012273,-0.005958189025807869
epoch1_on_contrast_rank_01,-10,28.35503418452676,0.018034181080397622,0.003176535624160863,0.01877137154375097,0.013917985079634418,0.02341045415673846,0.03360253801965993
epoch1_on_contrast_rank_01,-9,25.519530766074084,-0.023273283893749858,-0.012954200922709908,-0.031224066922420676,0.01417577514453084,0.00878251423445467,-0.0033679452943953248
epoch1_on_contrast_rank_01,-8,22.68402734762141,0.04326556539766884,0.026579041964188657,0.0022516890516426774,0.019037634977956283,-0.0011954538657268088,-0.020706636865209117
epoch1_on_contrast_rank_01,-7,19.848523929168735,-0.01492794402956948,-0.01905157698980174,-0.003977193664790969,-0.0143385529099039,0.023188322264062027,-0.019679213956327286
epoch1_on_contrast_rank_01,-6,17.013020510716057,0.001497385216199576,-0.005461909690126963,-0.01796915782349527,-0.0017668856913172007,0.018472105214625875,0.027865578617513022
epoch1_on_contrast_rank_01,-5,14.17751709226338,0.014487351253354215,-0.002456139945282154,-0.0004904850823007414,-0.03450627770995779,-0.025176441676367123,-0.019627066849304577
epoch1_on_contrast_rank_01,-4,11.342013673810705,0.008073036876779252,-0.0516735334188874,0.0009598567622733437,-0.02272464671600416,0.00989312074461473,-0.00949801442766423
epoch1_on_contrast_rank_01,-3,8.506510255358029,-0.0334415453108132,0.02253896328391504,-0.03155724211028433,-0.010398327882893584,-0.015627240335310266,-0.002999631524711305
epoch1_on_contrast_rank_01,-2,5.671006836905352,0.015576791860903744,-0.038370832516907795,-0.011431641848649726,0.021367018340072694,-0.012491102780620232,0.005632470796883102
epoch1_on_contrast_rank_01,-1,2.835503418452676,0.03448801840634479,0.004053219995102296,-0.020754342432984303,-0.015072486800171248,-0.017314071005475856,-0.015699032867117033
epoch1_on_contrast_rank_01,0,-0.0,0.08055908109860777,-0.0253643807184072,-0.036654831424190966,-0.0012778735734115254,0.01543871346906861,0.003489065458543838
epoch1_on_contrast_rank_01,1,-2.835503418452676,0.01400093295594617,0.015588404422756004,-0.00851348680998229,0.02122279105879476,0.0012419134771335383,-0.00633545671175155
epoch1_on_contrast_rank_01,2,-5.671006836905352,-0.031239788144041207,-0.013126090550524182,-0.010246327589453347,-0.006736483799161107,0.006097802704671591,-0.02193213942947988
epoch1_on_contrast_rank_01,3,-8.506510255358029,-0.012651300773606603,0.02967923274706938,-0.015560743889382826,-0.026791544547694945,0.02418934304696828,0.007709002688949036
epoch1_on_contrast_rank_01,4,-11.342013673810705,0.028383554462427137,-0.013828136953232498,-0.008238987150835098,-0.006061091556445214,0.0507881333858246,0.006800305809966517
epoch1_on_contrast_rank_01,5,-14.17751709226338,-0.021705966440395186,0.00712502362311896,0.01763278469672669,0.019307867181588993,0.012470097932083833,0.016598519123520852
epoch1_on_contrast_rank_01,6,-17.013020510716057,0.009656614645148595,-0.00644233066144085,-0.004554607587800109,-0.01791545519680192,0.0048033583850655565,-0.029596775437307626
epoch1_on_contrast_rank_01,7,-19.848523929168735,0.01680299566913259,0.016253163254965383,0.033206638565565876,0.020413421404764924,-0.015469912447996042,-0.028499491192225154
epoch1_on_contrast_rank_01,8,-22.68402734762141,0.018691207388775957,0.026875687849965448,-0.0096196271150598,0.008503793185183912,-0.03052659413345673,0.04135032432859319
epoch1_on_contrast_rank_01,9,-25.519530766074084,0.003337892860615324,0.011788979770188966,-0.01582026263389915,-0.025889731746479752,-0.020185902929867015,-0.018026889557546014
epoch1_on_contrast_rank_01,10,-28.35503418452676,-0.0035011882835812094,0.018608446824924206,-0.02799199536702645,0.011500187270111567,0.008083247533812232,-0.0332050564948906
epoch1_on_contrast_rank_01,11,-31.19053760297944,0.008312170313751713,0.010776705627437502,-0.04075143303840155,-0.0011595321354602173,-0.00230653610949964,0.009358013558783976
epoch1_on_contrast_rank_01,12,-34.026041021432114,-0.00869937953811254,0.002614630843863562,-0.00389983506908681,-0.005021802827116582,-0.0016330290257484253,-0.004624426195022166
epoch1_on_contrast_rank_01,13,-36.86154443988479,-0.007585064870948496,-0.0037635953580618733,0.022437947773189283,-0.008028244740304336,0.0006511011334091807,0.017289379301514245
epoch1_on_contrast_rank_01,14,-39.69704785833747,0.017625767969962236,0.00012850086080821305,-0.0121697259704035,-0.0017825502838342763,-0.015890613811299588,0.021231690750996072
epoch1_on_contrast_rank_01,15,-42.532551276790144,-0.0013284379832022852,0.0015837934508734774,0.0009057644248755548,0.01566778052394604,0.016147992909865058,0.021807857012378626
epoch1_on_contrast_rank_01,16,-45.36805469524282,-0.0102810659765524,-0.014142426474843268,0.031919770587452496,0.015828643313366142,-0.00859136695279989,0.0021305511695070903
epoch1_on_contrast_rank_01,17,-48.20355811369549,3.731457108344105e-06,-0.004116861120633447,-0.03570769417358245,-0.005213845873079576,-0.027445933353687717,-0.03429860011244839
epoch1_on_contrast_rank_01,18,-51.03906153214817,0.011808651695077173,0.0016402193641859922,-0.00851139578208776,0.02248999563068018,0.007825753057156583,0.042028708483633624
epoch1_on_contrast_rank_01,19,-53.87456495060085,-0.00047145564631931314,-0.0004772962847557627,0.006977420207289933,0.001621511228728851,-0.026928812394631706,0.008098719485352977
epoch1_on_contrast_rank_01,20,-56.71006836905352,0.004241873377525879,0.013000772596801255,0.008748796457211293,-0.018211640414515125,0.009687215859804893,0.0035470563645381217
epoch1_on_contrast_rank_01,21,-59.5455717875062,-1.6545639895126224e-05,-0.010190432008884545,-0.02316756272300108,-0.004777262323901965,-0.0113437771864872,0.014385854885248302
epoch1_on_contrast_rank_01,22,-62.38107520595888,-0.009301728683860866,0.023709044401710552,0.01594528542296845,0.007440887546925956,0.00823793022422084,-0.006454117370402503
epoch1_on_contrast_rank_01,23,-65.21657862441155,-0.032441426562005896,-0.016049117620973462,-0.04690622478877213,0.0062305167499238645,0.001886046348892438,-0.023338084005806996
epoch1_on_contrast_rank_01,24,-68.05208204286423,-0.014171555119241931,0.003960797576751662,-0.0047624189090248945,-0.009935438368748509,-0.0031673557077473782,-0.022129052608175256
epoch1_on_contrast_rank_01,25,-70.8875854613169,0.012889112385931163,0.005132554900241636,0.006865979438261373,-0.005886469709461509,0.02289255920139427,0.006428530231959245
epoch1_on_contrast_rank_01,26,-73.72308887976958,0.02487012482809152,-0.006187920770425501,0.013892162924827749,0.03032589247079976,0.020132585474313056,0.010243342574253689
epoch1_on_contrast_rank_01,27,-76.55859229822225,0.001075768226925497,-0.00835052803961623,-0.0021861644749935835,-0.00435382311539758,0.0018921993748302265,-0.004428365293533118
epoch1_on_contrast_rank_01,28,-79.39409571667494,-0.008694897202907094,-0.03517784690945361,0.03996621953357384,0.0044380650722996295,0.014485494988792709,0.03592902189938027
epoch1_on_contrast_rank_01,29,-82.22959913512761,0.04069253060276848,-0.015319513119124908,0.013084793363090826,-0.003004259956060615,-0.01550339007456028,0.0018116618255196656
epoch1_on_contrast_rank_01,30,-85.06510255358029,0.007727180538677665,0.006179600515474098,-0.024569474507825213,0.018363755029343648,-0.004539717172848033,0.008247346356993084
epoch1_on_contrast_rank_01,31,-87.90060597203296,0.009180910236789984,-0.0039002031575896892,-0.014038116856887842,0.0054242021187949074,-0.010787093187988699,0.0016558705049371722
epoch1_on_contrast_rank_01,32,-90.73610939048564,0.004075933262868148,-0.011820459141640531,-0.011799237440642416,-0.005225835901286828,-0.005229050886835146,0.013970381425316362
epoch1_on_contrast_rank_01,33,-93.57161280893831,-0.013368496109443705,-0.0037659424521131954,-0.015261231363448036,-0.0027076066955170064,0.0074654602873901535,0.03363906027083691
epoch1_on_contrast_rank_01,34,-96.40711622739099,-0.020255082127739445,0.009068205585711586,0.015929580762239368,0.009770295352973225,-0.0002431811245068305,0.0024346642750843125
epoch1_on_contrast_rank_01,35,-99.24261964584366,-0.014387922966024091,-0.003830267989618094,0.029757181530046112,-0.0049357835319613075,0.003443424181451167,-0.000406563678348619
epoch1_on_contrast_rank_01,36,-102.07812306429634,0.024197284609723944,0.012962825777756204,-0.002819540043645846,0.021167581049706063,0.002513469395510122,-0.024290769911772883
epoch1_on_contrast_rank_01,37,-104.91362648274902,0.03431661378667238,-0.004152195711713526,0.010518540353112435,-0.00645387331201501,0.015361535316659312,0.036180293776468975
epoch1_on_contrast_rank_01,38,-107.7491299012017,0.013010910437606937,-0.0021972000208137846,0.0076259575715671435,-0.003967988221989037,-0.009272818630581936,-0.02201524347885212
epoch1_on_contrast_rank_01,39,-110.58463331965437,-0.002568935260492615,-0.01718746908452948,-0.01488038043005499,-0.038049704476019075,0.015249914240082721,0.01269151153155866
epoch1_on_contrast_rank_01,40,-113.42013673810705,0.006227964330051773,-0.005215066436216716,-0.010425075207288276,0.02161874400868383,-0.03647424111163741,0.008643894815161299
epoch1_on_contrast_rank_01,41,-116.25564015655972,-0.00537985353676438,0.020870152495680472,0.00716668472269117,0.011508026387054983,-0.004535479875740808,0.016809657034926942
epoch1_on_contrast_rank_01,42,-119.0911435750124,0.01891206752352844,0.011107848126199645,0.011606407701566832,0.015167852931499325,0.013724292575138283,0.025409646423113913
epoch1_on_contrast_rank_01,43,-121.92664699346507,0.014913712733202453,0.02454722933440668,0.0016958398703646183,-0.014116893085793801,0.025139473905015565,0.027013542620773413
epoch1_on_contrast_rank_01,44,-124.76215041191776,0.011456674535893364,-0.01500364820656111,-0.012290277675274512,-0.009998271015768653,0.025095389929970888,0.015424963590036957
epoch1_on_contrast_rank_01,45,-127.59765383037043,0.005011364009013586,0.017656960629532772,-0.009500234403761333,0.02053537528472058,-0.0012429613026456177,-0.004567618959005933
epoch1_on_contrast_rank_01,46,-130.4331572488231,0.035890086038579336,-0.009993710038429953,-0.015251919807962686,-0.0009629783221194524,0.010779541301240321,0.016875926234813772
epoch1_on_contrast_rank_01,47,-133.26866066727578,0.012466489420970346,0.013338552654041332,0.006107185446087654,-0.005656570441316865,0.001924369038885175,0.014175437371904298
epoch1_on_contrast_rank_01,48,-136.10416408572846,0.0330055673094585,0.012830164842180011,0.018778539128382503,0.012337682668716751,0.001795383186616449,0.024412777731799493
epoch1_on_contrast_rank_01,49,-138.93966750418113,-0.007486896846771458,-0.029592811577815056,-0.00020823553930252037,0.022236597687929294,-0.004454063763332537,0.016120572354174793
epoch1_on_contrast_rank_01,50,-141.7751709226338,0.02713681418853204,-0.0003545596900119685,-0.039892604516649215,-0.002883169947103817,0.0018218133317341872,0.01819741231818235
epoch1_on_contrast_rank_01,51,-144.61067434108648,0.02575583009459749,0.010447018828938608,0.02631425361139282,0.01634155559260441,-0.006269879667859947,-0.0062563905706650436
epoch1_on_contrast_rank_01,52,-147.44617775953915,-0.01912322874548153,-0.018771821917846,0.008201480439780029,-0.008239927095021804,0.022737096419944397,0.02963633087459209
epoch1_on_contrast_rank_01,53,-150.28168117799183,-0.002562576236285176,-0.00589553889726864,0.03338220224557343,-0.010713311538457372,-0.013768888579821843,0.0035540115647386614
epoch1_on_contrast_rank_01,54,-153.1171845964445,-0.018725737593441122,0.009345409943557679,-0.00507599485274992,-0.013074460172360573,-0.01844608495486784,-0.013262455804832235
epoch1_on_contrast_rank_01,55,-155.95268801489718,-0.002689895681473986,0.027142308404066402,-0.007806846458877373,-0.0031164313042092717,-0.0019166043877416883,0.004060839508432952
epoch1_on_contrast_rank_01,56,-158.78819143334988,-0.024327929674930318,-0.0026125634345164003,0.007077280399478927,0.00935525651188979,0.01239944115916606,0.009241529761081321
epoch1_on_contrast_rank_01,57,-161.62369485180255,0.012923164484420185,-0.014667214190533823,0.007102711967578425,0.009904215127591091,-0.02428024528037916,-0.0035378620744426006
epoch1_on_contrast_rank_01,58,-164.45919827025523,-0.0025313066085001813,0.009429329235093459,-0.018238679355720884,0.017967092570889666,0.0027713558253935205,0.001847761129394776
epoch1_on_contrast_rank_01,59,-167.2947016887079,0.011405896426310694,0.010588974193894332,0.0007852640732947461,0.0465165594804587,-0.03903651288867617,-0.016922686566324147
epoch1_on_contrast_rank_01,60,-170.13020510716058,-0.012794235581915746,0.019262401311995754,0.023081767903686948,0.012678638195234328,0.004238045884925906,0.001955415407098156
epoch1_on_contrast_rank_01,61,-172.96570852561325,0.01622788805255159,-0.0037887152728013976,0.0007000315991059353,0.022753113821637624,-0.012561682934942104,-0.016606275988410094
epoch1_on_contrast_rank_01,62,-175.80121194406593,0.027278805326833626,0.00333581183207448,0.008015114561600548,0.03206052221401253,-0.0050824205493089775,0.031048915128410196
epoch1_on_contrast_rank_01,63,-178.6367153625186,-0.013842796377053504,-0.0036947898669368734,-0.001901541028482355,0.0065225143172933445,0.0012382587688987007,-0.005398599420673
epoch1_on_contrast_rank_01,64,-181.47221878097128,-0.010844442658295692,-0.0004855584417629011,-0.015432312791914059,-0.0038977156890889833,0.047580972526725454,0.015566460415151348
epoch1_on_contrast_rank_02,-64,181.47221878097128,0.044498319229229234,0.0043276763101731605,-0.012297360345521063,0.011380439672393328,0.004671299448309685,0.011345194927870506
epoch1_on_contrast_rank_02,-63,178.6367153625186,0.022834348313173207,0.030137561092459367,0.02576987247085391,0.010440074743912696,0.0007254738998060326,-0.0251124462387931
epoch1_on_contrast_rank_02,-62,175.80121194406593,0.0032848930504376997,-0.029325060687519063,0.05781062885940377,0.02016336249060295,0.036498873357807174,-0.02439511035886547
epoch1_on_contrast_rank_02,-61,172.96570852561325,-0.011865406356101262,0.031225296601508086,-0.01945527790183816,-0.00566272651950684,0.0391295394180106,-0.02612871189595442
epoch1_on_contrast_rank_02,-60,170.13020510716058,0.008703137494849487,0.026313732412130975,0.05550703726928125,0.027029508496849486,0.004443715049674356,0.00604804934395322
epoch1_on_contrast_rank_02,-59,167.2947016887079,0.012412732909471633,0.033892084941461884,-0.005420982295519718,-0.056315166259204574,0.007927423846394242,-0.032357990626613674
epoch1_on_contrast_rank_02,-58,164.45919827025523,0.029454310325409926,-0.02615587151474011,0.05787927207310863,0.0063864205394026236,0.005657973735851737,0.02297236765868612
epoch1_on_contrast_rank_02,-57,161.62369485180255,0.0068073794163269405,-0.005642749484803762,0.018546149783256458,-0.01991883714298772,-0.003947232274750377,0.00884493851656249
epoch1_on_contrast_rank_02,-56,158.78819143334988,-0.005982393044860923,-0.02094546599973597,0.006419906437137343,-0.024623032557682285,-0.009540061273101273,0.04512591218336435
epoch1_on_contrast_rank_02,-55,155.95268801489718,0.027973238572986933,0.03595959223103082,-0.03715615424077998,0.035429796669199855,-0.004078270862711834,-0.05232234383128378
epoch1_on_contrast_rank_02,-54,153.1171845964445,0.009685198675769294,-0.012859837631254575,0.030510723085797255,-0.038136520906153784,-0.0009947169900311678,0.055460553848615174
epoch1_on_contrast_rank_02,-53,150.28168117799183,0.006046959566769747,0.015964089622705104,-0.005071744346208627,-0.012584238566292885,0.019023861013255886,-0.006862876256974272
epoch1_on_contrast_rank_02,-52,147.44617775953915,0.013536002700946341,0.00786230314777149,-0.014546923121860886,0.012667477729909407,0.031456975155257506,0.02131721840520564
epoch1_on_contrast_rank_02,-51,144.61067434108648,0.03036908305860695,-0.030048268000074152,0.013855175145260551,-0.0443181679059732,0.010545615015238964,-0.046858008336038516
epoch1_on_contrast_rank_02,-50,141.7751709226338,-0.006720436642773067,0.020228703429058505,0.009666191715752274,0.022460353362199814,0.00845280132727784,-0.02370145538256995
epoch1_on_contrast_rank_02,-49,138.93966750418113,0.008910942152161212,0.04093541484193481,-0.061056499531022206,0.031504113213029414,0.017649423361258874,-0.02601862284425114
epoch1_on_contrast_rank_02,-48,136.10416408572846,-0.02283469172182801,0.038998579227631607,0.028338353114900093,0.03201667870258585,-0.05825703484201734,-0.03507610987557646
epoch1_on_contrast_rank_02,-47,133.26866066727578,0.034224169476511475,0.006591812120609997,0.033523258913671,0.062265748183185796,-0.0015024918604611276,-0.013934219085256355
epoch1_on_contrast_rank_02,-46,130.4331572488231,0.05754476334694758,0.013477694794505245,0.011921496284627027,0.037878352447146775,-0.02070398493765243,-0.0028623498482104187
epoch1_on_contrast_rank_02,-45,127.59765383037043,0.011757903891529628,-0.01451088314709039,-0.034297055048067245,0.0069712391631847614,0.007291232157618344,-0.005665602425788431
epoch1_on_contrast_rank_02,-44,124.76215041191776,0.0459854136253437,-0.031610950485503796,0.013971489224696085,-0.056855598283496046,0.003924889489206183,0.007844397879834077
epoch1_on_contrast_rank_02,-43,121.92664699346507,-0.013493966279274447,0.0196594431566774,-0.00382689632743502,-0.023503002656219248,0.04112311073534054,0.017342327688396886
epoch1_on_contrast_rank_02,-42,119.0911435750124,-0.03688136295181483,-0.025725893994306047,0.024785542195552568,-0.012490465648879595,0.004823747367239277,-0.022928136913102103
epoch1_on_contrast_rank_02,-41,116.25564015655972,0.008672582737743524,-0.017703983442123657,-0.042613289216749006,0.026996786525814533,0.006759186852669435,0.021453591474630523
epoch1_on_contrast_rank_02,-40,113.42013673810705,-0.005726116380749394,0.039005391408856484,-0.014794992673782342,-0.018188765566133885,-0.00040794918012707765,-0.0169159137473995
epoch1_on_contrast_rank_02,-39,110.58463331965437,-0.004436861678765926,0.019409490792645562,-0.0022572807496251956,-0.0005098008190923195,0.04384689007946692,0.009174340156879318
epoch1_on_contrast_rank_02,-38,107.7491299012017,0.028891779421177446,0.00803379160244446,-0.0462000136142322,-0.0033005933579796504,-0.0027445035330410927,-0.006179300804233796
epoch1_on_contrast_rank_02,-37,104.91362648274902,0.021464400467743304,0.041622716882666784,0.04313752746771497,-0.0029135022796804577,-0.007842425420681337,-0.017946386221361924
epoch1_on_contrast_rank_02,-36,102.07812306429634,0.01777077167495377,0.01888747156751301,0.005061486706248314,0.016709684478216025,-0.04442905973477181,-0.0209247402378187
epoch1_on_contrast_rank_02,-35,99.24261964584366,0.002840741562811555,-0.02267255728532517,0.013773083829972999,-0.017984153380571806,0.00023777200487584693,-0.024218334887349563
epoch1_on_contrast_rank_02,-34,96.40711622739099,0.058903129164512014,-0.012547384951542881,0.04262545047904748,0.016842031462088937,-0.0029890451436210067,0.004245067114193632
epoch1_on_contrast_rank_02,-33,93.57161280893831,0.015271813292420909,-0.0586601340892795,0.04846681359654808,0.027967445282308684,-0.026899965491541257,-0.0247491450201616
epoch1_on_contrast_rank_02,-32,90.73610939048564,-0.017929179663979278,0.04838968602408369,0.03137558281172744,0.01868734127567502,0.04183950824624433,-0.015055374873767707
epoch1_on_contrast_rank_02,-31,87.90060597203296,-0.0002696461407120723,0.05646327708323949,-0.030693935631567158,0.022238098488381215,0.055872644943821353,-0.05123598556418954
epoch1_on_contrast_rank_02,-30,85.06510255358029,0.02008781930941709,0.030044032039312885,0.03385277344389122,0.011626384280554312,0.007034071106389483,0.004631108225774526
epoch1_on_contrast_rank_02,-29,82.22959913512761,-0.015645756275576683,-0.011089774971123192,-0.009151030442174052,0.06158795874826804,0.045921770208599166,0.023388926499657924
epoch1_on_contrast_rank_02,-28,79.39409571667494,0.036875903096406856,-0.024936779130101297,-0.055418746426168695,-0.04862548314045949,-0.036583659464349695,-0.039484300010452736
epoch1_on_contrast_rank_02,-27,76.55859229822225,0.011034251868496978,0.03738935279206259,-0.013770401238338732,0.027286473675175622,-0.0004901729393664706,-0.03279736016338801
epoch1_on_contrast_rank_02,-26,73.72308887976958,-0.031470835241991436,-0.034920939372371264,0.030439834393528716,0.038178308715567204,-0.024075364325393395,-0.01378980663097424
epoch1_on_contrast_rank_02,-25,70.8875854613169,0.019428925340839058,-0.0204578427663814,0.010972049597720586,-0.004188422611778271,0.005253819331685221,-0.04824742972691498
epoch1_on_contrast_rank_02,-24,68.05208204286423,0.029835344504480193,0.0047238897107151,0.0521559320870933,-0.015358524501650657,-0.0023276382942093166,-0.0217072531207528
epoch1_on_contrast_rank_02,-23,65.21657862441155,-0.054210545393721596,-0.04291319956759598,-0.01810473532111015,-0.03584678643386773,0.004973494918256917,-0.0029487840730144516
epoch1_on_contrast_rank_02,-22,62.38107520595888,0.025114656786361454,0.007142346814376442,-0.014770956464349373,-0.0018746742200356978,0.0006825351098924196,0.02894931614516854
epoch1_on_contrast_rank_02,-21,59.5455717875062,0.025354912785960623,-0.016912981860185243,-0.012941396169698187,0.01059839169091343,-0.001486123661099882,-0.003989829036038207
epoch1_on_contrast_rank_02,-20,56.71006836905352,0.008346333611798075,0.008094311715402598,0.007108785486836598,-0.02821950651909562,0.018151745721533198,0.03787259191069674
epoch1_on_contrast_rank_02,-19,53.87456495060085,0.035689106551843985,0.03456443375492251,-0.018741362704213907,-0.0007008367536875601,-0.028379857666443055,-0.023751340769953215
epoch1_on_contrast_rank_02,-18,51.03906153214817,0.00919148502121675,0.004628862519728313,0.049030796032117394,-0.004664229520601346,0.009572350056324251,0.02477367899458982
epoch1_on_contrast_rank_02,-17,48.20355811369549,-0.014660554089783576,0.016248224285773674,-0.0061838031609766295,-0.00879597172036553,-0.019965154765488255,0.041543943175345835
epoch1_on_contrast_rank_02,-16,45.36805469524282,0.025662948688850905,-0.06563316368595938,0.08382434592475907,0.009515759994271789,-0.028062495950294142,0.03147752121295567
epoch1_on_contrast_rank_02,-15,42.532551276790144,-0.0015200890423425553,-0.015156565597305896,-0.041233571816102675,-0.019924410386484757,-0.0007924789123693737,-0.018420340318608223
epoch1_on_contrast_rank_02,-14,39.69704785833747,0.03012368590447792,-0.03372086247837448,-0.0060299416874450215,0.002559316422177764,-0.0004087081235870163,0.016892731750450883
epoch1_on_contrast_rank_02,-13,36.86154443988479,0.04948932270859927,0.02046405840246522,-0.028797198137597464,0.01765409657652363,-0.012639341497054278,-0.014436907074294243
epoch1_on_contrast_rank_02,-12,34.026041021432114,0.05075739376976653,-0.016386748409869686,0.03477854473460864,0.0030466304696499316,0.04112230868663481,0.02351340325454234
epoch1_on_contrast_rank_02,-11,31.19053760297944,0.028540180925217054,-0.0012750599421293765,0.0726365761153233,-0.002063000496029324,0.005989083986431824,0.0018838572815789642
epoch1_on_contrast_rank_02,-10,28.35503418452676,-0.004825122092279491,-0.0011229965043479326,-0.034055103359855975,-0.0026755296489482383,-0.022816886983749174,0.011098745579164918
epoch1_on_contrast_rank_02,-9,25.519530766074084,-0.019591622192495897,0.023636295753365337,0.017716981233195414,0.0010457097529271223,-0.026765192620197394,0.04506391902335282
epoch1_on_contrast_rank_02,-8,22.68402734762141,0.03805446127193366,-0.0318326469827245,-0.05462831196667857,-0.026086583888246688,0.014378313125037817,-0.006714491359515025
epoch1_on_contrast_rank_02,-7,19.848523929168735,-0.01667662766046172,0.017131744393110236,-0.022595836123787585,-0.03764078434950892,-0.01709378392345865,0.02830605366219193
epoch1_on_contrast_rank_02,-6,17.013020510716057,0.03236609792997888,0.024358233418423643,-0.02005754060556659,-0.039408949575728824,0.007218225316229121,0.04170760321840201
epoch1_on_contrast_rank_02,-5,14.17751709226338,0.025251259260513727,-0.035021606140724686,-0.00514493325034375,-0.04218403521294176,-0.010272219971074283,-0.013859635060816
epoch1_on_contrast_rank_02,-4,11.342013673810705,-0.046428626983230616,-9.78197141832185e-05,0.028229490051383123,0.01639811443435995,0.004057499801531028,0.022879336610890783
epoch1_on_contrast_rank_02,-3,8.506510255358029,-0.021856138134923514,-0.01707980369223376,-0.041742934656581236,0.03839053823700733,-0.0023026277116914157,-0.023612212177826192
epoch1_on_contrast_rank_02,-2,5.671006836905352,0.01221270149398846,0.018298028389921908,-0.0169474668458668,-0.018492903323374027,0.00030360902697768033,-0.01594345540761398
epoch1_on_contrast_rank_02,-1,2.835503418452676,-0.006070317452585031,-0.004989259901367463,0.0021475079359404084,-0.0037709450165082023,-0.0366258425934281,0.00837079483302728
epoch1_on_contrast_rank_02,0,-0.0,0.13251124786789836,0.0011580738693638959,-0.04326932221546507,0.02349986578857352,-0.02323865545636676,-0.005889255324171165
epoch1_on_contrast_rank_02,1,-2.835503418452676,-0.0015608685312798257,0.027707508425449126,0.010596053531764675,0.0016110469100158523,-0.02159308199802501,-0.001979159800519631
epoch1_on_contrast_rank_02,2,-5.671006836905352,-0.03617322697397219,0.037668986728502954,0.03220008106306658,0.013133099511260342,-0.06525696826712103,0.04068512494351256
epoch1_on_contrast_rank_02,3,-8.506510255358029,-0.010476285976020322,0.022102854691732732,0.01541236905429829,0.031593262643143015,-0.0035970636778625137,0.0323384330232789
epoch1_on_contrast_rank_02,4,-11.342013673810705,-0.02951851841528399,-0.040398075498397995,-0.0034912633787298614,-0.003224989880392895,-0.02850024000437583,-0.0015595785258216005
epoch1_on_contrast_rank_02,5,-14.17751709226338,-0.002285417393855904,-0.022380737046015918,-0.002892943864168558,0.038003503552403034,0.0006537926185148646,0.04120416183416938
epoch1_on_contrast_rank_02,6,-17.013020510716057,0.016399969082050388,-0.0004653049365599751,-0.005722161414665791,-0.016358980036853238,-0.006758200087567744,-0.009215373091270962
epoch1_on_contrast_rank_02,7,-19.848523929168735,0.0210346723548398,0.014944043437887439,0.015100528192327468,0.01713244699533016,0.026268818897618777,0.048414486640740335
epoch1_on_contrast_rank_02,8,-22.68402734762141,-0.043430182185561085,0.023849237479331396,-0.011007730120090181,0.005090683313717204,0.02022586720215651,-0.0323387842184141
epoch1_on_contrast_rank_02,9,-25.519530766074084,-0.004439583292961444,-0.015153850533288979,-0.010903945277698647,0.0031183649318249768,0.029943907326912475,-0.0195550721854608
epoch1_on_contrast_rank_02,10,-28.35503418452676,-0.0016704768898992903,0.009955963171861731,-0.027755605134198946,-0.04397505355036795,-0.008145713815616268,0.0697734727435805
epoch1_on_contrast_rank_02,11,-31.19053760297944,0.023099318003570922,-0.015423701347109242,0.018104814782838374,0.010579123373656081,0.018810122335584267,0.03001227604875295
epoch1_on_contrast_rank_02,12,-34.026041021432114,-0.0038819808725478536,0.028638615102913434,0.016305177136102182,-0.002552569913217048,-0.05572809200624418,0.013751722215702318
epoch1_on_contrast_rank_02,13,-36.86154443988479,-0.015420687893089147,-0.015050247914308056,-0.0049949519075472015,0.029397829934347974,0.008392770280891637,0.013875580133730206
epoch1_on_contrast_rank_02,14,-39.69704785833747,-0.018729925067404285,0.049253008439951555,-0.02904654942137369,-0.01222007698311326,0.03879850732730682,0.06270685936997067
epoch1_on_contrast_rank_02,15,-42.532551276790144,0.03122100360966896,0.012632519597104985,0.03395029662389151,-0.02422461630685173,0.033764344361445174,0.012218598045612296
epoch1_on_contrast_rank_02,16,-45.36805469524282,-0.02020917104266056,0.02024245018134964,-0.0049452759506597305,-0.0024632073280264136,-0.003209977956609253,0.04566569285235369
epoch1_on_contrast_rank_02,17,-48.20355811369549,-0.020093229527715542,0.026595258653623777,-0.002770759787655293,0.046700446968899925,0.016686798459068904,0.02177237885096489
epoch1_on_contrast_rank_02,18,-51.03906153214817,0.0028334910959419424,-0.033182028686752685,0.009678040538931502,0.02415677565862124,-0.028635397134950627,-0.03778904846665009
epoch1_on_contrast_rank_02,19,-53.87456495060085,0.027576889377936023,0.0029824427208064996,0.010608954306412205,0.03146315600862569,-0.022404047844779597,0.03157244462504553
epoch1_on_contrast_rank_02,20,-56.71006836905352,-0.01774273892865818,-0.019668472031417576,-0.024503096080199765,-0.00606855187366917,-0.03097828639315728,-0.0419246966268722
epoch1_on_contrast_rank_02,21,-59.5455717875062,-0.029508683980798034,-0.02525704862071669,-0.04147895847109086,0.02987379412228599,0.007948964236404461,0.005783529899368041
epoch1_on_contrast_rank_02,22,-62.38107520595888,-0.02822391415685719,-0.038735861772785235,-0.022165842968992128,-0.00267478140008906,-0.01905461089159558,-0.04813022507515491
epoch1_on_contrast_rank_02,23,-65.21657862441155,0.0015267588666507056,-0.007127818444195411,0.04067375415718546,-0.011157056318203566,-0.015333618635423207,0.06650576938044868
epoch1_on_contrast_rank_02,24,-68.05208204286423,-0.025693451013379068,0.010850743401785302,0.038631928349096414,-8.20089184846648e-05,-0.014523935252412953,-0.00476618295589773
epoch1_on_contrast_rank_02,25,-70.8875854613169,0.004884097080698591,0.040220856590847016,0.04550392292203483,-0.03755606533359494,-0.018739054238899204,0.050052920265155475
epoch1_on_contrast_rank_02,26,-73.72308887976958,-0.009628824662065834,-0.022009982781169037,-0.017173649673662236,0.022691622701125416,-0.02669950091263268,-0.024991914813931523
epoch1_on_contrast_rank_02,27,-76.55859229822225,0.02926222157879802,-0.0036907040849065292,0.013764928205751363,-0.01139060752602699,-0.030051320866887776,0.062293123461400764
epoch1_on_contrast_rank_02,28,-79.39409571667494,-0.0021288638592734943,0.012606881472703849,-0.060954953409742114,0.020411763544252323,0.007642819597008223,-0.005636299406102406
epoch1_on_contrast_rank_02,29,-82.22959913512761,-0.034605672562273496,0.010494006099327415,0.0024082011788148228,-0.002350113000221865,-0.041563315532609876,-0.0248166185785983
epoch1_on_contrast_rank_02,30,-85.06510255358029,0.030505014589578765,-0.005121535612222387,0.00013392091766141478,0.007828529412484131,0.027574507090532364,-0.019084836809270637
epoch1_on_contrast_rank_02,31,-87.90060597203296,0.003063694367449285,0.023371700928567128,-0.060711752558442744,0.028267281460557327,0.004258586742130879,-0.0144514426454177
epoch1_on_contrast_rank_02,32,-90.73610939048564,-0.04731495181390412,0.008315074611253567,0.009893761939142355,-0.033904598753818585,0.0224357651019192,0.023055294545100864
epoch1_on_contrast_rank_02,33,-93.57161280893831,-0.027209262288953907,0.03204770491681579,0.0427751234477481,-0.00014104952050920244,-0.005688539252054273,0.029555845045946258
epoch1_on_contrast_rank_02,34,-96.40711622739099,0.023395060880269283,0.0017209113846644655,-0.0015231846570767787,0.031027574185947482,0.0074359333172334535,0.007809529132448201
epoch1_on_contrast_rank_02,35,-99.24261964584366,0.014762471914309523,-0.02693055473590069,-0.017673015050758453,0.01508020547284366,-0.01339991950857479,-0.007786615629426806
epoch1_on_contrast_rank_02,36,-102.07812306429634,-0.03694280001872908,0.004307164324428875,0.020748361903739056,0.02412915130784634,-0.003747640282433691,0.055649890607963146
epoch1_on_contrast_rank_02,37,-104.91362648274902,0.002629634669566422,0.0010405603135296357,0.0160884491300263,0.044214953985818595,0.01835369470181232,-0.029455447669469205
epoch1_on_contrast_rank_02,38,-107.7491299012017,0.0241658013798079,-0.02962912097893506,0.009205800841658236,0.04075691631750299,0.026120103563671282,0.013590861605039362
epoch1_on_contrast_rank_02,39,-110.58463331965437,-0.02007273145439345,0.011128510712219729,0.00410940085606272,0.01051116396441925,-0.007507558962546575,-0.0078508894705481
epoch1_on_contrast_rank_02,40,-113.42013673810705,0.0409990935217734,0.019416186946344414,-0.017195659224462582,0.0384600154765299,-0.012365014223246186,0.02602550017790601
epoch1_on_contrast_rank_02,41,-116.25564015655972,-0.02417462822007179,-0.0019369116189436458,-0.05707396911936957,0.01577254779998584,-0.01913020016420712,0.0324812174967288
epoch1_on_contrast_rank_02,42,-119.0911435750124,0.023649863792263644,-0.013225221685265645,0.022854106520788862,0.018154409726852158,0.024483906566410564,0.0023673670260877105
epoch1_on_contrast_rank_02,43,-121.92664699346507,-0.0504363820257651,0.04013420563397261,0.020730053449966,0.0019165777322908695,0.05993028086142161,-0.008047717815909787
epoch1_on_contrast_rank_02,44,-124.76215041191776,-0.010514405745726756,0.024707120528860455,-0.006831291015891701,-0.013957628649475522,0.02601093424293211,-0.009327119672794669
epoch1_on_contrast_rank_02,45,-127.59765383037043,-0.01953160241641349,0.013439257273764514,-0.014918487483162414,0.028370549079338732,0.028729109497827282,0.02112784489921004
epoch1_on_contrast_rank_02,46,-130.4331572488231,0.026647736679896297,0.013481247009448881,-0.009000411062485815,-0.009491963371412802,-0.029923688311130243,0.04471137760398479
epoch1_on_contrast_rank_02,47,-133.26866066727578,-0.02203908719064593,-0.014283681347717049,-0.006669474688686471,0.012038557473200429,-0.005883154351327587,0.03411428503936958
epoch1_on_contrast_rank_02,48,-136.10416408572846,-0.018181085705681332,0.02805681912637071,-0.0067418426897816255,0.015475260746883726,-0.00034476191926149924,0.0006971691432422211
epoch1_on_contrast_rank_02,49,-138.93966750418113,-0.009847991124725508,0.011319483811193513,0.010706055310120616,-0.006352062896779864,-0.020612536706310566,0.0403440571760631
epoch1_on_contrast_rank_02,50,-141.7751709226338,0.02432904555338116,0.04991524511606055,-0.02696923890384982,-0.011129942784569531,-0.00048542901081919526,0.02345829675156174
epoch1_on_contrast_rank_02,51,-144.61067434108648,0.024463137660192952,8.421047010406107e-05,0.0024782037724412898,-0.0077834674156943215,-0.005133442542139724,0.02358650523244675
epoch1_on_contrast_rank_02,52,-147.44617775953915,-0.007117607032707161,0.04753222600289331,0.011588209419962671,-0.01884282273759813,0.0006061730122553372,0.013616362908052411
epoch1_on_contrast_rank_02,53,-150.28168117799183,0.014861745497344689,0.028019097325243963,-0.005766741803980943,-0.0033187189386506555,0.02139887605080458,-0.06866628349531878
epoch1_on_contrast_rank_02,54,-153.1171845964445,-0.03552973227695262,0.017687379895269584,0.037294146752317354,-0.018963114598240197,-0.027606891809589,-0.014437512427089946
epoch1_on_contrast_rank_02,55,-155.95268801489718,0.0003440407113991309,-0.032048609607603896,-0.0034175112130142085,-0.04576165973355027,0.053347797929733924,0.03419681232614458
epoch1_on_contrast_rank_02,56,-158.78819143334988,0.028250397318910936,0.04786977120562673,0.0022006903438403225,0.01868233139800357,-0.004989496630322339,0.03387112580271361
epoch1_on_contrast_rank_02,57,-161.62369485180255,0.049270791652673444,0.0145218497479579,-0.018130082578606377,-0.057612701786888716,0.027879571862173484,0.024493794367022093
epoch1_on_contrast_rank_02,58,-164.45919827025523,0.02417404766430266,-0.015750210186961162,-0.0014560008893895887,0.0412678598862055,-0.021485504540726647,-0.026045181980056745
epoch1_on_contrast_rank_02,59,-167.2947016887079,0.009239698293021549,-0.04229631288093289,0.023180305133853364,0.049395593227419966,-0.023609848065914173,-0.012118999694086953
epoch1_on_contrast_rank_02,60,-170.13020510716058,0.013560833551352791,0.003687909523395441,-0.006331870896787696,0.00268810456280031,0.018710032802204866,0.005676304878937985
epoch1_on_contrast_rank_02,61,-172.96570852561325,0.003300434337482623,0.01776405089315229,0.015397293010859472,0.04029366612132394,-0.00975674622579533,-0.020840655095185637
epoch1_on_contrast_rank_02,62,-175.80121194406593,-0.0015569429138463861,-7.711402610748042e-05,-0.01888354931948623,0.02429498303088838,0.03107424135180463,0.01722010480744935
epoch1_on_contrast_rank_02,63,-178.6367153625186,0.01986048722295196,-0.030114734715022365,-0.013171868021084367,0.025250328722582094,0.022100308770097908,0.014174714899512303
epoch1_on_contrast_rank_02,64,-181.47221878097128,-0.008089421461373411,-0.02944637664867924,0.02369509288603907,-0.06526486006249273,-0.04451013521711946,0.01964755537649833
epoch1_on_contrast_rank_03,-64,181.47221878097128,0.008892214101274346,0.00015797224841451046,-0.03220018458259129,-0.012427396437833298,0.020915507605814163,0.012656794531970626
epoch1_on_contrast_rank_03,-63,178.6367153625186,0.02978422318151496,-0.008546945911780617,0.006534481816803821,-0.00547609902286731,0.01734817509396336,-0.010736304224239511
epoch1_on_contrast_rank_03,-62,175.80121194406593,-0.0464009035705948,0.009639640297903755,0.007958169887277801,-0.004905211729067008,0.026005773263908488,-0.011147196930157033
epoch1_on_contrast_rank_03,-61,172.96570852561325,0.015679021096020797,0.019795521593147992,0.00506055210913231,-0.0005178650838026724,0.014390541991864784,-0.013206627200802151
epoch1_on_contrast_rank_03,-60,170.13020510716058,-0.018155192501144363,0.0017396379254714656,-0.0016470986445390745,-0.009773389813884897,-0.000832255986871748,0.006479441637123773
epoch1_on_contrast_rank_03,-59,167.2947016887079,-0.0005904609405544478,0.021028256888837117,0.02844778698802973,0.02258323079653398,0.03546803451179677,0.016494802161819755
epoch1_on_contrast_rank_03,-58,164.45919827025523,-0.014210260928709327,-0.0013688294358073366,0.02611996056187548,-0.00835459968085664,-0.02283959228016221,-0.017425495032529423
epoch1_on_contrast_rank_03,-57,161.62369485180255,0.01670595529436872,-0.006662447474906373,0.03049136774285687,-0.004379992595380147,0.016590708103415917,0.02035665726036321
epoch1_on_contrast_rank_03,-56,158.78819143334988,-0.0131816138771923,-0.01816067326730824,0.015043441381594289,0.0029445478400572656,0.015427728698049738,-0.024563671218562518
epoch1_on_contrast_rank_03,-55,155.95268801489718,0.0038045468119221326,0.056146844891031035,-0.010504466329900257,0.019948599340676207,0.040514476016209514,0.0014917297247007133
epoch1_on_contrast_rank_03,-54,153.1171845964445,-0.010671636689230983,0.05430633253042267,-0.009380340518872286,0.0021797219335433216,0.00696762006114237,-0.03578074968154387
epoch1_on_contrast_rank_03,-53,150.28168117799183,-0.0069441094448351864,0.018282518750769847,-0.03307287404764979,-0.015394884086023318,0.019200988009998303,0.0400436640721331
epoch1_on_contrast_rank_03,-52,147.44617775953915,-0.018971866283076184,-0.020288239661638945,-0.0003241063685291909,-0.0005070633050802062,0.027766454018657384,0.017066177084665943
epoch1_on_contrast_rank_03,-51,144.61067434108648,0.01491048244695923,-0.005274838544606426,0.009818852257961162,-0.0019177055981769928,0.018102421519542722,0.010468404960845383
epoch1_on_contrast_rank_03,-50,141.7751709226338,0.04450986863214375,-0.013681213517529885,0.030777170555140905,0.0070980530772968425,-0.02479396928686057,0.001183622786427481
epoch1_on_contrast_rank_03,-49,138.93966750418113,-0.021036902866778284,0.0348849248114975,-0.0036792668414130716,0.003745442798194311,-0.025470893019586223,0.033534712938263836
epoch1_on_contrast_rank_03,-48,136.10416408572846,-0.011966534782820941,0.015204729510625126,0.023484213616745506,0.0023153320304515404,-0.03669464460103895,0.016982137297019438
epoch1_on_contrast_rank_03,-47,133.26866066727578,0.0329999623473387,0.013051982486314756,-0.040078731392224065,0.017385573267303243,-0.022398602174155263,-0.03783568820741069
epoch1_on_contrast_rank_03,-46,130.4331572488231,-0.019127218734124367,-0.03440062575058585,0.02185759900552712,-0.004162443034751551,-0.004658627627080074,-0.010903859176971856
epoch1_on_contrast_rank_03,-45,127.59765383037043,0.011839406864286924,-0.006017086744242242,0.02370454177431431,0.04946546086563168,-0.011661120209005518,0.003772438340073035
epoch1_on_contrast_rank_03,-44,124.76215041191776,0.0030491034638335246,0.01719132065489476,-0.006634640264605862,-0.02433905620028707,-0.010941476251086171,0.016772821071535778
epoch1_on_contrast_rank_03,-43,121.92664699346507,7.525065534133568e-05,0.011216404912266519,-0.026330164912069166,0.02857817259097853,-0.011210576363610336,-0.02266164880234442
epoch1_on_contrast_rank_03,-42,119.0911435750124,0.016105030093860787,0.028521038996420403,-0.017347036422157826,0.0128077659377848,-0.0002378670023957946,0.011829945769954012
epoch1_on_contrast_rank_03,-41,116.25564015655972,0.041244435385532276,-0.00960583585262808,-0.005163710788292954,0.002868243797593907,0.03401676034738332,0.009119690825367531
epoch1_on_contrast_rank_03,-40,113.42013673810705,-0.006334694820008924,0.01051901586768799,0.007690073473243575,-0.0041485528573783625,0.002088053561710178,0.02880419798221126
epoch1_on_contrast_rank_03,-39,110.58463331965437,-0.007143355745673402,-0.03418605763036179,-0.0032745026838378044,-0.03568076394578102,0.03140065182587382,-0.024207123716679095
epoch1_on_contrast_rank_03,-38,107.7491299012017,0.045335711507213404,-0.024804176931492235,-0.036715705569531985,-0.011167406732700322,-0.0213644442392769,0.01752770996307406
epoch1_on_contrast_rank_03,-37,104.91362648274902,-0.016152786741210103,-0.03757108748246545,0.04443574501090563,0.04952949883044704,0.028544810061344295,0.03136260740956758
epoch1_on_contrast_rank_03,-36,102.07812306429634,-0.02318981701960658,-0.020355805989435295,0.015335344039487428,-0.010982106377595592,-0.020261724979671658,0.011468624571964368
epoch1_on_contrast_rank_03,-35,99.24261964584366,0.05613125240579735,0.019063145669813465,-0.009312676958130504,-0.03115323336181717,0.023085507378119673,-0.005435338368306827
epoch1_on_contrast_rank_03,-34,96.40711622739099,0.01686499745323529,-0.031629763649147255,0.0412846651357767,0.031696322620867315,0.02973135374383351,-0.016744715423511504
epoch1_on_contrast_rank_03,-33,93.57161280893831,-0.02063695596565749,0.012528534835221823,0.0015527495181606038,0.03228638105857786,-0.0049580730038485815,0.0023285055616051945
epoch1_on_contrast_rank_03,-32,90.73610939048564,-0.006033897205112375,0.011049378173878369,-0.013731343396610134,-0.025526304291580273,0.013316297518212096,-0.017117105845410756
epoch1_on_contrast_rank_03,-31,87.90060597203296,0.003799073489430982,-0.02123460811285302,-0.0241174252472156,-0.0245429601782493,-0.006067924988809689,0.015656478746930443
epoch1_on_contrast_rank_03,-30,85.06510255358029,0.0023137475796748547,0.02061794003995044,-0.01661950921894411,-0.009065544328491076,0.02408460244605229,-0.03779696232043716
epoch1_on_contrast_rank_03,-29,82.22959913512761,-0.010482203026787089,-0.0020661328997298584,0.010755605475483897,0.01691621226057405,0.006366603401025579,0.01706215694689405
epoch1_on_contrast_rank_03,-28,79.39409571667494,0.015319967474920433,0.013953267935509023,0.05479398480104298,0.0009516764471415445,-0.014363263599474901,0.016348254690647178
epoch1_on_contrast_rank_03,-27,76.55859229822225,-2.268826791335804e-05,0.008549518946130485,0.0247221370745926,0.007599945905498812,-0.005245614555800832,0.015442227451561277
epoch1_on_contrast_rank_03,-26,73.72308887976958,-0.002532148493641452,-0.0022653190490041913,-0.01545272656355013,-0.015117239435280011,-0.0013910089112939492,0.020704422422002274
epoch1_on_contrast_rank_03,-25,70.8875854613169,-0.006570709924179935,-0.001738142675034908,-0.03111744896016505,-0.014963686128546608,0.010259349789562777,0.0067644079105530636
epoch1_on_contrast_rank_03,-24,68.05208204286423,0.03894739987324789,-0.006229949937951645,0.011084165479745216,-0.02223626515651595,-0.009174849053000658,0.027315010359570402
epoch1_on_contrast_rank_03,-23,65.21657862441155,-0.02353177308683179,-0.006129645616925458,-7.820939348981287e-05,0.03809111900352738,0.020619599683193754,-0.0016254749639611904
epoch1_on_contrast_rank_03,-22,62.38107520595888,-0.011731606323514832,0.024980001504982176,-0.02670892129173305,0.019442697673327708,-0.002151085500919754,-0.007993415679709695
epoch1_on_contrast_rank_03,-21,59.5455717875062,0.016767082958533283,-0.01374478526734349,0.007114680892259154,-0.02953222161196535,0.019453179179624837,0.0027867547141131946
epoch1_on_contrast_rank_03,-20,56.71006836905352,-0.03036166515847631,-0.00957744550327301,-0.026095016455831517,0.04851641055172798,-0.035879688159139105,0.006605886700040704
epoch1_on_contrast_rank_03,-19,53.87456495060085,0.0007687259228093615,0.025003304165801703,-0.01092455477452843,-0.02318454994875188,0.0001728477239467674,0.012148694619414195
epoch1_on_contrast_rank_03,-18,51.03906153214817,-0.0007790541261970402,0.012691706872704663,0.0020440030103689097,0.023974585880934644,-0.009691815809679448,0.005345506802293676
epoch1_on_contrast_rank_03,-17,48.20355811369549,-0.023044380291123767,-0.0067729482481954165,-0.015196570885297633,-0.01202851236744619,-0.018083230855000104,0.02614870354363792
epoch1_on_contrast_rank_03,-16,45.36805469524282,-0.005401860249281666,-0.04698134225244526,-0.04057522755544815,-0.02057964867563654,0.01839445232706819,-0.022091820702261754
epoch1_on_contrast_rank_03,-15,42.532551276790144,0.060808100021352805,0.012687513513993089,-0.027773997617588517,-0.036744929244621145,-0.022987805912433643,0.025323136237681898
epoch1_on_contrast_rank_03,-14,39.69704785833747,0.04409857987430462,-0.028571750928371498,0.036508652752612954,0.037140070697157454,0.029779727334631315,0.014865521465730953
epoch1_on_contrast_rank_03,-13,36.86154443988479,0.009433197166893531,0.012067859376538106,0.01256403459277082,-0.004725862984108514,-0.012044891574560672,0.02643092157907282
epoch1_on_contrast_rank_03,-12,34.026041021432114,0.0009675562739890481,-0.0461613535194662,0.012538929578801088,0.02467606371834398,0.017165843318104917,0.021170320861152038
epoch1_on_contrast_rank_03,-11,31.19053760297944,-0.038046101269215676,0.03136838975837039,0.007887483339691838,0.0012135450619139496,0.00028385401276121575,0.013870691174271456
epoch1_on_contrast_rank_03,-10,28.35503418452676,-0.01081229782653157,-0.011884921325882487,0.011897461882506274,0.030424480838258362,0.015470025845094743,0.043412446857906586
epoch1_on_contrast_rank_03,-9,25.519530766074084,-0.024731880234119992,0.02021487864896969,0.007220504870659131,-0.012879144087692113,0.004946912279897082,-0.01865730469485364
epoch1_on_contrast_rank_03,-8,22.68402734762141,0.010154909005364948,-0.007470247577546829,0.0011050445321915542,-0.012446994777772592,0.022006575147467733,0.013538922228667143
epoch1_on_contrast_rank_03,-7,19.848523929168735,-0.03988720030621905,-0.023368749037228874,0.005769577946431258,-0.0019229083954261164,0.005485606523071292,0.00015840010735165833
epoch1_on_contrast_rank_03,-6,17.013020510716057,0.05868146425337896,0.0222759913027187,-0.0019630306240380133,0.00606611625587522,-0.010051749277031667,0.021864933951851837
epoch1_on_contrast_rank_03,-5,14.17751709226338,0.02513769145965348,0.028653016824232498,0.01833102264652916,-0.021771619998851424,0.03770790052043764,-0.0025595529423888194
epoch1_on_contrast_rank_03,-4,11.342013673810705,-0.0016485694466606068,-0.014063855169470889,-0.003757619321725643,0.0474183924727676,0.03562607447388174,-0.016075982396084515
epoch1_on_contrast_rank_03,-3,8.506510255358029,0.013089226617876183,-0.0031771082293044067,-0.012272466954550462,0.017864741166773446,-0.010026734190312199,-0.015845060203825062
epoch1_on_contrast_rank_03,-2,5.671006836905352,0.010825236005370817,-0.010370014705289393,-0.012409103749859401,-0.00964285549362056,0.01181204302818284,0.004809103051171243
epoch1_on_contrast_rank_03,-1,2.835503418452676,0.010286038258639503,-0.0017699187923257073,-0.045187636751722465,0.024057629139397615,-0.014998891795260962,-0.004520916138090601
epoch1_on_contrast_rank_03,0,-0.0,0.096604569528281,0.010568568061627412,-0.008257369069920861,0.012856786891817872,-0.01303091791391401,0.010412676483009732
epoch1_on_contrast_rank_03,1,-2.835503418452676,-0.009938219615709662,0.010389380574962616,-0.009652125535240516,-0.011385672343211951,-0.03165970145488751,0.015244348156421415
epoch1_on_contrast_rank_03,2,-5.671006836905352,0.01218122812168649,0.028747051690977028,-0.018383593251643085,-0.0027868060712377685,0.016375800121809676,0.02627682226997726
epoch1_on_contrast_rank_03,3,-8.506510255358029,-0.0012063389946011804,0.016944044627920693,0.01014593389464856,0.019157235195311983,-0.02780065549430663,0.010903902694169638
epoch1_on_contrast_rank_03,4,-11.342013673810705,-0.03416255167417229,0.039975391563566644,0.009646066027279084,-0.04894050902137428,-0.007435037449295745,-0.0017115612380211656
epoch1_on_contrast_rank_03,5,-14.17751709226338,0.02606173309199572,-0.004656464010937576,-0.0010521006752819487,-0.023841822127066273,-0.014105839074765189,0.011743330914710408
epoch1_on_contrast_rank_03,6,-17.013020510716057,-0.012502672096196848,0.013283134464955867,-0.03709897657321342,0.018102565360594167,0.006332899236629622,-0.0030370617148041956
epoch1_on_contrast_rank_03,7,-19.848523929168735,0.024586707538222917,0.04409834121265678,0.01256919393505955,0.012468571857331787,-0.012907042033099725,0.0018769392521924902
epoch1_on_contrast_rank_03,8,-22.68402734762141,0.0323553415506816,-0.010248926320438313,-0.053698056071860074,-0.00791993487772271,-0.006622561953813291,-0.021271926423105277
epoch1_on_contrast_rank_03,9,-25.519530766074084,-0.019699724796285963,0.005082326894852822,0.013028857963953151,0.023112071347901213,0.007732260109683191,-0.008894452323657202
epoch1_on_contrast_rank_03,10,-28.35503418452676,0.004098983262046184,0.01966734341196985,0.022977495361610346,0.008755894118665508,0.01600969845578265,0.036368790773127165
epoch1_on_contrast_rank_03,11,-31.19053760297944,0.004722586830082004,0.03337985688259611,-0.007777113439782449,0.013856834497652369,0.029709532047665493,0.017844505074892276
epoch1_on_contrast_rank_03,12,-34.026041021432114,0.009915503498842071,0.027201476950088482,-0.01142817663218998,0.06095974700357107,0.05020165120876524,0.05675678106853575
epoch1_on_contrast_rank_03,13,-36.86154443988479,0.051417201236622426,0.025201190626758928,0.040314648854115204,-0.008850109114644358,-0.030167656116842564,-0.024550539709782652
epoch1_on_contrast_rank_03,14,-39.69704785833747,0.042343210648182514,-0.028716321788108283,-0.008605880577577475,0.016870539764291412,0.029118610673146035,-0.0054469240189862
epoch1_on_contrast_rank_03,15,-42.532551276790144,0.0005339721237828388,-0.005241253481298502,-0.024800336848600703,-0.022098644785188623,0.01895561053713911,0.00548426117575674
epoch1_on_contrast_rank_03,16,-45.36805469524282,-0.013140530537240111,0.007209735156351635,0.005386469975483678,0.012919279043434387,0.004259267308620356,-0.013443923731302924
epoch1_on_contrast_rank_03,17,-48.20355811369549,0.020975625719052864,0.03197072412035286,-0.008349020611571653,-0.03190016235474281,0.016904868345238903,0.02928844289417596
epoch1_on_contrast_rank_03,18,-51.03906153214817,-0.0019251994237699174,0.018207947047467095,-0.026986335188515218,0.01211236049757343,-0.025310322536748725,-0.0005245546974967444
epoch1_on_contrast_rank_03,19,-53.87456495060085,-0.002820601959686163,-0.014937737616533504,0.012990331353710104,0.03436202778812906,-0.006447349744021613,0.006279980929872121
epoch1_on_contrast_rank_03,20,-56.71006836905352,0.029390401631811718,0.019148395765394677,-0.028182177475473844,-0.010939711490644918,-0.01805737090886029,-0.011968750825323754
epoch1_on_contrast_rank_03,21,-59.5455717875062,-0.008564211191458067,0.010355704502074459,0.030285793465382155,-0.006333096299964251,-0.024655184924388895,-0.002241824321932595
epoch1_on_contrast_rank_03,22,-62.38107520595888,0.006798720238610605,-0.019778266753342467,0.0001387383776136203,0.008279312503114658,0.013936167239489261,0.00781084123246021
epoch1_on_contrast_rank_03,23,-65.21657862441155,0.01763680562283186,0.0261887669834397,0.023457390098015354,-0.025478383031057407,-0.04523382155722119,0.014511476052834281
epoch1_on_contrast_rank_03,24,-68.05208204286423,-0.016174717376721943,0.040572147531853835,-0.010482652111124625,-0.004840678856284759,0.020919983860489662,-0.03987428966272006
epoch1_on_contrast_rank_03,25,-70.8875854613169,-0.00791116369064744,0.012021135717171567,-0.0036948867072978397,-0.01658981797718599,0.007925131396649791,0.0024836598843433963
epoch1_on_contrast_rank_03,26,-73.72308887976958,-0.008577845581077131,0.02096353589554356,0.018466615821721363,-0.005430767724632975,0.040845755829526466,0.002504581160882244
epoch1_on_contrast_rank_03,27,-76.55859229822225,-0.015415133605303326,-0.029753042686002817,0.03401374993948078,-0.012320485817715728,0.04361554789762608,0.0458531396141649
epoch1_on_contrast_rank_03,28,-79.39409571667494,0.014026729039080824,-0.020031028612555922,0.04649855869909428,-0.01672487127860519,0.0204997200524063,0.02343420368198177
epoch1_on_contrast_rank_03,29,-82.22959913512761,0.01130307713316666,-0.01964580308593048,-0.013849353835990577,0.0022390460290431582,0.023438178494190436,-0.01820056662962733
epoch1_on_contrast_rank_03,30,-85.06510255358029,-0.031458438725097994,0.019221925235737708,-0.021391009483151043,-0.007184315675739704,0.0028479972059098427,0.0019937767873208848
epoch1_on_contrast_rank_03,31,-87.90060597203296,-0.01837896351404724,-0.01828351134731021,0.01703225724606522,0.022105257983306113,-0.013175294472956615,-0.00015480256137475473
epoch1_on_contrast_rank_03,32,-90.73610939048564,-0.012059140206277456,0.032721809195023974,0.0038439824477440876,0.0036014005952254777,-0.02547245257902863,0.0061343634308650904
epoch1_on_contrast_rank_03,33,-93.57161280893831,-0.007293829988686898,0.002086420963817316,0.009136781550539756,0.006676812375673788,-0.011377962846548968,0.01133848271082484
epoch1_on_contrast_rank_03,34,-96.40711622739099,-0.015907187703467746,-0.03551541316838379,0.0049129488315536735,0.03397531515342416,-0.03432976247707747,0.0035935042585190785
epoch1_on_contrast_rank_03,35,-99.24261964584366,0.016856268303425008,0.0473126678647154,0.011174534401142813,-0.015343282128810067,0.011775010415247221,0.020742802940298677
epoch1_on_contrast_rank_03,36,-102.07812306429634,-7.801976415751366e-05,0.011072911831898409,0.03398276456727141,0.02009369171567836,0.005092120157178873,0.014742677519419552
epoch1_on_contrast_rank_03,37,-104.91362648274902,-0.001623581176654676,0.023419571294660192,0.030141143745733852,0.011323889058166559,-0.016383534684975,0.015023873773865722
epoch1_on_contrast_rank_03,38,-107.7491299012017,0.028476765862666592,-0.02463192627617819,0.031145646210211514,-0.0290043554324556,-0.0036379684448002367,-0.00670003820451847
epoch1_on_contrast_rank_03,39,-110.58463331965437,-0.01134994841155107,-0.009453713061537819,-0.04072590472298299,0.01524114932074716,-0.025390456031639877,0.023943616299549178
epoch1_on_contrast_rank_03,40,-113.42013673810705,-0.005805130436648653,0.0004543528911209252,-0.010639101955382667,-0.012626231712456575,-0.021635712964238232,0.024261701263019984
epoch1_on_contrast_rank_03,41,-116.25564015655972,-0.015224096461970545,-0.0017498931391074848,0.016725065880749276,0.0019309384769922652,-0.02214621214077498,-0.0050283832796102
epoch1_on_contrast_rank_03,42,-119.0911435750124,-0.008214095642381174,-0.024910883817764247,-0.0154170988113927,-0.009414950173663554,0.0045382569399654155,-0.004861212245945178
epoch1_on_contrast_rank_03,43,-121.92664699346507,0.007758634132442939,0.004115284563668824,-0.03479479476895943,-0.027381222325013152,0.009806182685305663,0.015782581612195937
epoch1_on_contrast_rank_03,44,-124.76215041191776,0.0042483463031337265,-0.008435300168749306,-0.0021884109653146286,0.029674929305472587,0.012070626144373625,0.002212651516013832
epoch1_on_contrast_rank_03,45,-127.59765383037043,0.0005912010269929005,0.03248244941239216,-0.0012877417391609913,0.007718194809352243,0.04235502316329893,0.026999174028139186
epoch1_on_contrast_rank_03,46,-130.4331572488231,-0.005164417439448031,0.018363184733711978,0.01582780572862589,-0.006579784677731598,0.011044426868564994,0.024503266911209284
epoch1_on_contrast_rank_03,47,-133.26866066727578,0.0013028175612277912,0.04331562260338572,-0.004214755820489149,-0.001600023577139377,0.023689642396774922,-0.005170582019569735
epoch1_on_contrast_rank_03,48,-136.10416408572846,-0.013291423396659369,0.010280795484686439,0.029104364285589816,0.024776107456900766,-0.025108754012203964,0.0006601172684149656
epoch1_on_contrast_rank_03,49,-138.93966750418113,0.04782252221037969,0.030518042733203937,0.004909284151747309,0.04209831999594931,-0.031071664352096018,0.0027376856042868325
epoch1_on_contrast_rank_03,50,-141.7751709226338,0.006632693295731587,0.015498433191718168,-0.003325076182065803,0.043703929478688064,0.0180392260901689,0.06279769588666048
epoch1_on_contrast_rank_03,51,-144.61067434108648,-0.0203638057259201,0.015119087725193596,0.0011955791873247065,-0.0022596740852311517,-0.03679401241187332,0.024511158403238288
epoch1_on_contrast_rank_03,52,-147.44617775953915,-0.008552243773519902,0.005977047404116427,0.02677363906238784,0.014068051771040709,-0.003892792067320877,0.01701569374580078
epoch1_on_contrast_rank_03,53,-150.28168117799183,0.05297516147552986,0.005564869740389625,-0.0029648595023884644,-0.00479502120159625,0.033945858219798536,-0.0016643626238388096
epoch1_on_contrast_rank_03,54,-153.1171845964445,0.010145660442197155,0.005606303520797426,0.03822533301774181,-0.000114188944853294,-0.02978929719355409,-0.014320760678767627
epoch1_on_contrast_rank_03,55,-155.95268801489718,0.010392042547064932,-0.014029437569109383,0.008551338666887238,-0.025254843330349656,-0.03304290460869499,-0.015404858527278957
epoch1_on_contrast_rank_03,56,-158.78819143334988,-0.0035870106206096833,0.03385323582570704,-0.018624259601915744,0.026708592375687706,-0.02521377318066803,0.04497744653477939
epoch1_on_contrast_rank_03,57,-161.62369485180255,0.028149638560868016,-0.01921390026579512,-0.02675909056902115,0.027584519959181243,-0.01733744189213983,0.026548876891219958
epoch1_on_contrast_rank_03,58,-164.45919827025523,0.011089094035148385,0.007494661800260559,0.03746398267811453,0.008925198956920198,0.010859943376116253,-0.00693730004604326
epoch1_on_contrast_rank_03,59,-167.2947016887079,0.004672728732046515,-0.029859170298307765,-0.011988892503216234,0.001292896790060269,0.012731896141710108,0.07482519885631035
epoch1_on_contrast_rank_03,60,-170.13020510716058,0.024120596820338583,0.023893820011148863,0.035513968589149,0.0014051295194129898,-0.014589225162843791,-0.015092222613640245
epoch1_on_contrast_rank_03,61,-172.96570852561325,-0.009708469934251458,0.009537369682585957,-0.0036375677109571,0.013840547055050452,-0.04804301077802448,-0.014759005414818435
epoch1_on_contrast_rank_03,62,-175.80121194406593,-0.007996743518828467,0.017238847902560507,0.012478922583967697,0.019779593538398886,-0.030601682293489862,-0.0053295836995706225
epoch1_on_contrast_rank_03,63,-178.6367153625186,0.025314079562542786,0.05143696202621516,0.016547335706814603,0.006762159849374137,0.022040253228733472,0.018741932949031502
epoch1_on_contrast_rank_03,64,-181.47221878097128,-0.008689651627794705,-0.012928090382088891,-0.027076888065483307,0.046464871857885545,0.0037529140085554025,-0.014644302635970254
epoch2_on_contrast_rank_01,-64,181.47221878097128,0.018374835357567718,-0.008779195147601962,0.008340214191605716,-0.009445191500096352,0.009559271338888786,0.013120607205371143
epoch2_on_contrast_rank_01,-63,178.6367153625186,-0.004283040883331743,0.033505587224231345,-0.012362142406873673,-0.02198703927878031,-0.030941933065305877,-0.0035738482621937226
epoch2_on_contrast_rank_01,-62,175.80121194406593,0.05256119724242984,-0.015082170669812524,0.03223835245096522,0.023228017193024343,0.025572922730656505,0.00035874993326552584
epoch2_on_contrast_rank_01,-61,172.96570852561325,0.005470828771997435,0.02823333014648083,-0.011415548622137443,0.043475268824710186,0.00025789936640600863,-0.02269042784933789
epoch2_on_contrast_rank_01,-60,170.13020510716058,0.05526215624171735,0.03581519344829393,0.016297059166618756,0.02033759568433663,-0.023797033520148392,-0.004940074379067773
epoch2_on_contrast_rank_01,-59,167.2947016887079,-0.00494616121742248,-0.033057999831981745,0.021140625909235995,0.013173747307530521,-0.016407926009384323,-0.01253554111874193
epoch2_on_contrast_rank_01,-58,164.45919827025523,0.01155835115396487,0.026652673043627978,0.013286621846649097,0.024632650993975706,-0.023841987810433674,-0.028950787701800748
epoch2_on_contrast_rank_01,-57,161.62369485180255,0.04846948695470615,0.018987070610543083,-0.018253786623194636,-0.012370817669662859,0.00873778667748095,-0.021670043025894356
epoch2_on_contrast_rank_01,-56,158.78819143334988,-0.018689720380642517,0.016445153647846232,-0.00013034360981933196,0.003368421485084039,0.037350710915426605,-0.008127377118962803
epoch2_on_contrast_rank_01,-55,155.95268801489718,0.01045875178198228,-0.009602368210106724,0.012722586449195425,-0.046282168973875805,0.07532774945617722,-0.029378768878071553
epoch2_on_contrast_rank_01,-54,153.1171845964445,0.01673495362169855,-0.016461725785866556,0.0034077995686034035,-0.014271025191850972,0.03836457723022848,-0.010322046600962968
epoch2_on_contrast_rank_01,-53,150.28168117799183,-0.010703800686913498,-0.0024045490967825114,0.00022582319494560132,-0.01263674747695303,0.010548827489501408,0.036319646157755736
epoch2_on_contrast_rank_01,-52,147.44617775953915,-0.019327856501491443,0.047247771985349546,-0.002845583810357863,0.050464170815791125,0.037158450514318694,-0.01035682459395841
epoch2_on_contrast_rank_01,-51,144.61067434108648,-0.00995720195803497,0.01129184573174874,0.012942668110609998,0.029879907558656,0.021415209137537056,0.0163766967325423
epoch2_on_contrast_rank_01,-50,141.7751709226338,0.003904011156461086,0.003678741153727856,-0.0018838266573675544,-0.0018832955444270452,-0.008883119005869813,0.005521611873998418
epoch2_on_contrast_rank_01,-49,138.93966750418113,0.0355233760264062,-0.0036622741340125997,0.029881727618463888,0.002130414190778647,0.05815025007734193,0.030929806238205376
epoch2_on_contrast_rank_01,-48,136.10416408572846,-0.027446511401662696,0.009730165223777613,0.06611292486880177,-0.0067145111701781765,-0.05380535647333716,0.02940246694097548
epoch2_on_contrast_rank_01,-47,133.26866066727578,-0.014400709598093482,0.034152543200297814,0.0048094878010370296,-0.031813241796652535,-0.020792200703806545,0.0013453052254312828
epoch2_on_contrast_rank_01,-46,130.4331572488231,0.00602765328934541,-0.055681553973175014,0.03261841641032754,0.04058898160322867,0.020847868088180607,-0.036031807295892934
epoch2_on_contrast_rank_01,-45,127.59765383037043,-0.008380798823648894,-0.00636826020455037,0.017875427085062977,0.041047763277121306,0.06937689689878772,0.041685329676059764
epoch2_on_contrast_rank_01,-44,124.76215041191776,0.03350847159588094,-0.01108201655716231,0.028726886241277463,0.04823671503627607,0.03334436623531552,-0.024363491791260877
epoch2_on_contrast_rank_01,-43,121.92664699346507,0.018120006986958655,0.0013791680374116988,-0.02469653029763122,0.027792726898275145,0.013325946501159258,-0.05566580788074777
epoch2_on_contrast_rank_01,-42,119.0911435750124,-0.033172817347989006,0.027012852574740183,0.05850554788297556,0.02806696013232053,0.01379381598290362,0.009274628953538956
epoch2_on_contrast_rank_01,-41,116.25564015655972,-0.0032187820997731653,-0.0071163456745990394,-0.015424966394165504,0.043616537421297466,-0.023562562207497757,0.013605287133249253
epoch2_on_contrast_rank_01,-40,113.42013673810705,0.018088517338541,-0.03535645081727173,0.039976693807376014,0.04003050804721582,0.020209198857643065,-0.007073110368585482
epoch2_on_contrast_rank_01,-39,110.58463331965437,-0.003218483127946044,-0.027842550886628528,-0.011960539363067346,-0.01173640880059161,0.053367471487240296,-0.07725593543069384
epoch2_on_contrast_rank_01,-38,107.7491299012017,0.012867858145469667,-0.01314560947190048,0.03279050761628267,-0.0020861377299381395,0.047744210172694694,0.015214130801164648
epoch2_on_contrast_rank_01,-37,104.91362648274902,-0.03118249725323368,-0.004562148199019317,0.022236933514061856,-0.024918472529897345,0.0033706909985417935,0.035331923468801534
epoch2_on_contrast_rank_01,-36,102.07812306429634,0.03766437004656607,0.04876608061234179,0.030133467410575036,0.002141873531257249,-0.018475510911791206,0.06392754693224596
epoch2_on_contrast_rank_01,-35,99.24261964584366,0.033978627731282345,0.03839538607539974,-0.0059283160362012186,-0.018988039263907852,0.0019508864718354238,-0.002168210722151398
epoch2_on_contrast_rank_01,-34,96.40711622739099,-0.002387022876531454,0.025376258089177407,-0.015560787753276281,0.033416858302516644,-0.024551926741965366,0.02277418820276625
epoch2_on_contrast_rank_01,-33,93.57161280893831,0.032430832483913256,-0.0026502280573098766,-0.014627594280832885,-0.02119242914707662,0.04317976012546259,0.0051715305903143605
epoch2_on_contrast_rank_01,-32,90.73610939048564,0.029718777286647687,-0.04269830528032894,0.023650300918417362,-0.01213219640763958,-0.015516191628610954,0.0259867076450346
epoch2_on_contrast_rank_01,-31,87.90060597203296,-0.01425207257046942,0.048853535782742666,0.008058656729763823,-0.03073647821959525,-0.014062465830377957,-0.00484473337619043
epoch2_on_contrast_rank_01,-30,85.06510255358029,-0.013037431616588935,-0.04339431872375333,-0.028303979552728252,0.047173902048180914,-0.000598632994853264,0.04483402091868744
epoch2_on_contrast_rank_01,-29,82.22959913512761,-0.04727878182722588,0.010900983250473138,0.002828320031414311,0.022187779998278437,0.02831989047237194,-0.014560380042322713
epoch2_on_contrast_rank_01,-28,79.39409571667494,0.03695574172156385,-0.031348993618473604,-0.008687833367472093,-0.013709526107228871,-0.027691120066201357,0.007248759640881862
epoch2_on_contrast_rank_01,-27,76.55859229822225,0.04086723129859658,0.000642083607480956,0.05028875160230482,0.0020354766047996214,-0.0017967932365279826,0.037854230251822794
epoch2_on_contrast_rank_01,-26,73.72308887976958,0.0055710802080814956,-0.021479402563456255,0.007153240599873899,0.007724002117893411,0.07048258689916329,0.0051963774256992
epoch2_on_contrast_rank_01,-25,70.8875854613169,-0.0008743027389559038,-0.024123251733613557,-0.010755793587216018,-0.017271197759861287,0.0411684055563885,-0.03160638214601635
epoch2_on_contrast_rank_01,-24,68.05208204286423,0.016150795024990137,0.029102408579467588,0.01573042201611119,0.03460730075599911,-0.04833255323463384,0.03009364522486923
epoch2_on_contrast_rank_01,-23,65.21657862441155,-0.0008553842696226027,0.005995392504204354,0.03805416975375604,0.061717413584153544,-0.03134611305667306,0.01692635502354923
epoch2_on_contrast_rank_01,-22,62.38107520595888,0.0046794979295223735,0.027428633560131227,-0.009078447500629326,0.04808175863250733,-0.009325143013015708,-0.02900484443956259
epoch2_on_contrast_rank_01,-21,59.5455717875062,0.009227968490103225,0.029850059397709537,0.016889623607062268,-0.016524282334692608,-0.017390666996502636,0.053115649015078564
epoch2_on_contrast_rank_01,-20,56.71006836905352,0.05820113324284266,-0.021871572512615678,0.03486829539514772,0.014229206361258157,-0.02015615196857267,0.0012751495102600596
epoch2_on_contrast_rank_01,-19,53.87456495060085,-0.07222606968941127,0.05373023737003073,0.025835315397465704,-0.03995406025072163,-0.004820404617015814,0.021456109554393983
epoch2_on_contrast_rank_01,-18,51.03906153214817,-0.017225244415141117,0.051582489493890486,0.0037900870148175406,-0.0073347351966940935,-0.03646116541494168,0.0035319425765303405
epoch2_on_contrast_rank_01,-17,48.20355811369549,-0.018588445928739802,0.013847728405001862,-0.005318956658782681,0.010269674276414065,0.02210890806932142,0.02054839181799574
epoch2_on_contrast_rank_01,-16,45.36805469524282,0.02488505323052368,0.007585337565235779,-0.020919076276800445,0.02406986239896948,0.017277483660257116,0.05409672146496501
epoch2_on_contrast_rank_01,-15,42.532551276790144,0.00939326928038145,0.009054636640280833,0.013204622006965677,-0.02110131440230828,-0.041432160571105416,-0.014769624436686356
epoch2_on_contrast_rank_01,-14,39.69704785833747,0.0001839603561316558,-0.035764806551748525,0.0019545190550434716,0.021368982851874788,0.008205082554934205,0.002989419268186966
epoch2_on_contrast_rank_01,-13,36.86154443988479,0.01710455860329671,0.013086851994340329,-0.005016475156518201,-0.00046284905853236774,0.014191711359553577,0.01698747447439662
epoch2_on_contrast_rank_01,-12,34.026041021432114,0.05559529332478451,-0.005212511887794216,-0.03172208556212824,-0.028440002923188663,0.031126061088837927,0.030512439843415944
epoch2_on_contrast_rank_01,-11,31.19053760297944,0.012291806378220485,0.016451291283391026,0.009545601553177158,0.0005871895871042976,0.0032321815268272006,-0.006203805039425164
epoch2_on_contrast_rank_01,-10,28.35503418452676,0.018519104860130954,0.006264269343972416,0.04171515352963222,-0.016438140503446302,0.021297501091386686,0.025846622342395965
epoch2_on_contrast_rank_01,-9,25.519530766074084,0.012432482874752362,-0.02552418564205436,0.03752569874775246,0.02966340317382607,0.00023572010759249223,0.00851859300190342
epoch2_on_contrast_rank_01,-8,22.68402734762141,0.0443991327795486,0.04141579236648022,0.008441829039932618,-0.026232323105038674,0.0337070961777328,0.01813482044695719
epoch2_on_contrast_rank_01,-7,19.848523929168735,0.000735175725836798,-0.025077476231822528,-0.001424009755873229,0.044659938474183,-0.005580589582799687,0.011776034322218937
epoch2_on_contrast_rank_01,-6,17.013020510716057,0.01070077806010132,0.030827629562100063,-0.014373976090069157,-0.038439721009356546,0.01071298231169835,-0.029558928340230578
epoch2_on_contrast_rank_01,-5,14.17751709226338,0.006024055472294884,0.027474639913636016,0.01743695834211885,0.0061763044337460465,0.018637029023140253,0.010942288289002164
epoch2_on_contrast_rank_01,-4,11.342013673810705,0.016559429599621082,0.010492182130080123,0.06439999259189501,-0.029399883005242308,0.0641247207633661,0.04915328994491836
epoch2_on_contrast_rank_01,-3,8.506510255358029,0.06702255017097083,0.015929856661230236,-0.0039806827839964365,0.031791071350724384,0.016166516115120433,-0.009264282525714373
epoch2_on_contrast_rank_01,-2,5.671006836905352,-0.035629472787047,0.03586898389091089,0.0013811754890598188,0.006848619157788123,-0.04103158638596394,0.023403006999444233
epoch2_on_contrast_rank_01,-1,2.835503418452676,0.018589132663839887,0.02923313323782919,0.051089808807138065,0.03548859565251447,0.001554726253164898,-0.018838282856927027
epoch2_on_contrast_rank_01,0,-0.0,0.0008963579667590552,-0.0017469742638908936,0.13918655445268174,-0.016271527288495888,0.022286971251881935,-0.025923970639835613
epoch2_on_contrast_rank_01,1,-2.835503418452676,-0.038236666203780544,0.014842406949851276,-0.008390668205237518,-0.011273080340324197,-0.0034926582843183493,-0.011439101181709314
epoch2_on_contrast_rank_01,2,-5.671006836905352,-0.039562508650159436,0.04835898881587084,-0.0009903687004879994,-0.007083529017987207,0.023214476742819005,0.00843561494366675
epoch2_on_contrast_rank_01,3,-8.506510255358029,0.011954448213200984,-0.03165197335189362,0.035644924685579484,0.008593868237759802,0.0066652996025009445,-0.009486653598133471
epoch2_on_contrast_rank_01,4,-11.342013673810705,0.021815774115062032,0.014395098698698622,-0.0059219972522763925,-0.03134809550129154,-0.04147191348014198,0.03124395571677479
epoch2_on_contrast_rank_01,5,-14.17751709226338,-0.04831945266463373,-0.008550825613277628,0.03834560312445037,-0.052426487334931694,-0.01370561050620741,-0.016167176825861072
epoch2_on_contrast_rank_01,6,-17.013020510716057,0.021225382084508707,0.02672250476630337,-0.025424496978212648,-0.03807646581357182,-0.0009235081176745194,0.010384637408890882
epoch2_on_contrast_rank_01,7,-19.848523929168735,0.003725198240905378,-0.0013784345138805332,-0.008030649308832884,-0.02355840350097225,-0.0031483096296945623,-0.0026243011085140683
epoch2_on_contrast_rank_01,8,-22.68402734762141,0.016475716127209654,-0.036404230559379296,0.03739538890043629,-0.0005311732109634926,-0.026290277993714813,-0.03440711644799419
epoch2_on_contrast_rank_01,9,-25.519530766074084,-0.012293680488126874,0.006600656659266686,0.002428543891184562,-0.029488807933274283,-0.04019317345240552,0.016227853988692247
epoch2_on_contrast_rank_01,10,-28.35503418452676,-0.05015288136865634,-0.034240822050590855,-0.007355393742467881,0.032135153574904624,-0.01233839254835712,-0.03373499273667746
epoch2_on_contrast_rank_01,11,-31.19053760297944,0.019536045589400718,-0.017175211576184575,-0.018905288724059735,-0.02287288589342215,-0.020541123484189232,-0.012772362394433148
epoch2_on_contrast_rank_01,12,-34.026041021432114,-0.07233005098670753,-0.04796865947646423,0.011000339659491307,-0.037252533223301694,-0.02583059022212228,-0.03235063739797493
epoch2_on_contrast_rank_01,13,-36.86154443988479,0.013902360187958637,-0.022638334796130012,0.004992905223348575,0.03082110156743944,0.038456150246353356,0.03642000338335025
epoch2_on_contrast_rank_01,14,-39.69704785833747,0.013267492586951271,0.013971521066091307,0.013346261754845871,-0.001495234886513111,0.011475415783247268,0.0018092879681032223
epoch2_on_contrast_rank_01,15,-42.532551276790144,0.00526883634494054,-0.048304117420192985,0.0007635072867647544,-0.01889092613202476,-0.015191231757773788,-0.0010246079915270795
epoch2_on_contrast_rank_01,16,-45.36805469524282,0.009887470375433936,-0.03558010522002344,-0.0021743256163348212,0.022041586257246337,0.04767437547167964,0.007397875917923749
epoch2_on_contrast_rank_01,17,-48.20355811369549,0.017297812585018287,0.023477272486305496,-0.034342578593827104,0.05024991108379231,-0.005968989550310451,0.03188587368209625
epoch2_on_contrast_rank_01,18,-51.03906153214817,-0.03540084222929565,0.007278466386889462,-0.002889563414365255,-0.021253707873050837,0.028799190177554133,0.03411848314055505
epoch2_on_contrast_rank_01,19,-53.87456495060085,-0.009130174023817064,-0.011381521983829024,-0.009411299747305708,-0.009257226656652344,0.032408510383169886,-0.016843720166775218
epoch2_on_contrast_rank_01,20,-56.71006836905352,0.005177597660087907,0.015815246013534956,0.005777682211624037,0.000999919712425766,-0.013983212891382053,0.010599289243218082
epoch2_on_contrast_rank_01,21,-59.5455717875062,-0.005772826866296474,-0.022521014201423432,-0.001703682245912122,0.011040521297279532,-0.0024944958398213507,0.008386068251141472
epoch2_on_contrast_rank_01,22,-62.38107520595888,-0.04755044927560121,-0.004000637276866004,-0.04587401514085235,0.04636527565867385,0.029252652594752307,-0.02262345050304164
epoch2_on_contrast_rank_01,23,-65.21657862441155,-0.009733964873096267,0.0029483541533665628,0.033312600358991196,-0.0010879064917641915,0.0076278254058341766,0.03055731600004876
epoch2_on_contrast_rank_01,24,-68.05208204286423,-0.022986625067952376,-0.02895453821286708,-0.015337406064487281,-0.001702544764323688,0.051543740814303726,-1.4276670985066686e-06
epoch2_on_contrast_rank_01,25,-70.8875854613169,0.022492855855055977,0.00466394389365294,0.02685423708972002,-0.02661421283450941,0.0002283393965741773,-0.012520764843208548
epoch2_on_contrast_rank_01,26,-73.72308887976958,-0.0036763964645157576,0.023588609159507536,-0.023944729474736894,-0.005755929536075517,-0.0222197971143279,0.04319888075877415
epoch2_on_contrast_rank_01,27,-76.55859229822225,0.01320061092384283,0.028181689531062204,-0.006321665386793615,-0.04735419422495004,-0.022656244477351352,-0.003310346713057362
epoch2_on_contrast_rank_01,28,-79.39409571667494,0.02989118586082208,-0.006168708160970544,0.006630930969613431,0.06397900315869721,-0.017905351541576395,-0.032964765023182685
epoch2_on_contrast_rank_01,29,-82.22959913512761,0.0028143664604577054,-0.006950439888448602,0.01586359730847057,-0.00850972696050089,-0.018653679406090765,-0.00036609007021853185
epoch2_on_contrast_rank_01,30,-85.06510255358029,0.007982553041667687,0.026138630570898443,-0.012427141756845651,-0.036759388475601555,-0.0037330388645873194,-0.03370600566732842
epoch2_on_contrast_rank_01,31,-87.90060597203296,0.01828594229980371,0.028357645960656118,0.01339483547417486,0.020056896857498355,0.02632446985351366,-0.03481512021657999
epoch2_on_contrast_rank_01,32,-90.73610939048564,0.018213172368668026,0.00093111260389038,-0.007138484367946098,0.0033710803397528147,0.009087075128091857,0.039625646124530706
epoch2_on_contrast_rank_01,33,-93.57161280893831,-0.0006652039945384061,-0.05374000322104172,-0.015281892686299627,-0.02752687359907017,-0.008629279119022282,0.0070021630594169285
epoch2_on_contrast_rank_01,34,-96.40711622739099,-0.008185260322394458,-0.004720080167930109,-0.011014286141067427,0.03173510167221915,0.003916874123637733,-0.04764464086881167
epoch2_on_contrast_rank_01,35,-99.24261964584366,0.06220057111084675,0.021734155136312723,0.0008699436860375442,-0.03513172294742824,-0.020087289363854136,0.020762044679853674
epoch2_on_contrast_rank_01,36,-102.07812306429634,0.034459395709150915,0.01876626687947034,0.017124371227804518,0.015176982952186793,0.03601300071516048,-0.017547073980471277
epoch2_on_contrast_rank_01,37,-104.91362648274902,0.0003985833547956105,-0.01356351737582135,0.038114391381030156,0.020662350355305482,0.02021888781627483,-0.018441478225492094
epoch2_on_contrast_rank_01,38,-107.7491299012017,0.04339506380186678,0.007807028618330027,-0.0337969168027732,0.021974720755922925,0.027386541154777497,0.0317906327881564
epoch2_on_contrast_rank_01,39,-110.58463331965437,0.02962381205719474,0.035211111326375596,0.02763207893547001,-0.04791245669200008,0.006685626760632439,0.03874647274811778
epoch2_on_contrast_rank_01,40,-113.42013673810705,0.0005766821460618382,0.02169520132280041,0.042743294602659215,0.01627948325339494,0.005037239544262211,-0.027071174219304807
epoch2_on_contrast_rank_01,41,-116.25564015655972,0.047535695632456326,0.011236249344594162,-0.004781821266468651,-0.037834243955844525,0.010242263122979815,-0.009093343760608691
epoch2_on_contrast_rank_01,42,-119.0911435750124,-0.023486399228524163,0.0045921118377750675,0.02755551519163947,-0.007843399811701568,0.029499917666821182,-0.048230316525747004
epoch2_on_contrast_rank_01,43,-121.92664699346507,-0.013569770424849484,-0.0012773135437202515,0.039992722815495645,0.038099259910769574,0.0157127410163454,0.036525130213749445
epoch2_on_contrast_rank_01,44,-124.76215041191776,0.04438766901143552,0.038416790800501026,-0.01810011154606355,0.000628278293775486,0.01605734285974459,-0.01603401026128732
epoch2_on_contrast_rank_01,45,-127.59765383037043,0.004209547795956309,-0.021291212536205244,0.040000828805279866,0.007321952963504304,0.030421923591925103,-0.003268347989350426
epoch2_on_contrast_rank_01,46,-130.4331572488231,-0.00871805583994182,0.018565948608879647,-0.038986511574683365,-0.00016926366095403045,-0.03887626785411209,-0.006562901840234732
epoch2_on_contrast_rank_01,47,-133.26866066727578,0.00016964932753205791,0.014746669664460026,0.05702529950311063,0.014174021950511408,-0.0038253941701637748,0.022881926356321712
epoch2_on_contrast_rank_01,48,-136.10416408572846,0.009900658580431612,-0.01547581059693913,-0.011778489883998794,-0.03288335418245492,0.01153216047293465,0.0004956888570444712
epoch2_on_contrast_rank_01,49,-138.93966750418113,0.015834397584811824,0.0029019615504904187,-0.011415054459285104,0.013627079696475065,-0.004707300600948851,-0.023931447775885843
epoch2_on_contrast_rank_01,50,-141.7751709226338,0.01735123798483549,0.01189010907364052,-0.02504346182050088,-0.0006839001937962857,-0.00766557727150341,-0.0031534907644280297
epoch2_on_contrast_rank_01,51,-144.61067434108648,0.0319175816684528,0.011111273980881978,-0.0029751439915027406,-0.014800348678991743,0.015702434546379332,-0.018153821918697362
epoch2_on_contrast_rank_01,52,-147.44617775953915,-0.04459897122968425,0.0133800591652277,-0.009606213610041617,0.012282660087961784,0.0024392852908848156,-0.022491108943730964
epoch2_on_contrast_rank_01,53,-150.28168117799183,0.023135613895692984,0.02897698945926471,0.009000863073366686,0.03334773692288117,-0.05202887665208076,0.026836797333438293
epoch2_on_contrast_rank_01,54,-153.1171845964445,0.031567191206464756,-0.024064651704869232,-0.018177556503450168,0.023516839294237722,-0.035100488052915296,-0.01997364086052178
epoch2_on_contrast_rank_01,55,-155.95268801489718,0.003137750582058847,-0.029606746493381526,-0.02776229269353813,0.016533505150184022,0.01628278049189979,-0.0050155009256102195
epoch2_on_contrast_rank_01,56,-158.78819143334988,-0.005793896843091041,-0.005199541924967091,0.009981660979255673,-0.012405900092558875,0.035776850316815184,0.03742376064932389
epoch2_on_contrast_rank_01,57,-161.62369485180255,0.0023935653323791106,-0.03129794744272722,-0.01295611882304331,0.0030731536201303797,-0.022901284480913338,-0.007396970066816874
epoch2_on_contrast_rank_01,58,-164.45919827025523,0.0021813526249597134,0.004222738545950573,0.012218803437286506,0.01436619815346777,0.008450685113098412,-0.013434873387137163
epoch2_on_contrast_rank_01,59,-167.2947016887079,0.07401670554102247,-0.016663971587701665,0.013900951699819378,0.025829627932698614,-0.00909640391180163,-0.01352658549190365
epoch2_on_contrast_rank_01,60,-170.13020510716058,0.013423674645574368,-0.04704671376373559,0.03755853598732119,0.009896327535714365,0.03857824222558443,0.026182510548144952
epoch2_on_contrast_rank_01,61,-172.96570852561325,-0.026286127972192666,0.0172537605272532,-0.025905129533520088,-0.022569491138116654,0.0013897985301202856,0.038283520196147454
epoch2_on_contrast_rank_01,62,-175.80121194406593,0.013648257949485425,0.01248581055063383,-0.03546394340652487,-0.007173557585802147,-0.005089249818848826,-0.02751871272148891
epoch2_on_contrast_rank_01,63,-178.6367153625186,0.000929502151316125,-0.02664341470834969,0.011506706994254143,0.03721440115373847,-0.019871617690055042,0.005404379670661978
epoch2_on_contrast_rank_01,64,-181.47221878097128,0.014923893534774968,-0.004369120567664669,0.007879492008912324,0.013526160224698963,-0.007365746612314275,0.022092849183712543
epoch2_on_contrast_rank_03,-64,181.47221878097128,0.037787488674627924,-0.004611453489064665,0.0032968916254499103,-0.004800065294243951,0.02338049942452608,0.06556800983597622
epoch2_on_contrast_rank_03,-63,178.6367153625186,-0.01632345273304285,0.013523093986900124,0.0021359849454953075,0.0017525398039587164,-0.007065588068640369,0.005843064611413103
epoch2_on_contrast_rank_03,-62,175.80121194406593,0.0026549982890928803,0.023797430091661118,0.031985573526391226,-0.011283887890784286,0.016965876261489155,-0.03332904522406458
epoch2_on_contrast_rank_03,-61,172.96570852561325,-0.002831246186891366,0.005913415638554943,-0.007860883465705307,0.005502858505138021,-0.0007032163371316208,-0.0004977063149416844
epoch2_on_contrast_rank_03,-60,170.13020510716058,0.017587231648504967,-0.013381705463212074,0.009001105809047671,0.033847074666875185,0.0465093806285792,0.019335607645931757
epoch2_on_contrast_rank_03,-59,167.2947016887079,0.001743336167829429,-0.012918143836946488,0.0022960957988820835,0.005790837818167048,0.015447815230908567,0.0026692568983892676
epoch2_on_contrast_rank_03,-58,164.45919827025523,-0.0008578668675724849,0.03255511763790423,-0.005509429567162334,0.01690492485295258,-0.03372138339277834,0.015589769474548619
epoch2_on_contrast_rank_03,-57,161.62369485180255,-0.006848724304145938,-0.01016999803852326,0.018920195779171117,0.019366966072796678,-0.016780120852160643,0.01196603902920429
epoch2_on_contrast_rank_03,-56,158.78819143334988,-0.005204216244621883,0.016422778165281156,0.0006665025994410656,0.015209200608802716,0.0025313424765614004,0.009846478658962765
epoch2_on_contrast_rank_03,-55,155.95268801489718,0.014886149694995857,-0.0004721714467045626,0.0053950264968468525,-0.0072735041065305,0.03212459734274254,0.02121078604257282
epoch2_on_contrast_rank_03,-54,153.1171845964445,0.009102581966629796,0.00031605453708874465,0.03126523628933814,0.010627479511781033,0.0024832816659241877,0.016142031327320575
epoch2_on_contrast_rank_03,-53,150.28168117799183,0.003745768799437589,0.0021917750562723617,-0.00230183545815571,-0.003316652879828859,-0.007512145825700901,-0.011737054234878606
epoch2_on_contrast_rank_03,-52,147.44617775953915,0.00669825709892314,-0.029480796137520193,-0.011423428114973468,-0.010270608172612085,-0.013304753891885505,-0.010915537410101546
epoch2_on_contrast_rank_03,-51,144.61067434108648,0.03257960062814015,0.013182658552014406,0.002683084995901551,0.004158175244489165,0.023443612140738743,0.024908592857337306
epoch2_on_contrast_rank_03,-50,141.7751709226338,-0.010793272472067725,-0.01612424082074023,-0.025663922292447024,-0.01901609051092719,0.03290003782569507,0.019502670743112238
epoch2_on_contrast_rank_03,-49,138.93966750418113,0.018039184483435222,-0.0032981571954963165,0.024027494447571053,0.004001505919716125,-0.004163743268698464,0.011739400349585809
epoch2_on_contrast_rank_03,-48,136.10416408572846,0.017253647145859863,-0.023735945434034844,-0.00269109453771664,-0.017037247737061383,-0.018552831073066434,0.006662612518957306
epoch2_on_contrast_rank_03,-47,133.26866066727578,-0.00946039229309497,-0.012691892271816742,0.003401885805049236,-0.006797450799910308,-0.01803988071427117,-0.027260103953975184
epoch2_on_contrast_rank_03,-46,130.4331572488231,0.004111403077022985,-0.00676919498227313,-0.01623625331740064,0.01279724820118222,-0.002588184828556432,0.028092015452469726
epoch2_on_contrast_rank_03,-45,127.59765383037043,-0.0012556707051435793,-0.02554759458623575,-0.007468020020435964,-0.012917778829713573,0.033240706999188234,0.0020614953535510808
epoch2_on_contrast_rank_03,-44,124.76215041191776,-0.022289588593450108,-0.013647429041086012,-0.02341390132309444,-0.015117390101844291,0.0008029645993675588,-0.03125016799840498
epoch2_on_contrast_rank_03,-43,121.92664699346507,0.012609605702330821,0.0014653198656084804,-0.011707843014645572,0.017361174822725,-0.009026806704244078,-0.00443530243748385
epoch2_on_contrast_rank_03,-42,119.0911435750124,0.024522361893256787,-0.005390790079276557,-0.01640680649719407,-0.004191980468606422,0.02185638296509409,0.029169486471437037
epoch2_on_contrast_rank_03,-41,116.25564015655972,-0.017389005614146698,0.007823130375203081,0.011302465910081529,0.034817979240332156,0.00594756540347505,0.03175318368531964
epoch2_on_contrast_rank_03,-40,113.42013673810705,0.0022109342510353985,-0.021006013065424038,0.028476783658452333,-0.0038192105961872003,-0.0009767894432707973,-0.026401924442491176
epoch2_on_contrast_rank_03,-39,110.58463331965437,0.0029994212826968576,-0.009066524839511314,0.02974561727589229,0.009281354793588208,-0.01739426565437633,0.016177973029292927
epoch2_on_contrast_rank_03,-38,107.7491299012017,-0.004943537369193587,0.01860745822773678,0.0030528470366621915,-0.002442842088591496,-0.018542254485170793,-0.004653615888980202
epoch2_on_contrast_rank_03,-37,104.91362648274902,-0.0020417571655095765,-0.023614987002919204,-0.006746520517722343,-0.020157799666559936,0.029972610901617923,0.00032241492019659257
epoch2_on_contrast_rank_03,-36,102.07812306429634,0.01075286222788644,-0.01428835485070657,0.011786761009401438,0.0283479117155113,-0.0008121068472178861,-0.015792435161772797
epoch2_on_contrast_rank_03,-35,99.24261964584366,-0.0006120136956537861,0.02318671598561086,0.01147651488088771,-0.01444356257204768,0.009868929515390076,-0.017647020144355638
epoch2_on_contrast_rank_03,-34,96.40711622739099,-0.044177968567986864,-0.006146022320859826,0.010553716426892144,0.010830097878351187,-0.011265697498497394,0.005295690264169456
epoch2_on_contrast_rank_03,-33,93.57161280893831,0.014135617451606193,-0.0016694971154958826,0.016775457127783548,0.013849840997481419,0.009228520247318926,0.015524941859480508
epoch2_on_contrast_rank_03,-32,90.73610939048564,0.008128660174943049,0.0024083216728935583,-0.010207936330444967,0.017463670914945675,0.009286319685719878,-0.013227003305350184
epoch2_on_contrast_rank_03,-31,87.90060597203296,0.01105969656232287,-0.007036927581603833,0.029192836828445062,0.0082977672099364,-0.000483628607749087,-0.0008957136851093853
epoch2_on_contrast_rank_03,-30,85.06510255358029,0.00862004961221887,0.02062966807671552,0.01087696465046216,0.01238567346228419,0.026532350711706287,-0.013222580407833626
epoch2_on_contrast_rank_03,-29,82.22959913512761,-0.005164657478932126,0.031244049832606015,-0.03849375933657642,-0.015465805800485129,0.010311468295839683,0.01772573651790977
epoch2_on_contrast_rank_03,-28,79.39409571667494,0.024563631844182962,0.005030643615140391,-0.015832280382492722,-0.006784783381079747,0.013275227423051233,-0.0004916705590198855
epoch2_on_contrast_rank_03,-27,76.55859229822225,0.0045442009536319355,-0.005960063361157952,-0.034348881789742,0.01962388357601188,0.010613705785258075,-0.027866775411042637
epoch2_on_contrast_rank_03,-26,73.72308887976958,0.007320671555411287,0.022151337428511643,0.00817495707416286,-0.013336493351755484,-0.017038030600886878,-0.005878827439471018
epoch2_on_contrast_rank_03,-25,70.8875854613169,-0.013878608001414446,-0.028371966480132307,0.03636004211085322,0.01162129851909429,0.0011546067093612805,0.0079361408403976
epoch2_on_contrast_rank_03,-24,68.05208204286423,0.014399146706345171,0.005566007485808627,-0.002147267761326163,0.013293488067740215,-0.002062614538040849,0.003452003590697965
epoch2_on_contrast_rank_03,-23,65.21657862441155,-0.01769580341999897,0.0003065052710291699,0.007008535839577855,-0.004794224472875433,0.01107332843889361,0.002219621635219972
epoch2_on_contrast_rank_03,-22,62.38107520595888,-0.011199842154497291,0.013911258841717095,-0.03989609035483987,0.0084013690432541,-0.0077198704206494426,-0.005353787649663169
epoch2_on_contrast_rank_03,-21,59.5455717875062,-0.01724904008571461,-0.005436916421801538,0.02237307599231192,0.03188984848629892,0.0011747676437022722,0.014083931522627137
epoch2_on_contrast_rank_03,-20,56.71006836905352,0.0005952845844906379,0.005770166545730933,-0.01777642301225362,0.03420307246786327,0.024960254731263183,-0.007473011084825551
epoch2_on_contrast_rank_03,-19,53.87456495060085,-0.008213629717983416,-0.009407288859219945,0.030740271837092277,-0.0063243618086046074,0.00022805409662744053,-0.02685630129175097
epoch2_on_contrast_rank_03,-18,51.03906153214817,0.04493400224662892,0.011754516310858588,-0.011001992535039216,0.008381212615056356,0.014375874560596955,0.00044750983862176796
epoch2_on_contrast_rank_03,-17,48.20355811369549,-0.004921359914121029,-0.01584103022078122,-0.01059342481203878,-0.03627057772082546,0.0016978539474896796,-0.005284926007132075
epoch2_on_contrast_rank_03,-16,45.36805469524282,0.03575628533374892,0.005634310211508307,-0.01509752744787208,-0.0031698035974475763,0.014141070895922599,0.021314978308308325
epoch2_on_contrast_rank_03,-15,42.532551276790144,0.010672483586477162,0.020037409783724043,0.0070462076539186055,-0.007302747882115372,-0.0017528380279863004,-0.0014341069471651771
epoch2_on_contrast_rank_03,-14,39.69704785833747,-0.0007346879046452245,0.03153146364856998,0.04371729027418448,0.010450306607948566,0.02132951626272906,-0.006487365762089987
epoch2_on_contrast_rank_03,-13,36.86154443988479,0.0060307732335481215,-0.007696674463715698,0.005491507099363378,0.009996812720089343,0.009013518633650408,0.023217621151916314
epoch2_on_contrast_rank_03,-12,34.026041021432114,0.0062454996106527105,-0.021858892246369138,0.006915383324025026,-0.014276480607269385,-0.007514780590930619,-0.012368684498173306
epoch2_on_contrast_rank_03,-11,31.19053760297944,0.03894945906913647,-0.0064656173283952345,-0.022429588777763423,0.01641721898221056,0.012436244107544452,-0.013735187417000364
epoch2_on_contrast_rank_03,-10,28.35503418452676,-0.006641639501026912,-0.009526760166146897,0.017789989375549098,-0.018350346434822265,-0.001858196303238746,-0.009490548380185926
epoch2_on_contrast_rank_03,-9,25.519530766074084,0.005023433292169505,0.026703565156628938,-0.004975213581523828,-0.019665102801799998,-0.013600695180778714,-0.0030344325117517904
epoch2_on_contrast_rank_03,-8,22.68402734762141,-0.00915874039855593,-0.01560168536579147,0.01040780944049683,0.006312869269263187,0.00769209881479975,0.0181945871589314
epoch2_on_contrast_rank_03,-7,19.848523929168735,-0.027129803069422788,0.0232551785723153,0.01803564933979218,0.030993222558345253,0.002099790263141922,0.03453680126069568
epoch2_on_contrast_rank_03,-6,17.013020510716057,0.01357359858736959,-0.014066409850147857,0.00014516222879627783,0.021287289942672594,0.020867689156400283,-0.02653194831725366
epoch2_on_contrast_rank_03,-5,14.17751709226338,0.019316206729407877,0.01744419675287838,0.005727075058806826,-0.012847709822505937,0.026101620637481712,0.0026040084523233364
epoch2_on_contrast_rank_03,-4,11.342013673810705,-0.011432796210224892,0.007682379442153817,0.021620595037971244,-0.014246801942461827,-0.016089604800938025,-0.011276418617569506
epoch2_on_contrast_rank_03,-3,8.506510255358029,-0.012699393700554909,-0.009426554852694995,-0.005067269772222854,0.00018285935567455974,-3.962635694244876e-05,-0.0047599599666648465
epoch2_on_contrast_rank_03,-2,5.671006836905352,0.0038717925116045146,-0.0015176117462758348,-0.030943049179341646,0.020606325991865276,-0.013570936114249546,0.041833854130596156
epoch2_on_contrast_rank_03,-1,2.835503418452676,0.00836174358708306,0.007257730265150204,0.03167396791412584,-0.018002413140396443,-0.004971998813531421,0.018540615502172064
epoch2_on_contrast_rank_03,0,-0.0,-0.0268862383686973,0.00777916081719494,0.09394766908119723,0.002054324803602278,-0.015401655642894703,-0.005213666445391993
epoch2_on_contrast_rank_03,1,-2.835503418452676,-0.009818450597612868,-0.012173059856361995,-0.020071062361896354,-0.027162550731093152,-0.005054219083788308,0.027542294223243023
epoch2_on_contrast_rank_03,2,-5.671006836905352,-0.0002541134215433352,0.01201500345286273,0.022168975466394708,0.0417316057234448,0.009789880337800469,-0.021655336908810954
epoch2_on_contrast_rank_03,3,-8.506510255358029,-0.008022037376938292,0.0094649490952591,0.014116336221084033,0.0068767797045430346,0.0007130287835355915,0.0012870577484865864
epoch2_on_contrast_rank_03,4,-11.342013673810705,-0.024446570304133025,-0.016836055207297786,-0.019748281230116214,-0.027623053673358947,-0.01214349848679877,-0.007783273260784956
epoch2_on_contrast_rank_03,5,-14.17751709226338,-0.00028216628556893,-0.019017322525987604,0.008156203306901581,0.02183699877749745,0.0025637446825207896,-0.005032860162036586
epoch2_on_contrast_rank_03,6,-17.013020510716057,0.016201056516058847,-0.006200737805524527,0.019263127279867738,0.0003474524290336678,0.009937853313790365,-0.005959727224241672
epoch2_on_contrast_rank_03,7,-19.848523929168735,-0.01821421378814469,0.01798443982155363,-0.02336198565054464,-0.004085866405981707,-0.0020346385298885203,-0.009939643267424227
epoch2_on_contrast_rank_03,8,-22.68402734762141,0.006418425400592155,0.012384583130447109,0.01346898789538508,0.010377552795816508,-0.005695782404900755,-0.007583587816895526
epoch2_on_contrast_rank_03,9,-25.519530766074084,-0.02389684637579538,-0.023342116038576097,0.0015936596782999343,-0.0031034641675190613,0.01173091036259493,-0.007502801883278606
epoch2_on_contrast_rank_03,10,-28.35503418452676,-0.006354735437632729,-0.014491991869973492,-0.010787799047092171,-0.027483831306790975,0.025972619408397145,0.015021316726063903
epoch2_on_contrast_rank_03,11,-31.19053760297944,-0.003196981473502801,0.0024210603472979153,-0.00684527467966271,-0.017989425711368554,0.00778043759472332,-0.0029986242364524046
epoch2_on_contrast_rank_03,12,-34.026041021432114,-0.0028093406748275276,-0.0069953572239373,-0.01800387331366802,-0.03675162680625734,-0.0016488085913602332,-0.012262149556310394
epoch2_on_contrast_rank_03,13,-36.86154443988479,-0.011271353742353774,-0.012342191275956226,-0.003602153592408286,0.008822486708548544,-0.01053899392095868,0.015289515661647761
epoch2_on_contrast_rank_03,14,-39.69704785833747,-0.02048313233935655,-0.01897926584817556,-0.011061319933872,0.005771591813207216,-0.012209898807745097,0.010301812759022796
epoch2_on_contrast_rank_03,15,-42.532551276790144,0.0015515645613893847,-0.019089595968283815,0.0029336167829178417,-0.0037685956328453035,0.0050621231815000806,-0.020779612396356277
epoch2_on_contrast_rank_03,16,-45.36805469524282,-0.03469793000923005,0.0336109087192176,-0.005395121303717054,0.00648072291689078,6.470947111655162e-05,0.0015706783250275733
epoch2_on_contrast_rank_03,17,-48.20355811369549,-0.023537163806433198,0.032397480694725055,-0.009040767861801823,-0.004344821329758275,0.004014058294412384,-0.011820030376198602
epoch2_on_contrast_rank_03,18,-51.03906153214817,-0.02134412791308174,-0.011231968447287601,-0.015057411533718902,-0.008723396096501447,-0.02191242447867541,0.0014500196681108135
epoch2_on_contrast_rank_03,19,-53.87456495060085,0.016816213482423556,-0.018103940014982122,0.006424394352717945,-0.003611449157411989,-0.011692074751485496,0.008891600682059964
epoch2_on_contrast_rank_03,20,-56.71006836905352,0.001102395897562218,-0.0024517780490176527,0.010262330210172373,0.012664392757189405,0.006793233497589847,-0.008270613039430347
epoch2_on_contrast_rank_03,21,-59.5455717875062,0.011093660474148767,0.005480049548639697,-0.01678299295446447,0.011914051324344643,0.020843502221752033,-0.01777789576602104
epoch2_on_contrast_rank_03,22,-62.38107520595888,0.004939534684062066,-0.0023650644532512977,-0.014061924271794674,-0.014604486972650398,0.0029917779687452448,0.029372529638755585
epoch2_on_contrast_rank_03,23,-65.21657862441155,-0.024144637372522242,0.01623184834580855,-0.00522631937661653,0.00467212328757198,0.003871351561795265,-0.02073336111407284
epoch2_on_contrast_rank_03,24,-68.05208204286423,-0.01226613418417187,0.005206671627055164,0.003704523981122143,-0.010269060541612807,-0.02494397951240381,0.019901429858068857
epoch2_on_contrast_rank_03,25,-70.8875854613169,-0.00745686751387821,-0.001878383398643553,-0.018903052891770397,-0.0009263615166999195,0.011110667468695434,-0.005747513574324729
epoch2_on_contrast_rank_03,26,-73.72308887976958,-0.0027208392141522195,0.05485749736241154,-0.033062061444478014,0.007530639012560722,-0.013157492985216464,-0.002170126165106083
epoch2_on_contrast_rank_03,27,-76.55859229822225,-0.01964233619487432,-0.0029432386757700033,0.002196780985255834,0.01601980043205526,-0.006982820812660898,0.034110162009418375
epoch2_on_contrast_rank_03,28,-79.39409571667494,0.01268205364028882,0.020995647723138437,-0.003511279458727156,0.021202269649915687,0.028890550094612902,-0.004856645441569718
epoch2_on_contrast_rank_03,29,-82.22959913512761,0.010818066164060128,-0.0026197923157761926,-0.011283456714997704,0.016912092049139717,0.0006775854222226055,-0.027943971748098692
epoch2_on_contrast_rank_03,30,-85.06510255358029,0.04880398581505992,-0.0005215128877252354,0.005532071606557824,-0.011867442638156894,-0.028190136939439968,0.012398256304857525
epoch2_on_contrast_rank_03,31,-87.90060597203296,0.020454779342861808,0.021320237460516783,-0.0018432662547491069,0.01153630561782535,-0.019191979161574484,-0.01466360596154137
epoch2_on_contrast_rank_03,32,-90.73610939048564,0.03178334847883942,0.0035473850745818825,0.037743595527862196,0.0110441778367101,-0.005388900047975778,-0.006334119524977699
epoch2_on_contrast_rank_03,33,-93.57161280893831,-5.242254618893771e-05,0.05114322312236493,-0.012056194415143329,-0.01513695375080238,-0.020944084779502013,0.004071480553379726
epoch2_on_contrast_rank_03,34,-96.40711622739099,0.007837507397853802,-0.0022386351906912502,0.011758082909993334,-0.0033290473763938275,-0.01923284927681953,0.0010733296036961118
epoch2_on_contrast_rank_03,35,-99.24261964584366,-0.019553397249408813,0.05564747585378013,-0.0030563301473077176,-0.00020148263035197483,0.00764725071904368,0.0032617561546620863
epoch2_on_contrast_rank_03,36,-102.07812306429634,-0.0108172549598428,0.04403657282066306,-0.008682853759227407,-0.00039723618465479366,0.03389683633415404,0.0020244160615770918
epoch2_on_contrast_rank_03,37,-104.91362648274902,-0.003588375600861414,0.0035534737027889535,-0.013410326919382869,0.008507432952022873,-0.017448588281179005,0.0021321589252046302
epoch2_on_contrast_rank_03,38,-107.7491299012017,-0.03328434150735376,0.0028593952473027276,0.030403409954970477,-0.0016414636878433406,0.013663497873688979,-0.0058250511668637706
epoch2_on_contrast_rank_03,39,-110.58463331965437,0.009456718963867954,-0.026359559659900365,0.014954010103414309,-0.016431596572885666,0.01207193738773894,0.0015245064347874926
epoch2_on_contrast_rank_03,40,-113.42013673810705,0.014116111176867986,-0.0016288960113644002,-0.006129132395451722,0.0005106010421666272,-0.008731146290337603,-0.008560623566578794
epoch2_on_contrast_rank_03,41,-116.25564015655972,0.0013706748132806118,-0.0042483093997743235,-0.009865692459198654,0.009605366405697285,0.016700157912740463,-0.0232199589445966
epoch2_on_contrast_rank_03,42,-119.0911435750124,-0.009003132033403922,0.00522617810609366,0.014680508909507228,0.019870153875056508,-0.0289927325123431,-0.009108501168440426
epoch2_on_contrast_rank_03,43,-121.92664699346507,0.012921773138466746,0.010413394509399591,-0.006423456408490638,-0.024223041208146556,0.02647800062657229,0.017790129424709887
epoch2_on_contrast_rank_03,44,-124.76215041191776,0.005312960720795387,-0.02344243248858065,-0.008799473157389957,-0.00597125228625104,0.00035004809757201855,-0.024744272323496398
epoch2_on_contrast_rank_03,45,-127.59765383037043,-0.007962008249546355,0.00017109413373383314,0.016370899454010525,-0.03292634062426585,0.018388179544877155,0.00514706899515921
epoch2_on_contrast_rank_03,46,-130.4331572488231,0.00045825292276885365,0.009898930924010119,0.007211546382615411,-0.00715582208139439,0.014986179739529138,0.015732962203005824
epoch2_on_contrast_rank_03,47,-133.26866066727578,0.02626933304170838,-0.035277976146900696,-0.015803142561288563,0.014317251940425525,-0.008706196239454109,0.0312816835915669
epoch2_on_contrast_rank_03,48,-136.10416408572846,0.006559350495633526,0.019768230276488795,0.02223996226264771,-0.0503198594428105,0.005909035431903971,0.0037973900043991385
epoch2_on_contrast_rank_03,49,-138.93966750418113,-0.04042859510154391,-0.0008522993258424788,0.01080881135909384,-0.026225645173573002,-0.001040294302085451,-0.0017059862210919846
epoch2_on_contrast_rank_03,50,-141.7751709226338,0.007738365644590947,0.0025317659481145574,0.02034820052093085,-0.02563384074016306,-0.013011396757781193,-0.022145484587335437
epoch2_on_contrast_rank_03,51,-144.61067434108648,0.00380189937165782,0.006837741457417924,0.0014571585425113137,0.039078992505407376,-0.010196574734431363,-0.0019691337646861942
epoch2_on_contrast_rank_03,52,-147.44617775953915,0.02293059672731336,-0.0016335091678614869,-0.026645870183270564,0.009934963019842279,0.00899971933642528,-0.011209392173089444
epoch2_on_contrast_rank_03,53,-150.28168117799183,-0.0033851147830064356,0.004426303451642223,-0.021126161476681254,0.0067722714582304396,0.02916497856580154,-0.0009836433312210777
epoch2_on_contrast_rank_03,54,-153.1171845964445,-0.017198086956541736,0.016394106056716706,-0.017748109942490556,-0.0017408638922449676,-0.0084833621874702,0.030011384677287527
epoch2_on_contrast_rank_03,55,-155.95268801489718,0.013718271301854476,-0.0076255539948455325,0.023857308723882944,0.009990133162114057,-0.0102945649506139,0.0063953846501973236
epoch2_on_contrast_rank_03,56,-158.78819143334988,-0.016286894840113274,0.025588394921374408,-0.01134986149870345,0.006767197723197685,-0.011190960832590038,0.008419970747328281
epoch2_on_contrast_rank_03,57,-161.62369485180255,-0.004167154883508731,0.057404194154308974,0.008673495915406462,-0.009138954864021422,-0.020719597595366665,0.011040670741667355
epoch2_on_contrast_rank_03,58,-164.45919827025523,-0.015792893928713997,0.009684671990201996,-0.008341389003446824,-0.0031914954735146224,0.00958643927933292,0.009048355829561122
epoch2_on_contrast_rank_03,59,-167.2947016887079,-0.00528894399995971,0.00752740442076532,-0.000831450598611963,-0.0201303315943646,0.013583837283033653,0.0050314422665051345
epoch2_on_contrast_rank_03,60,-170.13020510716058,0.005333490179872141,0.007314901760566473,0.0008181583376044368,0.01271793825929348,-0.01064276980014614,0.008392892428059136
epoch2_on_contrast_rank_03,61,-172.96570852561325,0.009545931623217353,0.010914709128685258,-0.016103303013297675,0.00694536040923889,0.010142509987268143,0.018816668026769033
epoch2_on_contrast_rank_03,62,-175.80121194406593,-0.002510061230414626,0.027779927907597354,0.0012043930458998722,-0.021013389135746643,-0.0064878189198157785,-0.01923514322038348
epoch2_on_contrast_rank_03,63,-178.6367153625186,-0.005398738487259691,-0.0012463841933712388,-0.004287337895787887,-0.004948624210943119,0.03810617014146518,-0.0022115134777553926
epoch2_on_contrast_rank_03,64,-181.47221878097128,0.001036365274674815,0.04081496444221319,-0.008047544734334586,-0.03558151970839615,4.255184722871952e-05,0.012485055927411004
epoch3_on_contrast_rank_01,-64,181.47221878097128,0.009488801336846951,0.012412905604220863,0.0781474028981544,-0.01250011783162492,-0.0380472077333038,0.012938632514759053
epoch3_on_contrast_rank_01,-63,178.6367153625186,-0.021196587994027995,0.008764141234945323,-0.008624510984364252,0.027572919915253652,-0.029173802984938588,0.05783786695218502
epoch3_on_contrast_rank_01,-62,175.80121194406593,-0.0165416356314148,-0.039833101099203926,-0.0009960938090560478,-0.0009981383415557446,0.001639410083212639,0.018170840277568982
epoch3_on_contrast_rank_01,-61,172.96570852561325,0.007852271635257965,-0.022107563251093587,0.009698393867373999,-0.04298660614880171,-0.01278152970672937,-0.003433914991440745
epoch3_on_contrast_rank_01,-60,170.13020510716058,0.03734016929971091,-0.0308257574802365,0.02313420520997002,-0.0030704519848041983,0.046453936672460575,0.04707226246477297
epoch3_on_contrast_rank_01,-59,167.2947016887079,0.042823257322735515,0.0020657212378432585,0.011161295776938682,0.03150260120207955,0.0027066284519787903,-0.0034618080996015738
epoch3_on_contrast_rank_01,-58,164.45919827025523,-0.041678411260475605,4.752637744424165e-05,0.02247296366985018,-0.004362922111785905,-0.00905991278461473,0.018561798268552823
epoch3_on_contrast_rank_01,-57,161.62369485180255,-0.024239105643229446,-0.0002779640361409916,0.04035902418590807,0.029408553249023833,0.0030577777709032833,0.005482901705487021
epoch3_on_contrast_rank_01,-56,158.78819143334988,0.014060088433479057,0.041788744708985984,0.030548213244239758,0.049840022210979905,0.00649752815232614,-0.014951223880087038
epoch3_on_contrast_rank_01,-55,155.95268801489718,0.01224446569533414,0.041095027194395575,0.04048773342974211,-0.02442897067897218,-0.02495399597776478,-0.0007520735955599475
epoch3_on_contrast_rank_01,-54,153.1171845964445,-0.02377827624080677,-0.0020361149317882216,-0.014028708855541909,-0.03805762574859862,-0.019887630301481773,0.0018187889945761385
epoch3_on_contrast_rank_01,-53,150.28168117799183,0.030588799485034485,0.020548182985736164,0.006042746186043509,-0.015133459401835435,-0.008037077516916541,0.01252843210237551
epoch3_on_contrast_rank_01,-52,147.44617775953915,-0.02342492165790848,-0.01870587584576104,-0.01089344222722955,-0.02549615945942796,-0.04600229789930673,-0.0158823956875839
epoch3_on_contrast_rank_01,-51,144.61067434108648,-0.034317518462374796,0.01730096558921121,-0.04564078145239741,-0.020282679780290865,-0.052045033964956425,0.036036419648553315
epoch3_on_contrast_rank_01,-50,141.7751709226338,0.005661845772341641,0.0019369963030859555,0.03446960617394305,0.017572359308283797,-0.014983869757503036,0.08069779023424288
epoch3_on_contrast_rank_01,-49,138.93966750418113,0.01075507358158885,-0.029132275333276204,-0.04059734431515092,0.029879998834643935,-0.014632352749845937,0.022649885341479895
epoch3_on_contrast_rank_01,-48,136.10416408572846,-0.05662629882873721,0.033883990948648184,0.03875626930586786,0.013810905436725737,-0.006651634365107906,0.02821075208956278
epoch3_on_contrast_rank_01,-47,133.26866066727578,0.016841418704996426,0.010546358049780928,-0.02578934903116646,0.03330700651336817,-0.0364537598743554,0.04057842107914852
epoch3_on_contrast_rank_01,-46,130.4331572488231,-0.00988500717223556,-0.004871068779082714,0.00918239137886407,0.0010741898739706282,-0.002505699026113223,-0.04556963394381413
epoch3_on_contrast_rank_01,-45,127.59765383037043,0.011927136072861132,-0.01880710622384564,-0.01705697033906982,0.03944764725075645,-0.026921371663385173,0.029154324389372377
epoch3_on_contrast_rank_01,-44,124.76215041191776,0.05598191892108771,-0.020941661345203665,-0.014159845267924631,-0.0034988921942025394,-0.06848162060815811,0.015857695540041697
epoch3_on_contrast_rank_01,-43,121.92664699346507,-0.014958932421396759,0.010869679340751039,0.010659406579254738,-0.006172375150040987,0.023764974707934927,0.04046039294519028
epoch3_on_contrast_rank_01,-42,119.0911435750124,6.363060128134618e-05,0.02328150550863741,0.00862923825022762,0.04780034199859302,-0.01833741837637077,-0.03373169661753738
epoch3_on_contrast_rank_01,-41,116.25564015655972,0.011663091370627987,0.002429853656715511,-0.021334862081965333,-0.0024617184101674086,-0.006084186390745518,0.019043947250047655
epoch3_on_contrast_rank_01,-40,113.42013673810705,0.0022178216197172307,-0.018689505570298665,-0.01980258457369851,-0.002759630162298042,0.014204323356868567,0.022968783947612287
epoch3_on_contrast_rank_01,-39,110.58463331965437,-0.004719301437399216,0.003976351032749528,0.013158924577491397,0.02062622771670196,0.04159169011885194,-0.008368912422981468
epoch3_on_contrast_rank_01,-38,107.7491299012017,0.017934678158122504,-0.03085449168156662,-0.004226452021655246,-0.03032670044444114,0.06750120938578456,-0.021716796949884425
epoch3_on_contrast_rank_01,-37,104.91362648274902,0.028362379618386876,0.04242564048780108,-0.005090469969231515,-0.00049065980833507,0.012362735161842539,0.0051393495725629845
epoch3_on_contrast_rank_01,-36,102.07812306429634,0.004571488504642597,-0.020238452211570057,-0.0405085127085263,-0.002515353627266341,-0.013877893537180337,-0.017479918331988024
epoch3_on_contrast_rank_01,-35,99.24261964584366,-0.0026101624974081555,0.044943736632765977,0.007125289795332869,-0.018473542956375287,0.031817138873173265,0.011468667247875555
epoch3_on_contrast_rank_01,-34,96.40711622739099,-0.02264564741403078,-0.06405164654711365,0.023901473504445866,-0.011435881472455611,-0.04203043894807934,-0.025473826140751013
epoch3_on_contrast_rank_01,-33,93.57161280893831,0.04418206304258532,0.01626041301983007,-0.028873038285666473,-0.027397531529565665,-0.005310872148435647,-0.0009715911963154716
epoch3_on_contrast_rank_01,-32,90.73610939048564,-0.01311663900742105,0.04728777608317006,-0.020184767490128368,0.0024127940881908463,0.008656760877066093,-0.008214010288986641
epoch3_on_contrast_rank_01,-31,87.90060597203296,-8.336972445051327e-05,0.03176644830501205,0.00018863267051909272,0.018700001327347913,-0.02387116772348096,-0.013053028585191653
epoch3_on_contrast_rank_01,-30,85.06510255358029,0.005993800456227175,-0.00411560691573469,0.05539787176219346,0.015299175263207787,-0.016672621372061068,0.0333975668548268
epoch3_on_contrast_rank_01,-29,82.22959913512761,0.03328177048229038,-0.006669072997053931,-0.01729403139541072,-0.007995299089557567,0.0039407692080346765,-0.01575999067066816
epoch3_on_contrast_rank_01,-28,79.39409571667494,-0.007021995907673224,-0.05836923348781162,-0.015420219501363228,-0.012798802993491537,0.007136404846587056,-0.03528808168344958
epoch3_on_contrast_rank_01,-27,76.55859229822225,0.036502678823144584,-0.02393819440225406,-0.016516022931862162,0.003541559007738851,0.04662374205233981,0.02297879126406349
epoch3_on_contrast_rank_01,-26,73.72308887976958,0.035104662489156904,-0.018385198998596558,0.01070569476701639,0.025240452793218543,0.05365997329172432,-0.020308893162921206
epoch3_on_contrast_rank_01,-25,70.8875854613169,0.001949870106673933,0.01901430761620195,-0.0387249503462528,-0.01233072756562683,-0.020387528072233867,-0.01012133896825547
epoch3_on_contrast_rank_01,-24,68.05208204286423,-0.002947851587137819,-0.01503915642551424,0.06447527190902046,0.0392506590554954,-0.032093644106757344,-0.004369326071388874
epoch3_on_contrast_rank_01,-23,65.21657862441155,-0.062406835442814716,0.019402040783453395,-0.042936125186759704,-0.04815478148649964,-0.0029469418580708936,0.006768461985593208
epoch3_on_contrast_rank_01,-22,62.38107520595888,0.044947934502546326,0.011099490965668334,0.023498680924252786,-0.003839164246814304,-0.010411730095351637,-0.0203211555747981
epoch3_on_contrast_rank_01,-21,59.5455717875062,0.027117296177365503,-0.01235631587631223,0.0022021237298968516,0.016719422956646267,0.02892396249631237,-0.02316499755202666
epoch3_on_contrast_rank_01,-20,56.71006836905352,-0.01650463962272679,-0.005141601562412307,-0.03485969759810794,0.003231791090664647,-0.01351466805458175,-0.019742564497190064
epoch3_on_contrast_rank_01,-19,53.87456495060085,-0.0478986205927308,0.000937140740879451,-0.010029694989841235,0.03783071236820169,0.04300417515494057,-0.009043905502159659
epoch3_on_contrast_rank_01,-18,51.03906153214817,0.0026081140229979732,0.04645069216805323,0.011430317381793995,-0.014870448333613014,-0.005982607611564182,-0.03633332257524774
epoch3_on_contrast_rank_01,-17,48.20355811369549,-0.011476737400834706,0.007535236039510826,-0.015321609080220462,0.013187134166621477,0.002859995842358763,-0.005984710266549398
epoch3_on_contrast_rank_01,-16,45.36805469524282,0.006426093549496442,0.008600227201039694,-0.026483723078007615,-0.024278329427242805,0.01764054091630987,0.00941676525891149
epoch3_on_contrast_rank_01,-15,42.532551276790144,-0.01362122990180635,0.08906750505427612,0.020863544012180796,0.002273838568145746,0.002718655275998058,0.005140531584458798
epoch3_on_contrast_rank_01,-14,39.69704785833747,0.021453438345188584,-0.029599032357501102,-0.0255570359538305,-0.009597970469625565,0.03583220603440597,-0.006063282435649291
epoch3_on_contrast_rank_01,-13,36.86154443988479,-0.014608236591995727,0.0004988107060239291,0.03287137764876961,-0.030251329509746475,-0.010552678406645366,-0.014456727854148269
epoch3_on_contrast_rank_01,-12,34.026041021432114,0.04979717447880846,-0.025423925487016608,0.05000926946075582,-0.03433566363422732,-0.00846213849805657,-0.012859886678167724
epoch3_on_contrast_rank_01,-11,31.19053760297944,0.04566640212601882,-0.011947993258717822,0.0006270449294901309,0.013438818221862173,0.029168275866332742,0.024603901128487107
epoch3_on_contrast_rank_01,-10,28.35503418452676,0.024428965456162244,-0.02863362997646763,-0.04378956460904633,0.009259680870162802,0.012964334701353115,-0.032366558309187686
epoch3_on_contrast_rank_01,-9,25.519530766074084,0.01699409841307869,0.010535208948877217,0.010838473301426087,0.03593025554377042,-0.026602804323992944,-0.016217069620022957
epoch3_on_contrast_rank_01,-8,22.68402734762141,-0.004135162646296119,0.0033383450324698596,-0.03955555518219633,0.03326137681881023,0.026355647731728875,-0.019268382532320653
epoch3_on_contrast_rank_01,-7,19.848523929168735,-0.004124355365708793,0.0038528076641061865,0.00567346822546487,0.015975725298183453,0.035590969724380174,-0.0044415113948199705
epoch3_on_contrast_rank_01,-6,17.013020510716057,-0.0161914376964575,0.013726234710797418,-0.024307826641789404,0.009533067182619384,0.0852208852580048,-0.030920840654208248
epoch3_on_contrast_rank_01,-5,14.17751709226338,0.0026289178429464363,0.026374071269682442,-0.007817152005881553,-0.058226434396210856,0.01445726678327336,-0.010458064280369259
epoch3_on_contrast_rank_01,-4,11.342013673810705,0.0374843107857763,-0.014399141213902213,0.05135577869199943,0.02898997377552401,-0.001543595907377418,-0.0020649675249396274
epoch3_on_contrast_rank_01,-3,8.506510255358029,0.019626805277869093,0.0318643779876259,-0.04098996638724743,0.0010438211815784262,-0.0005189481201807941,-0.015943530291075675
epoch3_on_contrast_rank_01,-2,5.671006836905352,0.018240589317545075,1.6921938873433462e-05,-0.013019676971849845,0.01207620275493232,0.003112293009639798,0.0006524766367584575
epoch3_on_contrast_rank_01,-1,2.835503418452676,0.04483019238414014,-0.020694671986025995,0.013388045514756093,-0.011878081816549493,-0.0240351720918826,-0.005999145791637871
epoch3_on_contrast_rank_01,0,-0.0,0.04354711019806625,0.008115198438721223,0.009773231853052289,0.008201174426598908,0.1435392668325981,0.03918009618364077
epoch3_on_contrast_rank_01,1,-2.835503418452676,-0.04941578328874789,-0.030909963953148066,-0.008561789725610384,0.020124367687464888,-0.031991906542354495,0.021566848242765564
epoch3_on_contrast_rank_01,2,-5.671006836905352,0.011770614227600326,0.02132683267747215,0.04787806379623135,0.0073090541985350935,-0.02155123020075811,-0.03251686416783788
epoch3_on_contrast_rank_01,3,-8.506510255358029,-0.026065869171262177,-0.03391328930792279,0.02608921534226008,0.022236505214277752,0.03556174857484997,0.053297887969261486
epoch3_on_contrast_rank_01,4,-11.342013673810705,0.01922807793256647,-0.005748304481398077,0.038008043105175186,-0.002168158851231082,0.05543941323498186,-0.06531974750469507
epoch3_on_contrast_rank_01,5,-14.17751709226338,0.009358913151550123,-0.008524063288055522,-3.668516629795615e-05,-0.0743973616342874,-0.010193820299543813,-0.007309322983290539
epoch3_on_contrast_rank_01,6,-17.013020510716057,-0.018070508006109987,0.009271872817333798,-0.009605884193552579,0.0135446441311933,-0.03379742148203136,-0.011537218351582411
epoch3_on_contrast_rank_01,7,-19.848523929168735,0.0038535497781877204,0.007460356684160341,0.013731668115695053,0.015784769607978588,-0.019267125944455475,-0.005297647217590046
epoch3_on_contrast_rank_01,8,-22.68402734762141,-0.003588472249596221,0.05912739003385798,0.004532123426958613,-0.03606520115834705,0.009680467395091513,0.0508723214521429
epoch3_on_contrast_rank_01,9,-25.519530766074084,-0.016998101737858665,-0.03285016855383848,-0.01991194267326675,0.013655476856158935,0.02580785668318096,-0.02724959371291872
epoch3_on_contrast_rank_01,10,-28.35503418452676,-0.01139729521675243,0.009304781446959183,0.009589616743680605,0.00017882098027440646,-0.037204411471459475,0.010053805414717412
epoch3_on_contrast_rank_01,11,-31.19053760297944,-0.05026179485726338,0.04731985542622445,0.0025634120696805263,-0.03182288995818364,0.09213174886489497,0.03821962913022493
epoch3_on_contrast_rank_01,12,-34.026041021432114,-0.03747326877107926,0.017508271561029555,0.026706989281261397,-0.01803557595427529,-0.005378580995042473,0.033204329623653744
epoch3_on_contrast_rank_01,13,-36.86154443988479,-0.0068816127080854606,0.008396288113131672,-0.006432559721893577,0.07082312944554549,0.0381203207853369,0.0025793522523496967
epoch3_on_contrast_rank_01,14,-39.69704785833747,-0.023070173338942318,0.01662915992939188,0.014286593079399772,0.012265197423829609,0.07876392314138639,-0.0002770435601377255
epoch3_on_contrast_rank_01,15,-42.532551276790144,0.053466930633091894,0.004319092744973475,0.024837602477240477,-0.04316424625050344,-0.027932573396434505,0.02759030375063775
epoch3_on_contrast_rank_01,16,-45.36805469524282,-0.026454886481511126,0.0396155679075666,0.007579010303159765,0.022424699975389477,-0.008322729156157574,0.029155122833839038
epoch3_on_contrast_rank_01,17,-48.20355811369549,-0.02485677591130246,0.02135017315519184,-0.0343093710257256,-0.025874770938316263,0.04507054008064912,-0.02011951434640047
epoch3_on_contrast_rank_01,18,-51.03906153214817,-0.007323056449957656,0.0301535407118289,-0.0028159948344923386,0.028931296971712157,0.003687586579196392,-0.010285613446221933
epoch3_on_contrast_rank_01,19,-53.87456495060085,0.005879746919200644,0.024455265421186624,0.03699924398257067,-0.006988979316309443,-0.02280702257555535,-0.03681931254176682
epoch3_on_contrast_rank_01,20,-56.71006836905352,0.0022561545836775262,0.03391902298996134,-0.000593333689965371,-0.010727933464428747,-0.034990492927793014,-0.04919940956984141
epoch3_on_contrast_rank_01,21,-59.5455717875062,-0.024707931347817007,-0.01999579663400368,0.042065900752970335,0.023685507115556753,0.002557731954935985,-0.011206162416749092
epoch3_on_contrast_rank_01,22,-62.38107520595888,0.05360923214253432,0.025305170670429124,0.03820039319117339,0.031054503823630446,-0.014240788088253561,-0.04373834157542059
epoch3_on_contrast_rank_01,23,-65.21657862441155,-0.02114797721152696,0.03832974726021024,0.013725291947909751,0.01482854811369358,0.01365057056100756,0.06606840885469688
epoch3_on_contrast_rank_01,24,-68.05208204286423,0.014726987832183978,0.030877601288797088,0.0037752407818382114,-0.010666579814512578,0.01728177134176763,0.02527984404986104
epoch3_on_contrast_rank_01,25,-70.8875854613169,0.0024623259282861992,0.0017618497730557889,0.004445242912633068,-0.0012247253100399896,0.046122655263798475,-0.031289970738849524
epoch3_on_contrast_rank_01,26,-73.72308887976958,0.012220441223175553,0.07809516602899627,0.009052258345848406,-0.005849656332394197,-0.04183415152336603,0.008921893333661259
epoch3_on_contrast_rank_01,27,-76.55859229822225,0.016463500090003004,-0.011544689915730391,-0.0029899001873322506,0.020552686518083597,-0.0161314051966997,0.022334433284957426
epoch3_on_contrast_rank_01,28,-79.39409571667494,0.042008533618869984,0.039366822293645465,0.06691613681381597,0.019232689242347764,-0.010512093943346318,0.06505485840634784
epoch3_on_contrast_rank_01,29,-82.22959913512761,0.000851709127299656,0.04555393115792208,-0.02546930255453784,0.0061754355655529725,-0.04703001464923561,0.03233861942304153
epoch3_on_contrast_rank_01,30,-85.06510255358029,-0.011731354345891364,0.048003842024066115,-0.009069271800875411,-0.003429340632606921,-0.0007085842506994108,0.027350815262297337
epoch3_on_contrast_rank_01,31,-87.90060597203296,-0.000867171134148699,-0.019234168093962507,0.005526464921147202,-0.03349989277285491,-0.005133305978667908,-0.017850965300960635
epoch3_on_contrast_rank_01,32,-90.73610939048564,0.024577081731651615,0.007629626677420315,-0.014482416503871526,0.01952208902165447,-0.03358901649043657,-0.02398531060141372
epoch3_on_contrast_rank_01,33,-93.57161280893831,0.008815552441224457,-0.025495021212843277,-0.028417917232714265,0.007571609927686407,0.01289385920837139,0.06329951364334363
epoch3_on_contrast_rank_01,34,-96.40711622739099,-0.006979716548241942,-0.03357134558274242,-0.020558220358218103,0.012188212125469243,-0.019199497524396335,0.027035779086635334
epoch3_on_contrast_rank_01,35,-99.24261964584366,-0.03352928952888518,0.001384591332601784,-0.022496882976210608,0.020350599169888177,0.03748883317876084,-0.0333685243037104
epoch3_on_contrast_rank_01,36,-102.07812306429634,0.02553978292912467,-0.004224533692862277,0.007857646370465404,0.013426364380214321,-0.06251434522364671,-0.02642488218441489
epoch3_on_contrast_rank_01,37,-104.91362648274902,0.0030679760247431243,-0.01008361139481185,-0.050407809702009546,0.029359694016583074,0.062042639801598215,0.010173071952725099
epoch3_on_contrast_rank_01,38,-107.7491299012017,-0.017104088923053797,0.0099730037653388,0.004941719019631002,0.06364947937559237,0.04958113936996641,-0.010307252766262986
epoch3_on_contrast_rank_01,39,-110.58463331965437,0.017682337486879883,-0.0017647327222180265,-0.013802978731843212,0.06280484210949436,0.007858228160744926,0.04194066451915408
epoch3_on_contrast_rank_01,40,-113.42013673810705,0.05695128462519156,0.02890411992221436,-0.002064494509240594,-0.007666576123074774,0.023910134293670324,0.03212104266908545
epoch3_on_contrast_rank_01,41,-116.25564015655972,0.008780259981673845,0.015853070252095064,0.002279718957128418,0.01715939908221844,-0.038512192080740505,0.026296451766530407
epoch3_on_contrast_rank_01,42,-119.0911435750124,0.030489884807819348,0.006632409263749958,0.0003822571021382809,-0.004651913801155136,0.01705887333757916,-0.007543124000292174
epoch3_on_contrast_rank_01,43,-121.92664699346507,0.035690201335064654,0.008613435883202236,0.02921885769474878,0.0068707022616553565,-0.0020272909613768264,-0.023220861950459762
epoch3_on_contrast_rank_01,44,-124.76215041191776,0.02236785981213553,-0.005343129263513602,0.03364030660536035,0.007074216728880971,0.002534376099618714,0.03745630178287083
epoch3_on_contrast_rank_01,45,-127.59765383037043,0.019039314390672343,0.0002174292730435859,-0.02728329548129125,-0.0007080618844762035,-0.02023781343144042,-0.036618480434239056
epoch3_on_contrast_rank_01,46,-130.4331572488231,0.07749352068378532,0.009681803121022327,0.07623688320774168,0.0011069067113248302,-0.020993924028567923,0.03321423641179341
epoch3_on_contrast_rank_01,47,-133.26866066727578,-0.006422751244814291,-0.023827254679273338,-0.02017678632184091,0.0024493889523242093,0.05326945948339492,0.0032625302256989314
epoch3_on_contrast_rank_01,48,-136.10416408572846,0.06790433372652706,0.02635031879930464,-0.03242848633380291,0.011657664196047988,0.03380792228281417,-0.03446549896234363
epoch3_on_contrast_rank_01,49,-138.93966750418113,0.03504395993397442,-0.05247963030346062,-0.030251982845735263,-0.0031196027709308183,0.028233471924951216,-0.04105262142240048
epoch3_on_contrast_rank_01,50,-141.7751709226338,0.02139666653852105,-0.001167408202607155,-0.03243133427044365,0.01834659033483646,-0.012374915727198753,-0.00890538915472771
epoch3_on_contrast_rank_01,51,-144.61067434108648,-0.04376855169974992,-0.007516667794686689,0.005533307957708365,0.011647186049379553,-0.0719960267441366,0.011105025297458763
epoch3_on_contrast_rank_01,52,-147.44617775953915,0.03731262336625772,-0.0269100316595125,0.06445532658782326,0.01475455197170459,0.004758335041476436,0.008635747106959399
epoch3_on_contrast_rank_01,53,-150.28168117799183,0.004428661378928944,-0.0014673554587608453,-0.017961369996332653,0.006293591049567941,0.010208345566698161,0.015613665503301698
epoch3_on_contrast_rank_01,54,-153.1171845964445,0.020736675055231565,-0.030524571591745854,0.004181530253048557,0.020320781016006748,0.03824197097000205,-0.00045206999934237213
epoch3_on_contrast_rank_01,55,-155.95268801489718,0.02652598405255218,0.016148892839092703,0.01512091571437161,-0.04166008369884859,-0.008015162881051176,0.002404627940059169
epoch3_on_contrast_rank_01,56,-158.78819143334988,-0.001535274385349103,-0.0025615910971748604,0.023542847761823832,-0.008011436588798188,-0.002992376506022347,0.012287791029902156
epoch3_on_contrast_rank_01,57,-161.62369485180255,0.017571702763502117,0.01469505223672836,0.012751401950052602,0.057284650564923024,0.012179245090801163,0.06245205218506971
epoch3_on_contrast_rank_01,58,-164.45919827025523,-0.0021927798905302873,0.025810479676153582,-0.014970518258149108,0.00268273433258525,-0.03787198252993534,0.05038337135226273
epoch3_on_contrast_rank_01,59,-167.2947016887079,0.03856451359173412,-0.013024783558928367,0.03452569355467318,0.02129479322514788,0.015277847205229372,0.02103746544824707
epoch3_on_contrast_rank_01,60,-170.13020510716058,0.033638013765280715,0.014497146238432103,0.017473206688153095,0.012933527562705514,-0.01722788915187278,-0.008874621471083664
epoch3_on_contrast_rank_01,61,-172.96570852561325,0.03097031232543649,-0.010241345904215361,0.006926939150522039,-0.009586605624819056,0.0004883680845434654,-0.011168880688407483
epoch3_on_contrast_rank_01,62,-175.80121194406593,-0.0033351938567724795,0.008432057888662428,0.010563713784273586,-0.03291720627102852,-0.03912335211164731,-0.03255375162470025
epoch3_on_contrast_rank_01,63,-178.6367153625186,0.043704268761978186,-0.072626650627067,-0.01282237489117393,0.06088799967286268,0.010715350510029094,0.018017291818971437
epoch3_on_contrast_rank_01,64,-181.47221878097128,-0.04184005066898529,0.004937529279237719,-0.014014178831442674,0.005369273574709857,-0.008916535257706283,0.04489081367055995
epoch3_on_contrast_rank_03,-64,181.47221878097128,0.028278384549722688,-0.008540984313505785,0.02060309695512052,0.024658809126362417,-0.011387427488497234,0.005636392041753369
epoch3_on_contrast_rank_03,-63,178.6367153625186,-0.024100269979900953,0.024644673199472528,0.0025156050329182,-0.00459872393217476,0.045893593522525464,-0.034452931224368565
epoch3_on_contrast_rank_03,-62,175.80121194406593,0.019003252428016502,-0.017602418849385064,-0.04686498607523014,-0.0001492034928733746,0.013170338308591129,0.008332579144740969
epoch3_on_contrast_rank_03,-61,172.96570852561325,0.022194169830187217,-0.014269244173063293,0.00322052434514164,-0.03136677233250658,0.025390120558492768,-0.0011937489067014584
epoch3_on_contrast_rank_03,-60,170.13020510716058,-0.005376474874859219,0.0016362533574633617,0.07290894839667733,0.021900124253949355,0.0341736160362673,0.014114924389932074
epoch3_on_contrast_rank_03,-59,167.2947016887079,0.0355511106517836,-0.0020256022992903924,0.03029646133313435,-0.03361464758531569,0.018947513017523704,-0.002669329132653546
epoch3_on_contrast_rank_03,-58,164.45919827025523,0.009045416474495409,-0.008493064021269113,0.04465705512539769,0.045465007448177726,-0.0224679084645586,0.02036608011874798
epoch3_on_contrast_rank_03,-57,161.62369485180255,0.020857283665014464,0.02670581837352927,-0.03450729596696822,-0.09308062662228482,-0.0032577319431023044,-0.007225779512326884
epoch3_on_contrast_rank_03,-56,158.78819143334988,-0.01662363909283686,-0.019101394513000094,-0.0020276441364134104,0.0023919690635405763,0.03499616028843186,0.04316273210666034
epoch3_on_contrast_rank_03,-55,155.95268801489718,0.07122602047336275,0.01962866659780923,0.02914684232817181,0.002105628404985453,0.013110273352454592,0.049973090668413996
epoch3_on_contrast_rank_03,-54,153.1171845964445,0.026881793105827098,0.029509234364900515,0.02613587833031949,0.0017401819418112405,0.0028370675156748626,-0.006657911075316596
epoch3_on_contrast_rank_03,-53,150.28168117799183,-0.02971553283933414,0.01589849572396263,-0.029158690704355415,0.0029490166489291383,-0.007259771279463749,0.0018073423240539607
epoch3_on_contrast_rank_03,-52,147.44617775953915,0.02508254249700856,-0.012127727169007951,0.0029899743583563024,-0.0019302818271499933,0.027179619697288493,-0.01614931227669457
epoch3_on_contrast_rank_03,-51,144.61067434108648,-0.01045391546262528,-0.03872640016300118,0.014840308896349866,-0.03706310574063589,0.022074045510480797,0.023454825779820956
epoch3_on_contrast_rank_03,-50,141.7751709226338,-0.027966866154007612,-0.0015059954046373406,-0.042453815052745696,0.021900743144720673,-0.05195606231323739,-0.02050442921292015
epoch3_on_contrast_rank_03,-49,138.93966750418113,0.03425560040596583,-0.0202200394492801,0.05259904999364753,-0.010850681922212058,-0.02963852380592258,-0.000263016381569503
epoch3_on_contrast_rank_03,-48,136.10416408572846,0.03363121023570282,-0.029404722474043646,-0.012953920469908474,0.049210749075619925,0.010740414302572401,-0.004726420397803348
epoch3_on_contrast_rank_03,-47,133.26866066727578,-0.027395313203529552,-0.0065791309385924285,0.05255934793948993,-0.023658719021851737,-0.015182052192033758,0.000686669150631744
epoch3_on_contrast_rank_03,-46,130.4331572488231,-0.03861939545141456,0.021761717597693304,0.011342169486380983,0.03504779268230584,-0.023667057013318192,-0.018908144856396684
epoch3_on_contrast_rank_03,-45,127.59765383037043,-0.04641244319393404,-0.04017570614912491,-0.04415824180638188,0.043672111974083445,0.023406752641133406,-0.012544496410879402
epoch3_on_contrast_rank_03,-44,124.76215041191776,0.023230751366940958,-0.02278645944613948,0.021019114012933854,0.02583013180488071,0.0021402960359315354,0.008774616091410427
epoch3_on_contrast_rank_03,-43,121.92664699346507,-0.00014260023020593038,0.0016529820191384381,0.03519289908611851,0.026286002371877108,0.023101236259261214,0.00402469961071765
epoch3_on_contrast_rank_03,-42,119.0911435750124,0.030743182263246897,-0.015036324165005444,0.028159764055044716,-0.004881881567885174,0.02328157903055879,-0.0721191133320419
epoch3_on_contrast_rank_03,-41,116.25564015655972,-0.013764871075445058,-0.007412297292465654,0.012775459804378157,-0.020055443499074004,-0.031566022166263,-0.02900401932420435
epoch3_on_contrast_rank_03,-40,113.42013673810705,-0.009715261462243323,0.027969081323577283,-0.00388375709658087,-0.0426134543152781,0.024508527087656405,-0.031087690173419787
epoch3_on_contrast_rank_03,-39,110.58463331965437,0.017378580682192106,0.028933219628622067,0.011472193780028603,0.02976211818668561,0.010288403956594333,0.0056971759695464
epoch3_on_contrast_rank_03,-38,107.7491299012017,-0.038554887318398914,0.04002484708897933,-0.014516450690944253,0.049674115967780166,0.025966935894685288,-0.00192327963592092
epoch3_on_contrast_rank_03,-37,104.91362648274902,0.02142113857679428,-0.02134870476234521,-0.08639762580302865,-0.002291530494048906,0.061624417116313605,0.01789173687253222
epoch3_on_contrast_rank_03,-36,102.07812306429634,0.02548470345147088,0.0025112244388547297,0.001340708644805448,0.06527874194582707,0.005389620576081319,-0.03630353951418775
epoch3_on_contrast_rank_03,-35,99.24261964584366,-0.0070814344645391825,-0.011855127567948334,0.03680658886810606,0.0017138218045683606,0.038497617397090386,-0.004389391917467768
epoch3_on_contrast_rank_03,-34,96.40711622739099,-0.01848509817492909,-0.009047251582361499,0.02478766831355579,0.030863983611928818,-0.026740434400300238,0.026832571496508202
epoch3_on_contrast_rank_03,-33,93.57161280893831,0.005764293620561002,-0.05204837542605244,0.0029579279688881216,-0.0040584953902639345,-0.03216998740081506,0.049128413214932685
epoch3_on_contrast_rank_03,-32,90.73610939048564,-0.02294305710755872,0.02652742070261243,0.034561824099905075,0.01036004418431969,0.026609313350176522,0.031016352870047253
epoch3_on_contrast_rank_03,-31,87.90060597203296,-0.02230307316340102,-0.044408369997606445,0.03756168715901859,0.007501909397532938,0.012853114776090108,-0.03140351301750931
epoch3_on_contrast_rank_03,-30,85.06510255358029,0.022798306571865275,0.008259357509056799,0.024022110469466833,0.0035388302686463133,0.016000629266842696,0.014764050662632255
epoch3_on_contrast_rank_03,-29,82.22959913512761,0.020813410627742175,0.0117183727241255,0.03602948865996968,-0.024189112269073478,-0.008321712524537478,0.0032278605355244364
epoch3_on_contrast_rank_03,-28,79.39409571667494,-0.013158001905168658,-0.021092749754899796,-0.02914774641713816,-0.029117269723082477,0.020094376908228823,0.015328889200413726
epoch3_on_contrast_rank_03,-27,76.55859229822225,-0.033905605020678464,-0.013389697522567093,0.06376869468297718,0.0105275852392673,0.022321473084385354,0.0018327996691554077
epoch3_on_contrast_rank_03,-26,73.72308887976958,0.028234032286579072,0.0654858879515873,0.04717442142998003,0.00577073569349585,-0.021275581578543153,0.010074418424692942
epoch3_on_contrast_rank_03,-25,70.8875854613169,0.009907083152443777,-0.01234687665630875,0.06938127711867643,0.020350928823103874,0.005767561082696444,0.02185210822618955
epoch3_on_contrast_rank_03,-24,68.05208204286423,0.004330435442200041,0.011913371275991368,-0.014158457913625695,0.07066273415884955,0.0019945434097977804,-0.016859601100194174
epoch3_on_contrast_rank_03,-23,65.21657862441155,-0.03030582311019791,0.0041708637094333145,0.0009903688043355688,0.028488236298879623,0.00410468558959589,0.044752780327397726
epoch3_on_contrast_rank_03,-22,62.38107520595888,0.003015396618251523,0.04659405292957477,-0.024422283811233278,-0.03455492592101199,0.017394627098771834,-0.0105309514270812
epoch3_on_contrast_rank_03,-21,59.5455717875062,-0.023308131894915207,0.029602568295120403,0.014588788551018646,0.0019041015762686214,0.053200234494127356,-0.005126901572394343
epoch3_on_contrast_rank_03,-20,56.71006836905352,0.01689076468760982,-0.016179072044094217,-0.019241576981346743,0.02884508492166927,-0.002673068150051555,-0.05729042700542405
epoch3_on_contrast_rank_03,-19,53.87456495060085,0.03449785282976219,0.003153567844091376,0.0065811972256961185,-0.03606140990439323,0.016166104046576257,-0.017697774238719835
epoch3_on_contrast_rank_03,-18,51.03906153214817,0.0383757160023053,-0.019817618498102485,0.0008286077786035795,0.01314637334911678,-0.011078339586373456,0.001852341103915106
epoch3_on_contrast_rank_03,-17,48.20355811369549,0.0006210390503082613,-0.02842703666630996,-0.05086625687217945,0.021626825193709398,0.06801486201712405,-0.009330640762210282
epoch3_on_contrast_rank_03,-16,45.36805469524282,-0.03138174880589503,0.007978053343478508,0.014414461670044308,-0.023644971497704885,-0.003712557635782439,0.011174605787234275
epoch3_on_contrast_rank_03,-15,42.532551276790144,0.0333421948204392,-0.00447860156682376,-0.026305450251196585,0.002047420471050068,0.031433182552187286,-0.033675989817219844
epoch3_on_contrast_rank_03,-14,39.69704785833747,0.031099809999758178,0.017766842711319515,0.03026827108477429,-0.05558746946767504,0.001980260654340149,0.03648133627822436
epoch3_on_contrast_rank_03,-13,36.86154443988479,-0.03670487850010747,0.025666577989539786,-0.02309565742483699,0.013245537886905814,-0.011393000033044318,0.0049308846402868894
epoch3_on_contrast_rank_03,-12,34.026041021432114,0.00613392592272307,0.0027005189850119807,0.014576846058227656,0.02125241980325044,-0.03368441365053201,0.017232279163737402
epoch3_on_contrast_rank_03,-11,31.19053760297944,-0.009455011850643187,-0.03928386402061849,-0.0018100195787409193,-0.030435851098934978,0.009746062536919925,-0.005976562365786996
epoch3_on_contrast_rank_03,-10,28.35503418452676,0.03129248270848496,0.023043748311628996,0.02150166316053527,0.007372917163678681,-0.04221628149225332,-0.007646955758268709
epoch3_on_contrast_rank_03,-9,25.519530766074084,0.05708264479390657,0.025927290191770917,-0.002779690184111186,-0.027075334138248912,0.03323351135456965,-0.046295479255229255
epoch3_on_contrast_rank_03,-8,22.68402734762141,-0.017722407207050296,0.012745095937427474,0.017069849247173682,-0.0006906128950080331,-0.018590375241043636,-0.010119734887188668
epoch3_on_contrast_rank_03,-7,19.848523929168735,0.08039579811436516,-0.0034750897661258925,0.03426399166580139,0.014452075461389963,0.01619811900640237,0.02590710289701044
epoch3_on_contrast_rank_03,-6,17.013020510716057,-0.018444213586100856,0.07057476703562286,-0.04263048459849069,0.006343871311243969,0.013465453378333395,0.009053037879204334
epoch3_on_contrast_rank_03,-5,14.17751709226338,0.0002625669578728909,-0.024618182821803017,-0.046074479747748136,-0.0311195528059345,-0.04046168354832912,0.0560223785030348
epoch3_on_contrast_rank_03,-4,11.342013673810705,-0.014329286629960476,-0.023383244833520618,-0.007727227218700818,0.019403601574682218,0.05097610065515584,0.0021413590569390253
epoch3_on_contrast_rank_03,-3,8.506510255358029,-0.044083246965477406,-0.0009348023085557489,-0.01070618199619102,-0.004378460696055096,-0.00303692875913944,0.009173378326322132
epoch3_on_contrast_rank_03,-2,5.671006836905352,0.007601770336061256,-0.021568119584910436,-0.023147351762771516,-0.020731463301874177,0.012542618191541281,0.02666497717993719
epoch3_on_contrast_rank_03,-1,2.835503418452676,0.033078169659887406,-0.013763295843352424,-0.023909005285765818,0.03381740789147613,-0.004343373303702901,-0.02869326158667141
epoch3_on_contrast_rank_03,0,-0.0,0.004712478192681356,-0.03257833513915185,-0.054564464174416086,-0.03499614743768903,0.14876151065116117,0.014501276294919159
epoch3_on_contrast_rank_03,1,-2.835503418452676,-0.006468528266134116,0.015438259679012953,0.02040529419337364,-0.0003963112980394298,0.01025396867007669,0.0016878776840261317
epoch3_on_contrast_rank_03,2,-5.671006836905352,0.035365663667086294,-0.013728124389171453,-0.009284681323144021,-0.02880391152950712,0.05789163731339161,-0.02017073491496059
epoch3_on_contrast_rank_03,3,-8.506510255358029,-0.04822162575042504,0.04297930734624543,0.036366369230150686,-0.012452833114879241,0.05507524548421878,0.010912590566951139
epoch3_on_contrast_rank_03,4,-11.342013673810705,-0.021928105332933184,0.0033165955425184315,0.009818074197739834,-0.05104130218928077,0.04107712018845462,0.007212105832403927
epoch3_on_contrast_rank_03,5,-14.17751709226338,0.01966831247930137,0.006062583126024035,0.03957968794063469,-0.04917372855168045,-0.016155446667316803,-0.008682055644586316
epoch3_on_contrast_rank_03,6,-17.013020510716057,0.005870521596496744,0.01360748415567696,0.015477796133465976,0.0001983172649009865,0.027143171577265264,0.01115476997971647
epoch3_on_contrast_rank_03,7,-19.848523929168735,0.043826943515449676,0.030414547669421865,-0.01911919516677687,-0.005424378846392713,-0.0036389792018483302,-0.011250015614782297
epoch3_on_contrast_rank_03,8,-22.68402734762141,0.0041407196907793375,0.00027274734751392415,0.006044958013245998,-0.007043944666810693,0.028371221327748344,-0.0013557168553429144
epoch3_on_contrast_rank_03,9,-25.519530766074084,0.020001922206423266,0.002723001907746443,0.017103811531283257,-0.018329654483917796,-0.017002631981054526,0.017702863791751858
epoch3_on_contrast_rank_03,10,-28.35503418452676,0.05739886663191616,0.03507146941441726,0.02263257851974782,0.03239309707967741,-0.006215101813405476,0.01769622568992387
epoch3_on_contrast_rank_03,11,-31.19053760297944,-0.037718756542198605,0.0440151413299798,-0.012125535049434505,-0.010715600177264063,-0.023994034592054937,0.024201261094113323
epoch3_on_contrast_rank_03,12,-34.026041021432114,0.017516436049758388,-0.008745200108904248,-0.006847302432095949,-0.021269382194652325,-0.018927238828852805,0.01046004051361412
epoch3_on_contrast_rank_03,13,-36.86154443988479,0.0005169138004790935,-0.015160842003908999,0.0029664994930794428,-0.040695589586308055,-0.027072261627991215,-0.002819399798038233
epoch3_on_contrast_rank_03,14,-39.69704785833747,0.028317520872815326,0.005621714450763392,-0.023366313136858476,0.029072472057584148,0.006129766191469009,0.026081873576892275
epoch3_on_contrast_rank_03,15,-42.532551276790144,-0.036825872066877534,-0.024400100655432244,0.009852243063984897,0.047250389407107865,0.01766010552372948,0.007283844735102296
epoch3_on_contrast_rank_03,16,-45.36805469524282,0.0060046909206880675,0.05140335137540726,0.033221034283356196,0.02683130265071912,0.021880803248523643,-0.015642636304669714
epoch3_on_contrast_rank_03,17,-48.20355811369549,0.01654421644963843,-0.053684161499257275,-0.03609932375918724,-0.03377410171201921,0.011381508023757196,0.021720027307764067
epoch3_on_contrast_rank_03,18,-51.03906153214817,0.007000916238624234,0.0314670568189246,-0.014757301086094868,0.01290086570210175,0.019304630314853057,-0.04330263778181413
epoch3_on_contrast_rank_03,19,-53.87456495060085,0.057186939781864704,-0.05524999205264029,-0.024960017416486506,-0.00758911751144576,-0.03064340483755524,0.003809449340286694
epoch3_on_contrast_rank_03,20,-56.71006836905352,0.04532365145682411,0.007590935250159768,-0.04941656571525239,-0.024391624169819028,-0.03953825048524581,0.0384924329853681
epoch3_on_contrast_rank_03,21,-59.5455717875062,0.05636058011854911,0.004424253595263675,-0.028649079474674634,0.020684774950526313,0.03591276382329151,-0.02750106493585555
epoch3_on_contrast_rank_03,22,-62.38107520595888,0.016361939364654264,-0.011004920325887887,-0.030251692445583768,0.01029986864478303,0.013887028445189777,-0.01654258789080268
epoch3_on_contrast_rank_03,23,-65.21657862441155,0.03439529553528154,0.012523394915247767,-0.008624854988998065,0.038310661457678995,-0.002245940460682723,-0.005078909367906774
epoch3_on_contrast_rank_03,24,-68.05208204286423,-0.007181602862231996,-0.004531239471389163,0.006917661329371327,-0.027846513699397182,0.003938789745038258,-0.0070481369838176
epoch3_on_contrast_rank_03,25,-70.8875854613169,0.00136608737876711,0.04426995857609835,-0.01929465631163041,0.020442856924907153,0.0008096586519809393,-0.018161829652897594
epoch3_on_contrast_rank_03,26,-73.72308887976958,0.01308019902179091,-0.025635391509686647,-0.006603779276009886,0.00596853057139634,-0.015591546187073431,-0.034761373700691725
epoch3_on_contrast_rank_03,27,-76.55859229822225,-0.0024939731223254658,-0.006530067790808641,-0.001396343089895509,-0.04934142482985666,-0.016127308054209734,0.03470595518068751
epoch3_on_contrast_rank_03,28,-79.39409571667494,-0.0030224389207404723,-0.0016516744057956043,-0.00018999485032222124,0.06103556812646854,0.011277206349107526,0.03923007159927469
epoch3_on_contrast_rank_03,29,-82.22959913512761,-0.024528080561199657,0.029727218174339452,-0.024120314741606752,0.03414756677279568,-0.015218508209437757,0.013974888310271778
epoch3_on_contrast_rank_03,30,-85.06510255358029,0.03775515115208868,-0.016552792205972007,-0.04966974784408651,-0.02861269206498384,-0.0348902083068043,-0.030990822411458216
epoch3_on_contrast_rank_03,31,-87.90060597203296,-0.06031289645088324,0.03566943949349969,-0.01290666361314051,0.010633341654672404,0.004517751425605593,0.002141660763665565
epoch3_on_contrast_rank_03,32,-90.73610939048564,-0.032302665395395565,-0.013188042956992878,0.014149629434876049,-0.007614337220326929,-0.01641928312271776,0.03628332789939015
epoch3_on_contrast_rank_03,33,-93.57161280893831,0.041583434836743885,-0.009910259182675712,-0.015129858403069574,-0.016107708935300585,0.0019155397021892867,0.015227534652423776
epoch3_on_contrast_rank_03,34,-96.40711622739099,0.0022552886273375927,0.017283132179880985,0.0018225202579797498,0.017188622502367752,-0.025509895009048524,0.04681870371814455
epoch3_on_contrast_rank_03,35,-99.24261964584366,-0.005152901252733516,0.0034970366372514897,0.00325480880163119,-0.0012931413049653215,0.019631113965644667,-0.044114499482519706
epoch3_on_contrast_rank_03,36,-102.07812306429634,-0.03898809001247179,0.04018744716889776,0.003297333069723324,-0.0006849336626270353,0.027516495549809103,-0.0005436734257435877
epoch3_on_contrast_rank_03,37,-104.91362648274902,-0.027130725558922764,-0.008545821988047951,0.0035466280073571457,-0.042803933926978954,-0.020535742281808454,0.0031943785679674763
epoch3_on_contrast_rank_03,38,-107.7491299012017,-0.0403701951976003,0.01707737328646309,0.0014739378495044753,-0.05803141988750296,-0.02558727439497817,0.02981780095953574
epoch3_on_contrast_rank_03,39,-110.58463331965437,0.018823555014743427,0.011064232614766988,-0.04730634714965177,-0.013047706913862984,0.028058647408133908,-0.01615651027837918
epoch3_on_contrast_rank_03,40,-113.42013673810705,0.02202251368091826,0.036544452728497025,-0.0107523156461544,-0.026805219296708552,-0.0022956760959369285,0.026795862170838618
epoch3_on_contrast_rank_03,41,-116.25564015655972,-0.039917605861781655,0.021484411047171567,0.004005387548110945,-0.02060498995226448,0.01850306374062409,0.022245186019120518
epoch3_on_contrast_rank_03,42,-119.0911435750124,0.010269284372930891,0.008264931044841946,0.03856047444995596,-0.007107414114144159,0.017373349076294245,0.03106683109536708
epoch3_on_contrast_rank_03,43,-121.92664699346507,0.026438286320918186,-0.028219856661569877,0.011112669599216411,0.012358227295418578,0.003780031323801031,-0.016822248004419983
epoch3_on_contrast_rank_03,44,-124.76215041191776,-0.05832547546016874,0.013062445567780363,0.02837226113976693,-0.023056238829028748,0.02669723703631488,-0.011983611500877171
epoch3_on_contrast_rank_03,45,-127.59765383037043,0.018535120475173666,0.03623558150963361,0.05094242113151358,-0.01269386944278534,0.024918236670727213,-0.01367099612241246
epoch3_on_contrast_rank_03,46,-130.4331572488231,-0.013911771372923265,0.024754900641236914,-0.011135319130366285,0.03417314006491301,0.05389369563124621,0.0065362657260380486
epoch3_on_contrast_rank_03,47,-133.26866066727578,0.059874369050530216,0.002005777077787159,0.0198203861922822,-0.00468932758201987,0.004464470115885917,-0.009647125283424936
epoch3_on_contrast_rank_03,48,-136.10416408572846,0.01795354608347842,-0.028211836085453752,0.04742295451337405,0.034946552156422485,-0.024236436433280287,0.00828703919873204
epoch3_on_contrast_rank_03,49,-138.93966750418113,0.0036018248792501137,0.0037549539631738793,0.0457045951608048,-0.009453160353125926,0.04392529323886524,0.031069006792293116
epoch3_on_contrast_rank_03,50,-141.7751709226338,0.0030326785061806846,0.05656016329379477,-0.05130594035567965,0.04081253081397709,0.0329963163244511,-0.04341805907368343
epoch3_on_contrast_rank_03,51,-144.61067434108648,0.02179585612715597,-0.020311781838061878,-0.010910365035676974,-0.0015192385799458127,0.02240182187820528,0.05680598286535511
epoch3_on_contrast_rank_03,52,-147.44617775953915,0.03448836365017846,-0.03338747702858226,-0.019470865246768332,0.04365032796666668,0.01020323018164191,-0.01672564734676745
epoch3_on_contrast_rank_03,53,-150.28168117799183,0.00034327135823251226,-0.004498487527442613,-0.006507475485827148,0.010534281197339394,-0.0033769041721883886,0.012709935947149559
epoch3_on_contrast_rank_03,54,-153.1171845964445,-0.01589418120556766,0.002412839636159028,-0.013977991530830076,-0.028673678819401097,0.016440600538555096,0.04680401021461503
epoch3_on_contrast_rank_03,55,-155.95268801489718,-0.008738905707158573,-0.06165425848796132,0.04946141106113814,0.007662849373414077,-0.013503958194474718,0.02959953323612769
epoch3_on_contrast_rank_03,56,-158.78819143334988,0.023039792331682414,-0.013845586366873108,-0.0015590990883595085,-0.013704969607343763,-0.037255281784980915,0.012286762360458357
epoch3_on_contrast_rank_03,57,-161.62369485180255,0.024473107565507225,0.02944745345915903,-0.03522874628287019,-0.004012541641299959,-0.047716672527818436,0.04600938609791517
epoch3_on_contrast_rank_03,58,-164.45919827025523,-0.041466415237303246,-0.00813107509806698,0.0018812911603879809,-0.005299693510367104,-0.0018587743520730726,-0.007652658765892641
epoch3_on_contrast_rank_03,59,-167.2947016887079,-0.003142495937733164,0.024861377738778,-0.021865605501180427,0.034721793036362525,-0.037030431152145465,0.01129543457091689
epoch3_on_contrast_rank_03,60,-170.13020510716058,0.0029688645051593396,-0.008185442444173713,0.0323813035483897,0.008204494177014271,-0.012164250852240557,-0.006427688790390906
epoch3_on_contrast_rank_03,61,-172.96570852561325,0.010879612505076963,-0.004396469510736967,-0.015388675338297068,-6.259462863440063e-05,-0.004124255696705763,0.014746469318976857
epoch3_on_contrast_rank_03,62,-175.80121194406593,-0.020084568660923834,0.01654790735893239,-0.014201244941225918,0.010976597616294083,-0.03130719544741897,0.024838632224719277
epoch3_on_contrast_rank_03,63,-178.6367153625186,0.03175079166831862,-0.01814166806741801,-0.0037341388937251405,-0.026092322079614705,-0.0041941514315767675,0.030968462026869342
epoch3_on_contrast_rank_03,64,-181.47221878097128,-0.01587117635561068,0.03442339343654749,-0.024951693638680786,0.03512612708940011,0.037331724355152446,0.031317200858481074
