sector,context,cadence,time_spacecraft_btjd,quaternion_rows,finite_fom_rows,minimum_fom,finite_guide_count_rows,minimum_guides_used
29,0,3719082,2088.353158048535,10,10,252.0,10,200.0
29,0,3719083,2088.353389529916,10,10,252.0,10,200.0
29,0,3719084,2088.3536210112966,10,10,252.0,10,200.0
29,0,3719085,2088.353852492677,10,10,252.0,10,200.0
29,0,3719086,2088.354083974057,10,10,236.0,10,199.0
29,0,3719087,2088.3543154554372,10,10,252.0,10,200.0
29,0,3719088,2088.354546936818,10,10,252.0,10,200.0
29,0,3719089,2088.354778418199,10,10,252.0,10,200.0
29,0,3719090,2088.35500989958,10,10,236.0,10,199.0
29,0,3719091,2088.3552413809607,10,10,252.0,10,200.0
29,0,3719092,2088.355472862341,10,10,252.0,10,200.0
29,0,3719093,2088.355704343721,10,10,236.0,10,198.0
29,0,3719094,2088.3559358251014,10,10,252.0,10,200.0
29,0,3719095,2088.3561673064814,10,10,252.0,10,200.0
29,0,3719096,2088.3563987878615,10,10,252.0,10,200.0
29,0,3719097,2088.3566302692425,10,10,252.0,10,200.0
29,0,3719098,2088.3568617506235,10,10,236.0,10,199.0
29,0,3719099,2088.3570932320035,10,10,236.0,10,199.0
29,0,3719100,2088.3573247133836,10,10,252.0,10,200.0
29,0,3719101,2088.357556194764,10,10,252.0,10,200.0
29,0,3719102,2088.3577876761447,10,10,236.0,10,199.0
29,0,3719103,2088.3580191575256,10,10,252.0,10,200.0
29,0,3719104,2088.3582506389066,10,10,252.0,10,200.0
29,0,3719105,2088.358482120287,10,10,252.0,10,200.0
29,0,3719106,2088.358713601667,10,10,236.0,10,199.0
29,0,3719107,2088.3589450830473,10,10,252.0,10,200.0
29,0,3719108,2088.359176564428,10,10,252.0,10,200.0
29,0,3719109,2088.359408045809,10,10,252.0,10,200.0
29,0,3719110,2088.3596395271898,10,10,252.0,10,200.0
29,0,3719111,2088.3598710085703,10,10,252.0,10,200.0
29,0,3719112,2088.3601024899503,10,10,252.0,10,200.0
29,0,3719113,2088.3603339713304,10,10,252.0,10,200.0
29,0,3719114,2088.360565452711,10,10,236.0,10,199.0
29,0,3719115,2088.360796934092,10,10,252.0,10,200.0
29,0,3719116,2088.361028415473,10,10,252.0,10,200.0
29,0,3719117,2088.3612598968534,10,10,252.0,10,200.0
29,0,3719118,2088.361491378234,10,10,236.0,10,199.0
29,0,3719119,2088.361722859614,10,10,252.0,10,200.0
29,0,3719120,2088.361954340994,10,10,252.0,10,200.0
29,0,3719121,2088.362185822375,10,10,252.0,10,200.0
29,0,3719122,2088.362417303756,10,10,252.0,10,200.0
29,0,3719123,2088.3626487851366,10,10,252.0,10,200.0
29,0,3719124,2088.3628802665166,10,10,252.0,10,200.0
29,0,3719125,2088.3631117478967,10,10,252.0,10,200.0
29,0,3719126,2088.363343229277,10,10,252.0,10,200.0
29,0,3719127,2088.363574710657,10,10,252.0,10,200.0
29,0,3719128,2088.363806192038,10,10,236.0,10,199.0
29,0,3719129,2088.3640376734184,10,10,252.0,10,200.0
29,0,3719130,2088.3642691547993,10,10,252.0,10,200.0
29,0,3719131,2088.3645006361803,10,10,236.0,10,199.0
29,0,3719132,2088.364732117561,10,10,252.0,10,200.0
29,0,3719133,2088.364963598941,10,10,252.0,10,200.0
29,0,3719134,2088.365195080321,10,10,236.0,10,199.0
29,0,3719135,2088.3654265617015,10,10,252.0,10,200.0
29,0,3719136,2088.3656580430825,10,10,252.0,10,200.0
29,0,3719137,2088.3658895244635,10,10,252.0,10,200.0
29,0,3719138,2088.366121005844,10,10,236.0,10,199.0
29,0,3719139,2088.366352487224,10,10,252.0,10,200.0
29,0,3719140,2088.366583968604,10,10,252.0,10,200.0
29,0,3719141,2088.3668154499846,10,10,236.0,10,199.0
29,0,3719142,2088.3670469313656,10,10,252.0,10,200.0
29,0,3719143,2088.3672784127466,10,10,252.0,10,200.0
29,0,3719144,2088.367509894127,10,10,252.0,10,200.0
29,0,3719145,2088.3677413755076,10,10,252.0,10,200.0
29,0,3719146,2088.3679728568877,10,10,252.0,10,200.0
29,0,3719147,2088.368204338268,10,10,236.0,10,199.0
29,0,3719148,2088.3684358196488,10,10,252.0,10,200.0
29,0,3719149,2088.3686673010297,10,10,252.0,10,200.0
29,0,3719150,2088.3688987824103,10,10,252.0,10,200.0
29,0,3719151,2088.369130263791,10,10,252.0,10,200.0
29,0,3719152,2088.369361745172,10,10,252.0,10,200.0
29,0,3719153,2088.369593226551,10,10,236.0,10,199.0
29,0,3719154,2088.3698247079305,10,10,252.0,10,200.0
29,0,3719155,2088.370056189311,10,10,252.0,10,200.0
29,0,3719156,2088.370287670692,10,10,252.0,10,200.0
29,0,3719157,2088.370519152073,10,10,236.0,10,199.0
29,0,3719158,2088.3707506334536,10,10,252.0,10,200.0
29,0,3719159,2088.370982114834,10,10,252.0,10,200.0
29,0,3719160,2088.371213596214,10,10,252.0,10,200.0
29,0,3719161,2088.371445077594,10,10,252.0,10,200.0
29,0,3719162,2088.371676558975,10,10,252.0,10,200.0
29,0,3719163,2088.371908040356,10,10,252.0,10,200.0
29,0,3719164,2088.372139521737,10,10,236.0,10,199.0
29,0,3719165,2088.3723710031177,10,10,236.0,10,199.0
29,0,3719166,2088.3726024844977,10,10,252.0,10,200.0
29,0,3719167,2088.372833965878,10,10,236.0,10,199.0
29,0,3719168,2088.3730654472583,10,10,252.0,10,200.0
29,0,3719169,2088.3732969286393,10,10,252.0,10,200.0
29,0,3719170,2088.3735284100203,10,10,236.0,10,199.0
29,0,3719171,2088.373759891401,10,10,236.0,10,199.0
29,0,3719172,2088.3739913727813,10,10,252.0,10,200.0
29,0,3719173,2088.3742228541614,10,10,252.0,10,200.0
29,0,3719174,2088.3744543355415,10,10,236.0,10,199.0
29,0,3719175,2088.3746858169225,10,10,236.0,10,199.0
29,0,3719176,2088.3749172983034,10,10,236.0,10,199.0
29,0,3719177,2088.375148779684,10,10,236.0,10,199.0
29,0,3719178,2088.3753802610645,10,10,236.0,10,199.0
29,0,3719179,2088.3756117424455,10,10,252.0,10,200.0
29,0,3719180,2088.3758432238255,10,10,252.0,10,200.0
29,0,3719181,2088.3760747052056,10,10,252.0,10,200.0
29,0,3719182,2088.3763061865866,10,10,252.0,10,200.0
29,0,3719183,2088.3765376679667,10,10,252.0,10,200.0
29,0,3719184,2088.3767691493467,10,10,252.0,10,200.0
29,0,3719185,2088.3770006307273,10,10,252.0,10,200.0
29,0,3719186,2088.3772321121073,10,10,236.0,10,199.0
29,0,3719187,2088.3774635934874,10,10,252.0,10,200.0
29,0,3719188,2088.377695074868,10,10,252.0,10,200.0
29,0,3719189,2088.377926556249,10,10,252.0,10,200.0
29,0,3719190,2088.37815803763,10,10,236.0,10,199.0
29,0,3719191,2088.3783895190104,10,10,252.0,10,200.0
29,0,3719192,2088.378621000391,10,10,236.0,10,199.0
29,0,3719193,2088.378852481771,10,10,236.0,10,199.0
29,0,3719194,2088.379083963151,10,10,252.0,10,200.0
29,0,3719195,2088.379315444532,10,10,252.0,10,200.0
29,0,3719196,2088.379546925913,10,10,252.0,10,200.0
29,0,3719197,2088.3797784072935,10,10,236.0,10,199.0
29,0,3719198,2088.3800098886745,10,10,252.0,10,200.0
29,0,3719199,2088.380241370055,10,10,252.0,10,200.0
29,0,3719200,2088.380472851435,10,10,236.0,10,199.0
29,0,3719201,2088.380704332815,10,10,252.0,10,200.0
29,0,3719202,2088.380935814196,10,10,252.0,10,200.0
29,0,3719203,2088.381167295577,10,10,236.0,10,199.0
29,0,3719204,2088.3813987769577,10,10,236.0,10,199.0
29,0,3719205,2088.381630258338,10,10,252.0,10,200.0
29,0,3719206,2088.381861739719,10,10,252.0,10,200.0
29,0,3719207,2088.3820932210992,10,10,252.0,10,200.0
29,0,3719208,2088.3823247024793,10,10,252.0,10,200.0
29,0,3719209,2088.3825561838603,10,10,252.0,10,200.0
29,0,3719210,2088.382787665241,10,10,252.0,10,200.0
29,0,3719211,2088.3830191466213,10,10,236.0,10,199.0
29,0,3719212,2088.3832506280014,10,10,252.0,10,200.0
29,0,3719213,2088.383482109381,10,10,236.0,10,199.0
29,0,3719214,2088.383713590761,10,10,252.0,10,200.0
29,0,3719215,2088.3839450721416,10,10,252.0,10,200.0
29,0,3719216,2088.3841765535226,10,10,236.0,10,199.0
29,0,3719217,2088.3844080349036,10,10,252.0,10,200.0
29,0,3719218,2088.384639516284,10,10,236.0,10,199.0
29,0,3719219,2088.3848709976646,10,10,252.0,10,200.0
29,0,3719220,2088.3851024790447,10,10,252.0,10,200.0
29,0,3719221,2088.3853339604248,10,10,236.0,10,199.0
29,0,3719222,2088.3855654418057,10,10,252.0,10,200.0
29,0,3719223,2088.3857969231867,10,10,252.0,10,200.0
29,0,3719224,2088.3860284045672,10,10,252.0,10,200.0
29,0,3719225,2088.3862598859478,10,10,252.0,10,200.0
29,0,3719226,2088.3864913673287,10,10,236.0,10,199.0
29,0,3719227,2088.386722848709,10,10,252.0,10,200.0
29,0,3719228,2088.386954330089,10,10,252.0,10,200.0
29,0,3719229,2088.38718581147,10,10,252.0,10,200.0
29,0,3719230,2088.3874172928504,10,10,252.0,10,200.0
29,0,3719231,2088.387648774231,10,10,236.0,10,199.0
29,0,3719232,2088.387880255612,10,10,252.0,10,200.0
29,0,3719233,2088.388111736993,10,10,252.0,10,200.0
29,0,3719234,2088.388343218373,10,10,252.0,10,200.0
29,0,3719235,2088.388574699753,10,10,252.0,10,200.0
29,0,3719236,2088.388806181134,10,10,252.0,10,200.0
29,0,3719237,2088.3890376625145,10,10,252.0,10,200.0
29,0,3719238,2088.389269143895,10,10,252.0,10,200.0
29,0,3719239,2088.389500625276,10,10,252.0,10,200.0
29,0,3719240,2088.389732106656,10,10,252.0,10,200.0
29,0,3719241,2088.3899635880352,10,10,252.0,10,200.0
29,0,3719242,2088.3901950694153,10,10,252.0,10,200.0
29,0,3719243,2088.3904265507963,10,10,236.0,10,199.0
29,0,3719244,2088.3906580321773,10,10,252.0,10,200.0
29,0,3719245,2088.390889513558,10,10,252.0,10,200.0
29,0,3719246,2088.3911209949383,10,10,236.0,10,199.0
29,0,3719247,2088.3913524763184,10,10,252.0,10,200.0
29,0,3719248,2088.3915839576985,10,10,252.0,10,200.0
29,0,3719249,2088.3918154390794,10,10,252.0,10,200.0
29,0,3719250,2088.3920469204604,10,10,252.0,10,200.0
29,0,3719251,2088.392278401841,10,10,252.0,10,200.0
29,0,3719252,2088.3925098832215,10,10,252.0,10,200.0
29,0,3719253,2088.3927413646024,10,10,252.0,10,200.0
29,0,3719254,2088.3929728459825,10,10,252.0,10,200.0
29,0,3719255,2088.3932043273626,10,10,252.0,10,200.0
29,0,3719256,2088.3934358087436,10,10,252.0,10,200.0
29,0,3719257,2088.393667290124,10,10,252.0,10,200.0
29,0,3719258,2088.3938987715046,10,10,252.0,10,200.0
29,0,3719259,2088.3941302528856,10,10,252.0,10,200.0
29,0,3719260,2088.3943617342657,10,10,236.0,10,199.0
29,0,3719261,2088.3945932156457,10,10,252.0,10,200.0
29,0,3719262,2088.3948246970267,10,10,252.0,10,200.0
29,0,3719263,2088.3950561784072,10,10,252.0,10,200.0
29,0,3719264,2088.3952876597878,10,10,236.0,10,199.0
29,0,3719265,2088.3955191411687,10,10,252.0,10,200.0
29,0,3719266,2088.3957506225497,10,10,252.0,10,200.0
29,0,3719267,2088.39598210393,10,10,252.0,10,200.0
29,0,3719268,2088.39621358531,10,10,252.0,10,200.0
29,0,3719269,2088.3964450666904,10,10,252.0,10,200.0
29,0,3719270,2088.3966765480714,10,10,236.0,10,199.0
29,0,3719271,2088.3969080294514,10,10,252.0,10,200.0
29,0,3719272,2088.3971395108315,10,10,252.0,10,200.0
29,0,3719273,2088.397370992212,10,10,252.0,10,200.0
29,0,3719274,2088.397602473592,10,10,252.0,10,200.0
29,0,3719275,2088.397833954972,10,10,236.0,10,199.0
29,0,3719276,2088.398065436353,10,10,252.0,10,200.0
29,0,3719277,2088.398296917734,10,10,236.0,10,199.0
29,0,3719278,2088.3985283991146,10,10,236.0,10,199.0
29,0,3719279,2088.398759880495,10,10,252.0,10,200.0
29,0,3719280,2088.398991361876,10,10,236.0,10,199.0
29,0,3719281,2088.399222843256,10,10,252.0,10,200.0
29,0,3719282,2088.3994543246363,10,10,252.0,10,200.0
29,0,3719283,2088.3996858060173,10,10,252.0,10,200.0
29,0,3719284,2088.399917287398,10,10,236.0,10,199.0
29,0,3719285,2088.4001487687783,10,10,252.0,10,200.0
29,0,3719286,2088.4003802501593,10,10,252.0,10,200.0
29,0,3719287,2088.4006117315394,10,10,252.0,10,200.0
29,0,3719288,2088.4008432129194,10,10,252.0,10,200.0
29,0,3719289,2088.4010746943004,10,10,236.0,10,199.0
29,0,3719290,2088.401306175681,10,10,236.0,10,199.0
29,0,3719291,2088.4015376570615,10,10,252.0,10,200.0
29,0,3719292,2088.4017691384424,10,10,252.0,10,200.0
29,0,3719293,2088.4020006198234,10,10,252.0,10,200.0
29,0,3719294,2088.4022321012035,10,10,236.0,10,199.0
29,0,3719295,2088.4024635825836,10,10,252.0,10,200.0
29,0,3719296,2088.402695063964,10,10,252.0,10,200.0
29,0,3719297,2088.4029265453446,10,10,252.0,10,200.0
29,0,3719298,2088.4031580267256,10,10,252.0,10,200.0
29,0,3719299,2088.4033895081066,10,10,252.0,10,200.0
29,0,3719300,2088.4036209894866,10,10,236.0,10,199.0
29,0,3719301,2088.403852470866,10,10,252.0,10,200.0
29,0,3719302,2088.404083952246,10,10,236.0,10,199.0
29,0,3719303,2088.404315433627,10,10,252.0,10,200.0
29,0,3719304,2088.4045469150074,10,10,252.0,10,200.0
29,0,3719305,2088.404778396388,10,10,252.0,10,200.0
29,0,3719306,2088.405009877769,10,10,236.0,10,199.0
29,0,3719307,2088.405241359149,10,10,236.0,10,199.0
29,0,3719308,2088.405472840529,10,10,236.0,10,199.0
29,0,3719309,2088.40570432191,10,10,252.0,10,200.0
29,0,3719310,2088.405935803291,10,10,252.0,10,200.0
29,0,3719311,2088.4061672846715,10,10,252.0,10,200.0
29,0,3719312,2088.406398766052,10,10,236.0,10,199.0
29,0,3719313,2088.406630247433,10,10,252.0,10,200.0
29,0,3719314,2088.406861728813,10,10,236.0,10,198.0
29,0,3719315,2088.407093210193,10,10,252.0,10,200.0
29,0,3719316,2088.407324691574,10,10,252.0,10,200.0
29,0,3719317,2088.4075561729546,10,10,252.0,10,200.0
29,0,3719318,2088.407787654335,10,10,236.0,10,199.0
29,0,3719319,2088.408019135716,10,10,252.0,10,200.0
29,0,3719320,2088.408250617097,10,10,236.0,10,199.0
29,0,3719321,2088.408482098477,10,10,252.0,10,200.0
29,0,3719322,2088.4087135798572,10,10,252.0,10,200.0
29,0,3719323,2088.408945061238,10,10,252.0,10,200.0
29,0,3719324,2088.4091765426183,10,10,236.0,10,199.0
29,0,3719325,2088.4094080239993,10,10,252.0,10,200.0
29,0,3719326,2088.4096395053803,10,10,252.0,10,200.0
29,0,3719327,2088.409870986761,10,10,236.0,10,199.0
29,0,3719328,2088.410102468141,10,10,252.0,10,200.0
29,0,3719329,2088.4103339495205,10,10,252.0,10,200.0
29,0,3719330,2088.4105654309005,10,10,252.0,10,200.0
29,0,3719331,2088.410796912281,10,10,252.0,10,200.0
29,0,3719332,2088.4110283936616,10,10,252.0,10,200.0
29,0,3719333,2088.4112598750426,10,10,236.0,10,199.0
29,0,3719334,2088.4114913564226,10,10,236.0,10,199.0
29,0,3719335,2088.4117228378027,10,10,236.0,10,199.0
29,0,3719336,2088.4119543191837,10,10,252.0,10,200.0
29,0,3719337,2088.412185800564,10,10,252.0,10,200.0
29,0,3719338,2088.4124172819447,10,10,252.0,10,200.0
29,0,3719339,2088.4126487633257,10,10,236.0,10,199.0
29,0,3719340,2088.4128802447067,10,10,252.0,10,200.0
29,0,3719341,2088.4131117260868,10,10,252.0,10,200.0
29,0,3719342,2088.413343207467,10,10,236.0,10,199.0
29,0,3719343,2088.4135746888473,10,10,236.0,10,199.0
29,0,3719344,2088.4138061702283,10,10,252.0,10,200.0
29,0,3719345,2088.414037651609,10,10,252.0,10,200.0
29,0,3719346,2088.41426913299,10,10,252.0,10,200.0
29,0,3719347,2088.414500614371,10,10,252.0,10,200.0
29,0,3719348,2088.414732095751,10,10,252.0,10,200.0
29,0,3719349,2088.414963577131,10,10,252.0,10,200.0
29,0,3719350,2088.4151950585115,10,10,252.0,10,200.0
29,0,3719351,2088.415426539892,10,10,252.0,10,200.0
29,0,3719352,2088.415658021273,10,10,252.0,10,200.0
29,0,3719353,2088.415889502654,10,10,236.0,10,199.0
29,0,3719354,2088.4161209840345,10,10,252.0,10,200.0
29,0,3719355,2088.4163524654145,10,10,252.0,10,200.0
29,0,3719356,2088.4165839467946,10,10,252.0,10,200.0
29,0,3719357,2088.416815428175,10,10,252.0,10,200.0
29,0,3719358,2088.417046909556,10,10,236.0,10,199.0
29,0,3719359,2088.417278390936,10,10,252.0,10,200.0
29,0,3719360,2088.4175098723163,10,10,252.0,10,200.0
29,0,3719361,2088.4177413536963,10,10,252.0,10,200.0
29,0,3719362,2088.4179728350764,10,10,252.0,10,200.0
29,0,3719363,2088.4182043164574,10,10,252.0,10,200.0
29,0,3719364,2088.418435797838,10,10,236.0,10,199.0
29,0,3719365,2088.4186672792184,10,10,236.0,10,199.0
29,0,3719366,2088.4188987605994,10,10,252.0,10,200.0
29,0,3719367,2088.4191302419804,10,10,252.0,10,200.0
29,0,3719368,2088.4193617233605,10,10,252.0,10,200.0
29,0,3719369,2088.4195932047405,10,10,252.0,10,200.0
29,0,3719370,2088.419824686121,10,10,252.0,10,200.0
29,0,3719371,2088.4200561675016,10,10,252.0,10,200.0
29,0,3719372,2088.4202876488825,10,10,236.0,10,199.0
29,0,3719373,2088.4205191302635,10,10,252.0,10,200.0
29,0,3719374,2088.420750611644,10,10,236.0,10,199.0
29,0,3719375,2088.420982093024,10,10,252.0,10,200.0
29,0,3719376,2088.421213574404,10,10,236.0,10,199.0
29,0,3719377,2088.4214450557847,10,10,252.0,10,200.0
29,0,3719378,2088.4216765371657,10,10,252.0,10,200.0
29,0,3719379,2088.4219080185467,10,10,252.0,10,200.0
29,0,3719380,2088.4221394999277,10,10,252.0,10,200.0
29,0,3719381,2088.4223709813077,10,10,236.0,10,199.0
29,0,3719382,2088.422602462688,10,10,236.0,10,199.0
29,0,3719383,2088.4228339440683,10,10,236.0,10,199.0
29,0,3719384,2088.423065425449,10,10,236.0,10,199.0
29,0,3719385,2088.42329690683,10,10,252.0,10,200.0
29,0,3719386,2088.423528388211,10,10,236.0,10,199.0
29,0,3719387,2088.4237598695913,10,10,252.0,10,200.0
29,0,3719388,2088.423991350971,10,10,252.0,10,200.0
29,0,3719389,2088.42422283235,10,10,252.0,10,200.0
29,0,3719390,2088.424454313731,10,10,252.0,10,200.0
29,0,3719391,2088.4246857951116,10,10,252.0,10,200.0
29,0,3719392,2088.424917276492,10,10,252.0,10,200.0
29,0,3719393,2088.425148757873,10,10,252.0,10,200.0
29,0,3719394,2088.425380239254,10,10,252.0,10,200.0
29,0,3719395,2088.425611720634,10,10,236.0,10,199.0
29,0,3719396,2088.425843202014,10,10,252.0,10,200.0
29,0,3719397,2088.4260746833947,10,10,236.0,10,199.0
29,0,3719398,2088.4263061647753,10,10,252.0,10,200.0
29,0,3719399,2088.4265376461562,10,10,252.0,10,200.0
29,0,3719400,2088.426769127537,10,10,252.0,10,200.0
29,0,3719401,2088.4270006089178,10,10,236.0,10,199.0
29,0,3719402,2088.427232090298,10,10,252.0,10,200.0
29,0,3719403,2088.427463571678,10,10,252.0,10,200.0
29,0,3719404,2088.4276950530584,10,10,252.0,10,200.0
29,0,3719405,2088.4279265344394,10,10,252.0,10,200.0
29,0,3719406,2088.4281580158204,10,10,236.0,10,199.0
29,0,3719407,2088.428389497201,10,10,236.0,10,199.0
29,0,3719408,2088.428620978581,10,10,252.0,10,200.0
29,0,3719409,2088.428852459961,10,10,252.0,10,200.0
29,0,3719410,2088.4290839413416,10,10,236.0,10,199.0
29,0,3719411,2088.4293154227225,10,10,252.0,10,200.0
29,0,3719412,2088.4295469041035,10,10,236.0,10,199.0
29,0,3719413,2088.429778385484,10,10,252.0,10,200.0
29,0,3719414,2088.430009866865,10,10,252.0,10,200.0
29,0,3719415,2088.430241348245,10,10,252.0,10,200.0
29,0,3719416,2088.430472829625,10,10,252.0,10,200.0
29,0,3719417,2088.4307043110052,10,10,252.0,10,200.0
29,0,3719418,2088.4309357923853,10,10,252.0,10,200.0
29,0,3719419,2088.431167273766,10,10,236.0,10,199.0
29,0,3719420,2088.431398755147,10,10,236.0,10,199.0
29,0,3719421,2088.431630236528,10,10,252.0,10,200.0
29,0,3719422,2088.431861717908,10,10,252.0,10,200.0
29,0,3719423,2088.432093199288,10,10,252.0,10,200.0
29,0,3719424,2088.4323246806684,10,10,252.0,10,200.0
29,0,3719425,2088.432556162049,10,10,252.0,10,200.0
29,0,3719426,2088.43278764343,10,10,252.0,10,200.0
29,0,3719427,2088.433019124811,10,10,252.0,10,200.0
29,0,3719428,2088.4332506061915,10,10,236.0,10,199.0
29,0,3719429,2088.4334820875715,10,10,236.0,10,199.0
29,0,3719430,2088.4337135689516,10,10,252.0,10,200.0
29,0,3719431,2088.433945050332,10,10,252.0,10,200.0
29,0,3719432,2088.434176531713,10,10,252.0,10,200.0
29,0,3719433,2088.434408013094,10,10,252.0,10,200.0
29,0,3719434,2088.4346394944746,10,10,252.0,10,200.0
29,0,3719435,2088.4348709758547,10,10,252.0,10,200.0
29,0,3719436,2088.4351024572347,10,10,252.0,10,200.0
29,0,3719437,2088.4353339386153,10,10,236.0,10,199.0
29,0,3719438,2088.4355654199962,10,10,252.0,10,200.0
29,0,3719439,2088.435796901377,10,10,252.0,10,200.0
29,0,3719440,2088.4360283827577,10,10,252.0,10,200.0
29,0,3719441,2088.4362598641383,10,10,252.0,10,200.0
29,0,3719442,2088.4364913455183,10,10,236.0,10,199.0
29,0,3719443,2088.4367228268984,10,10,252.0,10,200.0
29,0,3719444,2088.4369543082794,10,10,252.0,10,200.0
29,0,3719445,2088.4371857896604,10,10,252.0,10,200.0
29,0,3719446,2088.437417271041,10,10,252.0,10,200.0
29,0,3719447,2088.437648752421,10,10,252.0,10,200.0
29,0,3719448,2088.437880233801,10,10,252.0,10,200.0
29,0,3719449,2088.438111715181,10,10,252.0,10,200.0
29,0,3719450,2088.438343196561,10,10,252.0,10,200.0
29,0,3719451,2088.4385746779417,10,10,252.0,10,200.0
29,0,3719452,2088.4388061593227,10,10,252.0,10,200.0
29,0,3719453,2088.4390376407036,10,10,252.0,10,200.0
29,0,3719454,2088.4392691220846,10,10,252.0,10,200.0
29,0,3719455,2088.4395006034647,10,10,252.0,10,200.0
29,0,3719456,2088.4397320848448,10,10,252.0,10,200.0
29,0,3719457,2088.4399635662253,10,10,236.0,10,199.0
29,0,3719458,2088.440195047606,10,10,236.0,10,199.0
29,0,3719459,2088.440426528987,10,10,252.0,10,200.0
29,0,3719460,2088.4406580103678,10,10,252.0,10,200.0
29,0,3719461,2088.4408894917483,10,10,236.0,10,199.0
29,0,3719462,2088.4411209731284,10,10,236.0,10,199.0
29,0,3719463,2088.4413524545084,10,10,252.0,10,200.0
29,0,3719464,2088.441583935889,10,10,252.0,10,200.0
29,0,3719465,2088.44181541727,10,10,236.0,10,199.0
29,0,3719466,2088.442046898651,10,10,252.0,10,200.0
29,0,3719467,2088.4422783800314,10,10,252.0,10,200.0
29,0,3719468,2088.442509861412,10,10,252.0,10,200.0
29,0,3719469,2088.442741342792,10,10,252.0,10,200.0
29,0,3719470,2088.442972824172,10,10,252.0,10,200.0
29,0,3719471,2088.443204305553,10,10,252.0,10,200.0
29,0,3719472,2088.443435786934,10,10,252.0,10,200.0
29,0,3719473,2088.4436672683146,10,10,252.0,10,200.0
29,0,3719474,2088.443898749695,10,10,236.0,10,199.0
29,0,3719475,2088.444130231076,10,10,252.0,10,200.0
29,0,3719476,2088.4443617124552,10,10,252.0,10,200.0
29,0,3719477,2088.444593193835,10,10,252.0,10,200.0
29,0,3719478,2088.4448246752154,10,10,236.0,10,199.0
29,0,3719479,2088.4450561565964,10,10,236.0,10,199.0
29,0,3719480,2088.4452876379773,10,10,252.0,10,200.0
29,0,3719481,2088.445519119358,10,10,252.0,10,200.0
29,0,3719482,2088.445750600738,10,10,236.0,10,199.0
29,1,3728136,2090.4489904676684,10,10,252.0,10,200.0
29,1,3728137,2090.4492219490494,10,10,236.0,10,199.0
29,1,3728138,2090.44945343043,10,10,252.0,10,200.0
29,1,3728139,2090.4496849118104,10,10,252.0,10,200.0
29,1,3728140,2090.4499163931905,10,10,236.0,10,199.0
29,1,3728141,2090.4501478745706,10,10,252.0,10,200.0
29,1,3728142,2090.4503793559516,10,10,252.0,10,200.0
29,1,3728143,2090.4506108373325,10,10,252.0,10,200.0
29,1,3728144,2090.450842318713,10,10,252.0,10,200.0
29,1,3728145,2090.4510738000936,10,10,252.0,10,200.0
29,1,3728146,2090.4513052814737,10,10,252.0,10,200.0
29,1,3728147,2090.4515367628537,10,10,236.0,10,199.0
29,1,3728148,2090.4517682442347,10,10,252.0,10,200.0
29,1,3728149,2090.4519997256157,10,10,252.0,10,200.0
29,1,3728150,2090.4522312069967,10,10,252.0,10,200.0
29,1,3728151,2090.452462688377,10,10,252.0,10,200.0
29,1,3728152,2090.4526941697577,10,10,252.0,10,200.0
29,1,3728153,2090.452925651138,10,10,252.0,10,200.0
29,1,3728154,2090.4531571325174,10,10,252.0,10,200.0
29,1,3728155,2090.4533886138975,10,10,252.0,10,200.0
29,1,3728156,2090.453620095278,10,10,252.0,10,200.0
29,1,3728157,2090.453851576659,10,10,252.0,10,200.0
29,1,3728158,2090.45408305804,10,10,236.0,10,199.0
29,1,3728159,2090.4543145394205,10,10,236.0,10,199.0
29,1,3728160,2090.4545460208005,10,10,252.0,10,200.0
29,1,3728161,2090.4547775021806,10,10,236.0,10,199.0
29,1,3728162,2090.455008983561,10,10,252.0,10,200.0
29,1,3728163,2090.455240464942,10,10,252.0,10,200.0
29,1,3728164,2090.455471946323,10,10,236.0,10,199.0
29,1,3728165,2090.4557034277036,10,10,236.0,10,199.0
29,1,3728166,2090.455934909084,10,10,236.0,10,199.0
29,1,3728167,2090.456166390464,10,10,252.0,10,200.0
29,1,3728168,2090.4563978718443,10,10,252.0,10,200.0
29,1,3728169,2090.4566293532253,10,10,252.0,10,200.0
29,1,3728170,2090.4568608346062,10,10,252.0,10,200.0
29,1,3728171,2090.4570923159868,10,10,252.0,10,200.0
29,1,3728172,2090.4573237973673,10,10,252.0,10,200.0
29,1,3728173,2090.4575552787473,10,10,252.0,10,200.0
29,1,3728174,2090.4577867601274,10,10,252.0,10,200.0
29,1,3728175,2090.4580182415084,10,10,252.0,10,200.0
29,1,3728176,2090.4582497228894,10,10,236.0,10,199.0
29,1,3728177,2090.45848120427,10,10,252.0,10,200.0
29,1,3728178,2090.4587126856504,10,10,252.0,10,200.0
29,1,3728179,2090.4589441670314,10,10,236.0,10,199.0
29,1,3728180,2090.4591756484115,10,10,252.0,10,200.0
29,1,3728181,2090.4594071297915,10,10,236.0,10,199.0
29,1,3728182,2090.4596386111725,10,10,252.0,10,200.0
29,1,3728183,2090.459870092553,10,10,252.0,10,200.0
29,1,3728184,2090.460101573933,10,10,252.0,10,200.0
29,1,3728185,2090.460333055313,10,10,252.0,10,200.0
29,1,3728186,2090.460564536694,10,10,252.0,10,200.0
29,1,3728187,2090.4607960180742,10,10,252.0,10,200.0
29,1,3728188,2090.4610274994543,10,10,252.0,10,200.0
29,1,3728189,2090.461258980835,10,10,252.0,10,200.0
29,1,3728190,2090.461490462216,10,10,252.0,10,200.0
29,1,3728191,2090.461721943597,10,10,236.0,10,199.0
29,1,3728192,2090.4619534249773,10,10,252.0,10,200.0
29,1,3728193,2090.4621849063574,10,10,252.0,10,200.0
29,1,3728194,2090.4624163877374,10,10,252.0,10,200.0
29,1,3728195,2090.462647869118,10,10,252.0,10,200.0
29,1,3728196,2090.462879350499,10,10,252.0,10,200.0
29,1,3728197,2090.46311083188,10,10,236.0,10,199.0
29,1,3728198,2090.4633423132605,10,10,252.0,10,200.0
29,1,3728199,2090.463573794641,10,10,252.0,10,200.0
29,1,3728200,2090.463805276021,10,10,252.0,10,200.0
29,1,3728201,2090.464036757401,10,10,252.0,10,200.0
29,1,3728202,2090.464268238782,10,10,252.0,10,200.0
29,1,3728203,2090.464499720163,10,10,252.0,10,200.0
29,1,3728204,2090.4647312015436,10,10,252.0,10,200.0
29,1,3728205,2090.464962682924,10,10,252.0,10,200.0
29,1,3728206,2090.465194164305,10,10,252.0,10,200.0
29,1,3728207,2090.465425645685,10,10,252.0,10,200.0
29,1,3728208,2090.4656571270652,10,10,236.0,10,199.0
29,1,3728209,2090.465888608446,10,10,252.0,10,200.0
29,1,3728210,2090.4661200898267,10,10,252.0,10,200.0
29,1,3728211,2090.4663515712073,10,10,252.0,10,200.0
29,1,3728212,2090.4665830525882,10,10,236.0,10,199.0
29,1,3728213,2090.466814533969,10,10,252.0,10,200.0
29,1,3728214,2090.4670460153493,10,10,252.0,10,200.0
29,1,3728215,2090.4672774967285,10,10,252.0,10,200.0
29,1,3728216,2090.4675089781085,10,10,252.0,10,200.0
29,1,3728217,2090.4677404594895,10,10,252.0,10,200.0
29,1,3728218,2090.46797194087,10,10,252.0,10,200.0
29,1,3728219,2090.4682034222506,10,10,252.0,10,200.0
29,1,3728220,2090.4684349036306,10,10,252.0,10,200.0
29,1,3728221,2090.4686663850107,10,10,252.0,10,200.0
29,1,3728222,2090.4688978663917,10,10,252.0,10,200.0
29,1,3728223,2090.4691293477727,10,10,236.0,10,199.0
29,1,3728224,2090.4693608291536,10,10,236.0,10,199.0
29,1,3728225,2090.469592310534,10,10,252.0,10,200.0
29,1,3728226,2090.4698237919147,10,10,252.0,10,200.0
29,1,3728227,2090.4700552732947,10,10,252.0,10,200.0
29,1,3728228,2090.470286754675,10,10,236.0,10,199.0
29,1,3728229,2090.470518236056,10,10,252.0,10,200.0
29,1,3728230,2090.470749717437,10,10,252.0,10,200.0
29,1,3728231,2090.4709811988173,10,10,252.0,10,200.0
29,1,3728232,2090.471212680198,10,10,236.0,10,199.0
29,1,3728233,2090.471444161579,10,10,252.0,10,200.0
29,1,3728234,2090.471675642959,10,10,236.0,10,199.0
29,1,3728235,2090.471907124339,10,10,252.0,10,200.0
29,1,3728236,2090.47213860572,10,10,252.0,10,200.0
29,1,3728237,2090.4723700871004,10,10,252.0,10,200.0
29,1,3728238,2090.472601568481,10,10,252.0,10,200.0
29,1,3728239,2090.472833049862,10,10,252.0,10,200.0
29,1,3728240,2090.473064531243,10,10,236.0,10,199.0
29,1,3728241,2090.473296012623,10,10,252.0,10,200.0
29,1,3728242,2090.473527494003,10,10,252.0,10,200.0
29,1,3728243,2090.4737589753836,10,10,252.0,10,200.0
29,1,3728244,2090.473990456764,10,10,252.0,10,200.0
29,1,3728245,2090.474221938145,10,10,252.0,10,200.0
29,1,3728246,2090.474453419525,10,10,236.0,10,199.0
29,1,3728247,2090.4746849009043,10,10,252.0,10,200.0
29,1,3728248,2090.4749163822844,10,10,252.0,10,200.0
29,1,3728249,2090.4751478636654,10,10,252.0,10,200.0
29,1,3728250,2090.4753793450463,10,10,252.0,10,200.0
29,1,3728251,2090.475610826427,10,10,252.0,10,200.0
29,1,3728252,2090.4758423078074,10,10,252.0,10,200.0
29,1,3728253,2090.4760737891884,10,10,252.0,10,200.0
29,1,3728254,2090.4763052705684,10,10,252.0,10,200.0
29,1,3728255,2090.4765367519485,10,10,252.0,10,200.0
29,1,3728256,2090.4767682333295,10,10,236.0,10,199.0
29,1,3728257,2090.47699971471,10,10,252.0,10,200.0
29,1,3728258,2090.477231196091,10,10,252.0,10,200.0
29,1,3728259,2090.4774626774715,10,10,252.0,10,200.0
29,1,3728260,2090.4776941588525,10,10,236.0,10,199.0
29,1,3728261,2090.4779256402326,10,10,252.0,10,200.0
29,1,3728262,2090.4781571216126,10,10,252.0,10,200.0
29,1,3728263,2090.4783886029936,10,10,236.0,10,199.0
29,1,3728264,2090.478620084374,10,10,252.0,10,200.0
29,1,3728265,2090.4788515657547,10,10,252.0,10,200.0
29,1,3728266,2090.4790830471356,10,10,252.0,10,200.0
29,1,3728267,2090.4793145285157,10,10,252.0,10,200.0
29,1,3728268,2090.479546009896,10,10,236.0,10,199.0
29,1,3728269,2090.4797774912768,10,10,252.0,10,200.0
29,1,3728270,2090.4800089726573,10,10,236.0,10,199.0
29,1,3728271,2090.480240454038,10,10,252.0,10,200.0
29,1,3728272,2090.480471935419,10,10,236.0,10,199.0
29,1,3728273,2090.4807034167998,10,10,236.0,10,199.0
29,1,3728274,2090.48093489818,10,10,236.0,10,199.0
29,1,3728275,2090.48116637956,10,10,236.0,10,199.0
29,1,3728276,2090.48139786094,10,10,252.0,10,200.0
29,1,3728277,2090.48162934232,10,10,252.0,10,200.0
29,1,3728278,2090.4818608237006,10,10,252.0,10,200.0
29,1,3728279,2090.482092305081,10,10,252.0,10,200.0
29,1,3728280,2090.482323786462,10,10,252.0,10,200.0
29,1,3728281,2090.482555267842,10,10,252.0,10,200.0
29,1,3728282,2090.482786749222,10,10,252.0,10,200.0
29,1,3728283,2090.483018230603,10,10,252.0,10,200.0
29,1,3728284,2090.4832497119837,10,10,252.0,10,200.0
29,1,3728285,2090.4834811933642,10,10,252.0,10,200.0
29,1,3728286,2090.483712674745,10,10,252.0,10,200.0
29,1,3728287,2090.483944156126,10,10,236.0,10,199.0
29,1,3728288,2090.4841756375063,10,10,252.0,10,200.0
29,1,3728289,2090.4844071188863,10,10,236.0,10,199.0
29,1,3728290,2090.484638600267,10,10,252.0,10,200.0
29,1,3728291,2090.4848700816474,10,10,252.0,10,200.0
29,1,3728292,2090.4851015630284,10,10,252.0,10,200.0
29,1,3728293,2090.4853330444093,10,10,252.0,10,200.0
29,1,3728294,2090.4855645257894,10,10,252.0,10,200.0
29,1,3728295,2090.4857960071695,10,10,252.0,10,200.0
29,1,3728296,2090.4860274885505,10,10,252.0,10,200.0
29,1,3728297,2090.486258969931,10,10,252.0,10,200.0
29,1,3728298,2090.4864904513115,10,10,252.0,10,200.0
29,1,3728299,2090.4867219326925,10,10,236.0,10,199.0
29,1,3728300,2090.4869534140735,10,10,252.0,10,200.0
29,1,3728301,2090.4871848954535,10,10,236.0,10,199.0
29,1,3728302,2090.4874163768336,10,10,236.0,10,199.0
29,1,3728303,2090.487647858214,10,10,252.0,10,200.0
29,1,3728304,2090.4878793395947,10,10,236.0,10,199.0
29,1,3728305,2090.4881108209756,10,10,252.0,10,200.0
29,1,3728306,2090.4883423023566,10,10,252.0,10,200.0
29,1,3728307,2090.4885737837367,10,10,252.0,10,200.0
29,1,3728308,2090.488805265116,10,10,252.0,10,200.0
29,1,3728309,2090.489036746496,10,10,252.0,10,200.0
29,1,3728310,2090.489268227877,10,10,236.0,10,199.0
29,1,3728311,2090.4894997092574,10,10,252.0,10,200.0
29,1,3728312,2090.489731190638,10,10,252.0,10,200.0
29,1,3728313,2090.489962672019,10,10,252.0,10,200.0
29,1,3728314,2090.4901941534,10,10,252.0,10,200.0
29,1,3728315,2090.49042563478,10,10,252.0,10,200.0
29,1,3728316,2090.49065711616,10,10,252.0,10,200.0
29,1,3728317,2090.4908885975406,10,10,252.0,10,200.0
29,1,3728318,2090.491120078921,10,10,252.0,10,200.0
29,1,3728319,2090.491351560302,10,10,252.0,10,200.0
29,1,3728320,2090.491583041683,10,10,252.0,10,200.0
29,1,3728321,2090.491814523063,10,10,252.0,10,200.0
29,1,3728322,2090.492046004443,10,10,252.0,10,200.0
29,1,3728323,2090.4922774858237,10,10,252.0,10,200.0
29,1,3728324,2090.4925089672042,10,10,252.0,10,200.0
29,1,3728325,2090.492740448585,10,10,252.0,10,200.0
29,1,3728326,2090.492971929966,10,10,252.0,10,200.0
29,1,3728327,2090.4932034113467,10,10,236.0,10,199.0
29,1,3728328,2090.493434892727,10,10,252.0,10,200.0
29,1,3728329,2090.493666374107,10,10,236.0,10,199.0
29,1,3728330,2090.493897855488,10,10,252.0,10,200.0
29,1,3728331,2090.4941293368684,10,10,252.0,10,200.0
29,1,3728332,2090.4943608182493,10,10,252.0,10,200.0
29,1,3728333,2090.4945922996303,10,10,252.0,10,200.0
29,1,3728334,2090.494823781011,10,10,252.0,10,200.0
29,1,3728335,2090.495055262391,10,10,252.0,10,200.0
29,1,3728336,2090.495286743771,10,10,252.0,10,200.0
29,1,3728337,2090.4955182251515,10,10,252.0,10,200.0
29,1,3728338,2090.4957497065316,10,10,236.0,10,199.0
29,1,3728339,2090.4959811879116,10,10,252.0,10,200.0
29,1,3728340,2090.4962126692926,10,10,252.0,10,200.0
29,1,3728341,2090.4964441506727,10,10,252.0,10,200.0
29,1,3728342,2090.4966756320528,10,10,236.0,10,199.0
29,1,3728343,2090.4969071134337,10,10,252.0,10,200.0
29,1,3728344,2090.4971385948143,10,10,252.0,10,200.0
29,1,3728345,2090.497370076195,10,10,252.0,10,200.0
29,1,3728346,2090.4976015575758,10,10,236.0,10,199.0
29,1,3728347,2090.4978330389567,10,10,252.0,10,200.0
29,1,3728348,2090.498064520337,10,10,236.0,10,199.0
29,1,3728349,2090.498296001717,10,10,252.0,10,200.0
29,1,3728350,2090.4985274830974,10,10,236.0,10,199.0
29,1,3728351,2090.498758964478,10,10,236.0,10,198.0
29,1,3728352,2090.498990445859,10,10,252.0,10,200.0
29,1,3728353,2090.49922192724,10,10,252.0,10,200.0
29,1,3728354,2090.4994534086204,10,10,236.0,10,199.0
29,1,3728355,2090.4996848900005,10,10,252.0,10,200.0
29,1,3728356,2090.4999163713806,10,10,236.0,10,198.0
29,1,3728357,2090.500147852761,10,10,252.0,10,200.0
29,1,3728358,2090.500379334142,10,10,252.0,10,200.0
29,1,3728359,2090.500610815523,10,10,252.0,10,200.0
29,1,3728360,2090.5008422969036,10,10,252.0,10,200.0
29,1,3728361,2090.501073778284,10,10,252.0,10,200.0
29,1,3728362,2090.501305259664,10,10,236.0,10,199.0
29,1,3728363,2090.501536741044,10,10,252.0,10,200.0
29,1,3728364,2090.501768222425,10,10,252.0,10,200.0
29,1,3728365,2090.501999703806,10,10,252.0,10,200.0
29,1,3728366,2090.502231185187,10,10,236.0,10,199.0
29,1,3728367,2090.5024626665677,10,10,236.0,10,199.0
29,1,3728368,2090.5026941479478,10,10,252.0,10,200.0
29,1,3728369,2090.5029256293274,10,10,252.0,10,200.0
29,1,3728370,2090.5031571107074,10,10,252.0,10,200.0
29,1,3728371,2090.503388592088,10,10,252.0,10,200.0
29,1,3728372,2090.5036200734685,10,10,252.0,10,200.0
29,1,3728373,2090.5038515548495,10,10,252.0,10,200.0
29,1,3728374,2090.5040830362304,10,10,252.0,10,200.0
29,1,3728375,2090.5043145176105,10,10,236.0,10,199.0
29,1,3728376,2090.5045459989906,10,10,252.0,10,200.0
29,1,3728377,2090.504777480371,10,10,252.0,10,200.0
29,1,3728378,2090.5050089617516,10,10,252.0,10,200.0
29,1,3728379,2090.5052404431326,10,10,252.0,10,200.0
29,1,3728380,2090.5054719245136,10,10,252.0,10,200.0
29,1,3728381,2090.505703405894,10,10,236.0,10,199.0
29,1,3728382,2090.505934887274,10,10,236.0,10,199.0
29,1,3728383,2090.5061663686542,10,10,252.0,10,200.0
29,1,3728384,2090.506397850035,10,10,252.0,10,200.0
29,1,3728385,2090.5066293314158,10,10,236.0,10,199.0
29,1,3728386,2090.5068608127967,10,10,236.0,10,199.0
29,1,3728387,2090.5070922941773,10,10,252.0,10,200.0
29,1,3728388,2090.507323775558,10,10,252.0,10,200.0
29,1,3728389,2090.507555256938,10,10,252.0,10,200.0
29,1,3728390,2090.507786738318,10,10,252.0,10,200.0
29,1,3728391,2090.508018219699,10,10,252.0,10,200.0
29,1,3728392,2090.50824970108,10,10,252.0,10,200.0
29,1,3728393,2090.5084811824604,10,10,252.0,10,200.0
29,1,3728394,2090.508712663841,10,10,252.0,10,200.0
29,1,3728395,2090.508944145221,10,10,252.0,10,200.0
29,1,3728396,2090.509175626601,10,10,236.0,10,199.0
29,1,3728397,2090.509407107982,10,10,252.0,10,200.0
29,1,3728398,2090.509638589363,10,10,236.0,10,199.0
29,1,3728399,2090.509870070743,10,10,236.0,10,199.0
29,1,3728400,2090.510101552123,10,10,252.0,10,200.0
29,1,3728401,2090.5103330335037,10,10,236.0,10,199.0
29,1,3728402,2090.5105645148838,10,10,252.0,10,200.0
29,1,3728403,2090.510795996264,10,10,252.0,10,200.0
29,1,3728404,2090.511027477645,10,10,252.0,10,200.0
29,1,3728405,2090.5112589590253,10,10,236.0,10,199.0
29,1,3728406,2090.5114904404063,10,10,252.0,10,200.0
29,1,3728407,2090.5117219217873,10,10,252.0,10,200.0
29,1,3728408,2090.511953403168,10,10,252.0,10,200.0
29,1,3728409,2090.512184884548,10,10,252.0,10,200.0
29,1,3728410,2090.512416365928,10,10,236.0,10,199.0
29,1,3728411,2090.5126478473085,10,10,252.0,10,200.0
29,1,3728412,2090.5128793286895,10,10,252.0,10,200.0
29,1,3728413,2090.5131108100704,10,10,252.0,10,200.0
29,1,3728414,2090.513342291451,10,10,252.0,10,200.0
29,1,3728415,2090.513573772831,10,10,252.0,10,200.0
29,1,3728416,2090.513805254211,10,10,236.0,10,199.0
29,1,3728417,2090.5140367355916,10,10,252.0,10,200.0
29,1,3728418,2090.5142682169726,10,10,252.0,10,200.0
29,1,3728419,2090.5144996983536,10,10,252.0,10,200.0
29,1,3728420,2090.514731179734,10,10,252.0,10,200.0
29,1,3728421,2090.5149626611146,10,10,252.0,10,200.0
29,1,3728422,2090.5151941424947,10,10,252.0,10,200.0
29,1,3728423,2090.5154256238748,10,10,252.0,10,200.0
29,1,3728424,2090.5156571052557,10,10,236.0,10,199.0
29,1,3728425,2090.5158885866367,10,10,252.0,10,200.0
29,1,3728426,2090.5161200680172,10,10,252.0,10,200.0
29,1,3728427,2090.5163515493978,10,10,236.0,10,199.0
29,1,3728428,2090.5165830307787,10,10,252.0,10,200.0
29,1,3728429,2090.516814512159,10,10,252.0,10,200.0
29,1,3728430,2090.517045993538,10,10,252.0,10,200.0
29,1,3728431,2090.517277474918,10,10,252.0,10,200.0
29,1,3728432,2090.517508956299,10,10,252.0,10,200.0
29,1,3728433,2090.51774043768,10,10,252.0,10,200.0
29,1,3728434,2090.5179719190605,10,10,252.0,10,200.0
29,1,3728435,2090.518203400441,10,10,252.0,10,200.0
29,1,3728436,2090.518434881821,10,10,236.0,10,199.0
29,1,3728437,2090.518666363201,10,10,236.0,10,199.0
29,1,3728438,2090.518897844582,10,10,252.0,10,200.0
29,1,3728439,2090.519129325963,10,10,252.0,10,200.0
29,1,3728440,2090.519360807344,10,10,252.0,10,200.0
29,1,3728441,2090.5195922887247,10,10,252.0,10,200.0
29,1,3728442,2090.5198237701047,10,10,236.0,10,199.0
29,1,3728443,2090.520055251485,10,10,252.0,10,200.0
29,1,3728444,2090.5202867328653,10,10,252.0,10,200.0
29,1,3728445,2090.5205182142463,10,10,252.0,10,200.0
29,1,3728446,2090.5207496956273,10,10,236.0,10,199.0
29,1,3728447,2090.520981177008,10,10,236.0,10,199.0
29,1,3728448,2090.5212126583883,10,10,252.0,10,200.0
29,1,3728449,2090.5214441397684,10,10,236.0,10,199.0
29,1,3728450,2090.5216756211485,10,10,252.0,10,200.0
29,1,3728451,2090.5219071025294,10,10,252.0,10,200.0
29,1,3728452,2090.5221385839104,10,10,252.0,10,200.0
29,1,3728453,2090.522370065291,10,10,252.0,10,200.0
29,1,3728454,2090.5226015466715,10,10,252.0,10,200.0
29,1,3728455,2090.5228330280524,10,10,252.0,10,200.0
29,1,3728456,2090.5230645094325,10,10,236.0,10,199.0
29,1,3728457,2090.5232959908126,10,10,236.0,10,199.0
29,1,3728458,2090.5235274721936,10,10,252.0,10,200.0
29,1,3728459,2090.523758953574,10,10,252.0,10,200.0
29,1,3728460,2090.5239904349546,10,10,236.0,10,199.0
29,1,3728461,2090.5242219163347,10,10,252.0,10,200.0
29,1,3728462,2090.5244533977148,10,10,252.0,10,200.0
29,1,3728463,2090.524684879095,10,10,252.0,10,200.0
29,1,3728464,2090.524916360475,10,10,236.0,10,199.0
29,1,3728465,2090.525147841856,10,10,252.0,10,200.0
29,1,3728466,2090.525379323237,10,10,236.0,10,199.0
29,1,3728467,2090.5256108046174,10,10,252.0,10,200.0
29,1,3728468,2090.525842285998,10,10,236.0,10,199.0
29,1,3728469,2090.526073767378,10,10,252.0,10,200.0
29,1,3728470,2090.526305248758,10,10,236.0,10,199.0
29,1,3728471,2090.526536730139,10,10,252.0,10,200.0
29,1,3728472,2090.52676821152,10,10,236.0,10,199.0
29,1,3728473,2090.5269996929005,10,10,252.0,10,200.0
29,1,3728474,2090.5272311742815,10,10,252.0,10,200.0
29,1,3728475,2090.527462655662,10,10,252.0,10,200.0
29,1,3728476,2090.527694137042,10,10,236.0,10,199.0
29,1,3728477,2090.527925618422,10,10,236.0,10,199.0
29,1,3728478,2090.528157099803,10,10,252.0,10,200.0
29,1,3728479,2090.528388581184,10,10,252.0,10,200.0
29,1,3728480,2090.5286200625646,10,10,252.0,10,200.0
29,1,3728481,2090.528851543945,10,10,252.0,10,200.0
29,1,3728482,2090.529083025326,10,10,252.0,10,200.0
29,1,3728483,2090.529314506706,10,10,252.0,10,200.0
29,1,3728484,2090.5295459880863,10,10,252.0,10,200.0
29,1,3728485,2090.5297774694673,10,10,252.0,10,200.0
29,1,3728486,2090.530008950848,10,10,252.0,10,200.0
29,1,3728487,2090.5302404322283,10,10,252.0,10,200.0
29,1,3728488,2090.5304719136093,10,10,252.0,10,200.0
29,1,3728489,2090.5307033949894,10,10,236.0,10,199.0
29,1,3728490,2090.5309348763694,10,10,252.0,10,200.0
29,1,3728491,2090.5311663577504,10,10,252.0,10,200.0
29,1,3728492,2090.5313978391305,10,10,252.0,10,200.0
29,1,3728493,2090.5316293205105,10,10,252.0,10,200.0
29,1,3728494,2090.531860801891,10,10,252.0,10,200.0
29,1,3728495,2090.5320922832716,10,10,236.0,10,199.0
29,1,3728496,2090.5323237646517,10,10,236.0,10,199.0
29,1,3728497,2090.5325552460317,10,10,252.0,10,200.0
29,1,3728498,2090.5327867274127,10,10,252.0,10,200.0
29,1,3728499,2090.5330182087937,10,10,252.0,10,200.0
29,1,3728500,2090.533249690174,10,10,252.0,10,200.0
29,1,3728501,2090.5334811715547,10,10,236.0,10,199.0
29,1,3728502,2090.5337126529357,10,10,252.0,10,200.0
29,1,3728503,2090.533944134316,10,10,252.0,10,200.0
29,1,3728504,2090.534175615696,10,10,252.0,10,200.0
29,1,3728505,2090.534407097077,10,10,236.0,10,199.0
29,1,3728506,2090.5346385784574,10,10,252.0,10,200.0
29,1,3728507,2090.534870059838,10,10,252.0,10,200.0
29,1,3728508,2090.535101541219,10,10,252.0,10,200.0
29,1,3728509,2090.5353330226,10,10,236.0,10,199.0
29,1,3728510,2090.53556450398,10,10,252.0,10,200.0
29,1,3728511,2090.53579598536,10,10,236.0,10,199.0
29,1,3728512,2090.536027466741,10,10,236.0,10,199.0
29,1,3728513,2090.5362589481215,10,10,252.0,10,200.0
29,1,3728514,2090.536490429502,10,10,252.0,10,200.0
29,1,3728515,2090.536721910883,10,10,252.0,10,200.0
29,1,3728516,2090.536953392263,10,10,236.0,10,199.0
29,1,3728517,2090.537184873643,10,10,252.0,10,200.0
29,1,3728518,2090.537416355024,10,10,252.0,10,200.0
29,1,3728519,2090.5376478364046,10,10,252.0,10,200.0
29,1,3728520,2090.537879317785,10,10,252.0,10,200.0
29,1,3728521,2090.538110799166,10,10,236.0,10,199.0
29,1,3728522,2090.538342280546,10,10,252.0,10,200.0
29,1,3728523,2090.5385737619254,10,10,236.0,10,199.0
29,1,3728524,2090.5388052433054,10,10,252.0,10,200.0
29,1,3728525,2090.5390367246864,10,10,252.0,10,200.0
29,1,3728526,2090.5392682060674,10,10,252.0,10,200.0
29,1,3728527,2090.539499687448,10,10,252.0,10,200.0
29,1,3728528,2090.5397311688284,10,10,252.0,10,200.0
29,1,3728529,2090.5399626502094,10,10,252.0,10,200.0
29,1,3728530,2090.5401941315895,10,10,236.0,10,199.0
29,1,3728531,2090.5404256129696,10,10,236.0,10,199.0
29,1,3728532,2090.5406570943505,10,10,236.0,10,199.0
29,1,3728533,2090.540888575731,10,10,236.0,10,199.0
29,1,3728534,2090.5411200571116,10,10,236.0,10,199.0
29,1,3728535,2090.5413515384926,10,10,252.0,10,200.0
29,1,3728536,2090.5415830198726,10,10,252.0,10,200.0
29,2,3738203,2092.7793135252814,10,10,236.0,10,199.0
29,2,3738204,2092.7795450066615,10,10,252.0,10,200.0
29,2,3738205,2092.779776488042,10,10,236.0,10,199.0
29,2,3738206,2092.7800079694225,10,10,236.0,10,199.0
29,2,3738207,2092.7802394508035,10,10,252.0,10,200.0
29,2,3738208,2092.7804709321845,10,10,252.0,10,200.0
29,2,3738209,2092.7807024135645,10,10,252.0,10,200.0
29,2,3738210,2092.7809338949446,10,10,252.0,10,200.0
29,2,3738211,2092.781165376325,10,10,252.0,10,200.0
29,2,3738212,2092.7813968577057,10,10,236.0,10,199.0
29,2,3738213,2092.7816283390866,10,10,236.0,10,199.0
29,2,3738214,2092.7818598204676,10,10,236.0,10,199.0
29,2,3738215,2092.782091301848,10,10,252.0,10,200.0
29,2,3738216,2092.782322783228,10,10,252.0,10,200.0
29,2,3738217,2092.7825542646083,10,10,252.0,10,200.0
29,2,3738218,2092.7827857459893,10,10,236.0,10,199.0
29,2,3738219,2092.78301722737,10,10,252.0,10,200.0
29,2,3738220,2092.78324870875,10,10,252.0,10,200.0
29,2,3738221,2092.78348019013,10,10,252.0,10,200.0
29,2,3738222,2092.783711671511,10,10,252.0,10,200.0
29,2,3738223,2092.783943152891,10,10,236.0,10,199.0
29,2,3738224,2092.784174634271,10,10,236.0,10,199.0
29,2,3738225,2092.784406115652,10,10,252.0,10,200.0
29,2,3738226,2092.7846375970325,10,10,236.0,10,199.0
29,2,3738227,2092.784869078413,10,10,236.0,10,199.0
29,2,3738228,2092.785100559794,10,10,252.0,10,200.0
29,2,3738229,2092.785332041175,10,10,236.0,10,199.0
29,2,3738230,2092.785563522555,10,10,236.0,10,199.0
29,2,3738231,2092.785795003935,10,10,252.0,10,200.0
29,2,3738232,2092.7860264853157,10,10,236.0,10,199.0
29,2,3738233,2092.786257966696,10,10,252.0,10,200.0
29,2,3738234,2092.786489448077,10,10,252.0,10,200.0
29,2,3738235,2092.786720929458,10,10,252.0,10,200.0
29,2,3738236,2092.7869524108382,10,10,252.0,10,200.0
29,2,3738237,2092.7871838922183,10,10,252.0,10,200.0
29,2,3738238,2092.787415373599,10,10,252.0,10,200.0
29,2,3738239,2092.7876468549794,10,10,236.0,10,199.0
29,2,3738240,2092.7878783363603,10,10,252.0,10,200.0
29,2,3738241,2092.7881098177413,10,10,236.0,10,199.0
29,2,3738242,2092.788341299122,10,10,252.0,10,200.0
29,2,3738243,2092.788572780502,10,10,252.0,10,200.0
29,2,3738244,2092.788804261882,10,10,252.0,10,200.0
29,2,3738245,2092.7890357432625,10,10,252.0,10,200.0
29,2,3738246,2092.7892672246435,10,10,252.0,10,200.0
29,2,3738247,2092.7894987060245,10,10,252.0,10,200.0
29,2,3738248,2092.789730187405,10,10,252.0,10,200.0
29,2,3738249,2092.7899616687855,10,10,252.0,10,200.0
29,2,3738250,2092.7901931501656,10,10,252.0,10,200.0
29,2,3738251,2092.7904246315456,10,10,252.0,10,200.0
29,2,3738252,2092.7906561129257,10,10,252.0,10,200.0
29,2,3738253,2092.790887594306,10,10,252.0,10,200.0
29,2,3738254,2092.7911190756868,10,10,252.0,10,200.0
29,2,3738255,2092.7913505570677,10,10,252.0,10,200.0
29,2,3738256,2092.7915820384487,10,10,252.0,10,200.0
29,2,3738257,2092.791813519829,10,10,252.0,10,200.0
29,2,3738258,2092.792045001209,10,10,236.0,10,199.0
29,2,3738259,2092.7922764825894,10,10,236.0,10,199.0
29,2,3738260,2092.79250796397,10,10,252.0,10,200.0
29,2,3738261,2092.792739445351,10,10,252.0,10,200.0
29,2,3738262,2092.792970926732,10,10,252.0,10,200.0
29,2,3738263,2092.793202408112,10,10,252.0,10,200.0
29,2,3738264,2092.793433889492,10,10,252.0,10,200.0
29,2,3738265,2092.7936653708725,10,10,236.0,10,199.0
29,2,3738266,2092.793896852253,10,10,236.0,10,199.0
29,2,3738267,2092.794128333634,10,10,236.0,10,199.0
29,2,3738268,2092.794359815015,10,10,252.0,10,200.0
29,2,3738269,2092.7945912963955,10,10,252.0,10,200.0
29,2,3738270,2092.7948227777756,10,10,252.0,10,200.0
29,2,3738271,2092.7950542591557,10,10,236.0,10,199.0
29,2,3738272,2092.795285740536,10,10,252.0,10,200.0
29,2,3738273,2092.795517221917,10,10,252.0,10,200.0
29,2,3738274,2092.795748703298,10,10,252.0,10,200.0
29,2,3738275,2092.7959801846787,10,10,236.0,10,199.0
29,2,3738276,2092.796211666059,10,10,252.0,10,200.0
29,2,3738277,2092.7964431474393,10,10,236.0,10,199.0
29,2,3738278,2092.7966746288193,10,10,252.0,10,200.0
29,2,3738279,2092.7969061102003,10,10,252.0,10,200.0
29,2,3738280,2092.7971375915813,10,10,252.0,10,200.0
29,2,3738281,2092.797369072962,10,10,236.0,10,199.0
29,2,3738282,2092.7976005543424,10,10,236.0,10,199.0
29,2,3738283,2092.7978320357224,10,10,252.0,10,200.0
29,2,3738284,2092.7980635171025,10,10,252.0,10,200.0
29,2,3738285,2092.7982949984826,10,10,252.0,10,200.0
29,2,3738286,2092.7985264798626,10,10,236.0,10,199.0
29,2,3738287,2092.7987579612436,10,10,236.0,10,199.0
29,2,3738288,2092.7989894426246,10,10,236.0,10,199.0
29,2,3738289,2092.799220924005,10,10,236.0,10,199.0
29,2,3738290,2092.799452405385,10,10,252.0,10,200.0
29,2,3738291,2092.7996838867653,10,10,252.0,10,200.0
29,2,3738292,2092.7999153681462,10,10,252.0,10,200.0
29,2,3738293,2092.8001468495268,10,10,252.0,10,200.0
29,2,3738294,2092.8003783309077,10,10,252.0,10,200.0
29,2,3738295,2092.8006098122887,10,10,236.0,10,199.0
29,2,3738296,2092.8008412936692,10,10,252.0,10,200.0
29,2,3738297,2092.8010727750493,10,10,252.0,10,200.0
29,2,3738298,2092.8013042564294,10,10,252.0,10,200.0
29,2,3738299,2092.80153573781,10,10,252.0,10,200.0
29,2,3738300,2092.801767219191,10,10,252.0,10,200.0
29,2,3738301,2092.801998700572,10,10,252.0,10,200.0
29,2,3738302,2092.8022301819524,10,10,236.0,10,199.0
29,2,3738303,2092.802461663333,10,10,252.0,10,200.0
29,2,3738304,2092.802693144713,10,10,252.0,10,200.0
29,2,3738305,2092.802924626093,10,10,252.0,10,200.0
29,2,3738306,2092.803156107474,10,10,252.0,10,200.0
29,2,3738307,2092.803387588855,10,10,236.0,10,199.0
29,2,3738308,2092.8036190702355,10,10,236.0,10,199.0
29,2,3738309,2092.803850551616,10,10,252.0,10,200.0
29,2,3738310,2092.804082032996,10,10,252.0,10,200.0
29,2,3738311,2092.804313514376,10,10,252.0,10,200.0
29,2,3738312,2092.804544995757,10,10,236.0,10,199.0
29,2,3738313,2092.804776477138,10,10,236.0,10,199.0
29,2,3738314,2092.8050079585187,10,10,252.0,10,200.0
29,2,3738315,2092.805239439899,10,10,236.0,10,199.0
29,2,3738316,2092.80547092128,10,10,252.0,10,200.0
29,2,3738317,2092.8057024026593,10,10,252.0,10,200.0
29,2,3738318,2092.805933884039,10,10,252.0,10,200.0
29,2,3738319,2092.8061653654195,10,10,252.0,10,200.0
29,2,3738320,2092.8063968468005,10,10,252.0,10,200.0
29,2,3738321,2092.8066283281814,10,10,252.0,10,200.0
29,2,3738322,2092.806859809562,10,10,236.0,10,199.0
29,2,3738323,2092.8070912909425,10,10,236.0,10,199.0
29,2,3738324,2092.8073227723226,10,10,252.0,10,200.0
29,2,3738325,2092.8075542537026,10,10,252.0,10,200.0
29,2,3738326,2092.8077857350836,10,10,252.0,10,200.0
29,2,3738327,2092.8080172164646,10,10,252.0,10,200.0
29,2,3738328,2092.8082486978456,10,10,236.0,10,199.0
29,2,3738329,2092.808480179226,10,10,252.0,10,200.0
29,2,3738330,2092.8087116606066,10,10,236.0,10,199.0
29,2,3738331,2092.8089431419867,10,10,252.0,10,200.0
29,2,3738332,2092.8091746233667,10,10,236.0,10,199.0
29,2,3738333,2092.8094061047477,10,10,252.0,10,200.0
29,2,3738334,2092.8096375861287,10,10,252.0,10,200.0
29,2,3738335,2092.809869067509,10,10,236.0,10,199.0
29,2,3738336,2092.8101005488897,10,10,252.0,10,200.0
29,2,3738337,2092.81033203027,10,10,252.0,10,200.0
29,2,3738338,2092.81056351165,10,10,252.0,10,200.0
29,2,3738339,2092.810794993031,10,10,236.0,10,199.0
29,2,3738340,2092.811026474412,10,10,252.0,10,200.0
29,2,3738341,2092.8112579557924,10,10,252.0,10,200.0
29,2,3738342,2092.811489437173,10,10,252.0,10,200.0
29,2,3738343,2092.811720918554,10,10,252.0,10,200.0
29,2,3738344,2092.811952399934,10,10,236.0,10,199.0
29,2,3738345,2092.812183881314,10,10,252.0,10,200.0
29,2,3738346,2092.812415362695,10,10,252.0,10,200.0
29,2,3738347,2092.8126468440755,10,10,252.0,10,200.0
29,2,3738348,2092.812878325456,10,10,252.0,10,200.0
29,2,3738349,2092.813109806837,10,10,236.0,10,199.0
29,2,3738350,2092.813341288217,10,10,252.0,10,200.0
29,2,3738351,2092.8135727695962,10,10,252.0,10,200.0
29,2,3738352,2092.8138042509763,10,10,236.0,10,199.0
29,2,3738353,2092.8140357323573,10,10,236.0,10,199.0
29,2,3738354,2092.8142672137383,10,10,252.0,10,200.0
29,2,3738355,2092.814498695119,10,10,252.0,10,200.0
29,2,3738356,2092.8147301764993,10,10,252.0,10,200.0
29,2,3738357,2092.8149616578794,10,10,236.0,10,199.0
29,2,3738358,2092.8151931392595,10,10,252.0,10,200.0
29,2,3738359,2092.8154246206404,10,10,252.0,10,200.0
29,2,3738360,2092.8156561020214,10,10,252.0,10,200.0
29,2,3738361,2092.815887583402,10,10,252.0,10,200.0
29,2,3738362,2092.816119064783,10,10,252.0,10,200.0
29,2,3738363,2092.8163505461634,10,10,252.0,10,200.0
29,2,3738364,2092.8165820275435,10,10,236.0,10,199.0
29,2,3738365,2092.8168135089236,10,10,252.0,10,200.0
29,2,3738366,2092.8170449903046,10,10,236.0,10,199.0
29,2,3738367,2092.8172764716855,10,10,252.0,10,200.0
29,2,3738368,2092.817507953066,10,10,236.0,10,199.0
29,2,3738369,2092.8177394344466,10,10,252.0,10,200.0
29,2,3738370,2092.8179709158276,10,10,236.0,10,199.0
29,2,3738371,2092.8182023972076,10,10,252.0,10,200.0
29,2,3738372,2092.8184338785877,10,10,236.0,10,198.0
29,2,3738373,2092.8186653599687,10,10,252.0,10,200.0
29,2,3738374,2092.818896841349,10,10,252.0,10,200.0
29,2,3738375,2092.8191283227297,10,10,252.0,10,200.0
29,2,3738376,2092.8193598041107,10,10,236.0,10,199.0
29,2,3738377,2092.8195912854917,10,10,236.0,10,199.0
29,2,3738378,2092.8198227668718,10,10,252.0,10,200.0
29,2,3738379,2092.820054248252,10,10,252.0,10,200.0
29,2,3738380,2092.8202857296324,10,10,252.0,10,200.0
29,2,3738381,2092.820517211013,10,10,252.0,10,200.0
29,2,3738382,2092.820748692393,10,10,252.0,10,200.0
29,2,3738383,2092.820980173773,10,10,236.0,10,199.0
29,2,3738384,2092.821211655153,10,10,236.0,10,199.0
29,2,3738385,2092.821443136533,10,10,252.0,10,200.0
29,2,3738386,2092.821674617914,10,10,252.0,10,200.0
29,2,3738387,2092.821906099295,10,10,252.0,10,200.0
29,2,3738388,2092.8221375806756,10,10,236.0,10,199.0
29,2,3738389,2092.822369062056,10,10,252.0,10,200.0
29,2,3738390,2092.822600543437,10,10,252.0,10,200.0
29,2,3738391,2092.822832024817,10,10,236.0,10,199.0
29,2,3738392,2092.8230635061973,10,10,236.0,10,199.0
29,2,3738393,2092.8232949875783,10,10,252.0,10,200.0
29,2,3738394,2092.823526468959,10,10,252.0,10,200.0
29,2,3738395,2092.8237579503393,10,10,236.0,10,199.0
29,2,3738396,2092.8239894317203,10,10,236.0,10,199.0
29,2,3738397,2092.8242209131013,10,10,236.0,10,199.0
29,2,3738398,2092.8244523944813,10,10,252.0,10,200.0
29,2,3738399,2092.8246838758614,10,10,252.0,10,200.0
29,2,3738400,2092.8249153572424,10,10,252.0,10,200.0
29,2,3738401,2092.825146838623,10,10,252.0,10,200.0
29,2,3738402,2092.8253783200034,10,10,252.0,10,200.0
29,2,3738403,2092.8256098013844,10,10,252.0,10,200.0
29,2,3738404,2092.8258412827654,10,10,252.0,10,200.0
29,2,3738405,2092.8260727641455,10,10,236.0,10,199.0
29,2,3738406,2092.8263042455255,10,10,236.0,10,199.0
29,2,3738407,2092.826535726906,10,10,252.0,10,200.0
29,2,3738408,2092.8267672082866,10,10,252.0,10,200.0
29,2,3738409,2092.8269986896676,10,10,252.0,10,200.0
29,2,3738410,2092.8272301710485,10,10,236.0,10,199.0
29,2,3738411,2092.8274616524286,10,10,236.0,10,199.0
29,2,3738412,2092.8276931338087,10,10,252.0,10,200.0
29,2,3738413,2092.827924615189,10,10,236.0,10,199.0
29,2,3738414,2092.8281560965697,10,10,252.0,10,200.0
29,2,3738415,2092.82838757795,10,10,236.0,10,199.0
29,2,3738416,2092.82861905933,10,10,236.0,10,199.0
29,2,3738417,2092.828850540711,10,10,236.0,10,199.0
29,2,3738418,2092.829082022091,10,10,252.0,10,200.0
29,2,3738419,2092.829313503471,10,10,252.0,10,200.0
29,2,3738420,2092.829544984852,10,10,236.0,10,199.0
29,2,3738421,2092.8297764662325,10,10,252.0,10,200.0
29,2,3738422,2092.830007947613,10,10,252.0,10,200.0
29,2,3738423,2092.830239428994,10,10,252.0,10,200.0
29,2,3738424,2092.830470910375,10,10,252.0,10,200.0
29,2,3738425,2092.830702391755,10,10,252.0,10,200.0
29,2,3738426,2092.830933873135,10,10,252.0,10,200.0
29,2,3738427,2092.8311653545156,10,10,252.0,10,200.0
29,2,3738428,2092.831396835896,10,10,236.0,10,199.0
29,2,3738429,2092.831628317277,10,10,252.0,10,200.0
29,2,3738430,2092.831859798658,10,10,236.0,10,199.0
29,2,3738431,2092.832091280038,10,10,252.0,10,200.0
29,2,3738432,2092.8323227614183,10,10,252.0,10,200.0
29,2,3738433,2092.832554242799,10,10,236.0,10,199.0
29,2,3738434,2092.8327857241798,10,10,252.0,10,200.0
29,2,3738435,2092.8330172055603,10,10,252.0,10,200.0
29,2,3738436,2092.8332486869413,10,10,236.0,10,199.0
29,2,3738437,2092.8334801683222,10,10,252.0,10,200.0
29,2,3738438,2092.8337116497023,10,10,236.0,10,199.0
29,2,3738439,2092.8339431310824,10,10,252.0,10,200.0
29,2,3738440,2092.834174612463,10,10,252.0,10,200.0
29,2,3738441,2092.8344060938434,10,10,252.0,10,200.0
29,2,3738442,2092.8346375752244,10,10,236.0,10,199.0
29,2,3738443,2092.8348690566054,10,10,252.0,10,200.0
29,2,3738444,2092.835100537986,10,10,252.0,10,200.0
29,2,3738445,2092.835332019366,10,10,252.0,10,200.0
29,2,3738446,2092.835563500746,10,10,252.0,10,200.0
29,2,3738447,2092.835794982126,10,10,252.0,10,200.0
29,2,3738448,2092.836026463506,10,10,252.0,10,200.0
29,2,3738449,2092.8362579448867,10,10,252.0,10,200.0
29,2,3738450,2092.8364894262677,10,10,252.0,10,200.0
29,2,3738451,2092.8367209076487,10,10,252.0,10,200.0
29,2,3738452,2092.8369523890287,10,10,236.0,10,199.0
29,2,3738453,2092.837183870409,10,10,236.0,10,199.0
29,2,3738454,2092.8374153517893,10,10,236.0,10,199.0
29,2,3738455,2092.83764683317,10,10,252.0,10,200.0
29,2,3738456,2092.837878314551,10,10,252.0,10,200.0
29,2,3738457,2092.838109795932,10,10,252.0,10,200.0
29,2,3738458,2092.838341277312,10,10,252.0,10,200.0
29,2,3738459,2092.838572758692,10,10,236.0,10,199.0
29,2,3738460,2092.8388042400725,10,10,252.0,10,200.0
29,2,3738461,2092.839035721453,10,10,252.0,10,200.0
29,2,3738462,2092.839267202834,10,10,252.0,10,200.0
29,2,3738463,2092.839498684215,10,10,236.0,10,199.0
29,2,3738464,2092.8397301655955,10,10,236.0,10,199.0
29,2,3738465,2092.8399616469756,10,10,236.0,10,199.0
29,2,3738466,2092.8401931283556,10,10,252.0,10,200.0
29,2,3738467,2092.840424609736,10,10,252.0,10,200.0
29,2,3738468,2092.840656091117,10,10,252.0,10,200.0
29,2,3738469,2092.840887572498,10,10,252.0,10,200.0
29,2,3738470,2092.841119053879,10,10,236.0,10,199.0
29,2,3738471,2092.8413505352596,10,10,252.0,10,200.0
29,2,3738472,2092.8415820166397,10,10,252.0,10,200.0
29,2,3738473,2092.8418134980197,10,10,252.0,10,200.0
29,2,3738474,2092.8420449794003,10,10,236.0,10,199.0
29,2,3738475,2092.8422764607812,10,10,252.0,10,200.0
29,2,3738476,2092.8425079421622,10,10,252.0,10,200.0
29,2,3738477,2092.8427394235428,10,10,252.0,10,200.0
29,2,3738478,2092.8429709049233,10,10,252.0,10,200.0
29,2,3738479,2092.8432023863033,10,10,236.0,10,199.0
29,2,3738480,2092.843433867683,10,10,252.0,10,200.0
29,2,3738481,2092.843665349063,10,10,252.0,10,200.0
29,2,3738482,2092.8438968304436,10,10,252.0,10,200.0
29,2,3738483,2092.8441283118245,10,10,252.0,10,200.0
29,2,3738484,2092.8443597932055,10,10,252.0,10,200.0
29,2,3738485,2092.8445912745856,10,10,252.0,10,200.0
29,2,3738486,2092.8448227559657,10,10,236.0,10,199.0
29,2,3738487,2092.845054237346,10,10,252.0,10,200.0
29,2,3738488,2092.8452857187267,10,10,252.0,10,200.0
29,2,3738489,2092.8455172001077,10,10,252.0,10,200.0
29,2,3738490,2092.8457486814887,10,10,252.0,10,200.0
29,2,3738491,2092.845980162869,10,10,236.0,10,199.0
29,2,3738492,2092.8462116442493,10,10,252.0,10,200.0
29,2,3738493,2092.8464431256293,10,10,236.0,10,199.0
29,2,3738494,2092.84667460701,10,10,252.0,10,200.0
29,2,3738495,2092.846906088391,10,10,252.0,10,200.0
29,2,3738496,2092.847137569772,10,10,236.0,10,199.0
29,2,3738497,2092.8473690511523,10,10,236.0,10,199.0
29,2,3738498,2092.847600532533,10,10,252.0,10,200.0
29,2,3738499,2092.847832013913,10,10,252.0,10,200.0
29,2,3738500,2092.848063495293,10,10,252.0,10,200.0
29,2,3738501,2092.848294976674,10,10,252.0,10,200.0
29,2,3738502,2092.848526458055,10,10,252.0,10,200.0
29,2,3738503,2092.8487579394355,10,10,252.0,10,200.0
29,2,3738504,2092.8489894208165,10,10,252.0,10,200.0
29,2,3738505,2092.8492209021965,10,10,236.0,10,199.0
29,2,3738506,2092.8494523835766,10,10,252.0,10,200.0
29,2,3738507,2092.849683864957,10,10,236.0,10,199.0
29,2,3738508,2092.849915346338,10,10,252.0,10,200.0
29,2,3738509,2092.850146827719,10,10,236.0,10,199.0
29,2,3738510,2092.8503783090996,10,10,236.0,10,199.0
29,2,3738511,2092.85060979048,10,10,252.0,10,200.0
29,2,3738512,2092.8508412718597,10,10,252.0,10,200.0
29,2,3738513,2092.8510727532394,10,10,236.0,10,199.0
29,2,3738514,2092.85130423462,10,10,236.0,10,199.0
29,2,3738515,2092.8515357160004,10,10,236.0,10,199.0
29,2,3738516,2092.8517671973814,10,10,252.0,10,200.0
29,2,3738517,2092.8519986787624,10,10,236.0,10,199.0
29,2,3738518,2092.852230160143,10,10,252.0,10,200.0
29,2,3738519,2092.852461641523,10,10,252.0,10,200.0
29,2,3738520,2092.852693122903,10,10,236.0,10,199.0
29,2,3738521,2092.8529246042835,10,10,252.0,10,200.0
29,2,3738522,2092.8531560856645,10,10,252.0,10,200.0
29,2,3738523,2092.8533875670455,10,10,252.0,10,200.0
29,2,3738524,2092.853619048426,10,10,252.0,10,200.0
29,2,3738525,2092.8538505298066,10,10,236.0,10,199.0
29,2,3738526,2092.8540820111866,10,10,252.0,10,200.0
29,2,3738527,2092.8543134925667,10,10,252.0,10,200.0
29,2,3738528,2092.8545449739477,10,10,236.0,10,199.0
29,2,3738529,2092.8547764553286,10,10,236.0,10,199.0
29,2,3738530,2092.855007936709,10,10,236.0,10,199.0
29,2,3738531,2092.8552394180897,10,10,252.0,10,200.0
29,2,3738532,2092.8554708994698,10,10,252.0,10,200.0
29,2,3738533,2092.85570238085,10,10,252.0,10,200.0
29,2,3738534,2092.855933862231,10,10,252.0,10,200.0
29,2,3738535,2092.856165343612,10,10,252.0,10,200.0
29,2,3738536,2092.8563968249923,10,10,252.0,10,200.0
29,2,3738537,2092.856628306373,10,10,252.0,10,200.0
29,2,3738538,2092.856859787754,10,10,236.0,10,199.0
29,2,3738539,2092.857091269134,10,10,252.0,10,200.0
29,2,3738540,2092.857322750514,10,10,252.0,10,200.0
29,2,3738541,2092.857554231895,10,10,252.0,10,200.0
29,2,3738542,2092.857785713276,10,10,252.0,10,200.0
29,2,3738543,2092.8580171946564,10,10,236.0,10,199.0
29,2,3738544,2092.858248676037,10,10,236.0,10,199.0
29,2,3738545,2092.858480157417,10,10,252.0,10,200.0
29,2,3738546,2092.8587116387966,10,10,252.0,10,200.0
29,2,3738547,2092.8589431201767,10,10,252.0,10,200.0
29,2,3738548,2092.8591746015572,10,10,252.0,10,200.0
29,2,3738549,2092.859406082938,10,10,252.0,10,200.0
29,2,3738550,2092.859637564319,10,10,252.0,10,200.0
29,2,3738551,2092.8598690456997,10,10,252.0,10,200.0
29,2,3738552,2092.8601005270802,10,10,252.0,10,200.0
29,2,3738553,2092.8603320084603,10,10,252.0,10,200.0
29,2,3738554,2092.8605634898404,10,10,252.0,10,200.0
29,2,3738555,2092.8607949712214,10,10,252.0,10,200.0
29,2,3738556,2092.8610264526023,10,10,252.0,10,200.0
29,2,3738557,2092.861257933983,10,10,252.0,10,200.0
29,2,3738558,2092.8614894153634,10,10,252.0,10,200.0
29,2,3738559,2092.8617208967435,10,10,236.0,10,199.0
29,2,3738560,2092.8619523781235,10,10,252.0,10,200.0
29,2,3738561,2092.8621838595045,10,10,252.0,10,200.0
29,2,3738562,2092.8624153408855,10,10,252.0,10,200.0
29,2,3738563,2092.862646822266,10,10,236.0,10,199.0
29,2,3738564,2092.8628783036465,10,10,252.0,10,200.0
29,2,3738565,2092.8631097850275,10,10,236.0,10,199.0
29,2,3738566,2092.8633412664076,10,10,236.0,10,199.0
29,2,3738567,2092.8635727477877,10,10,252.0,10,200.0
29,2,3738568,2092.8638042291686,10,10,252.0,10,200.0
29,2,3738569,2092.864035710549,10,10,252.0,10,200.0
29,2,3738570,2092.8642671919297,10,10,252.0,10,200.0
29,2,3738571,2092.8644986733107,10,10,252.0,10,200.0
29,2,3738572,2092.8647301546916,10,10,252.0,10,200.0
29,2,3738573,2092.8649616360717,10,10,236.0,10,199.0
29,2,3738574,2092.865193117452,10,10,252.0,10,200.0
29,2,3738575,2092.8654245988323,10,10,252.0,10,200.0
29,2,3738576,2092.8656560802133,10,10,252.0,10,200.0
29,2,3738577,2092.8658875615934,10,10,252.0,10,200.0
29,2,3738578,2092.8661190429734,10,10,252.0,10,200.0
29,2,3738579,2092.8663505243535,10,10,252.0,10,200.0
29,2,3738580,2092.8665820057336,10,10,236.0,10,199.0
29,2,3738581,2092.866813487114,10,10,252.0,10,200.0
29,2,3738582,2092.867044968495,10,10,252.0,10,200.0
29,2,3738583,2092.867276449876,10,10,252.0,10,200.0
29,2,3738584,2092.8675079312566,10,10,236.0,10,199.0
29,2,3738585,2092.867739412637,10,10,252.0,10,200.0
29,2,3738586,2092.867970894017,10,10,236.0,10,199.0
29,2,3738587,2092.8682023753972,10,10,236.0,10,199.0
29,2,3738588,2092.868433856778,10,10,252.0,10,200.0
29,2,3738589,2092.868665338159,10,10,236.0,10,199.0
29,2,3738590,2092.8688968195397,10,10,236.0,10,199.0
29,2,3738591,2092.8691283009202,10,10,236.0,10,199.0
29,2,3738592,2092.869359782301,10,10,252.0,10,200.0
29,2,3738593,2092.8695912636813,10,10,252.0,10,200.0
29,2,3738594,2092.8698227450614,10,10,252.0,10,200.0
29,2,3738595,2092.8700542264423,10,10,252.0,10,200.0
29,2,3738596,2092.870285707823,10,10,252.0,10,200.0
29,2,3738597,2092.8705171892034,10,10,252.0,10,200.0
29,2,3738598,2092.8707486705844,10,10,252.0,10,200.0
29,2,3738599,2092.8709801519653,10,10,252.0,10,200.0
29,2,3738600,2092.8712116333454,10,10,236.0,10,199.0
29,2,3738601,2092.8714431147255,10,10,252.0,10,200.0
29,2,3738602,2092.871674596106,10,10,252.0,10,200.0
29,2,3738603,2092.8719060774865,10,10,252.0,10,200.0
29,3,3748952,2095.26750688443,10,10,236.0,10,199.0
29,3,3748953,2095.26773836581,10,10,252.0,10,200.0
29,3,3748954,2095.2679698471907,10,10,252.0,10,200.0
29,3,3748955,2095.268201328571,10,10,252.0,10,200.0
29,3,3748956,2095.268432809952,10,10,252.0,10,200.0
29,3,3748957,2095.268664291333,10,10,252.0,10,200.0
29,3,3748958,2095.2688957727137,10,10,252.0,10,200.0
29,3,3748959,2095.269127254094,10,10,252.0,10,200.0
29,3,3748960,2095.2693587354743,10,10,252.0,10,200.0
29,3,3748961,2095.269590216855,10,10,252.0,10,200.0
29,3,3748962,2095.2698216982353,10,10,252.0,10,200.0
29,3,3748963,2095.2700531796163,10,10,252.0,10,200.0
29,3,3748964,2095.2702846609973,10,10,236.0,10,199.0
29,3,3748965,2095.2705161423773,10,10,252.0,10,200.0
29,3,3748966,2095.2707476237574,10,10,236.0,10,199.0
29,3,3748967,2095.270979105138,10,10,252.0,10,200.0
29,3,3748968,2095.2712105865185,10,10,252.0,10,200.0
29,3,3748969,2095.2714420678994,10,10,252.0,10,200.0
29,3,3748970,2095.2716735492804,10,10,252.0,10,200.0
29,3,3748971,2095.271905030661,10,10,252.0,10,200.0
29,3,3748972,2095.272136512041,10,10,252.0,10,200.0
29,3,3748973,2095.272367993421,10,10,252.0,10,200.0
29,3,3748974,2095.2725994748016,10,10,252.0,10,200.0
29,3,3748975,2095.2728309561826,10,10,252.0,10,200.0
29,3,3748976,2095.2730624375627,10,10,252.0,10,200.0
29,3,3748977,2095.2732939189427,10,10,252.0,10,200.0
29,3,3748978,2095.2735254003237,10,10,252.0,10,200.0
29,3,3748979,2095.273756881704,10,10,236.0,10,199.0
29,3,3748980,2095.273988363084,10,10,252.0,10,200.0
29,3,3748981,2095.2742198444644,10,10,252.0,10,200.0
29,3,3748982,2095.274451325845,10,10,252.0,10,200.0
29,3,3748983,2095.274682807226,10,10,236.0,10,199.0
29,3,3748984,2095.274914288607,10,10,252.0,10,200.0
29,3,3748985,2095.2751457699874,10,10,252.0,10,200.0
29,3,3748986,2095.2753772513674,10,10,252.0,10,200.0
29,3,3748987,2095.2756087327475,10,10,236.0,10,199.0
29,3,3748988,2095.275840214128,10,10,236.0,10,199.0
29,3,3748989,2095.276071695509,10,10,252.0,10,200.0
29,3,3748990,2095.27630317689,10,10,252.0,10,200.0
29,3,3748991,2095.2765346582705,10,10,236.0,10,199.0
29,3,3748992,2095.2767661396506,10,10,252.0,10,200.0
29,3,3748993,2095.2769976210307,10,10,236.0,10,199.0
29,3,3748994,2095.277229102411,10,10,252.0,10,200.0
29,3,3748995,2095.277460583792,10,10,252.0,10,200.0
29,3,3748996,2095.277692065173,10,10,252.0,10,200.0
29,3,3748997,2095.277923546554,10,10,252.0,10,200.0
29,3,3748998,2095.2781550279346,10,10,252.0,10,200.0
29,3,3748999,2095.2783865093147,10,10,236.0,10,199.0
29,3,3749000,2095.278617990695,10,10,252.0,10,200.0
29,3,3749001,2095.2788494720753,10,10,252.0,10,200.0
29,3,3749002,2095.2790809534563,10,10,252.0,10,200.0
29,3,3749003,2095.2793124348373,10,10,252.0,10,200.0
29,3,3749004,2095.279543916218,10,10,252.0,10,200.0
29,3,3749005,2095.2797753975983,10,10,252.0,10,200.0
29,3,3749006,2095.2800068789784,10,10,236.0,10,199.0
29,3,3749007,2095.2802383603585,10,10,252.0,10,200.0
29,3,3749008,2095.2804698417394,10,10,236.0,10,199.0
29,3,3749009,2095.2807013231204,10,10,252.0,10,200.0
29,3,3749010,2095.280932804501,10,10,236.0,10,199.0
29,3,3749011,2095.281164285881,10,10,252.0,10,200.0
29,3,3749012,2095.281395767261,10,10,236.0,10,199.0
29,3,3749013,2095.281627248641,10,10,252.0,10,200.0
29,3,3749014,2095.281858730021,10,10,236.0,10,199.0
29,3,3749015,2095.2820902114017,10,10,252.0,10,200.0
29,3,3749016,2095.2823216927827,10,10,252.0,10,200.0
29,3,3749017,2095.2825531741637,10,10,252.0,10,200.0
29,3,3749018,2095.282784655544,10,10,252.0,10,200.0
29,3,3749019,2095.2830161369243,10,10,236.0,10,199.0
29,3,3749020,2095.2832476183044,10,10,252.0,10,200.0
29,3,3749021,2095.283479099685,10,10,252.0,10,200.0
29,3,3749022,2095.283710581066,10,10,252.0,10,200.0
29,3,3749023,2095.283942062447,10,10,252.0,10,200.0
29,3,3749024,2095.2841735438274,10,10,236.0,10,199.0
29,3,3749025,2095.284405025208,10,10,252.0,10,200.0
29,3,3749026,2095.284636506588,10,10,236.0,10,199.0
29,3,3749027,2095.284867987968,10,10,236.0,10,199.0
29,3,3749028,2095.285099469349,10,10,252.0,10,200.0
29,3,3749029,2095.28533095073,10,10,236.0,10,199.0
29,3,3749030,2095.2855624321105,10,10,252.0,10,200.0
29,3,3749031,2095.2857939134915,10,10,236.0,10,199.0
29,3,3749032,2095.286025394872,10,10,236.0,10,199.0
29,3,3749033,2095.286256876252,10,10,236.0,10,199.0
29,3,3749034,2095.286488357632,10,10,236.0,10,199.0
29,3,3749035,2095.286719839013,10,10,252.0,10,200.0
29,3,3749036,2095.286951320394,10,10,252.0,10,200.0
29,3,3749037,2095.2871828017746,10,10,252.0,10,200.0
29,3,3749038,2095.287414283155,10,10,252.0,10,200.0
29,3,3749039,2095.2876457645352,10,10,236.0,10,199.0
29,3,3749040,2095.2878772459153,10,10,236.0,10,199.0
29,3,3749041,2095.2881087272963,10,10,252.0,10,200.0
29,3,3749042,2095.2883402086773,10,10,236.0,10,199.0
29,3,3749043,2095.288571690058,10,10,252.0,10,200.0
29,3,3749044,2095.2888031714383,10,10,252.0,10,200.0
29,3,3749045,2095.2890346528184,10,10,252.0,10,200.0
29,3,3749046,2095.289266134198,10,10,236.0,10,199.0
29,3,3749047,2095.289497615578,10,10,252.0,10,200.0
29,3,3749048,2095.2897290969586,10,10,252.0,10,200.0
29,3,3749049,2095.2899605783396,10,10,236.0,10,199.0
29,3,3749050,2095.2901920597205,10,10,252.0,10,200.0
29,3,3749051,2095.290423541101,10,10,236.0,10,199.0
29,3,3749052,2095.2906550224816,10,10,236.0,10,199.0
29,3,3749053,2095.2908865038617,10,10,236.0,10,199.0
29,3,3749054,2095.2911179852417,10,10,236.0,10,199.0
29,3,3749055,2095.2913494666227,10,10,236.0,10,199.0
29,3,3749056,2095.2915809480037,10,10,252.0,10,200.0
29,3,3749057,2095.291812429384,10,10,252.0,10,200.0
29,3,3749058,2095.2920439107647,10,10,252.0,10,200.0
29,3,3749059,2095.2922753921457,10,10,252.0,10,200.0
29,3,3749060,2095.292506873526,10,10,252.0,10,200.0
29,3,3749061,2095.292738354906,10,10,252.0,10,200.0
29,3,3749062,2095.292969836287,10,10,236.0,10,199.0
29,3,3749063,2095.2932013176674,10,10,252.0,10,200.0
29,3,3749064,2095.293432799048,10,10,252.0,10,200.0
29,3,3749065,2095.293664280429,10,10,236.0,10,199.0
29,3,3749066,2095.293895761809,10,10,252.0,10,200.0
29,3,3749067,2095.294127243189,10,10,236.0,10,199.0
29,3,3749068,2095.29435872457,10,10,252.0,10,200.0
29,3,3749069,2095.294590205951,10,10,236.0,10,199.0
29,3,3749070,2095.2948216873315,10,10,252.0,10,200.0
29,3,3749071,2095.295053168712,10,10,252.0,10,200.0
29,3,3749072,2095.295284650093,10,10,236.0,10,199.0
29,3,3749073,2095.295516131473,10,10,236.0,10,199.0
29,3,3749074,2095.295747612853,10,10,252.0,10,200.0
29,3,3749075,2095.295979094234,10,10,252.0,10,200.0
29,3,3749076,2095.2962105756146,10,10,252.0,10,200.0
29,3,3749077,2095.296442056995,10,10,236.0,10,199.0
29,3,3749078,2095.296673538376,10,10,252.0,10,200.0
29,3,3749079,2095.296905019757,10,10,252.0,10,200.0
29,3,3749080,2095.2971365011363,10,10,252.0,10,200.0
29,3,3749081,2095.2973679825154,10,10,252.0,10,200.0
29,3,3749082,2095.2975994638964,10,10,252.0,10,200.0
29,3,3749083,2095.2978309452774,10,10,252.0,10,200.0
29,3,3749084,2095.298062426658,10,10,252.0,10,200.0
29,3,3749085,2095.2982939080384,10,10,236.0,10,199.0
29,3,3749086,2095.2985253894194,10,10,252.0,10,200.0
29,3,3749087,2095.2987568707995,10,10,236.0,10,199.0
29,3,3749088,2095.2989883521795,10,10,252.0,10,200.0
29,3,3749089,2095.2992198335605,10,10,252.0,10,200.0
29,3,3749090,2095.299451314941,10,10,252.0,10,200.0
29,3,3749091,2095.2996827963216,10,10,252.0,10,200.0
29,3,3749092,2095.2999142777026,10,10,236.0,10,199.0
29,3,3749093,2095.3001457590826,10,10,236.0,10,199.0
29,3,3749094,2095.3003772404627,10,10,252.0,10,200.0
29,3,3749095,2095.3006087218437,10,10,236.0,10,199.0
29,3,3749096,2095.300840203224,10,10,252.0,10,200.0
29,3,3749097,2095.3010716846047,10,10,252.0,10,200.0
29,3,3749098,2095.3013031659857,10,10,236.0,10,199.0
29,3,3749099,2095.3015346473667,10,10,252.0,10,200.0
29,3,3749100,2095.3017661287467,10,10,236.0,10,199.0
29,3,3749101,2095.301997610127,10,10,252.0,10,200.0
29,3,3749102,2095.3022290915073,10,10,236.0,10,199.0
29,3,3749103,2095.3024605728883,10,10,252.0,10,200.0
29,3,3749104,2095.302692054269,10,10,252.0,10,200.0
29,3,3749105,2095.30292353565,10,10,236.0,10,199.0
29,3,3749106,2095.303155017031,10,10,252.0,10,200.0
29,3,3749107,2095.303386498411,10,10,252.0,10,200.0
29,3,3749108,2095.303617979791,10,10,252.0,10,200.0
29,3,3749109,2095.3038494611715,10,10,252.0,10,200.0
29,3,3749110,2095.304080942552,10,10,236.0,10,199.0
29,3,3749111,2095.304312423933,10,10,252.0,10,200.0
29,3,3749112,2095.304543905314,10,10,252.0,10,200.0
29,3,3749113,2095.304775386694,10,10,252.0,10,200.0
29,3,3749114,2095.305006868074,10,10,236.0,10,199.0
29,3,3749115,2095.305238349454,10,10,236.0,10,199.0
29,3,3749116,2095.305469830834,10,10,252.0,10,200.0
29,3,3749117,2095.3057013122148,10,10,252.0,10,200.0
29,3,3749118,2095.3059327935953,10,10,252.0,10,200.0
29,3,3749119,2095.3061642749763,10,10,252.0,10,200.0
29,3,3749120,2095.3063957563563,10,10,252.0,10,200.0
29,3,3749121,2095.3066272377364,10,10,252.0,10,200.0
29,3,3749122,2095.3068587191174,10,10,236.0,10,199.0
29,3,3749123,2095.307090200498,10,10,252.0,10,200.0
29,3,3749124,2095.3073216818784,10,10,236.0,10,199.0
29,3,3749125,2095.3075531632594,10,10,252.0,10,200.0
29,3,3749126,2095.3077846446404,10,10,236.0,10,199.0
29,3,3749127,2095.3080161260204,10,10,252.0,10,200.0
29,3,3749128,2095.3082476074005,10,10,252.0,10,200.0
29,3,3749129,2095.308479088781,10,10,252.0,10,200.0
29,3,3749130,2095.3087105701616,10,10,236.0,10,199.0
29,3,3749131,2095.3089420515425,10,10,252.0,10,200.0
29,3,3749132,2095.3091735329235,10,10,252.0,10,200.0
29,3,3749133,2095.309405014304,10,10,252.0,10,200.0
29,3,3749134,2095.309636495684,10,10,252.0,10,200.0
29,3,3749135,2095.309867977064,10,10,252.0,10,200.0
29,3,3749136,2095.3100994584447,10,10,252.0,10,200.0
29,3,3749137,2095.3103309398257,10,10,252.0,10,200.0
29,3,3749138,2095.3105624212067,10,10,252.0,10,200.0
29,3,3749139,2095.3107939025876,10,10,252.0,10,200.0
29,3,3749140,2095.3110253839677,10,10,252.0,10,200.0
29,3,3749141,2095.311256865348,10,10,252.0,10,200.0
29,3,3749142,2095.3114883467283,10,10,236.0,10,199.0
29,3,3749143,2095.311719828109,10,10,252.0,10,200.0
29,3,3749144,2095.31195130949,10,10,252.0,10,200.0
29,3,3749145,2095.312182790871,10,10,236.0,10,199.0
29,3,3749146,2095.3124142722513,10,10,252.0,10,200.0
29,3,3749147,2095.3126457536314,10,10,252.0,10,200.0
29,3,3749148,2095.3128772350115,10,10,236.0,10,199.0
29,3,3749149,2095.3131087163915,10,10,252.0,10,200.0
29,3,3749150,2095.3133401977716,10,10,252.0,10,200.0
29,3,3749151,2095.313571679152,10,10,252.0,10,200.0
29,3,3749152,2095.313803160533,10,10,252.0,10,200.0
29,3,3749153,2095.314034641914,10,10,252.0,10,200.0
29,3,3749154,2095.314266123294,10,10,252.0,10,200.0
29,3,3749155,2095.314497604674,10,10,252.0,10,200.0
29,3,3749156,2095.3147290860547,10,10,252.0,10,200.0
29,3,3749157,2095.3149605674353,10,10,252.0,10,200.0
29,3,3749158,2095.3151920488162,10,10,252.0,10,200.0
29,3,3749159,2095.315423530197,10,10,236.0,10,199.0
29,3,3749160,2095.3156550115773,10,10,252.0,10,200.0
29,3,3749161,2095.3158864929574,10,10,236.0,10,199.0
29,3,3749162,2095.316117974338,10,10,252.0,10,200.0
29,3,3749163,2095.3163494557184,10,10,252.0,10,200.0
29,3,3749164,2095.3165809370994,10,10,252.0,10,200.0
29,3,3749165,2095.3168124184804,10,10,236.0,10,199.0
29,3,3749166,2095.317043899861,10,10,236.0,10,199.0
29,3,3749167,2095.317275381241,10,10,236.0,10,199.0
29,3,3749168,2095.317506862621,10,10,236.0,10,199.0
29,3,3749169,2095.3177383440016,10,10,236.0,10,199.0
29,3,3749170,2095.3179698253825,10,10,252.0,10,200.0
29,3,3749171,2095.3182013067635,10,10,252.0,10,200.0
29,3,3749172,2095.318432788144,10,10,252.0,10,200.0
29,3,3749173,2095.318664269525,10,10,236.0,10,199.0
29,3,3749174,2095.318895750905,10,10,252.0,10,200.0
29,3,3749175,2095.319127232285,10,10,252.0,10,200.0
29,3,3749176,2095.3193587136657,10,10,252.0,10,200.0
29,3,3749177,2095.3195901950467,10,10,252.0,10,200.0
29,3,3749178,2095.3198216764276,10,10,252.0,10,200.0
29,3,3749179,2095.320053157808,10,10,236.0,10,199.0
29,3,3749180,2095.3202846391887,10,10,236.0,10,199.0
29,3,3749181,2095.3205161205688,10,10,252.0,10,200.0
29,3,3749182,2095.320747601949,10,10,252.0,10,200.0
29,3,3749183,2095.32097908333,10,10,236.0,10,199.0
29,3,3749184,2095.32121056471,10,10,252.0,10,200.0
29,3,3749185,2095.32144204609,10,10,236.0,10,199.0
29,3,3749186,2095.321673527471,10,10,252.0,10,200.0
29,3,3749187,2095.321905008851,10,10,252.0,10,200.0
29,3,3749188,2095.322136490231,10,10,252.0,10,200.0
29,3,3749189,2095.3223679716116,10,10,236.0,10,199.0
29,3,3749190,2095.322599452992,10,10,252.0,10,200.0
29,3,3749191,2095.322830934373,10,10,252.0,10,200.0
29,3,3749192,2095.323062415754,10,10,252.0,10,200.0
29,3,3749193,2095.3232938971346,10,10,252.0,10,200.0
29,3,3749194,2095.3235253785147,10,10,236.0,10,199.0
29,3,3749195,2095.3237568598947,10,10,252.0,10,200.0
29,3,3749196,2095.3239883412753,10,10,236.0,10,199.0
29,3,3749197,2095.3242198226562,10,10,252.0,10,200.0
29,3,3749198,2095.324451304037,10,10,252.0,10,200.0
29,3,3749199,2095.3246827854177,10,10,252.0,10,200.0
29,3,3749200,2095.3249142667983,10,10,252.0,10,200.0
29,3,3749201,2095.3251457481783,10,10,252.0,10,200.0
29,3,3749202,2095.3253772295584,10,10,252.0,10,200.0
29,3,3749203,2095.3256087109394,10,10,252.0,10,200.0
29,3,3749204,2095.3258401923204,10,10,252.0,10,200.0
29,3,3749205,2095.326071673701,10,10,252.0,10,200.0
29,3,3749206,2095.3263031550814,10,10,252.0,10,200.0
29,3,3749207,2095.3265346364624,10,10,252.0,10,200.0
29,3,3749208,2095.3267661178425,10,10,236.0,10,199.0
29,3,3749209,2095.3269975992225,10,10,236.0,10,199.0
29,3,3749210,2095.3272290806035,10,10,252.0,10,200.0
29,3,3749211,2095.3274605619845,10,10,252.0,10,200.0
29,3,3749212,2095.327692043365,10,10,252.0,10,200.0
29,3,3749213,2095.3279235247455,10,10,236.0,10,199.0
29,3,3749214,2095.3281550061256,10,10,252.0,10,200.0
29,3,3749215,2095.3283864875057,10,10,252.0,10,200.0
29,3,3749216,2095.3286179688866,10,10,236.0,10,199.0
29,3,3749217,2095.3288494502676,10,10,236.0,10,199.0
29,3,3749218,2095.329080931648,10,10,236.0,10,199.0
29,3,3749219,2095.329312413028,10,10,252.0,10,200.0
29,3,3749220,2095.3295438944083,10,10,252.0,10,200.0
29,3,3749221,2095.3297753757884,10,10,236.0,10,199.0
29,3,3749222,2095.3300068571684,10,10,236.0,10,199.0
29,3,3749223,2095.330238338549,10,10,252.0,10,200.0
29,3,3749224,2095.33046981993,10,10,252.0,10,200.0
29,3,3749225,2095.330701301311,10,10,252.0,10,200.0
29,3,3749226,2095.3309327826914,10,10,236.0,10,199.0
29,3,3749227,2095.331164264072,10,10,252.0,10,200.0
29,3,3749228,2095.331395745452,10,10,252.0,10,200.0
29,3,3749229,2095.331627226832,10,10,252.0,10,200.0
29,3,3749230,2095.331858708213,10,10,252.0,10,200.0
29,3,3749231,2095.332090189594,10,10,252.0,10,200.0
29,3,3749232,2095.3323216709746,10,10,236.0,10,199.0
29,3,3749233,2095.332553152355,10,10,252.0,10,200.0
29,3,3749234,2095.332784633735,10,10,252.0,10,200.0
29,3,3749235,2095.3330161151152,10,10,236.0,10,199.0
29,3,3749236,2095.333247596496,10,10,252.0,10,200.0
29,3,3749237,2095.333479077877,10,10,252.0,10,200.0
29,3,3749238,2095.3337105592577,10,10,252.0,10,200.0
29,3,3749239,2095.3339420406382,10,10,252.0,10,200.0
29,3,3749240,2095.3341735220192,10,10,236.0,10,199.0
29,3,3749241,2095.3344050033993,10,10,252.0,10,200.0
29,3,3749242,2095.3346364847794,10,10,252.0,10,200.0
29,3,3749243,2095.3348679661603,10,10,236.0,10,199.0
29,3,3749244,2095.335099447541,10,10,236.0,10,199.0
29,3,3749245,2095.335330928922,10,10,252.0,10,200.0
29,3,3749246,2095.3355624103024,10,10,236.0,10,199.0
29,3,3749247,2095.3357938916834,10,10,252.0,10,200.0
29,3,3749248,2095.3360253730634,10,10,236.0,10,199.0
29,3,3749249,2095.3362568544435,10,10,252.0,10,200.0
29,3,3749250,2095.3364883358245,10,10,236.0,10,199.0
29,3,3749251,2095.336719817205,10,10,236.0,10,199.0
29,3,3749252,2095.3369512985855,10,10,236.0,10,199.0
29,3,3749253,2095.3371827799656,10,10,236.0,10,199.0
29,3,3749254,2095.3374142613457,10,10,252.0,10,200.0
29,3,3749255,2095.3376457427257,10,10,236.0,10,199.0
29,3,3749256,2095.337877224106,10,10,236.0,10,199.0
29,3,3749257,2095.338108705487,10,10,252.0,10,200.0
29,3,3749258,2095.3383401868678,10,10,252.0,10,200.0
29,3,3749259,2095.3385716682483,10,10,252.0,10,200.0
29,3,3749260,2095.338803149629,10,10,252.0,10,200.0
29,3,3749261,2095.339034631009,10,10,252.0,10,200.0
29,3,3749262,2095.339266112389,10,10,236.0,10,199.0
29,3,3749263,2095.33949759377,10,10,252.0,10,200.0
29,3,3749264,2095.339729075151,10,10,236.0,10,199.0
29,3,3749265,2095.3399605565314,10,10,252.0,10,200.0
29,3,3749266,2095.340192037912,10,10,236.0,10,199.0
29,3,3749267,2095.340423519293,10,10,236.0,10,199.0
29,3,3749268,2095.340655000673,10,10,236.0,10,199.0
29,3,3749269,2095.340886482053,10,10,252.0,10,200.0
29,3,3749270,2095.341117963434,10,10,252.0,10,200.0
29,3,3749271,2095.3413494448146,10,10,252.0,10,200.0
29,3,3749272,2095.341580926195,10,10,252.0,10,200.0
29,3,3749273,2095.341812407576,10,10,252.0,10,200.0
29,3,3749274,2095.342043888957,10,10,236.0,10,199.0
29,3,3749275,2095.342275370337,10,10,252.0,10,200.0
29,3,3749276,2095.342506851717,10,10,252.0,10,200.0
29,3,3749277,2095.3427383330977,10,10,252.0,10,200.0
29,3,3749278,2095.3429698144782,10,10,236.0,10,199.0
29,3,3749279,2095.343201295859,10,10,252.0,10,200.0
29,3,3749280,2095.34343277724,10,10,236.0,10,199.0
29,3,3749281,2095.343664258621,10,10,236.0,10,199.0
29,3,3749282,2095.3438957400012,10,10,236.0,10,199.0
29,3,3749283,2095.3441272213813,10,10,252.0,10,200.0
29,3,3749284,2095.344358702762,10,10,252.0,10,200.0
29,3,3749285,2095.3445901841424,10,10,252.0,10,200.0
29,3,3749286,2095.3448216655233,10,10,252.0,10,200.0
29,3,3749287,2095.3450531469043,10,10,252.0,10,200.0
29,3,3749288,2095.3452846282835,10,10,252.0,10,200.0
29,3,3749289,2095.3455161096626,10,10,252.0,10,200.0
29,3,3749290,2095.3457475910436,10,10,252.0,10,200.0
29,3,3749291,2095.3459790724246,10,10,236.0,10,199.0
29,3,3749292,2095.346210553805,10,10,252.0,10,200.0
29,3,3749293,2095.3464420351856,10,10,252.0,10,200.0
29,3,3749294,2095.3466735165666,10,10,252.0,10,200.0
29,3,3749295,2095.3469049979467,10,10,252.0,10,200.0
29,3,3749296,2095.3471364793268,10,10,252.0,10,200.0
29,3,3749297,2095.3473679607077,10,10,252.0,10,200.0
29,3,3749298,2095.3475994420883,10,10,252.0,10,200.0
29,3,3749299,2095.347830923469,10,10,252.0,10,200.0
29,3,3749300,2095.3480624048498,10,10,252.0,10,200.0
29,3,3749301,2095.3482938862307,10,10,252.0,10,200.0
29,3,3749302,2095.348525367611,10,10,252.0,10,200.0
29,3,3749303,2095.348756848991,10,10,252.0,10,200.0
29,3,3749304,2095.3489883303714,10,10,252.0,10,200.0
29,3,3749305,2095.349219811752,10,10,236.0,10,199.0
29,3,3749306,2095.349451293133,10,10,252.0,10,200.0
29,3,3749307,2095.349682774514,10,10,252.0,10,200.0
29,3,3749308,2095.349914255894,10,10,236.0,10,199.0
29,3,3749309,2095.350145737274,10,10,252.0,10,200.0
29,3,3749310,2095.3503772186546,10,10,252.0,10,200.0
29,3,3749311,2095.350608700035,10,10,252.0,10,200.0
29,3,3749312,2095.350840181416,10,10,252.0,10,200.0
29,3,3749313,2095.351071662797,10,10,252.0,10,200.0
29,3,3749314,2095.3513031441776,10,10,236.0,10,199.0
29,3,3749315,2095.3515346255576,10,10,236.0,10,199.0
29,3,3749316,2095.3517661069377,10,10,252.0,10,200.0
29,3,3749317,2095.3519975883187,10,10,252.0,10,200.0
29,3,3749318,2095.352229069699,10,10,236.0,10,199.0
29,3,3749319,2095.35246055108,10,10,252.0,10,200.0
29,3,3749320,2095.352692032461,10,10,236.0,10,199.0
29,3,3749321,2095.3529235138417,10,10,252.0,10,200.0
29,3,3749322,2095.3531549952218,10,10,252.0,10,200.0
29,3,3749323,2095.3533864766014,10,10,252.0,10,200.0
29,3,3749324,2095.3536179579814,10,10,236.0,10,199.0
29,3,3749325,2095.353849439362,10,10,252.0,10,200.0
29,3,3749326,2095.3540809207425,10,10,252.0,10,200.0
29,3,3749327,2095.3543124021235,10,10,252.0,10,200.0
29,3,3749328,2095.3545438835044,10,10,252.0,10,200.0
29,3,3749329,2095.3547753648845,10,10,236.0,10,199.0
29,3,3749330,2095.3550068462646,10,10,252.0,10,200.0
29,3,3749331,2095.355238327645,10,10,236.0,10,199.0
29,3,3749332,2095.3554698090256,10,10,236.0,10,199.0
29,3,3749333,2095.3557012904066,10,10,252.0,10,200.0
29,3,3749334,2095.3559327717876,10,10,252.0,10,200.0
29,3,3749335,2095.3561642531677,10,10,252.0,10,200.0
29,3,3749336,2095.3563957345477,10,10,252.0,10,200.0
29,3,3749337,2095.3566272159283,10,10,252.0,10,200.0
29,3,3749338,2095.356858697309,10,10,252.0,10,200.0
29,3,3749339,2095.3570901786898,10,10,236.0,10,199.0
29,3,3749340,2095.3573216600707,10,10,236.0,10,199.0
29,3,3749341,2095.3575531414513,10,10,252.0,10,200.0
29,3,3749342,2095.3577846228313,10,10,252.0,10,200.0
29,3,3749343,2095.3580161042114,10,10,252.0,10,200.0
29,3,3749344,2095.358247585592,10,10,252.0,10,200.0
29,3,3749345,2095.358479066973,10,10,252.0,10,200.0
29,3,3749346,2095.358710548354,10,10,236.0,10,199.0
29,3,3749347,2095.3589420297344,10,10,252.0,10,200.0
29,3,3749348,2095.359173511115,10,10,252.0,10,200.0
29,3,3749349,2095.359404992495,10,10,252.0,10,200.0
29,3,3749350,2095.359636473875,10,10,252.0,10,200.0
29,3,3749351,2095.359867955256,10,10,252.0,10,200.0
29,3,3749352,2095.360099436637,10,10,236.0,10,199.0
29,4,3756803,2097.084867202866,10,10,252.0,10,200.0
29,4,3756804,2097.085098684247,10,10,252.0,10,200.0
29,4,3756805,2097.085330165628,10,10,252.0,10,200.0
29,4,3756806,2097.0855616470085,10,10,236.0,10,199.0
29,4,3756807,2097.085793128389,10,10,236.0,10,199.0
29,4,3756808,2097.08602460977,10,10,252.0,10,200.0
29,4,3756809,2097.08625609115,10,10,252.0,10,200.0
29,4,3756810,2097.08648757253,10,10,252.0,10,200.0
29,4,3756811,2097.086719053911,10,10,252.0,10,200.0
29,4,3756812,2097.0869505352916,10,10,252.0,10,200.0
29,4,3756813,2097.087182016672,10,10,252.0,10,200.0
29,4,3756814,2097.087413498053,10,10,236.0,10,199.0
29,4,3756815,2097.087644979433,10,10,252.0,10,200.0
29,4,3756816,2097.0878764608133,10,10,252.0,10,200.0
29,4,3756817,2097.0881079421943,10,10,236.0,10,199.0
29,4,3756818,2097.088339423575,10,10,236.0,10,199.0
29,4,3756819,2097.0885709049553,10,10,252.0,10,200.0
29,4,3756820,2097.0888023863363,10,10,236.0,10,199.0
29,4,3756821,2097.0890338677173,10,10,252.0,10,200.0
29,4,3756822,2097.0892653490973,10,10,252.0,10,200.0
29,4,3756823,2097.0894968304774,10,10,252.0,10,200.0
29,4,3756824,2097.089728311858,10,10,252.0,10,200.0
29,4,3756825,2097.0899597932384,10,10,236.0,10,199.0
29,4,3756826,2097.0901912746194,10,10,252.0,10,200.0
29,4,3756827,2097.0904227559995,10,10,236.0,10,199.0
29,4,3756828,2097.0906542373796,10,10,236.0,10,199.0
29,4,3756829,2097.0908857187596,10,10,252.0,10,200.0
29,4,3756830,2097.0911172001397,10,10,252.0,10,200.0
29,4,3756831,2097.0913486815207,10,10,252.0,10,200.0
29,4,3756832,2097.0915801629017,10,10,252.0,10,200.0
29,4,3756833,2097.091811644282,10,10,236.0,10,199.0
29,4,3756834,2097.0920431256627,10,10,252.0,10,200.0
29,4,3756835,2097.0922746070437,10,10,252.0,10,200.0
29,4,3756836,2097.0925060884238,10,10,252.0,10,200.0
29,4,3756837,2097.092737569804,10,10,252.0,10,200.0
29,4,3756838,2097.092969051185,10,10,236.0,10,199.0
29,4,3756839,2097.0932005325653,10,10,252.0,10,200.0
29,4,3756840,2097.093432013946,10,10,252.0,10,200.0
29,4,3756841,2097.093663495327,10,10,236.0,10,199.0
29,4,3756842,2097.093894976707,10,10,236.0,10,199.0
29,4,3756843,2097.094126458087,10,10,252.0,10,200.0
29,4,3756844,2097.094357939468,10,10,236.0,10,199.0
29,4,3756845,2097.0945894208485,10,10,252.0,10,200.0
29,4,3756846,2097.094820902229,10,10,252.0,10,200.0
29,4,3756847,2097.09505238361,10,10,252.0,10,200.0
29,4,3756848,2097.095283864991,10,10,252.0,10,200.0
29,4,3756849,2097.095515346371,10,10,252.0,10,200.0
29,4,3756850,2097.095746827751,10,10,236.0,10,199.0
29,4,3756851,2097.0959783091316,10,10,252.0,10,200.0
29,4,3756852,2097.096209790512,10,10,236.0,10,199.0
29,4,3756853,2097.096441271893,10,10,252.0,10,200.0
29,4,3756854,2097.096672753274,10,10,236.0,10,199.0
29,4,3756855,2097.0969042346546,10,10,252.0,10,200.0
29,4,3756856,2097.0971357160347,10,10,252.0,10,200.0
29,4,3756857,2097.0973671974148,10,10,252.0,10,200.0
29,4,3756858,2097.0975986787953,10,10,252.0,10,200.0
29,4,3756859,2097.0978301601763,10,10,236.0,10,199.0
29,4,3756860,2097.0980616415573,10,10,252.0,10,200.0
29,4,3756861,2097.098293122938,10,10,236.0,10,199.0
29,4,3756862,2097.0985246043183,10,10,252.0,10,200.0
29,4,3756863,2097.0987560856984,10,10,252.0,10,200.0
29,4,3756864,2097.098987567078,10,10,252.0,10,200.0
29,4,3756865,2097.099219048458,10,10,252.0,10,200.0
29,4,3756866,2097.099450529839,10,10,252.0,10,200.0
29,4,3756867,2097.0996820112196,10,10,252.0,10,200.0
29,4,3756868,2097.0999134926005,10,10,236.0,10,199.0
29,4,3756869,2097.1001449739806,10,10,236.0,10,199.0
29,4,3756870,2097.1003764553607,10,10,252.0,10,200.0
29,4,3756871,2097.1006079367417,10,10,236.0,10,199.0
29,4,3756872,2097.100839418122,10,10,252.0,10,200.0
29,4,3756873,2097.1010708995027,10,10,252.0,10,200.0
29,4,3756874,2097.1013023808837,10,10,252.0,10,200.0
29,4,3756875,2097.1015338622647,10,10,236.0,10,199.0
29,4,3756876,2097.1017653436447,10,10,252.0,10,200.0
29,4,3756877,2097.101996825025,10,10,236.0,10,199.0
29,4,3756878,2097.1022283064053,10,10,252.0,10,200.0
29,4,3756879,2097.102459787786,10,10,252.0,10,200.0
29,4,3756880,2097.102691269167,10,10,252.0,10,200.0
29,4,3756881,2097.102922750548,10,10,252.0,10,200.0
29,4,3756882,2097.1031542319283,10,10,252.0,10,200.0
29,4,3756883,2097.1033857133084,10,10,252.0,10,200.0
29,4,3756884,2097.1036171946885,10,10,236.0,10,199.0
29,4,3756885,2097.103848676069,10,10,252.0,10,200.0
29,4,3756886,2097.10408015745,10,10,252.0,10,200.0
29,4,3756887,2097.104311638831,10,10,252.0,10,200.0
29,4,3756888,2097.1045431202115,10,10,252.0,10,200.0
29,4,3756889,2097.1047746015915,10,10,236.0,10,199.0
29,4,3756890,2097.1050060829716,10,10,252.0,10,200.0
29,4,3756891,2097.105237564352,10,10,252.0,10,200.0
29,4,3756892,2097.105469045733,10,10,252.0,10,200.0
29,4,3756893,2097.105700527114,10,10,252.0,10,200.0
29,4,3756894,2097.1059320084946,10,10,252.0,10,200.0
29,4,3756895,2097.106163489875,10,10,252.0,10,200.0
29,4,3756896,2097.106394971255,10,10,252.0,10,200.0
29,4,3756897,2097.1066264526353,10,10,252.0,10,200.0
29,4,3756898,2097.1068579340163,10,10,236.0,10,199.0
29,4,3756899,2097.1070894153972,10,10,252.0,10,200.0
29,4,3756900,2097.1073208967773,10,10,252.0,10,200.0
29,4,3756901,2097.1075523781574,10,10,252.0,10,200.0
29,4,3756902,2097.1077838595384,10,10,236.0,10,199.0
29,4,3756903,2097.1080153409184,10,10,252.0,10,200.0
29,4,3756904,2097.1082468222985,10,10,252.0,10,200.0
29,4,3756905,2097.108478303679,10,10,252.0,10,200.0
29,4,3756906,2097.1087097850595,10,10,236.0,10,199.0
29,4,3756907,2097.1089412664405,10,10,252.0,10,200.0
29,4,3756908,2097.1091727478215,10,10,252.0,10,200.0
29,4,3756909,2097.109404229202,10,10,236.0,10,199.0
29,4,3756910,2097.109635710582,10,10,252.0,10,200.0
29,4,3756911,2097.109867191962,10,10,252.0,10,200.0
29,4,3756912,2097.1100986733427,10,10,252.0,10,200.0
29,4,3756913,2097.1103301547237,10,10,252.0,10,200.0
29,4,3756914,2097.1105616361046,10,10,236.0,10,199.0
29,4,3756915,2097.110793117485,10,10,236.0,10,199.0
29,4,3756916,2097.1110245988652,10,10,236.0,10,199.0
29,4,3756917,2097.1112560802453,10,10,236.0,10,199.0
29,4,3756918,2097.111487561626,10,10,236.0,10,199.0
29,4,3756919,2097.111719043007,10,10,236.0,10,199.0
29,4,3756920,2097.111950524388,10,10,252.0,10,200.0
29,4,3756921,2097.1121820057683,10,10,252.0,10,200.0
29,4,3756922,2097.112413487149,10,10,252.0,10,200.0
29,4,3756923,2097.112644968529,10,10,236.0,10,199.0
29,4,3756924,2097.112876449909,10,10,252.0,10,200.0
29,4,3756925,2097.11310793129,10,10,252.0,10,200.0
29,4,3756926,2097.113339412671,10,10,252.0,10,200.0
29,4,3756927,2097.1135708940515,10,10,252.0,10,200.0
29,4,3756928,2097.113802375432,10,10,252.0,10,200.0
29,4,3756929,2097.114033856813,10,10,236.0,10,199.0
29,4,3756930,2097.114265338193,10,10,252.0,10,200.0
29,4,3756931,2097.114496819573,10,10,252.0,10,200.0
29,4,3756932,2097.114728300954,10,10,252.0,10,200.0
29,4,3756933,2097.1149597823346,10,10,252.0,10,200.0
29,4,3756934,2097.115191263715,10,10,252.0,10,200.0
29,4,3756935,2097.115422745096,10,10,236.0,10,199.0
29,4,3756936,2097.115654226477,10,10,252.0,10,200.0
29,4,3756937,2097.1158857078563,10,10,252.0,10,200.0
29,4,3756938,2097.116117189236,10,10,252.0,10,200.0
29,4,3756939,2097.1163486706164,10,10,236.0,10,199.0
29,4,3756940,2097.1165801519974,10,10,236.0,10,199.0
29,4,3756941,2097.1168116333783,10,10,252.0,10,200.0
29,4,3756942,2097.117043114759,10,10,252.0,10,200.0
29,4,3756943,2097.117274596139,10,10,252.0,10,200.0
29,4,3756944,2097.117506077519,10,10,236.0,10,199.0
29,4,3756945,2097.1177375588995,10,10,252.0,10,200.0
29,4,3756946,2097.1179690402805,10,10,236.0,10,199.0
29,4,3756947,2097.1182005216615,10,10,252.0,10,200.0
29,4,3756948,2097.118432003042,10,10,252.0,10,200.0
29,4,3756949,2097.1186634844225,10,10,252.0,10,200.0
29,4,3756950,2097.1188949658026,10,10,236.0,10,199.0
29,4,3756951,2097.1191264471827,10,10,236.0,10,199.0
29,4,3756952,2097.1193579285637,10,10,252.0,10,200.0
29,4,3756953,2097.1195894099446,10,10,252.0,10,200.0
29,4,3756954,2097.119820891325,10,10,252.0,10,200.0
29,4,3756955,2097.1200523727057,10,10,252.0,10,200.0
29,4,3756956,2097.1202838540867,10,10,252.0,10,200.0
29,4,3756957,2097.1205153354667,10,10,252.0,10,200.0
29,4,3756958,2097.120746816847,10,10,252.0,10,200.0
29,4,3756959,2097.120978298228,10,10,252.0,10,200.0
29,4,3756960,2097.1212097796083,10,10,252.0,10,200.0
29,4,3756961,2097.121441260989,10,10,236.0,10,199.0
29,4,3756962,2097.12167274237,10,10,252.0,10,200.0
29,4,3756963,2097.12190422375,10,10,252.0,10,200.0
29,4,3756964,2097.12213570513,10,10,252.0,10,200.0
29,4,3756965,2097.122367186511,10,10,252.0,10,200.0
29,4,3756966,2097.1225986678915,10,10,252.0,10,200.0
29,4,3756967,2097.122830149272,10,10,236.0,10,199.0
29,4,3756968,2097.123061630653,10,10,236.0,10,199.0
29,4,3756969,2097.123293112034,10,10,252.0,10,200.0
29,4,3756970,2097.123524593414,10,10,252.0,10,200.0
29,4,3756971,2097.123756074794,10,10,252.0,10,200.0
29,4,3756972,2097.1239875561746,10,10,252.0,10,200.0
29,4,3756973,2097.1242190375547,10,10,252.0,10,200.0
29,4,3756974,2097.1244505189347,10,10,252.0,10,200.0
29,4,3756975,2097.1246820003157,10,10,252.0,10,200.0
29,4,3756976,2097.1249134816962,10,10,252.0,10,200.0
29,4,3756977,2097.1251449630763,10,10,236.0,10,199.0
29,4,3756978,2097.1253764444564,10,10,252.0,10,200.0
29,4,3756979,2097.1256079258374,10,10,252.0,10,200.0
29,4,3756980,2097.1258394072183,10,10,236.0,10,199.0
29,4,3756981,2097.126070888599,10,10,252.0,10,200.0
29,4,3756982,2097.1263023699794,10,10,236.0,10,199.0
29,4,3756983,2097.1265338513604,10,10,252.0,10,200.0
29,4,3756984,2097.1267653327404,10,10,236.0,10,199.0
29,4,3756985,2097.1269968141205,10,10,236.0,10,199.0
29,4,3756986,2097.1272282955015,10,10,236.0,10,199.0
29,4,3756987,2097.127459776882,10,10,236.0,10,199.0
29,4,3756988,2097.1276912582625,10,10,236.0,10,199.0
29,4,3756989,2097.1279227396435,10,10,252.0,10,200.0
29,4,3756990,2097.1281542210236,10,10,236.0,10,199.0
29,4,3756991,2097.1283857024036,10,10,252.0,10,200.0
29,4,3756992,2097.1286171837846,10,10,252.0,10,200.0
29,4,3756993,2097.128848665165,10,10,252.0,10,200.0
29,4,3756994,2097.1290801465457,10,10,252.0,10,200.0
29,4,3756995,2097.1293116279267,10,10,252.0,10,200.0
29,4,3756996,2097.1295431093076,10,10,252.0,10,200.0
29,4,3756997,2097.1297745906877,10,10,252.0,10,200.0
29,4,3756998,2097.1300060720678,10,10,252.0,10,200.0
29,4,3756999,2097.1302375534483,10,10,252.0,10,200.0
29,4,3757000,2097.130469034829,10,10,252.0,10,200.0
29,4,3757001,2097.13070051621,10,10,252.0,10,200.0
29,4,3757002,2097.130931997591,10,10,252.0,10,200.0
29,4,3757003,2097.1311634789713,10,10,252.0,10,200.0
29,4,3757004,2097.1313949603514,10,10,252.0,10,200.0
29,4,3757005,2097.1316264417314,10,10,252.0,10,200.0
29,4,3757006,2097.131857923112,10,10,236.0,10,199.0
29,4,3757007,2097.132089404493,10,10,252.0,10,200.0
29,4,3757008,2097.132320885874,10,10,252.0,10,200.0
29,4,3757009,2097.132552367255,10,10,252.0,10,200.0
29,4,3757010,2097.132783848635,10,10,252.0,10,200.0
29,4,3757011,2097.133015330014,10,10,236.0,10,199.0
29,4,3757012,2097.133246811394,10,10,252.0,10,200.0
29,4,3757013,2097.133478292775,10,10,252.0,10,200.0
29,4,3757014,2097.1337097741557,10,10,252.0,10,200.0
29,4,3757015,2097.1339412555362,10,10,252.0,10,200.0
29,4,3757016,2097.134172736917,10,10,252.0,10,200.0
29,4,3757017,2097.1344042182973,10,10,252.0,10,200.0
29,4,3757018,2097.1346356996773,10,10,252.0,10,200.0
29,4,3757019,2097.1348671810583,10,10,252.0,10,200.0
29,4,3757020,2097.135098662439,10,10,236.0,10,199.0
29,4,3757021,2097.1353301438194,10,10,236.0,10,199.0
29,4,3757022,2097.1355616252004,10,10,252.0,10,200.0
29,4,3757023,2097.1357931065813,10,10,236.0,10,199.0
29,4,3757024,2097.1360245879614,10,10,252.0,10,200.0
29,4,3757025,2097.1362560693415,10,10,236.0,10,199.0
29,4,3757026,2097.136487550722,10,10,236.0,10,199.0
29,4,3757027,2097.1367190321025,10,10,236.0,10,199.0
29,4,3757028,2097.1369505134835,10,10,236.0,10,199.0
29,4,3757029,2097.1371819948645,10,10,252.0,10,200.0
29,4,3757030,2097.137413476245,10,10,252.0,10,200.0
29,4,3757031,2097.137644957625,10,10,236.0,10,199.0
29,4,3757032,2097.137876439005,10,10,252.0,10,200.0
29,4,3757033,2097.1381079203857,10,10,252.0,10,200.0
29,4,3757034,2097.1383394017666,10,10,252.0,10,200.0
29,4,3757035,2097.1385708831476,10,10,236.0,10,199.0
29,4,3757036,2097.138802364528,10,10,252.0,10,200.0
29,4,3757037,2097.139033845908,10,10,252.0,10,200.0
29,4,3757038,2097.1392653272883,10,10,236.0,10,199.0
29,4,3757039,2097.139496808669,10,10,236.0,10,199.0
29,4,3757040,2097.13972829005,10,10,252.0,10,200.0
29,4,3757041,2097.1399597714308,10,10,252.0,10,200.0
29,4,3757042,2097.1401912528113,10,10,236.0,10,199.0
29,4,3757043,2097.1404227341923,10,10,236.0,10,199.0
29,4,3757044,2097.1406542155723,10,10,252.0,10,200.0
29,4,3757045,2097.1408856969524,10,10,252.0,10,200.0
29,4,3757046,2097.1411171783325,10,10,252.0,10,200.0
29,4,3757047,2097.1413486597125,10,10,252.0,10,200.0
29,4,3757048,2097.141580141093,10,10,252.0,10,200.0
29,4,3757049,2097.141811622474,10,10,252.0,10,200.0
29,4,3757050,2097.142043103855,10,10,236.0,10,199.0
29,4,3757051,2097.142274585235,10,10,252.0,10,200.0
29,4,3757052,2097.142506066615,10,10,252.0,10,200.0
29,4,3757053,2097.1427375479957,10,10,236.0,10,199.0
29,4,3757054,2097.142969029376,10,10,252.0,10,200.0
29,4,3757055,2097.143200510757,10,10,236.0,10,199.0
29,4,3757056,2097.143431992138,10,10,252.0,10,200.0
29,4,3757057,2097.1436634735187,10,10,252.0,10,200.0
29,4,3757058,2097.1438949548988,10,10,236.0,10,199.0
29,4,3757059,2097.144126436279,10,10,236.0,10,199.0
29,4,3757060,2097.1443579176594,10,10,236.0,10,199.0
29,4,3757061,2097.1445893990403,10,10,252.0,10,200.0
29,4,3757062,2097.1448208804213,10,10,252.0,10,200.0
29,4,3757063,2097.145052361802,10,10,236.0,10,199.0
29,4,3757064,2097.145283843182,10,10,252.0,10,200.0
29,4,3757065,2097.145515324562,10,10,252.0,10,200.0
29,4,3757066,2097.1457468059425,10,10,236.0,10,199.0
29,4,3757067,2097.1459782873235,10,10,236.0,10,199.0
29,4,3757068,2097.1462097687045,10,10,252.0,10,200.0
29,4,3757069,2097.146441250085,10,10,252.0,10,200.0
29,4,3757070,2097.1466727314655,10,10,236.0,10,199.0
29,4,3757071,2097.1469042128456,10,10,252.0,10,200.0
29,4,3757072,2097.1471356942257,10,10,236.0,10,199.0
29,4,3757073,2097.1473671756066,10,10,252.0,10,200.0
29,4,3757074,2097.1475986569876,10,10,252.0,10,200.0
29,4,3757075,2097.147830138368,10,10,252.0,10,200.0
29,4,3757076,2097.1480616197487,10,10,236.0,10,199.0
29,4,3757077,2097.1482931011296,10,10,252.0,10,200.0
29,4,3757078,2097.1485245825097,10,10,236.0,10,199.0
29,4,3757079,2097.14875606389,10,10,252.0,10,200.0
29,4,3757080,2097.1489875452708,10,10,252.0,10,200.0
29,4,3757081,2097.1492190266517,10,10,252.0,10,200.0
29,4,3757082,2097.1494505080323,10,10,252.0,10,200.0
29,4,3757083,2097.1496819894123,10,10,252.0,10,200.0
29,4,3757084,2097.1499134707924,10,10,252.0,10,200.0
29,4,3757085,2097.1501449521725,10,10,252.0,10,200.0
29,4,3757086,2097.1503764335525,10,10,236.0,10,199.0
29,4,3757087,2097.150607914933,10,10,236.0,10,199.0
29,4,3757088,2097.150839396314,10,10,236.0,10,199.0
29,4,3757089,2097.151070877695,10,10,252.0,10,200.0
29,4,3757090,2097.1513023590755,10,10,252.0,10,200.0
29,4,3757091,2097.1515338404556,10,10,252.0,10,200.0
29,4,3757092,2097.1517653218357,10,10,236.0,10,199.0
29,4,3757093,2097.151996803216,10,10,236.0,10,199.0
29,4,3757094,2097.152228284597,10,10,252.0,10,200.0
29,4,3757095,2097.152459765978,10,10,252.0,10,200.0
29,4,3757096,2097.1526912473587,10,10,252.0,10,200.0
29,4,3757097,2097.152922728739,10,10,252.0,10,200.0
29,4,3757098,2097.1531542101193,10,10,236.0,10,199.0
29,4,3757099,2097.1533856914994,10,10,252.0,10,200.0
29,4,3757100,2097.1536171728803,10,10,236.0,10,199.0
29,4,3757101,2097.1538486542613,10,10,252.0,10,200.0
29,4,3757102,2097.154080135642,10,10,252.0,10,200.0
29,4,3757103,2097.1543116170224,10,10,252.0,10,200.0
29,4,3757104,2097.1545430984033,10,10,236.0,10,199.0
29,4,3757105,2097.1547745797834,10,10,252.0,10,200.0
29,4,3757106,2097.1550060611635,10,10,236.0,10,199.0
29,4,3757107,2097.1552375425445,10,10,252.0,10,200.0
29,4,3757108,2097.155469023925,10,10,236.0,10,199.0
29,4,3757109,2097.1557005053055,10,10,236.0,10,199.0
29,4,3757110,2097.1559319866865,10,10,252.0,10,200.0
29,4,3757111,2097.1561634680666,10,10,236.0,10,199.0
29,4,3757112,2097.1563949494466,10,10,236.0,10,199.0
29,4,3757113,2097.1566264308276,10,10,252.0,10,200.0
29,4,3757114,2097.156857912208,10,10,252.0,10,200.0
29,4,3757115,2097.157089393589,10,10,252.0,10,200.0
29,4,3757116,2097.1573208749696,10,10,252.0,10,200.0
29,4,3757117,2097.1575523563506,10,10,252.0,10,200.0
29,4,3757118,2097.1577838377307,10,10,236.0,10,199.0
29,4,3757119,2097.15801531911,10,10,236.0,10,199.0
29,4,3757120,2097.15824680049,10,10,236.0,10,199.0
29,4,3757121,2097.158478281871,10,10,252.0,10,200.0
29,4,3757122,2097.158709763252,10,10,252.0,10,200.0
29,4,3757123,2097.1589412446324,10,10,252.0,10,200.0
29,4,3757124,2097.159172726013,10,10,236.0,10,199.0
29,4,3757125,2097.159404207393,10,10,252.0,10,200.0
29,4,3757126,2097.159635688773,10,10,236.0,10,199.0
29,4,3757127,2097.159867170154,10,10,252.0,10,200.0
29,4,3757128,2097.160098651535,10,10,236.0,10,199.0
29,4,3757129,2097.1603301329155,10,10,252.0,10,200.0
29,4,3757130,2097.160561614296,10,10,252.0,10,200.0
29,4,3757131,2097.160793095677,10,10,236.0,10,199.0
29,4,3757132,2097.161024577057,10,10,236.0,10,199.0
29,4,3757133,2097.161256058437,10,10,252.0,10,200.0
29,4,3757134,2097.161487539818,10,10,252.0,10,200.0
29,4,3757135,2097.1617190211987,10,10,252.0,10,200.0
29,4,3757136,2097.161950502579,10,10,236.0,10,199.0
29,4,3757137,2097.16218198396,10,10,252.0,10,200.0
29,4,3757138,2097.1624134653403,10,10,252.0,10,200.0
29,4,3757139,2097.1626449467203,10,10,236.0,10,199.0
29,4,3757140,2097.1628764281013,10,10,252.0,10,200.0
29,4,3757141,2097.163107909482,10,10,252.0,10,200.0
29,4,3757142,2097.1633393908623,10,10,236.0,10,199.0
29,4,3757143,2097.1635708722433,10,10,252.0,10,200.0
29,4,3757144,2097.1638023536243,10,10,252.0,10,200.0
29,4,3757145,2097.1640338350044,10,10,252.0,10,200.0
29,4,3757146,2097.1642653163844,10,10,252.0,10,200.0
29,4,3757147,2097.164496797765,10,10,236.0,10,199.0
29,4,3757148,2097.1647282791455,10,10,252.0,10,200.0
29,4,3757149,2097.1649597605265,10,10,252.0,10,200.0
29,4,3757150,2097.1651912419075,10,10,252.0,10,200.0
29,4,3757151,2097.1654227232884,10,10,252.0,10,200.0
29,4,3757152,2097.1656542046685,10,10,252.0,10,200.0
29,4,3757153,2097.1658856860486,10,10,252.0,10,200.0
29,4,3757154,2097.166117167429,10,10,236.0,10,199.0
29,4,3757155,2097.1663486488096,10,10,236.0,10,199.0
29,4,3757156,2097.1665801301897,10,10,252.0,10,200.0
29,4,3757157,2097.1668116115698,10,10,252.0,10,200.0
29,4,3757158,2097.1670430929507,10,10,236.0,10,199.0
29,4,3757159,2097.167274574331,10,10,252.0,10,200.0
29,4,3757160,2097.167506055711,10,10,252.0,10,200.0
29,4,3757161,2097.167737537092,10,10,252.0,10,200.0
29,4,3757162,2097.1679690184724,10,10,252.0,10,200.0
29,4,3757163,2097.168200499853,10,10,252.0,10,200.0
29,4,3757164,2097.168431981234,10,10,252.0,10,200.0
29,4,3757165,2097.168663462614,10,10,252.0,10,200.0
29,4,3757166,2097.168894943994,10,10,252.0,10,200.0
29,4,3757167,2097.169126425375,10,10,252.0,10,200.0
29,4,3757168,2097.1693579067555,10,10,252.0,10,200.0
29,4,3757169,2097.169589388136,10,10,252.0,10,200.0
29,4,3757170,2097.169820869517,10,10,236.0,10,199.0
29,4,3757171,2097.170052350898,10,10,252.0,10,200.0
29,4,3757172,2097.170283832278,10,10,252.0,10,200.0
29,4,3757173,2097.170515313658,10,10,236.0,10,199.0
29,4,3757174,2097.1707467950387,10,10,252.0,10,200.0
29,4,3757175,2097.170978276419,10,10,236.0,10,199.0
29,4,3757176,2097.1712097578,10,10,252.0,10,200.0
29,4,3757177,2097.171441239181,10,10,252.0,10,200.0
29,4,3757178,2097.1716727205617,10,10,252.0,10,200.0
29,4,3757179,2097.1719042019417,10,10,236.0,10,199.0
29,4,3757180,2097.172135683322,10,10,252.0,10,200.0
29,4,3757181,2097.1723671647023,10,10,236.0,10,199.0
29,4,3757182,2097.1725986460833,10,10,236.0,10,199.0
29,4,3757183,2097.1728301274643,10,10,252.0,10,200.0
29,4,3757184,2097.173061608845,10,10,252.0,10,200.0
29,4,3757185,2097.173293090225,10,10,252.0,10,200.0
29,4,3757186,2097.173524571605,10,10,236.0,10,199.0
29,4,3757187,2097.173756052986,10,10,252.0,10,200.0
29,4,3757188,2097.1739875343665,10,10,252.0,10,200.0
29,4,3757189,2097.1742190157474,10,10,236.0,10,199.0
29,4,3757190,2097.1744504971284,10,10,252.0,10,200.0
29,4,3757191,2097.174681978509,10,10,252.0,10,200.0
29,4,3757192,2097.1749134598886,10,10,236.0,10,199.0
29,4,3757193,2097.1751449412677,10,10,252.0,10,200.0
29,4,3757194,2097.1753764226487,10,10,236.0,10,199.0
29,4,3757195,2097.175607904029,10,10,236.0,10,199.0
29,4,3757196,2097.1758393854097,10,10,252.0,10,200.0
29,4,3757197,2097.1760708667907,10,10,236.0,10,199.0
29,4,3757198,2097.1763023481717,10,10,252.0,10,200.0
29,4,3757199,2097.1765338295518,10,10,236.0,10,199.0
29,4,3757200,2097.176765310932,10,10,236.0,10,199.0
29,4,3757201,2097.1769967923124,10,10,252.0,10,200.0
29,4,3757202,2097.177228273693,10,10,252.0,10,200.0
29,4,3757203,2097.177459755074,10,10,236.0,10,199.0
29,5,3765456,2099.087875588497,10,10,252.0,10,200.0
29,5,3765457,2099.0881070698774,10,10,236.0,10,199.0
29,5,3765458,2099.088338551258,10,10,252.0,10,200.0
29,5,3765459,2099.088570032638,10,10,252.0,10,200.0
29,5,3765460,2099.088801514018,10,10,252.0,10,200.0
29,5,3765461,2099.089032995399,10,10,236.0,10,199.0
29,5,3765462,2099.08926447678,10,10,252.0,10,200.0
29,5,3765463,2099.0894959581606,10,10,236.0,10,199.0
29,5,3765464,2099.089727439541,10,10,252.0,10,200.0
29,5,3765465,2099.089958920922,10,10,252.0,10,200.0
29,5,3765466,2099.090190402302,10,10,236.0,10,199.0
29,5,3765467,2099.090421883682,10,10,236.0,10,199.0
29,5,3765468,2099.090653365063,10,10,252.0,10,200.0
29,5,3765469,2099.0908848464437,10,10,236.0,10,199.0
29,5,3765470,2099.091116327824,10,10,252.0,10,200.0
29,5,3765471,2099.091347809204,10,10,252.0,10,200.0
29,5,3765472,2099.0915792905844,10,10,236.0,10,199.0
29,5,3765473,2099.0918107719644,10,10,252.0,10,200.0
29,5,3765474,2099.0920422533445,10,10,252.0,10,200.0
29,5,3765475,2099.0922737347255,10,10,252.0,10,200.0
29,5,3765476,2099.0925052161065,10,10,252.0,10,200.0
29,5,3765477,2099.092736697487,10,10,252.0,10,200.0
29,5,3765478,2099.0929681788675,10,10,236.0,10,199.0
29,5,3765479,2099.0931996602476,10,10,252.0,10,200.0
29,5,3765480,2099.0934311416277,10,10,252.0,10,200.0
29,5,3765481,2099.0936626230086,10,10,252.0,10,200.0
29,5,3765482,2099.0938941043896,10,10,236.0,10,199.0
29,5,3765483,2099.09412558577,10,10,252.0,10,200.0
29,5,3765484,2099.0943570671507,10,10,252.0,10,200.0
29,5,3765485,2099.0945885485316,10,10,252.0,10,200.0
29,5,3765486,2099.0948200299117,10,10,252.0,10,200.0
29,5,3765487,2099.095051511292,10,10,252.0,10,200.0
29,5,3765488,2099.0952829926728,10,10,252.0,10,200.0
29,5,3765489,2099.0955144740533,10,10,252.0,10,200.0
29,5,3765490,2099.0957459554343,10,10,252.0,10,200.0
29,5,3765491,2099.095977436815,10,10,252.0,10,200.0
29,5,3765492,2099.0962089181958,10,10,236.0,10,199.0
29,5,3765493,2099.096440399576,10,10,252.0,10,200.0
29,5,3765494,2099.096671880956,10,10,252.0,10,200.0
29,5,3765495,2099.096903362337,10,10,252.0,10,200.0
29,5,3765496,2099.0971348437174,10,10,252.0,10,200.0
29,5,3765497,2099.097366325098,10,10,252.0,10,200.0
29,5,3765498,2099.097597806479,10,10,252.0,10,200.0
29,5,3765499,2099.09782928786,10,10,252.0,10,200.0
29,5,3765500,2099.09806076924,10,10,236.0,10,199.0
29,5,3765501,2099.09829225062,10,10,252.0,10,200.0
29,5,3765502,2099.0985237320006,10,10,252.0,10,200.0
29,5,3765503,2099.098755213381,10,10,252.0,10,200.0
29,5,3765504,2099.098986694762,10,10,252.0,10,200.0
29,5,3765505,2099.099218176143,10,10,252.0,10,200.0
29,5,3765506,2099.099449657523,10,10,236.0,10,199.0
29,5,3765507,2099.099681138903,10,10,252.0,10,200.0
29,5,3765508,2099.0999126202832,10,10,252.0,10,200.0
29,5,3765509,2099.1001441016633,10,10,252.0,10,200.0
29,5,3765510,2099.100375583044,10,10,252.0,10,200.0
29,5,3765511,2099.1006070644244,10,10,236.0,10,199.0
29,5,3765512,2099.1008385458053,10,10,236.0,10,199.0
29,5,3765513,2099.1010700271854,10,10,252.0,10,200.0
29,5,3765514,2099.1013015085655,10,10,252.0,10,200.0
29,5,3765515,2099.1015329899465,10,10,252.0,10,200.0
29,5,3765516,2099.101764471327,10,10,252.0,10,200.0
29,5,3765517,2099.1019959527075,10,10,252.0,10,200.0
29,5,3765518,2099.1022274340885,10,10,252.0,10,200.0
29,5,3765519,2099.1024589154695,10,10,252.0,10,200.0
29,5,3765520,2099.1026903968495,10,10,252.0,10,200.0
29,5,3765521,2099.1029218782296,10,10,252.0,10,200.0
29,5,3765522,2099.10315335961,10,10,252.0,10,200.0
29,5,3765523,2099.1033848409907,10,10,236.0,10,199.0
29,5,3765524,2099.1036163223716,10,10,252.0,10,200.0
29,5,3765525,2099.1038478037526,10,10,252.0,10,200.0
29,5,3765526,2099.104079285133,10,10,252.0,10,200.0
29,5,3765527,2099.1043107665137,10,10,252.0,10,200.0
29,5,3765528,2099.1045422478937,10,10,252.0,10,200.0
29,5,3765529,2099.1047737292743,10,10,252.0,10,200.0
29,5,3765530,2099.105005210655,10,10,236.0,10,199.0
29,5,3765531,2099.1052366920358,10,10,252.0,10,200.0
29,5,3765532,2099.1054681734167,10,10,252.0,10,200.0
29,5,3765533,2099.105699654797,10,10,236.0,10,199.0
29,5,3765534,2099.105931136177,10,10,236.0,10,199.0
29,5,3765535,2099.1061626175574,10,10,252.0,10,200.0
29,5,3765536,2099.106394098938,10,10,236.0,10,199.0
29,5,3765537,2099.106625580319,10,10,252.0,10,200.0
29,5,3765538,2099.1068570617,10,10,236.0,10,199.0
29,5,3765539,2099.1070885430804,10,10,252.0,10,200.0
29,5,3765540,2099.1073200244605,10,10,252.0,10,200.0
29,5,3765541,2099.1075515058405,10,10,252.0,10,200.0
29,5,3765542,2099.107782987221,10,10,252.0,10,200.0
29,5,3765543,2099.108014468602,10,10,252.0,10,200.0
29,5,3765544,2099.108245949983,10,10,252.0,10,200.0
29,5,3765545,2099.1084774313636,10,10,252.0,10,200.0
29,5,3765546,2099.108708912744,10,10,252.0,10,200.0
29,5,3765547,2099.1089403941237,10,10,252.0,10,200.0
29,5,3765548,2099.1091718755033,10,10,236.0,10,199.0
29,5,3765549,2099.109403356884,10,10,236.0,10,199.0
29,5,3765550,2099.1096348382644,10,10,252.0,10,200.0
29,5,3765551,2099.1098663196453,10,10,252.0,10,200.0
29,5,3765552,2099.1100978010263,10,10,252.0,10,200.0
29,5,3765553,2099.1103292824064,10,10,236.0,10,199.0
29,5,3765554,2099.1105607637865,10,10,252.0,10,200.0
29,5,3765555,2099.110792245167,10,10,252.0,10,200.0
29,5,3765556,2099.1110237265475,10,10,252.0,10,200.0
29,5,3765557,2099.1112552079285,10,10,252.0,10,200.0
29,5,3765558,2099.1114866893095,10,10,236.0,10,199.0
29,5,3765559,2099.11171817069,10,10,252.0,10,200.0
29,5,3765560,2099.11194965207,10,10,252.0,10,200.0
29,5,3765561,2099.11218113345,10,10,252.0,10,200.0
29,5,3765562,2099.1124126148306,10,10,252.0,10,200.0
29,5,3765563,2099.1126440962116,10,10,236.0,10,199.0
29,5,3765564,2099.1128755775926,10,10,252.0,10,200.0
29,5,3765565,2099.1131070589736,10,10,236.0,10,199.0
29,5,3765566,2099.113338540354,10,10,252.0,10,200.0
29,5,3765567,2099.113570021734,10,10,252.0,10,200.0
29,5,3765568,2099.1138015031142,10,10,236.0,10,199.0
29,5,3765569,2099.1140329844948,10,10,252.0,10,200.0
29,5,3765570,2099.1142644658757,10,10,236.0,10,199.0
29,5,3765571,2099.1144959472567,10,10,236.0,10,199.0
29,5,3765572,2099.1147274286373,10,10,236.0,10,199.0
29,5,3765573,2099.114958910018,10,10,252.0,10,200.0
29,5,3765574,2099.115190391398,10,10,252.0,10,200.0
29,5,3765575,2099.115421872778,10,10,252.0,10,200.0
29,5,3765576,2099.115653354159,10,10,252.0,10,200.0
29,5,3765577,2099.11588483554,10,10,236.0,10,199.0
29,5,3765578,2099.1161163169204,10,10,252.0,10,200.0
29,5,3765579,2099.116347798301,10,10,252.0,10,200.0
29,5,3765580,2099.116579279681,10,10,252.0,10,200.0
29,5,3765581,2099.116810761061,10,10,252.0,10,200.0
29,5,3765582,2099.117042242442,10,10,236.0,10,199.0
29,5,3765583,2099.117273723823,10,10,252.0,10,200.0
29,5,3765584,2099.1175052052035,10,10,236.0,10,199.0
29,5,3765585,2099.117736686584,10,10,236.0,10,199.0
29,5,3765586,2099.117968167964,10,10,252.0,10,200.0
29,5,3765587,2099.1181996493438,10,10,252.0,10,200.0
29,5,3765588,2099.118431130724,10,10,252.0,10,200.0
29,5,3765589,2099.1186626121043,10,10,252.0,10,200.0
29,5,3765590,2099.1188940934853,10,10,252.0,10,200.0
29,5,3765591,2099.1191255748663,10,10,252.0,10,200.0
29,5,3765592,2099.119357056247,10,10,252.0,10,200.0
29,5,3765593,2099.1195885376274,10,10,252.0,10,200.0
29,5,3765594,2099.1198200190074,10,10,236.0,10,199.0
29,5,3765595,2099.1200515003875,10,10,252.0,10,200.0
29,5,3765596,2099.1202829817685,10,10,236.0,10,199.0
29,5,3765597,2099.1205144631494,10,10,236.0,10,199.0
29,5,3765598,2099.12074594453,10,10,252.0,10,200.0
29,5,3765599,2099.120977425911,10,10,252.0,10,200.0
29,5,3765600,2099.1212089072915,10,10,236.0,10,199.0
29,5,3765601,2099.1214403886715,10,10,252.0,10,200.0
29,5,3765602,2099.1216718700516,10,10,252.0,10,200.0
29,5,3765603,2099.1219033514326,10,10,252.0,10,200.0
29,5,3765604,2099.1221348328136,10,10,252.0,10,200.0
29,5,3765605,2099.122366314194,10,10,252.0,10,200.0
29,5,3765606,2099.1225977955746,10,10,252.0,10,200.0
29,5,3765607,2099.1228292769547,10,10,252.0,10,200.0
29,5,3765608,2099.1230607583348,10,10,252.0,10,200.0
29,5,3765609,2099.1232922397157,10,10,236.0,10,199.0
29,5,3765610,2099.1235237210967,10,10,236.0,10,199.0
29,5,3765611,2099.1237552024772,10,10,252.0,10,200.0
29,5,3765612,2099.1239866838578,10,10,252.0,10,200.0
29,5,3765613,2099.1242181652387,10,10,252.0,10,200.0
29,5,3765614,2099.124449646619,10,10,252.0,10,200.0
29,5,3765615,2099.124681127999,10,10,236.0,10,199.0
29,5,3765616,2099.12491260938,10,10,236.0,10,199.0
29,5,3765617,2099.1251440907604,10,10,252.0,10,200.0
29,5,3765618,2099.125375572141,10,10,252.0,10,200.0
29,5,3765619,2099.125607053522,10,10,252.0,10,200.0
29,5,3765620,2099.125838534903,10,10,252.0,10,200.0
29,5,3765621,2099.126070016283,10,10,252.0,10,200.0
29,5,3765622,2099.126301497663,10,10,236.0,10,199.0
29,5,3765623,2099.1265329790435,10,10,252.0,10,200.0
29,5,3765624,2099.126764460424,10,10,252.0,10,200.0
29,5,3765625,2099.126995941804,10,10,252.0,10,200.0
29,5,3765626,2099.127227423184,10,10,252.0,10,200.0
29,5,3765627,2099.1274589045643,10,10,252.0,10,200.0
29,5,3765628,2099.1276903859443,10,10,236.0,10,199.0
29,5,3765629,2099.1279218673253,10,10,252.0,10,200.0
29,5,3765630,2099.1281533487063,10,10,236.0,10,199.0
29,5,3765631,2099.128384830087,10,10,236.0,10,199.0
29,5,3765632,2099.1286163114673,10,10,252.0,10,200.0
29,5,3765633,2099.1288477928483,10,10,236.0,10,199.0
29,5,3765634,2099.1290792742284,10,10,252.0,10,200.0
29,5,3765635,2099.1293107556085,10,10,252.0,10,200.0
29,5,3765636,2099.1295422369894,10,10,252.0,10,200.0
29,5,3765637,2099.1297737183704,10,10,252.0,10,200.0
29,5,3765638,2099.130005199751,10,10,252.0,10,200.0
29,5,3765639,2099.1302366811315,10,10,236.0,10,199.0
29,5,3765640,2099.1304681625124,10,10,252.0,10,200.0
29,5,3765641,2099.1306996438925,10,10,252.0,10,200.0
29,5,3765642,2099.1309311252726,10,10,252.0,10,200.0
29,5,3765643,2099.1311626066536,10,10,252.0,10,200.0
29,5,3765644,2099.131394088034,10,10,252.0,10,200.0
29,5,3765645,2099.1316255694146,10,10,252.0,10,200.0
29,5,3765646,2099.1318570507956,10,10,236.0,10,199.0
29,5,3765647,2099.1320885321766,10,10,236.0,10,199.0
29,5,3765648,2099.1323200135566,10,10,236.0,10,199.0
29,5,3765649,2099.1325514949367,10,10,252.0,10,200.0
29,5,3765650,2099.1327829763172,10,10,252.0,10,200.0
29,5,3765651,2099.1330144576978,10,10,252.0,10,200.0
29,5,3765652,2099.1332459390787,10,10,252.0,10,200.0
29,5,3765653,2099.1334774204597,10,10,236.0,10,199.0
29,5,3765654,2099.13370890184,10,10,252.0,10,200.0
29,5,3765655,2099.13394038322,10,10,252.0,10,200.0
29,5,3765656,2099.1341718646004,10,10,252.0,10,200.0
29,5,3765657,2099.134403345981,10,10,236.0,10,199.0
29,5,3765658,2099.134634827362,10,10,252.0,10,200.0
29,5,3765659,2099.134866308743,10,10,236.0,10,199.0
29,5,3765660,2099.1350977901234,10,10,252.0,10,200.0
29,5,3765661,2099.1353292715035,10,10,252.0,10,200.0
29,5,3765662,2099.1355607528835,10,10,252.0,10,200.0
29,5,3765663,2099.135792234264,10,10,252.0,10,200.0
29,5,3765664,2099.136023715644,10,10,252.0,10,200.0
29,5,3765665,2099.136255197024,10,10,252.0,10,200.0
29,5,3765666,2099.136486678405,10,10,252.0,10,200.0
29,5,3765667,2099.136718159786,10,10,252.0,10,200.0
29,5,3765668,2099.136949641166,10,10,252.0,10,200.0
29,5,3765669,2099.1371811225463,10,10,252.0,10,200.0
29,5,3765670,2099.137412603927,10,10,252.0,10,200.0
29,5,3765671,2099.137644085308,10,10,252.0,10,200.0
29,5,3765672,2099.1378755666883,10,10,236.0,10,199.0
29,5,3765673,2099.1381070480693,10,10,252.0,10,200.0
29,5,3765674,2099.1383385294503,10,10,252.0,10,200.0
29,5,3765675,2099.1385700108303,10,10,236.0,10,199.0
29,5,3765676,2099.1388014922104,10,10,252.0,10,200.0
29,5,3765677,2099.139032973591,10,10,252.0,10,200.0
29,5,3765678,2099.1392644549715,10,10,252.0,10,200.0
29,5,3765679,2099.1394959363524,10,10,252.0,10,200.0
29,5,3765680,2099.1397274177334,10,10,236.0,10,199.0
29,5,3765681,2099.1399588991135,10,10,252.0,10,200.0
29,5,3765682,2099.1401903804936,10,10,236.0,10,199.0
29,5,3765683,2099.140421861874,10,10,252.0,10,200.0
29,5,3765684,2099.1406533432546,10,10,236.0,10,199.0
29,5,3765685,2099.1408848246356,10,10,252.0,10,200.0
29,5,3765686,2099.1411163060166,10,10,236.0,10,199.0
29,5,3765687,2099.141347787397,10,10,252.0,10,200.0
29,5,3765688,2099.141579268777,10,10,252.0,10,200.0
29,5,3765689,2099.141810750157,10,10,252.0,10,200.0
29,5,3765690,2099.1420422315377,10,10,252.0,10,200.0
29,5,3765691,2099.1422737129187,10,10,252.0,10,200.0
29,5,3765692,2099.1425051942997,10,10,252.0,10,200.0
29,5,3765693,2099.14273667568,10,10,252.0,10,200.0
29,5,3765694,2099.1429681570607,10,10,252.0,10,200.0
29,5,3765695,2099.143199638441,10,10,252.0,10,200.0
29,5,3765696,2099.143431119821,10,10,252.0,10,200.0
29,5,3765697,2099.143662601202,10,10,252.0,10,200.0
29,5,3765698,2099.143894082583,10,10,252.0,10,200.0
29,5,3765699,2099.1441255639634,10,10,236.0,10,199.0
29,5,3765700,2099.144357045344,10,10,252.0,10,200.0
29,5,3765701,2099.144588526724,10,10,236.0,10,199.0
29,5,3765702,2099.1448200081036,10,10,252.0,10,200.0
29,5,3765703,2099.1450514894836,10,10,252.0,10,200.0
29,5,3765704,2099.145282970864,10,10,236.0,10,199.0
29,5,3765705,2099.145514452245,10,10,252.0,10,200.0
29,5,3765706,2099.145745933626,10,10,236.0,10,199.0
29,5,3765707,2099.145977415007,10,10,252.0,10,200.0
29,5,3765708,2099.146208896387,10,10,252.0,10,200.0
29,5,3765709,2099.1464403777672,10,10,252.0,10,200.0
29,5,3765710,2099.146671859148,10,10,236.0,10,199.0
29,5,3765711,2099.1469033405283,10,10,252.0,10,200.0
29,5,3765712,2099.1471348219093,10,10,252.0,10,200.0
29,5,3765713,2099.1473663032903,10,10,252.0,10,200.0
29,5,3765714,2099.147597784671,10,10,236.0,10,199.0
29,5,3765715,2099.147829266051,10,10,236.0,10,199.0
29,5,3765716,2099.148060747431,10,10,252.0,10,200.0
29,5,3765717,2099.1482922288114,10,10,236.0,10,199.0
29,5,3765718,2099.1485237101924,10,10,252.0,10,200.0
29,5,3765719,2099.1487551915734,10,10,252.0,10,200.0
29,5,3765720,2099.148986672954,10,10,252.0,10,200.0
29,5,3765721,2099.1492181543344,10,10,252.0,10,200.0
29,5,3765722,2099.1494496357145,10,10,236.0,10,199.0
29,5,3765723,2099.1496811170946,10,10,252.0,10,200.0
29,5,3765724,2099.1499125984756,10,10,252.0,10,200.0
29,5,3765725,2099.1501440798565,10,10,252.0,10,200.0
29,5,3765726,2099.150375561237,10,10,252.0,10,200.0
29,5,3765727,2099.1506070426176,10,10,236.0,10,199.0
29,5,3765728,2099.1508385239977,10,10,236.0,10,199.0
29,5,3765729,2099.1510700053777,10,10,252.0,10,200.0
29,5,3765730,2099.1513014867587,10,10,252.0,10,200.0
29,5,3765731,2099.1515329681397,10,10,236.0,10,199.0
29,5,3765732,2099.15176444952,10,10,252.0,10,200.0
29,5,3765733,2099.1519959309007,10,10,252.0,10,200.0
29,5,3765734,2099.1522274122817,10,10,252.0,10,200.0
29,5,3765735,2099.152458893662,10,10,252.0,10,200.0
29,5,3765736,2099.152690375042,10,10,252.0,10,200.0
29,5,3765737,2099.152921856423,10,10,252.0,10,200.0
29,5,3765738,2099.1531533378034,10,10,252.0,10,200.0
29,5,3765739,2099.1533848191843,10,10,252.0,10,200.0
29,5,3765740,2099.153616300565,10,10,236.0,10,199.0
29,5,3765741,2099.153847781945,10,10,252.0,10,200.0
29,5,3765742,2099.1540792633245,10,10,252.0,10,200.0
29,5,3765743,2099.1543107447046,10,10,236.0,10,199.0
29,5,3765744,2099.154542226085,10,10,252.0,10,200.0
29,5,3765745,2099.154773707466,10,10,252.0,10,200.0
29,5,3765746,2099.155005188847,10,10,236.0,10,199.0
29,5,3765747,2099.1552366702276,10,10,252.0,10,200.0
29,5,3765748,2099.1554681516077,10,10,252.0,10,200.0
29,5,3765749,2099.1556996329878,10,10,252.0,10,200.0
29,5,3765750,2099.1559311143683,10,10,252.0,10,200.0
29,5,3765751,2099.1561625957493,10,10,252.0,10,200.0
29,5,3765752,2099.1563940771302,10,10,252.0,10,200.0
29,5,3765753,2099.1566255585108,10,10,252.0,10,200.0
29,5,3765754,2099.1568570398913,10,10,252.0,10,200.0
29,5,3765755,2099.1570885212714,10,10,252.0,10,200.0
29,5,3765756,2099.1573200026514,10,10,252.0,10,200.0
29,5,3765757,2099.1575514840324,10,10,252.0,10,200.0
29,5,3765758,2099.1577829654134,10,10,252.0,10,200.0
29,5,3765759,2099.158014446794,10,10,252.0,10,200.0
29,5,3765760,2099.1582459281744,10,10,252.0,10,200.0
29,5,3765761,2099.1584774095554,10,10,236.0,10,199.0
29,5,3765762,2099.1587088909355,10,10,252.0,10,200.0
29,5,3765763,2099.1589403723156,10,10,252.0,10,200.0
29,5,3765764,2099.1591718536965,10,10,236.0,10,199.0
29,5,3765765,2099.159403335077,10,10,252.0,10,200.0
29,5,3765766,2099.1596348164576,10,10,236.0,10,199.0
29,5,3765767,2099.1598662978386,10,10,236.0,10,199.0
29,5,3765768,2099.1600977792195,10,10,252.0,10,200.0
29,5,3765769,2099.1603292605996,10,10,236.0,10,199.0
29,5,3765770,2099.1605607419797,10,10,252.0,10,200.0
29,5,3765771,2099.16079222336,10,10,252.0,10,200.0
29,5,3765772,2099.1610237047407,10,10,252.0,10,200.0
29,5,3765773,2099.1612551861217,10,10,252.0,10,200.0
29,5,3765774,2099.1614866675027,10,10,252.0,10,200.0
29,5,3765775,2099.1617181488828,10,10,252.0,10,200.0
29,5,3765776,2099.161949630263,10,10,252.0,10,200.0
29,5,3765777,2099.162181111644,10,10,252.0,10,200.0
29,5,3765778,2099.1624125930243,10,10,252.0,10,200.0
29,5,3765779,2099.162644074405,10,10,236.0,10,199.0
29,5,3765780,2099.162875555785,10,10,236.0,10,199.0
29,5,3765781,2099.163107037165,10,10,236.0,10,199.0
29,5,3765782,2099.163338518545,10,10,236.0,10,199.0
29,5,3765783,2099.163569999925,10,10,236.0,10,199.0
29,5,3765784,2099.163801481306,10,10,252.0,10,200.0
29,5,3765785,2099.164032962687,10,10,252.0,10,200.0
29,5,3765786,2099.1642644440676,10,10,252.0,10,200.0
29,5,3765787,2099.164495925448,10,10,252.0,10,200.0
29,5,3765788,2099.164727406829,10,10,252.0,10,200.0
29,5,3765789,2099.164958888209,10,10,236.0,10,199.0
29,5,3765790,2099.1651903695893,10,10,252.0,10,200.0
29,5,3765791,2099.1654218509702,10,10,252.0,10,200.0
29,5,3765792,2099.1656533323508,10,10,236.0,10,199.0
29,5,3765793,2099.1658848137313,10,10,236.0,10,199.0
29,5,3765794,2099.1661162951123,10,10,236.0,10,199.0
29,5,3765795,2099.1663477764932,10,10,252.0,10,200.0
29,5,3765796,2099.1665792578733,10,10,252.0,10,200.0
29,5,3765797,2099.1668107392534,10,10,236.0,10,199.0
29,5,3765798,2099.167042220634,10,10,252.0,10,200.0
29,5,3765799,2099.1672737020144,10,10,252.0,10,200.0
29,5,3765800,2099.1675051833954,10,10,236.0,10,199.0
29,5,3765801,2099.1677366647764,10,10,236.0,10,199.0
29,5,3765802,2099.1679681461565,10,10,252.0,10,200.0
29,5,3765803,2099.1681996275365,10,10,252.0,10,200.0
29,5,3765804,2099.168431108917,10,10,236.0,10,199.0
29,5,3765805,2099.1686625902976,10,10,252.0,10,200.0
29,5,3765806,2099.1688940716786,10,10,236.0,10,199.0
29,5,3765807,2099.1691255530595,10,10,236.0,10,199.0
29,5,3765808,2099.16935703444,10,10,252.0,10,200.0
29,5,3765809,2099.16958851582,10,10,252.0,10,200.0
29,5,3765810,2099.1698199972,10,10,236.0,10,199.0
29,5,3765811,2099.170051478581,10,10,252.0,10,200.0
29,5,3765812,2099.1702829599617,10,10,252.0,10,200.0
29,5,3765813,2099.1705144413427,10,10,252.0,10,200.0
29,5,3765814,2099.1707459227237,10,10,236.0,10,199.0
29,5,3765815,2099.170977404104,10,10,252.0,10,200.0
29,5,3765816,2099.1712088854842,10,10,252.0,10,200.0
29,5,3765817,2099.1714403668643,10,10,252.0,10,200.0
29,5,3765818,2099.171671848245,10,10,252.0,10,200.0
29,5,3765819,2099.171903329625,10,10,252.0,10,200.0
29,5,3765820,2099.172134811005,10,10,236.0,10,199.0
29,5,3765821,2099.172366292386,10,10,252.0,10,200.0
29,5,3765822,2099.172597773766,10,10,236.0,10,199.0
29,5,3765823,2099.172829255146,10,10,236.0,10,199.0
29,5,3765824,2099.173060736527,10,10,252.0,10,200.0
29,5,3765825,2099.1732922179076,10,10,236.0,10,199.0
29,5,3765826,2099.173523699288,10,10,236.0,10,199.0
29,5,3765827,2099.173755180669,10,10,252.0,10,200.0
29,5,3765828,2099.17398666205,10,10,236.0,10,199.0
29,5,3765829,2099.17421814343,10,10,252.0,10,200.0
29,5,3765830,2099.17444962481,10,10,252.0,10,200.0
29,5,3765831,2099.1746811061907,10,10,252.0,10,200.0
29,5,3765832,2099.1749125875713,10,10,252.0,10,200.0
29,5,3765833,2099.1751440689522,10,10,236.0,10,199.0
29,5,3765834,2099.1753755503332,10,10,236.0,10,199.0
29,5,3765835,2099.1756070317138,10,10,252.0,10,200.0
29,5,3765836,2099.175838513094,10,10,252.0,10,200.0
29,5,3765837,2099.176069994474,10,10,252.0,10,200.0
29,5,3765838,2099.1763014758544,10,10,252.0,10,200.0
29,5,3765839,2099.1765329572354,10,10,236.0,10,199.0
29,5,3765840,2099.1767644386164,10,10,252.0,10,200.0
29,5,3765841,2099.176995919997,10,10,252.0,10,200.0
29,5,3765842,2099.1772274013774,10,10,252.0,10,200.0
29,5,3765843,2099.1774588827575,10,10,252.0,10,200.0
29,5,3765844,2099.1776903641376,10,10,252.0,10,200.0
29,5,3765845,2099.1779218455185,10,10,236.0,10,199.0
29,5,3765846,2099.1781533268995,10,10,236.0,10,199.0
29,5,3765847,2099.1783848082805,10,10,236.0,10,199.0
29,5,3765848,2099.178616289661,10,10,252.0,10,200.0
29,5,3765849,2099.178847771041,10,10,252.0,10,200.0
29,5,3765850,2099.179079252421,10,10,252.0,10,200.0
29,5,3765851,2099.1793107338017,10,10,252.0,10,200.0
29,5,3765852,2099.1795422151827,10,10,252.0,10,200.0
29,5,3765853,2099.1797736965636,10,10,252.0,10,200.0
29,5,3765854,2099.180005177944,10,10,252.0,10,200.0
29,5,3765855,2099.1802366593247,10,10,252.0,10,200.0
29,5,3765856,2099.1804681407048,10,10,252.0,10,200.0
29,6,3791986,2105.2290766137858,10,10,252.0,10,200.0
29,6,3791987,2105.2293080951663,10,10,236.0,10,199.0
29,6,3791988,2105.229539576547,10,10,252.0,10,200.0
29,6,3791989,2105.229771057927,10,10,252.0,10,200.0
29,6,3791990,2105.2300025393065,10,10,252.0,10,200.0
29,6,3791991,2105.2302340206866,10,10,236.0,10,199.0
29,6,3791992,2105.230465502067,10,10,252.0,10,200.0
29,6,3791993,2105.230696983448,10,10,252.0,10,200.0
29,6,3791994,2105.230928464829,10,10,236.0,10,199.0
29,6,3791995,2105.2311599462096,10,10,252.0,10,200.0
29,6,3791996,2105.2313914275896,10,10,252.0,10,200.0
29,6,3791997,2105.2316229089697,10,10,252.0,10,200.0
29,6,3791998,2105.2318543903502,10,10,252.0,10,200.0
29,6,3791999,2105.232085871731,10,10,236.0,10,199.0
29,6,3792000,2105.232317353112,10,10,252.0,10,200.0
29,6,3792001,2105.2325488344927,10,10,236.0,10,199.0
29,6,3792002,2105.2327803158732,10,10,252.0,10,200.0
29,6,3792003,2105.2330117972533,10,10,252.0,10,200.0
29,6,3792004,2105.2332432786334,10,10,252.0,10,200.0
29,6,3792005,2105.2334747600144,10,10,252.0,10,200.0
29,6,3792006,2105.2337062413953,10,10,252.0,10,200.0
29,6,3792007,2105.2339377227763,10,10,252.0,10,200.0
29,6,3792008,2105.234169204157,10,10,252.0,10,200.0
29,6,3792009,2105.234400685537,10,10,252.0,10,200.0
29,6,3792010,2105.234632166917,10,10,236.0,10,199.0
29,6,3792011,2105.2348636482975,10,10,236.0,10,199.0
29,6,3792012,2105.2350951296785,10,10,252.0,10,200.0
29,6,3792013,2105.2353266110595,10,10,252.0,10,200.0
29,6,3792014,2105.23555809244,10,10,252.0,10,200.0
29,6,3792015,2105.2357895738205,10,10,252.0,10,200.0
29,6,3792016,2105.2360210552006,10,10,252.0,10,200.0
29,6,3792017,2105.2362525365807,10,10,252.0,10,200.0
29,6,3792018,2105.2364840179616,10,10,252.0,10,200.0
29,6,3792019,2105.2367154993426,10,10,236.0,10,199.0
29,6,3792020,2105.236946980723,10,10,252.0,10,200.0
29,6,3792021,2105.2371784621037,10,10,236.0,10,199.0
29,6,3792022,2105.2374099434846,10,10,236.0,10,199.0
29,6,3792023,2105.2376414248647,10,10,252.0,10,200.0
29,6,3792024,2105.237872906245,10,10,252.0,10,200.0
29,6,3792025,2105.2381043876258,10,10,252.0,10,200.0
29,6,3792026,2105.2383358690063,10,10,236.0,10,199.0
29,6,3792027,2105.238567350387,10,10,252.0,10,200.0
29,6,3792028,2105.238798831768,10,10,236.0,10,199.0
29,6,3792029,2105.2390303131488,10,10,252.0,10,200.0
29,6,3792030,2105.239261794529,10,10,252.0,10,200.0
29,6,3792031,2105.239493275909,10,10,252.0,10,200.0
29,6,3792032,2105.2397247572894,10,10,252.0,10,200.0
29,6,3792033,2105.23995623867,10,10,236.0,10,199.0
29,6,3792034,2105.240187720051,10,10,252.0,10,200.0
29,6,3792035,2105.240419201432,10,10,252.0,10,200.0
29,6,3792036,2105.240650682812,10,10,252.0,10,200.0
29,6,3792037,2105.240882164192,10,10,252.0,10,200.0
29,6,3792038,2105.241113645572,10,10,252.0,10,200.0
29,6,3792039,2105.241345126952,10,10,252.0,10,200.0
29,6,3792040,2105.2415766083327,10,10,252.0,10,200.0
29,6,3792041,2105.2418080897137,10,10,236.0,10,199.0
29,6,3792042,2105.242039571094,10,10,252.0,10,200.0
29,6,3792043,2105.2422710524743,10,10,252.0,10,200.0
29,6,3792044,2105.2425025338543,10,10,252.0,10,200.0
29,6,3792045,2105.2427340152353,10,10,252.0,10,200.0
29,6,3792046,2105.2429654966163,10,10,252.0,10,200.0
29,6,3792047,2105.243196977997,10,10,252.0,10,200.0
29,6,3792048,2105.2434284593774,10,10,252.0,10,200.0
29,6,3792049,2105.2436599407583,10,10,252.0,10,200.0
29,6,3792050,2105.2438914221384,10,10,252.0,10,200.0
29,6,3792051,2105.2441229035185,10,10,252.0,10,200.0
29,6,3792052,2105.2443543848995,10,10,236.0,10,199.0
29,6,3792053,2105.24458586628,10,10,252.0,10,200.0
29,6,3792054,2105.2448173476605,10,10,252.0,10,200.0
29,6,3792055,2105.2450488290415,10,10,236.0,10,199.0
29,6,3792056,2105.2452803104225,10,10,252.0,10,200.0
29,6,3792057,2105.2455117918025,10,10,236.0,10,199.0
29,6,3792058,2105.2457432731826,10,10,252.0,10,200.0
29,6,3792059,2105.245974754563,10,10,252.0,10,200.0
29,6,3792060,2105.2462062359436,10,10,236.0,10,199.0
29,6,3792061,2105.2464377173246,10,10,252.0,10,200.0
29,6,3792062,2105.2466691987056,10,10,252.0,10,200.0
29,6,3792063,2105.2469006800857,10,10,252.0,10,200.0
29,6,3792064,2105.2471321614657,10,10,236.0,10,199.0
29,6,3792065,2105.2473636428463,10,10,252.0,10,200.0
29,6,3792066,2105.247595124227,10,10,236.0,10,199.0
29,6,3792067,2105.2478266056078,10,10,252.0,10,200.0
29,6,3792068,2105.2480580869887,10,10,252.0,10,200.0
29,6,3792069,2105.2482895683693,10,10,236.0,10,199.0
29,6,3792070,2105.2485210497493,10,10,252.0,10,200.0
29,6,3792071,2105.2487525311294,10,10,236.0,10,199.0
29,6,3792072,2105.24898401251,10,10,252.0,10,200.0
29,6,3792073,2105.249215493891,10,10,236.0,10,199.0
29,6,3792074,2105.249446975272,10,10,252.0,10,200.0
29,6,3792075,2105.2496784566524,10,10,252.0,10,200.0
29,6,3792076,2105.2499099380334,10,10,252.0,10,200.0
29,6,3792077,2105.2501414194135,10,10,236.0,10,199.0
29,6,3792078,2105.2503729007935,10,10,236.0,10,199.0
29,6,3792079,2105.250604382174,10,10,252.0,10,200.0
29,6,3792080,2105.250835863555,10,10,236.0,10,199.0
29,6,3792081,2105.251067344936,10,10,236.0,10,199.0
29,6,3792082,2105.2512988263165,10,10,252.0,10,200.0
29,6,3792083,2105.2515303076966,10,10,252.0,10,200.0
29,6,3792084,2105.2517617890767,10,10,252.0,10,200.0
29,6,3792085,2105.251993270457,10,10,236.0,10,199.0
29,6,3792086,2105.252224751838,10,10,252.0,10,200.0
29,6,3792087,2105.2524562332183,10,10,252.0,10,200.0
29,6,3792088,2105.2526877145983,10,10,252.0,10,200.0
29,6,3792089,2105.2529191959793,10,10,236.0,10,199.0
29,6,3792090,2105.2531506773594,10,10,252.0,10,200.0
29,6,3792091,2105.2533821587394,10,10,236.0,10,199.0
29,6,3792092,2105.25361364012,10,10,252.0,10,200.0
29,6,3792093,2105.2538451215005,10,10,252.0,10,200.0
29,6,3792094,2105.2540766028815,10,10,252.0,10,200.0
29,6,3792095,2105.2543080842624,10,10,236.0,10,199.0
29,6,3792096,2105.254539565643,10,10,252.0,10,200.0
29,6,3792097,2105.254771047023,10,10,252.0,10,200.0
29,6,3792098,2105.255002528403,10,10,252.0,10,200.0
29,6,3792099,2105.2552340097836,10,10,252.0,10,200.0
29,6,3792100,2105.2554654911646,10,10,236.0,10,199.0
29,6,3792101,2105.2556969725456,10,10,252.0,10,200.0
29,6,3792102,2105.255928453926,10,10,252.0,10,200.0
29,6,3792103,2105.2561599353066,10,10,252.0,10,200.0
29,6,3792104,2105.2563914166867,10,10,252.0,10,200.0
29,6,3792105,2105.256622898067,10,10,236.0,10,199.0
29,6,3792106,2105.2568543794478,10,10,252.0,10,200.0
29,6,3792107,2105.2570858608287,10,10,252.0,10,200.0
29,6,3792108,2105.2573173422093,10,10,252.0,10,200.0
29,6,3792109,2105.25754882359,10,10,252.0,10,200.0
29,6,3792110,2105.25778030497,10,10,252.0,10,200.0
29,6,3792111,2105.25801178635,10,10,252.0,10,200.0
29,6,3792112,2105.258243267731,10,10,252.0,10,200.0
29,6,3792113,2105.258474749112,10,10,252.0,10,200.0
29,6,3792114,2105.258706230493,10,10,236.0,10,199.0
29,6,3792115,2105.2589377118734,10,10,252.0,10,200.0
29,6,3792116,2105.259169193254,10,10,236.0,10,199.0
29,6,3792117,2105.259400674634,10,10,252.0,10,200.0
29,6,3792118,2105.259632156014,10,10,252.0,10,200.0
29,6,3792119,2105.259863637395,10,10,252.0,10,200.0
29,6,3792120,2105.260095118776,10,10,252.0,10,200.0
29,6,3792121,2105.2603266001565,10,10,252.0,10,200.0
29,6,3792122,2105.260558081537,10,10,252.0,10,200.0
29,6,3792123,2105.260789562918,10,10,252.0,10,200.0
29,6,3792124,2105.261021044298,10,10,252.0,10,200.0
29,6,3792125,2105.261252525678,10,10,252.0,10,200.0
29,6,3792126,2105.261484007059,10,10,252.0,10,200.0
29,6,3792127,2105.2617154884397,10,10,252.0,10,200.0
29,6,3792128,2105.26194696982,10,10,252.0,10,200.0
29,6,3792129,2105.262178451201,10,10,252.0,10,200.0
29,6,3792130,2105.262409932582,10,10,252.0,10,200.0
29,6,3792131,2105.2626414139622,10,10,252.0,10,200.0
29,6,3792132,2105.2628728953423,10,10,252.0,10,200.0
29,6,3792133,2105.263104376723,10,10,252.0,10,200.0
29,6,3792134,2105.2633358581033,10,10,236.0,10,199.0
29,6,3792135,2105.2635673394834,10,10,252.0,10,200.0
29,6,3792136,2105.2637988208635,10,10,252.0,10,200.0
29,6,3792137,2105.2640303022436,10,10,236.0,10,199.0
29,6,3792138,2105.2642617836236,10,10,236.0,10,199.0
29,6,3792139,2105.2644932650046,10,10,252.0,10,200.0
29,6,3792140,2105.2647247463856,10,10,252.0,10,200.0
29,6,3792141,2105.264956227766,10,10,252.0,10,200.0
29,6,3792142,2105.2651877091466,10,10,252.0,10,200.0
29,6,3792143,2105.2654191905276,10,10,236.0,10,199.0
29,6,3792144,2105.2656506719077,10,10,236.0,10,199.0
29,6,3792145,2105.2658821532877,10,10,252.0,10,200.0
29,6,3792146,2105.2661136346687,10,10,236.0,10,199.0
29,6,3792147,2105.2663451160493,10,10,252.0,10,200.0
29,6,3792148,2105.2665765974302,10,10,236.0,10,199.0
29,6,3792149,2105.2668080788108,10,10,252.0,10,200.0
29,6,3792150,2105.2670395601917,10,10,252.0,10,200.0
29,6,3792151,2105.267271041572,10,10,236.0,10,199.0
29,6,3792152,2105.267502522952,10,10,252.0,10,200.0
29,6,3792153,2105.267734004333,10,10,252.0,10,200.0
29,6,3792154,2105.2679654857134,10,10,252.0,10,200.0
29,6,3792155,2105.268196967094,10,10,236.0,10,199.0
29,6,3792156,2105.268428448475,10,10,236.0,10,199.0
29,6,3792157,2105.268659929855,10,10,252.0,10,200.0
29,6,3792158,2105.268891411235,10,10,252.0,10,200.0
29,6,3792159,2105.269122892616,10,10,252.0,10,200.0
29,6,3792160,2105.2693543739965,10,10,252.0,10,200.0
29,6,3792161,2105.269585855377,10,10,252.0,10,200.0
29,6,3792162,2105.269817336758,10,10,252.0,10,200.0
29,6,3792163,2105.270048818139,10,10,236.0,10,199.0
29,6,3792164,2105.270280299519,10,10,236.0,10,199.0
29,6,3792165,2105.270511780899,10,10,252.0,10,200.0
29,6,3792166,2105.2707432622797,10,10,252.0,10,200.0
29,6,3792167,2105.27097474366,10,10,252.0,10,200.0
29,6,3792168,2105.271206225041,10,10,252.0,10,200.0
29,6,3792169,2105.271437706422,10,10,252.0,10,200.0
29,6,3792170,2105.2716691878027,10,10,236.0,10,199.0
29,6,3792171,2105.2719006691827,10,10,252.0,10,200.0
29,6,3792172,2105.272132150563,10,10,236.0,10,199.0
29,6,3792173,2105.2723636319433,10,10,236.0,10,199.0
29,6,3792174,2105.2725951133243,10,10,252.0,10,200.0
29,6,3792175,2105.2728265947053,10,10,252.0,10,200.0
29,6,3792176,2105.273058076086,10,10,252.0,10,200.0
29,6,3792177,2105.2732895574663,10,10,252.0,10,200.0
29,6,3792178,2105.2735210388464,10,10,252.0,10,200.0
29,6,3792179,2105.2737525202265,10,10,252.0,10,200.0
29,6,3792180,2105.2739840016075,10,10,252.0,10,200.0
29,6,3792181,2105.2742154829884,10,10,252.0,10,200.0
29,6,3792182,2105.2744469643694,10,10,252.0,10,200.0
29,6,3792183,2105.27467844575,10,10,252.0,10,200.0
29,6,3792184,2105.2749099271296,10,10,252.0,10,200.0
29,6,3792185,2105.2751414085087,10,10,252.0,10,200.0
29,6,3792186,2105.2753728898897,10,10,252.0,10,200.0
29,6,3792187,2105.27560437127,10,10,236.0,10,199.0
29,6,3792188,2105.2758358526507,10,10,252.0,10,200.0
29,6,3792189,2105.2760673340317,10,10,252.0,10,200.0
29,6,3792190,2105.2762988154127,10,10,236.0,10,199.0
29,6,3792191,2105.2765302967928,10,10,236.0,10,199.0
29,6,3792192,2105.276761778173,10,10,252.0,10,200.0
29,6,3792193,2105.2769932595534,10,10,252.0,10,200.0
29,6,3792194,2105.277224740934,10,10,236.0,10,199.0
29,6,3792195,2105.277456222315,10,10,236.0,10,199.0
29,6,3792196,2105.277687703696,10,10,252.0,10,200.0
29,6,3792197,2105.2779191850764,10,10,252.0,10,200.0
29,6,3792198,2105.2781506664564,10,10,252.0,10,200.0
29,6,3792199,2105.2783821478365,10,10,236.0,10,199.0
29,6,3792200,2105.278613629217,10,10,252.0,10,200.0
29,6,3792201,2105.278845110598,10,10,252.0,10,200.0
29,6,3792202,2105.279076591979,10,10,252.0,10,200.0
29,6,3792203,2105.2793080733595,10,10,236.0,10,199.0
29,6,3792204,2105.27953955474,10,10,252.0,10,200.0
29,6,3792205,2105.27977103612,10,10,252.0,10,200.0
29,6,3792206,2105.2800025175,10,10,252.0,10,200.0
29,6,3792207,2105.280233998881,10,10,252.0,10,200.0
29,6,3792208,2105.280465480262,10,10,236.0,10,199.0
29,6,3792209,2105.2806969616427,10,10,236.0,10,199.0
29,6,3792210,2105.280928443023,10,10,252.0,10,200.0
29,6,3792211,2105.2811599244033,10,10,236.0,10,198.0
29,6,3792212,2105.2813914057833,10,10,236.0,10,199.0
29,6,3792213,2105.2816228871643,10,10,252.0,10,200.0
29,6,3792214,2105.2818543685453,10,10,252.0,10,200.0
29,6,3792215,2105.282085849926,10,10,252.0,10,200.0
29,6,3792216,2105.282317331307,10,10,252.0,10,200.0
29,6,3792217,2105.2825488126873,10,10,252.0,10,200.0
29,6,3792218,2105.2827802940674,10,10,252.0,10,200.0
29,6,3792219,2105.2830117754474,10,10,252.0,10,200.0
29,6,3792220,2105.2832432568284,10,10,236.0,10,199.0
29,6,3792221,2105.2834747382094,10,10,252.0,10,200.0
29,6,3792222,2105.28370621959,10,10,252.0,10,200.0
29,6,3792223,2105.2839377009705,10,10,236.0,10,199.0
29,6,3792224,2105.2841691823514,10,10,236.0,10,199.0
29,6,3792225,2105.2844006637315,10,10,252.0,10,200.0
29,6,3792226,2105.2846321451116,10,10,252.0,10,200.0
29,6,3792227,2105.2848636264926,10,10,252.0,10,200.0
29,6,3792228,2105.285095107873,10,10,252.0,10,200.0
29,6,3792229,2105.2853265892536,10,10,252.0,10,200.0
29,6,3792230,2105.2855580706346,10,10,252.0,10,200.0
29,6,3792231,2105.2857895520146,10,10,252.0,10,200.0
29,6,3792232,2105.2860210333947,10,10,252.0,10,200.0
29,6,3792233,2105.286252514775,10,10,236.0,10,199.0
29,6,3792234,2105.286483996155,10,10,252.0,10,200.0
29,6,3792235,2105.286715477536,10,10,252.0,10,200.0
29,6,3792236,2105.2869469589164,10,10,236.0,10,199.0
29,6,3792237,2105.287178440297,10,10,236.0,10,199.0
29,6,3792238,2105.287409921677,10,10,252.0,10,200.0
29,6,3792239,2105.287641403057,10,10,252.0,10,200.0
29,6,3792240,2105.287872884438,10,10,252.0,10,200.0
29,6,3792241,2105.288104365819,10,10,252.0,10,200.0
29,6,3792242,2105.2883358471995,10,10,236.0,10,199.0
29,6,3792243,2105.28856732858,10,10,236.0,10,199.0
29,6,3792244,2105.288798809961,10,10,252.0,10,200.0
29,6,3792245,2105.289030291341,10,10,236.0,10,199.0
29,6,3792246,2105.289261772721,10,10,252.0,10,200.0
29,6,3792247,2105.289493254102,10,10,252.0,10,200.0
29,6,3792248,2105.2897247354827,10,10,252.0,10,200.0
29,6,3792249,2105.289956216863,10,10,252.0,10,200.0
29,6,3792250,2105.290187698244,10,10,252.0,10,200.0
29,6,3792251,2105.290419179625,10,10,252.0,10,200.0
29,6,3792252,2105.290650661005,10,10,252.0,10,200.0
29,6,3792253,2105.2908821423853,10,10,252.0,10,200.0
29,6,3792254,2105.2911136237663,10,10,252.0,10,200.0
29,6,3792255,2105.291345105147,10,10,252.0,10,200.0
29,6,3792256,2105.2915765865273,10,10,252.0,10,200.0
29,6,3792257,2105.2918080679083,10,10,252.0,10,200.0
29,6,3792258,2105.2920395492883,10,10,236.0,10,199.0
29,6,3792259,2105.2922710306684,10,10,236.0,10,199.0
29,6,3792260,2105.2925025120494,10,10,252.0,10,200.0
29,6,3792261,2105.29273399343,10,10,252.0,10,200.0
29,6,3792262,2105.2929654748104,10,10,252.0,10,200.0
29,6,3792263,2105.2931969561914,10,10,252.0,10,200.0
29,6,3792264,2105.2934284375724,10,10,236.0,10,199.0
29,6,3792265,2105.2936599189525,10,10,252.0,10,200.0
29,6,3792266,2105.2938914003325,10,10,252.0,10,200.0
29,6,3792267,2105.294122881713,10,10,252.0,10,200.0
29,6,3792268,2105.2943543630936,10,10,252.0,10,200.0
29,6,3792269,2105.2945858444746,10,10,252.0,10,200.0
29,6,3792270,2105.2948173258555,10,10,236.0,10,199.0
29,6,3792271,2105.295048807236,10,10,252.0,10,200.0
29,6,3792272,2105.295280288616,10,10,252.0,10,200.0
29,6,3792273,2105.295511769996,10,10,252.0,10,200.0
29,6,3792274,2105.2957432513767,10,10,236.0,10,199.0
29,6,3792275,2105.2959747327577,10,10,252.0,10,200.0
29,6,3792276,2105.2962062141387,10,10,252.0,10,200.0
29,6,3792277,2105.296437695519,10,10,236.0,10,199.0
29,6,3792278,2105.2966691768997,10,10,252.0,10,200.0
29,6,3792279,2105.29690065828,10,10,252.0,10,200.0
29,6,3792280,2105.29713213966,10,10,252.0,10,200.0
29,6,3792281,2105.29736362104,10,10,252.0,10,200.0
29,6,3792282,2105.29759510242,10,10,252.0,10,200.0
29,6,3792283,2105.297826583801,10,10,252.0,10,200.0
29,6,3792284,2105.298058065182,10,10,236.0,10,199.0
29,6,3792285,2105.298289546562,10,10,252.0,10,200.0
29,6,3792286,2105.298521027942,10,10,252.0,10,200.0
29,6,3792287,2105.2987525093226,10,10,252.0,10,200.0
29,6,3792288,2105.2989839907036,10,10,252.0,10,200.0
29,6,3792289,2105.299215472084,10,10,252.0,10,200.0
29,6,3792290,2105.299446953465,10,10,252.0,10,200.0
29,6,3792291,2105.299678434846,10,10,252.0,10,200.0
29,6,3792292,2105.299909916226,10,10,252.0,10,200.0
29,6,3792293,2105.3001413976062,10,10,252.0,10,200.0
29,6,3792294,2105.3003728789868,10,10,236.0,10,199.0
29,6,3792295,2105.3006043603673,10,10,252.0,10,200.0
29,6,3792296,2105.3008358417483,10,10,252.0,10,200.0
29,6,3792297,2105.3010673231292,10,10,252.0,10,200.0
29,6,3792298,2105.3012988045098,10,10,236.0,10,199.0
29,6,3792299,2105.30153028589,10,10,236.0,10,199.0
29,6,3792300,2105.30176176727,10,10,236.0,10,199.0
29,6,3792301,2105.3019932486504,10,10,252.0,10,200.0
29,6,3792302,2105.3022247300314,10,10,236.0,10,199.0
29,6,3792303,2105.3024562114124,10,10,252.0,10,200.0
29,6,3792304,2105.302687692793,10,10,236.0,10,199.0
29,6,3792305,2105.302919174173,10,10,236.0,10,199.0
29,6,3792306,2105.303150655553,10,10,252.0,10,200.0
29,6,3792307,2105.3033821369336,10,10,252.0,10,200.0
29,6,3792308,2105.3036136183146,10,10,252.0,10,200.0
29,6,3792309,2105.3038450996955,10,10,236.0,10,199.0
29,6,3792310,2105.304076581076,10,10,252.0,10,200.0
29,6,3792311,2105.3043080624566,10,10,252.0,10,200.0
29,6,3792312,2105.3045395438367,10,10,252.0,10,200.0
29,6,3792313,2105.3047710252167,10,10,236.0,10,199.0
29,6,3792314,2105.3050025065977,10,10,236.0,10,199.0
29,6,3792315,2105.3052339879787,10,10,252.0,10,200.0
29,6,3792316,2105.305465469359,10,10,252.0,10,200.0
29,6,3792317,2105.3056969507397,10,10,236.0,10,199.0
29,6,3792318,2105.3059284321207,10,10,252.0,10,200.0
29,6,3792319,2105.306159913501,10,10,252.0,10,200.0
29,6,3792320,2105.306391394881,10,10,252.0,10,200.0
29,6,3792321,2105.306622876262,10,10,236.0,10,199.0
29,6,3792322,2105.306854357643,10,10,252.0,10,200.0
29,6,3792323,2105.3070858390233,10,10,252.0,10,200.0
29,6,3792324,2105.307317320404,10,10,252.0,10,200.0
29,6,3792325,2105.307548801785,10,10,252.0,10,200.0
29,6,3792326,2105.307780283165,10,10,252.0,10,200.0
29,6,3792327,2105.308011764545,10,10,252.0,10,200.0
29,6,3792328,2105.308243245926,10,10,252.0,10,200.0
29,6,3792329,2105.3084747273065,10,10,252.0,10,200.0
29,6,3792330,2105.3087062086865,10,10,252.0,10,200.0
29,6,3792331,2105.3089376900666,10,10,236.0,10,199.0
29,6,3792332,2105.3091691714467,10,10,236.0,10,199.0
29,6,3792333,2105.3094006528268,10,10,236.0,10,199.0
29,6,3792334,2105.3096321342073,10,10,236.0,10,199.0
29,6,3792335,2105.3098636155883,10,10,252.0,10,200.0
29,6,3792336,2105.3100950969692,10,10,236.0,10,199.0
29,6,3792337,2105.3103265783498,10,10,236.0,10,199.0
29,6,3792338,2105.3105580597303,10,10,236.0,10,199.0
29,6,3792339,2105.3107895411104,10,10,252.0,10,200.0
29,6,3792340,2105.3110210224904,10,10,252.0,10,200.0
29,6,3792341,2105.3112525038714,10,10,236.0,10,199.0
29,6,3792342,2105.3114839852524,10,10,252.0,10,200.0
29,6,3792343,2105.311715466633,10,10,252.0,10,200.0
29,6,3792344,2105.3119469480134,10,10,252.0,10,200.0
29,6,3792345,2105.3121784293944,10,10,252.0,10,200.0
29,6,3792346,2105.3124099107745,10,10,252.0,10,200.0
29,6,3792347,2105.3126413921545,10,10,252.0,10,200.0
29,6,3792348,2105.3128728735355,10,10,252.0,10,200.0
29,6,3792349,2105.313104354916,10,10,236.0,10,199.0
29,6,3792350,2105.3133358362966,10,10,252.0,10,200.0
29,6,3792351,2105.3135673176776,10,10,252.0,10,200.0
29,6,3792352,2105.3137987990585,10,10,252.0,10,200.0
29,6,3792353,2105.3140302804386,10,10,252.0,10,200.0
29,6,3792354,2105.3142617618187,10,10,252.0,10,200.0
29,6,3792355,2105.314493243199,10,10,252.0,10,200.0
29,6,3792356,2105.31472472458,10,10,236.0,10,199.0
29,6,3792357,2105.3149562059607,10,10,252.0,10,200.0
29,6,3792358,2105.3151876873417,10,10,252.0,10,200.0
29,6,3792359,2105.3154191687217,10,10,236.0,10,199.0
29,6,3792360,2105.315650650102,10,10,252.0,10,200.0
29,6,3792361,2105.315882131483,10,10,236.0,10,199.0
29,6,3792362,2105.3161136128633,10,10,252.0,10,200.0
29,6,3792363,2105.316345094244,10,10,252.0,10,200.0
29,6,3792364,2105.316576575625,10,10,252.0,10,200.0
29,6,3792365,2105.316808057006,10,10,236.0,10,199.0
29,6,3792366,2105.317039538386,10,10,252.0,10,200.0
29,6,3792367,2105.317271019766,10,10,252.0,10,200.0
29,6,3792368,2105.3175025011465,10,10,252.0,10,200.0
29,6,3792369,2105.317733982527,10,10,252.0,10,200.0
29,6,3792370,2105.317965463908,10,10,236.0,10,199.0
29,6,3792371,2105.318196945289,10,10,252.0,10,200.0
29,6,3792372,2105.3184284266695,10,10,252.0,10,200.0
29,6,3792373,2105.3186599080495,10,10,252.0,10,200.0
29,6,3792374,2105.3188913894296,10,10,236.0,10,199.0
29,6,3792375,2105.31912287081,10,10,236.0,10,199.0
29,6,3792376,2105.319354352191,10,10,252.0,10,200.0
29,6,3792377,2105.319585833572,10,10,252.0,10,200.0
29,6,3792378,2105.3198173149526,10,10,236.0,10,199.0
29,6,3792379,2105.3200487963322,10,10,236.0,10,199.0
29,6,3792380,2105.3202802777114,10,10,252.0,10,200.0
29,6,3792381,2105.3205117590924,10,10,252.0,10,200.0
29,6,3792382,2105.320743240473,10,10,252.0,10,200.0
29,6,3792383,2105.3209747218534,10,10,252.0,10,200.0
29,6,3792384,2105.3212062032344,10,10,252.0,10,200.0
29,6,3792385,2105.3214376846154,10,10,252.0,10,200.0
29,6,3792386,2105.3216691659954,10,10,252.0,10,200.0
29,7,3801441,2107.417733066681,10,10,252.0,10,200.0
29,7,3801442,2107.4179645480617,10,10,236.0,10,199.0
29,7,3801443,2107.4181960294427,10,10,252.0,10,200.0
29,7,3801444,2107.4184275108237,10,10,252.0,10,200.0
29,7,3801445,2107.418658992204,10,10,252.0,10,200.0
29,7,3801446,2107.4188904735847,10,10,236.0,10,198.0
29,7,3801447,2107.419121954965,10,10,252.0,10,200.0
29,7,3801448,2107.419353436345,10,10,252.0,10,200.0
29,7,3801449,2107.419584917726,10,10,236.0,10,199.0
29,7,3801450,2107.419816399107,10,10,252.0,10,200.0
29,7,3801451,2107.4200478804873,10,10,252.0,10,200.0
29,7,3801452,2107.4202793618674,10,10,252.0,10,200.0
29,7,3801453,2107.4205108432475,10,10,252.0,10,200.0
29,7,3801454,2107.4207423246276,10,10,236.0,10,199.0
29,7,3801455,2107.4209738060076,10,10,252.0,10,200.0
29,7,3801456,2107.421205287388,10,10,236.0,10,199.0
29,7,3801457,2107.421436768769,10,10,252.0,10,200.0
29,7,3801458,2107.42166825015,10,10,252.0,10,200.0
29,7,3801459,2107.4218997315306,10,10,252.0,10,200.0
29,7,3801460,2107.4221312129107,10,10,252.0,10,200.0
29,7,3801461,2107.4223626942908,10,10,252.0,10,200.0
29,7,3801462,2107.4225941756713,10,10,252.0,10,200.0
29,7,3801463,2107.4228256570523,10,10,252.0,10,200.0
29,7,3801464,2107.4230571384333,10,10,252.0,10,200.0
29,7,3801465,2107.423288619814,10,10,252.0,10,200.0
29,7,3801466,2107.4235201011943,10,10,236.0,10,199.0
29,7,3801467,2107.4237515825744,10,10,252.0,10,200.0
29,7,3801468,2107.4239830639544,10,10,252.0,10,200.0
29,7,3801469,2107.4242145453354,10,10,252.0,10,200.0
29,7,3801470,2107.4244460267164,10,10,236.0,10,199.0
29,7,3801471,2107.4246775080974,10,10,236.0,10,199.0
29,7,3801472,2107.424908989478,10,10,252.0,10,200.0
29,7,3801473,2107.4251404708584,10,10,252.0,10,200.0
29,7,3801474,2107.4253719522385,10,10,252.0,10,200.0
29,7,3801475,2107.4256034336186,10,10,236.0,10,199.0
29,7,3801476,2107.4258349149995,10,10,236.0,10,199.0
29,7,3801477,2107.4260663963805,10,10,236.0,10,199.0
29,7,3801478,2107.426297877761,10,10,252.0,10,200.0
29,7,3801479,2107.4265293591416,10,10,252.0,10,200.0
29,7,3801480,2107.4267608405225,10,10,236.0,10,199.0
29,7,3801481,2107.4269923219026,10,10,252.0,10,200.0
29,7,3801482,2107.4272238032827,10,10,252.0,10,200.0
29,7,3801483,2107.4274552846637,10,10,252.0,10,200.0
29,7,3801484,2107.427686766044,10,10,252.0,10,200.0
29,7,3801485,2107.4279182474247,10,10,252.0,10,200.0
29,7,3801486,2107.4281497288057,10,10,236.0,10,199.0
29,7,3801487,2107.4283812101858,10,10,252.0,10,200.0
29,7,3801488,2107.428612691566,10,10,252.0,10,200.0
29,7,3801489,2107.428844172947,10,10,236.0,10,199.0
29,7,3801490,2107.4290756543273,10,10,252.0,10,200.0
29,7,3801491,2107.429307135708,10,10,252.0,10,200.0
29,7,3801492,2107.429538617089,10,10,252.0,10,200.0
29,7,3801493,2107.42977009847,10,10,236.0,10,199.0
29,7,3801494,2107.43000157985,10,10,252.0,10,200.0
29,7,3801495,2107.43023306123,10,10,252.0,10,200.0
29,7,3801496,2107.4304645426105,10,10,252.0,10,200.0
29,7,3801497,2107.430696023991,10,10,252.0,10,200.0
29,7,3801498,2107.430927505372,10,10,236.0,10,199.0
29,7,3801499,2107.431158986753,10,10,252.0,10,200.0
29,7,3801500,2107.4313904681335,10,10,252.0,10,200.0
29,7,3801501,2107.4316219495136,10,10,252.0,10,200.0
29,7,3801502,2107.4318534308936,10,10,236.0,10,199.0
29,7,3801503,2107.4320849122746,10,10,236.0,10,199.0
29,7,3801504,2107.432316393655,10,10,236.0,10,199.0
29,7,3801505,2107.432547875035,10,10,236.0,10,199.0
29,7,3801506,2107.4327793564153,10,10,236.0,10,199.0
29,7,3801507,2107.4330108377962,10,10,236.0,10,199.0
29,7,3801508,2107.4332423191763,10,10,252.0,10,200.0
29,7,3801509,2107.4334738005564,10,10,252.0,10,200.0
29,7,3801510,2107.4337052819374,10,10,252.0,10,200.0
29,7,3801511,2107.433936763318,10,10,252.0,10,200.0
29,7,3801512,2107.4341682446984,10,10,236.0,10,199.0
29,7,3801513,2107.4343997260794,10,10,252.0,10,200.0
29,7,3801514,2107.4346312074595,10,10,236.0,10,199.0
29,7,3801515,2107.4348626888395,10,10,252.0,10,200.0
29,7,3801516,2107.4350941702205,10,10,252.0,10,200.0
29,7,3801517,2107.435325651601,10,10,252.0,10,200.0
29,7,3801518,2107.4355571329816,10,10,252.0,10,200.0
29,7,3801519,2107.4357886143625,10,10,236.0,10,199.0
29,7,3801520,2107.4360200957435,10,10,252.0,10,200.0
29,7,3801521,2107.4362515771236,10,10,236.0,10,199.0
29,7,3801522,2107.4364830585037,10,10,252.0,10,200.0
29,7,3801523,2107.436714539884,10,10,236.0,10,199.0
29,7,3801524,2107.4369460212647,10,10,252.0,10,200.0
29,7,3801525,2107.4371775026457,10,10,236.0,10,199.0
29,7,3801526,2107.4374089840267,10,10,236.0,10,199.0
29,7,3801527,2107.437640465407,10,10,252.0,10,200.0
29,7,3801528,2107.4378719467873,10,10,236.0,10,199.0
29,7,3801529,2107.4381034281673,10,10,252.0,10,200.0
29,7,3801530,2107.438334909548,10,10,252.0,10,200.0
29,7,3801531,2107.438566390929,10,10,252.0,10,200.0
29,7,3801532,2107.43879787231,10,10,236.0,10,199.0
29,7,3801533,2107.4390293536903,10,10,252.0,10,200.0
29,7,3801534,2107.4392608350704,10,10,252.0,10,200.0
29,7,3801535,2107.4394923164505,10,10,252.0,10,200.0
29,7,3801536,2107.439723797831,10,10,252.0,10,200.0
29,7,3801537,2107.439955279212,10,10,252.0,10,200.0
29,7,3801538,2107.440186760593,10,10,236.0,10,199.0
29,7,3801539,2107.4404182419735,10,10,236.0,10,199.0
29,7,3801540,2107.4406497233545,10,10,252.0,10,200.0
29,7,3801541,2107.4408812047345,10,10,252.0,10,200.0
29,7,3801542,2107.4411126861146,10,10,252.0,10,200.0
29,7,3801543,2107.441344167495,10,10,236.0,10,199.0
29,7,3801544,2107.441575648876,10,10,236.0,10,199.0
29,7,3801545,2107.441807130257,10,10,236.0,10,199.0
29,7,3801546,2107.4420386116376,10,10,252.0,10,200.0
29,7,3801547,2107.442270093018,10,10,236.0,10,199.0
29,7,3801548,2107.442501574398,10,10,252.0,10,200.0
29,7,3801549,2107.4427330557783,10,10,252.0,10,200.0
29,7,3801550,2107.4429645371592,10,10,252.0,10,200.0
29,7,3801551,2107.44319601854,10,10,252.0,10,200.0
29,7,3801552,2107.4434274999207,10,10,252.0,10,200.0
29,7,3801553,2107.4436589813013,10,10,236.0,10,199.0
29,7,3801554,2107.4438904626822,10,10,252.0,10,200.0
29,7,3801555,2107.4441219440623,10,10,252.0,10,200.0
29,7,3801556,2107.4443534254424,10,10,252.0,10,200.0
29,7,3801557,2107.4445849068234,10,10,252.0,10,200.0
29,7,3801558,2107.444816388204,10,10,236.0,10,199.0
29,7,3801559,2107.445047869584,10,10,252.0,10,200.0
29,7,3801560,2107.445279350964,10,10,236.0,10,198.0
29,7,3801561,2107.445510832344,10,10,252.0,10,200.0
29,7,3801562,2107.445742313724,10,10,236.0,10,199.0
29,7,3801563,2107.4459737951047,10,10,252.0,10,200.0
29,7,3801564,2107.4462052764857,10,10,252.0,10,200.0
29,7,3801565,2107.4464367578666,10,10,236.0,10,199.0
29,7,3801566,2107.446668239247,10,10,236.0,10,199.0
29,7,3801567,2107.4468997206277,10,10,252.0,10,200.0
29,7,3801568,2107.4471312020078,10,10,236.0,10,199.0
29,7,3801569,2107.447362683388,10,10,252.0,10,200.0
29,7,3801570,2107.447594164769,10,10,252.0,10,200.0
29,7,3801571,2107.44782564615,10,10,252.0,10,200.0
29,7,3801572,2107.4480571275303,10,10,236.0,10,199.0
29,7,3801573,2107.448288608911,10,10,252.0,10,200.0
29,7,3801574,2107.448520090292,10,10,236.0,10,199.0
29,7,3801575,2107.448751571672,10,10,252.0,10,200.0
29,7,3801576,2107.448983053052,10,10,252.0,10,200.0
29,7,3801577,2107.449214534433,10,10,252.0,10,200.0
29,7,3801578,2107.449446015814,10,10,252.0,10,200.0
29,7,3801579,2107.4496774971944,10,10,252.0,10,200.0
29,7,3801580,2107.449908978575,10,10,252.0,10,200.0
29,7,3801581,2107.450140459956,10,10,236.0,10,199.0
29,7,3801582,2107.450371941336,10,10,252.0,10,200.0
29,7,3801583,2107.450603422716,10,10,236.0,10,199.0
29,7,3801584,2107.450834904097,10,10,252.0,10,200.0
29,7,3801585,2107.4510663854776,10,10,252.0,10,200.0
29,7,3801586,2107.451297866858,10,10,252.0,10,200.0
29,7,3801587,2107.451529348239,10,10,252.0,10,200.0
29,7,3801588,2107.451760829619,10,10,252.0,10,200.0
29,7,3801589,2107.4519923109992,10,10,252.0,10,200.0
29,7,3801590,2107.45222379238,10,10,252.0,10,200.0
29,7,3801591,2107.4524552737607,10,10,236.0,10,199.0
29,7,3801592,2107.4526867551413,10,10,252.0,10,200.0
29,7,3801593,2107.4529182365222,10,10,252.0,10,200.0
29,7,3801594,2107.453149717903,10,10,252.0,10,200.0
29,7,3801595,2107.4533811992833,10,10,236.0,10,199.0
29,7,3801596,2107.4536126806634,10,10,252.0,10,200.0
29,7,3801597,2107.453844162044,10,10,236.0,10,199.0
29,7,3801598,2107.4540756434244,10,10,252.0,10,200.0
29,7,3801599,2107.4543071248054,10,10,252.0,10,200.0
29,7,3801600,2107.4545386061864,10,10,252.0,10,200.0
29,7,3801601,2107.454770087567,10,10,236.0,10,199.0
29,7,3801602,2107.455001568947,10,10,252.0,10,200.0
29,7,3801603,2107.455233050327,10,10,252.0,10,200.0
29,7,3801604,2107.4554645317075,10,10,252.0,10,200.0
29,7,3801605,2107.4556960130885,10,10,236.0,10,199.0
29,7,3801606,2107.4559274944695,10,10,252.0,10,200.0
29,7,3801607,2107.45615897585,10,10,252.0,10,200.0
29,7,3801608,2107.45639045723,10,10,236.0,10,199.0
29,7,3801609,2107.45662193861,10,10,252.0,10,200.0
29,7,3801610,2107.456853419991,10,10,252.0,10,200.0
29,7,3801611,2107.4570849013717,10,10,236.0,10,199.0
29,7,3801612,2107.4573163827517,10,10,252.0,10,200.0
29,7,3801613,2107.457547864132,10,10,252.0,10,200.0
29,7,3801614,2107.457779345513,10,10,252.0,10,200.0
29,7,3801615,2107.458010826893,10,10,252.0,10,200.0
29,7,3801616,2107.458242308273,10,10,252.0,10,200.0
29,7,3801617,2107.458473789654,10,10,252.0,10,200.0
29,7,3801618,2107.4587052710344,10,10,252.0,10,200.0
29,7,3801619,2107.458936752415,10,10,252.0,10,200.0
29,7,3801620,2107.459168233796,10,10,236.0,10,199.0
29,7,3801621,2107.459399715177,10,10,236.0,10,199.0
29,7,3801622,2107.459631196557,10,10,252.0,10,200.0
29,7,3801623,2107.459862677937,10,10,252.0,10,200.0
29,7,3801624,2107.4600941593176,10,10,236.0,10,199.0
29,7,3801625,2107.460325640698,10,10,236.0,10,199.0
29,7,3801626,2107.460557122079,10,10,236.0,10,199.0
29,7,3801627,2107.46078860346,10,10,252.0,10,200.0
29,7,3801628,2107.4610200848406,10,10,236.0,10,199.0
29,7,3801629,2107.4612515662207,10,10,252.0,10,200.0
29,7,3801630,2107.4614830476007,10,10,252.0,10,200.0
29,7,3801631,2107.4617145289812,10,10,252.0,10,200.0
29,7,3801632,2107.461946010362,10,10,252.0,10,200.0
29,7,3801633,2107.462177491743,10,10,252.0,10,200.0
29,7,3801634,2107.4624089731237,10,10,252.0,10,200.0
29,7,3801635,2107.462640454504,10,10,252.0,10,200.0
29,7,3801636,2107.462871935884,10,10,252.0,10,200.0
29,7,3801637,2107.4631034172644,10,10,236.0,10,199.0
29,7,3801638,2107.4633348986454,10,10,252.0,10,200.0
29,7,3801639,2107.4635663800264,10,10,252.0,10,200.0
29,7,3801640,2107.463797861407,10,10,236.0,10,199.0
29,7,3801641,2107.4640293427874,10,10,252.0,10,200.0
29,7,3801642,2107.4642608241675,10,10,252.0,10,200.0
29,7,3801643,2107.4644923055475,10,10,252.0,10,200.0
29,7,3801644,2107.4647237869285,10,10,252.0,10,200.0
29,7,3801645,2107.4649552683095,10,10,236.0,10,199.0
29,7,3801646,2107.4651867496905,10,10,252.0,10,200.0
29,7,3801647,2107.465418231071,10,10,252.0,10,200.0
29,7,3801648,2107.4656497124515,10,10,252.0,10,200.0
29,7,3801649,2107.4658811938316,10,10,252.0,10,200.0
29,7,3801650,2107.4661126752117,10,10,236.0,10,199.0
29,7,3801651,2107.4663441565926,10,10,236.0,10,199.0
29,7,3801652,2107.4665756379736,10,10,252.0,10,200.0
29,7,3801653,2107.466807119354,10,10,252.0,10,200.0
29,7,3801654,2107.4670386007347,10,10,252.0,10,200.0
29,7,3801655,2107.4672700821156,10,10,236.0,10,199.0
29,7,3801656,2107.4675015634957,10,10,236.0,10,199.0
29,7,3801657,2107.467733044876,10,10,236.0,10,199.0
29,7,3801658,2107.4679645262568,10,10,236.0,10,199.0
29,7,3801659,2107.4681960076373,10,10,252.0,10,200.0
29,7,3801660,2107.468427489018,10,10,252.0,10,200.0
29,7,3801661,2107.468658970399,10,10,236.0,10,199.0
29,7,3801662,2107.468890451779,10,10,252.0,10,200.0
29,7,3801663,2107.469121933159,10,10,252.0,10,200.0
29,7,3801664,2107.46935341454,10,10,252.0,10,200.0
29,7,3801665,2107.4695848959204,10,10,236.0,10,199.0
29,7,3801666,2107.4698163773005,10,10,236.0,10,199.0
29,7,3801667,2107.4700478586806,10,10,252.0,10,200.0
29,7,3801668,2107.470279340061,10,10,252.0,10,200.0
29,7,3801669,2107.470510821441,10,10,252.0,10,200.0
29,7,3801670,2107.4707423028212,10,10,236.0,10,199.0
29,7,3801671,2107.470973784202,10,10,252.0,10,200.0
29,7,3801672,2107.471205265583,10,10,236.0,10,198.0
29,7,3801673,2107.4714367469637,10,10,252.0,10,200.0
29,7,3801674,2107.4716682283442,10,10,252.0,10,200.0
29,7,3801675,2107.471899709725,10,10,252.0,10,200.0
29,7,3801676,2107.4721311911053,10,10,252.0,10,200.0
29,7,3801677,2107.4723626724854,10,10,252.0,10,200.0
29,7,3801678,2107.4725941538663,10,10,252.0,10,200.0
29,7,3801679,2107.472825635247,10,10,252.0,10,200.0
29,7,3801680,2107.473057116628,10,10,236.0,10,199.0
29,7,3801681,2107.4732885980084,10,10,252.0,10,200.0
29,7,3801682,2107.4735200793884,10,10,252.0,10,200.0
29,7,3801683,2107.4737515607685,10,10,252.0,10,200.0
29,7,3801684,2107.4739830421495,10,10,236.0,10,199.0
29,7,3801685,2107.4742145235305,10,10,236.0,10,199.0
29,7,3801686,2107.474446004911,10,10,252.0,10,200.0
29,7,3801687,2107.4746774862915,10,10,252.0,10,200.0
29,7,3801688,2107.4749089676725,10,10,252.0,10,200.0
29,7,3801689,2107.4751404490526,10,10,252.0,10,200.0
29,7,3801690,2107.4753719304326,10,10,252.0,10,200.0
29,7,3801691,2107.4756034118136,10,10,236.0,10,199.0
29,7,3801692,2107.475834893194,10,10,236.0,10,199.0
29,7,3801693,2107.4760663745747,10,10,252.0,10,200.0
29,7,3801694,2107.4762978559556,10,10,236.0,10,199.0
29,7,3801695,2107.4765293373366,10,10,252.0,10,200.0
29,7,3801696,2107.4767608187167,10,10,252.0,10,200.0
29,7,3801697,2107.4769923000968,10,10,252.0,10,200.0
29,7,3801698,2107.4772237814773,10,10,236.0,10,199.0
29,7,3801699,2107.477455262858,10,10,236.0,10,199.0
29,7,3801700,2107.477686744239,10,10,252.0,10,200.0
29,7,3801701,2107.4779182256198,10,10,252.0,10,200.0
29,7,3801702,2107.4781497070003,10,10,236.0,10,199.0
29,7,3801703,2107.4783811883804,10,10,252.0,10,200.0
29,7,3801704,2107.4786126697604,10,10,252.0,10,200.0
29,7,3801705,2107.478844151141,10,10,252.0,10,200.0
29,7,3801706,2107.479075632522,10,10,252.0,10,200.0
29,7,3801707,2107.479307113903,10,10,252.0,10,200.0
29,7,3801708,2107.4795385952834,10,10,252.0,10,200.0
29,7,3801709,2107.4797700766635,10,10,252.0,10,200.0
29,7,3801710,2107.4800015580436,10,10,252.0,10,200.0
29,7,3801711,2107.480233039424,10,10,252.0,10,200.0
29,7,3801712,2107.480464520805,10,10,252.0,10,200.0
29,7,3801713,2107.480696002186,10,10,252.0,10,200.0
29,7,3801714,2107.480927483567,10,10,252.0,10,200.0
29,7,3801715,2107.4811589649476,10,10,252.0,10,200.0
29,7,3801716,2107.4813904463276,10,10,236.0,10,199.0
29,7,3801717,2107.4816219277077,10,10,252.0,10,200.0
29,7,3801718,2107.481853409088,10,10,236.0,10,199.0
29,7,3801719,2107.4820848904683,10,10,252.0,10,200.0
29,7,3801720,2107.4823163718484,10,10,252.0,10,200.0
29,7,3801721,2107.4825478532293,10,10,252.0,10,200.0
29,7,3801722,2107.4827793346103,10,10,252.0,10,200.0
29,7,3801723,2107.4830108159904,10,10,236.0,10,199.0
29,7,3801724,2107.4832422973705,10,10,252.0,10,200.0
29,7,3801725,2107.483473778751,10,10,252.0,10,200.0
29,7,3801726,2107.4837052601315,10,10,252.0,10,200.0
29,7,3801727,2107.4839367415125,10,10,252.0,10,200.0
29,7,3801728,2107.4841682228935,10,10,252.0,10,200.0
29,7,3801729,2107.4843997042735,10,10,252.0,10,200.0
29,7,3801730,2107.4846311856536,10,10,252.0,10,200.0
29,7,3801731,2107.484862667034,10,10,252.0,10,200.0
29,7,3801732,2107.4850941484146,10,10,252.0,10,200.0
29,7,3801733,2107.4853256297956,10,10,236.0,10,199.0
29,7,3801734,2107.4855571111766,10,10,252.0,10,200.0
29,7,3801735,2107.485788592557,10,10,236.0,10,199.0
29,7,3801736,2107.486020073937,10,10,252.0,10,200.0
29,7,3801737,2107.4862515553173,10,10,252.0,10,200.0
29,7,3801738,2107.486483036698,10,10,252.0,10,200.0
29,7,3801739,2107.4867145180788,10,10,252.0,10,200.0
29,7,3801740,2107.4869459994597,10,10,236.0,10,199.0
29,7,3801741,2107.4871774808403,10,10,252.0,10,200.0
29,7,3801742,2107.487408962221,10,10,252.0,10,200.0
29,7,3801743,2107.487640443601,10,10,252.0,10,200.0
29,7,3801744,2107.487871924981,10,10,236.0,10,199.0
29,7,3801745,2107.488103406362,10,10,236.0,10,199.0
29,7,3801746,2107.488334887743,10,10,252.0,10,200.0
29,7,3801747,2107.4885663691234,10,10,252.0,10,200.0
29,7,3801748,2107.4887978505044,10,10,252.0,10,200.0
29,7,3801749,2107.489029331885,10,10,252.0,10,200.0
29,7,3801750,2107.489260813265,10,10,252.0,10,200.0
29,7,3801751,2107.489492294645,10,10,252.0,10,200.0
29,7,3801752,2107.489723776026,10,10,252.0,10,200.0
29,7,3801753,2107.489955257407,10,10,252.0,10,200.0
29,7,3801754,2107.4901867387875,10,10,236.0,10,199.0
29,7,3801755,2107.490418220168,10,10,252.0,10,200.0
29,7,3801756,2107.490649701548,10,10,252.0,10,200.0
29,7,3801757,2107.490881182928,10,10,252.0,10,200.0
29,7,3801758,2107.491112664309,10,10,252.0,10,200.0
29,7,3801759,2107.49134414569,10,10,236.0,10,199.0
29,7,3801760,2107.4915756270707,10,10,252.0,10,200.0
29,7,3801761,2107.491807108451,10,10,236.0,10,198.0
29,7,3801762,2107.492038589832,10,10,252.0,10,200.0
29,7,3801763,2107.4922700712123,10,10,252.0,10,200.0
29,7,3801764,2107.4925015525923,10,10,252.0,10,200.0
29,7,3801765,2107.4927330339733,10,10,252.0,10,200.0
29,7,3801766,2107.492964515354,10,10,252.0,10,200.0
29,7,3801767,2107.4931959967344,10,10,252.0,10,200.0
29,7,3801768,2107.4934274781153,10,10,252.0,10,200.0
29,7,3801769,2107.4936589594963,10,10,252.0,10,200.0
29,7,3801770,2107.4938904408764,10,10,252.0,10,200.0
29,7,3801771,2107.4941219222565,10,10,236.0,10,199.0
29,7,3801772,2107.494353403637,10,10,252.0,10,200.0
29,7,3801773,2107.494584885017,10,10,236.0,10,199.0
29,7,3801774,2107.494816366397,10,10,252.0,10,200.0
29,7,3801775,2107.4950478477776,10,10,252.0,10,200.0
29,7,3801776,2107.4952793291586,10,10,252.0,10,200.0
29,7,3801777,2107.4955108105387,10,10,236.0,10,199.0
29,7,3801778,2107.4957422919188,10,10,252.0,10,200.0
29,7,3801779,2107.4959737732997,10,10,236.0,10,199.0
29,7,3801780,2107.4962052546803,10,10,252.0,10,200.0
29,7,3801781,2107.496436736061,10,10,252.0,10,200.0
29,7,3801782,2107.4966682174418,10,10,252.0,10,200.0
29,7,3801783,2107.496899698822,10,10,236.0,10,199.0
29,7,3801784,2107.497131180202,10,10,236.0,10,199.0
29,7,3801785,2107.497362661583,10,10,236.0,10,199.0
29,7,3801786,2107.497594142964,10,10,252.0,10,200.0
29,7,3801787,2107.4978256243444,10,10,252.0,10,200.0
29,7,3801788,2107.498057105725,10,10,236.0,10,199.0
29,7,3801789,2107.498288587106,10,10,252.0,10,200.0
29,7,3801790,2107.498520068486,10,10,236.0,10,199.0
29,7,3801791,2107.498751549866,10,10,252.0,10,200.0
29,7,3801792,2107.498983031247,10,10,236.0,10,199.0
29,7,3801793,2107.4992145126275,10,10,236.0,10,199.0
29,7,3801794,2107.499445994008,10,10,252.0,10,200.0
29,7,3801795,2107.499677475389,10,10,252.0,10,200.0
29,7,3801796,2107.49990895677,10,10,252.0,10,200.0
29,7,3801797,2107.50014043815,10,10,252.0,10,200.0
29,7,3801798,2107.50037191953,10,10,236.0,10,199.0
29,7,3801799,2107.5006034009107,10,10,252.0,10,200.0
29,7,3801800,2107.500834882291,10,10,252.0,10,200.0
29,7,3801801,2107.501066363672,10,10,252.0,10,200.0
29,7,3801802,2107.501297845053,10,10,236.0,10,199.0
29,7,3801803,2107.5015293264337,10,10,252.0,10,200.0
29,7,3801804,2107.5017608078138,10,10,236.0,10,199.0
29,7,3801805,2107.501992289194,10,10,252.0,10,200.0
29,7,3801806,2107.5022237705743,10,10,252.0,10,200.0
29,7,3801807,2107.5024552519553,10,10,252.0,10,200.0
29,7,3801808,2107.5026867333363,10,10,252.0,10,200.0
29,7,3801809,2107.502918214717,10,10,236.0,10,199.0
29,7,3801810,2107.503149696097,10,10,236.0,10,199.0
29,7,3801811,2107.503381177477,10,10,252.0,10,200.0
29,7,3801812,2107.5036126588575,10,10,252.0,10,200.0
29,7,3801813,2107.5038441402385,10,10,252.0,10,200.0
29,7,3801814,2107.5040756216194,10,10,236.0,10,199.0
29,7,3801815,2107.504307103,10,10,252.0,10,200.0
29,7,3801816,2107.5045385843805,10,10,252.0,10,200.0
29,7,3801817,2107.5047700657606,10,10,252.0,10,200.0
29,7,3801818,2107.5050015471406,10,10,252.0,10,200.0
29,7,3801819,2107.5052330285216,10,10,252.0,10,200.0
29,7,3801820,2107.5054645099026,10,10,252.0,10,200.0
29,7,3801821,2107.5056959912836,10,10,252.0,10,200.0
29,7,3801822,2107.505927472664,10,10,236.0,10,199.0
29,7,3801823,2107.5061589540446,10,10,236.0,10,199.0
29,7,3801824,2107.5063904354247,10,10,252.0,10,200.0
29,7,3801825,2107.5066219168048,10,10,252.0,10,200.0
29,7,3801826,2107.5068533981857,10,10,236.0,10,199.0
29,7,3801827,2107.507084879566,10,10,236.0,10,199.0
29,7,3801828,2107.507316360946,10,10,252.0,10,200.0
29,7,3801829,2107.507547842327,10,10,252.0,10,200.0
29,7,3801830,2107.507779323707,10,10,252.0,10,200.0
29,7,3801831,2107.508010805087,10,10,252.0,10,200.0
29,7,3801832,2107.5082422864675,10,10,236.0,10,199.0
29,7,3801833,2107.508473767848,10,10,252.0,10,200.0
29,7,3801834,2107.508705249229,10,10,252.0,10,200.0
29,7,3801835,2107.50893673061,10,10,252.0,10,200.0
29,7,3801836,2107.5091682119905,10,10,252.0,10,200.0
29,7,3801837,2107.5093996933706,10,10,252.0,10,200.0
29,7,3801838,2107.5096311747507,10,10,252.0,10,200.0
29,7,3801839,2107.509862656131,10,10,252.0,10,200.0
29,7,3801840,2107.510094137512,10,10,236.0,10,199.0
29,7,3801841,2107.510325618893,10,10,252.0,10,200.0
29,8,3813073,2110.110324485022,10,10,252.0,10,200.0
29,8,3813074,2110.110555966403,10,10,236.0,10,199.0
29,8,3813075,2110.110787447784,10,10,252.0,10,200.0
29,8,3813076,2110.1110189291644,10,10,236.0,10,199.0
29,8,3813077,2110.1112504105445,10,10,252.0,10,200.0
29,8,3813078,2110.1114818919245,10,10,252.0,10,200.0
29,8,3813079,2110.111713373305,10,10,252.0,10,200.0
29,8,3813080,2110.111944854686,10,10,252.0,10,200.0
29,8,3813081,2110.112176336067,10,10,252.0,10,200.0
29,8,3813082,2110.112407817448,10,10,236.0,10,199.0
29,8,3813083,2110.1126392988285,10,10,252.0,10,200.0
29,8,3813084,2110.1128707802086,10,10,252.0,10,200.0
29,8,3813085,2110.1131022615887,10,10,236.0,10,199.0
29,8,3813086,2110.113333742969,10,10,252.0,10,200.0
29,8,3813087,2110.11356522435,10,10,252.0,10,200.0
29,8,3813088,2110.113796705731,10,10,236.0,10,199.0
29,8,3813089,2110.1140281871117,10,10,252.0,10,200.0
29,8,3813090,2110.114259668492,10,10,252.0,10,200.0
29,8,3813091,2110.1144911498723,10,10,252.0,10,200.0
29,8,3813092,2110.1147226312523,10,10,236.0,10,199.0
29,8,3813093,2110.1149541126333,10,10,252.0,10,200.0
29,8,3813094,2110.1151855940143,10,10,252.0,10,200.0
29,8,3813095,2110.115417075395,10,10,236.0,10,199.0
29,8,3813096,2110.1156485567753,10,10,252.0,10,200.0
29,8,3813097,2110.1158800381563,10,10,252.0,10,200.0
29,8,3813098,2110.1161115195364,10,10,252.0,10,200.0
29,8,3813099,2110.1163430009165,10,10,236.0,10,199.0
29,8,3813100,2110.1165744822974,10,10,236.0,10,199.0
29,8,3813101,2110.116805963678,10,10,252.0,10,200.0
29,8,3813102,2110.1170374450585,10,10,252.0,10,200.0
29,8,3813103,2110.1172689264395,10,10,252.0,10,200.0
29,8,3813104,2110.1175004078195,10,10,236.0,10,199.0
29,8,3813105,2110.1177318891996,10,10,236.0,10,199.0
29,8,3813106,2110.1179633705806,10,10,252.0,10,200.0
29,8,3813107,2110.1181948519607,10,10,252.0,10,200.0
29,8,3813108,2110.1184263333407,10,10,252.0,10,200.0
29,8,3813109,2110.1186578147212,10,10,252.0,10,200.0
29,8,3813110,2110.1188892961018,10,10,252.0,10,200.0
29,8,3813111,2110.119120777482,10,10,236.0,10,199.0
29,8,3813112,2110.119352258862,10,10,236.0,10,199.0
29,8,3813113,2110.119583740243,10,10,252.0,10,200.0
29,8,3813114,2110.119815221624,10,10,252.0,10,200.0
29,8,3813115,2110.1200467030044,10,10,236.0,10,199.0
29,8,3813116,2110.120278184385,10,10,252.0,10,200.0
29,8,3813117,2110.120509665766,10,10,252.0,10,200.0
29,8,3813118,2110.120741147146,10,10,252.0,10,200.0
29,8,3813119,2110.120972628526,10,10,252.0,10,200.0
29,8,3813120,2110.121204109907,10,10,236.0,10,199.0
29,8,3813121,2110.121435591288,10,10,236.0,10,199.0
29,8,3813122,2110.1216670726685,10,10,252.0,10,200.0
29,8,3813123,2110.121898554049,10,10,252.0,10,200.0
29,8,3813124,2110.12213003543,10,10,252.0,10,200.0
29,8,3813125,2110.12236151681,10,10,252.0,10,200.0
29,8,3813126,2110.12259299819,10,10,236.0,10,199.0
29,8,3813127,2110.122824479571,10,10,252.0,10,200.0
29,8,3813128,2110.1230559609517,10,10,252.0,10,200.0
29,8,3813129,2110.123287442332,10,10,236.0,10,199.0
29,8,3813130,2110.123518923713,10,10,252.0,10,200.0
29,8,3813131,2110.1237504050932,10,10,236.0,10,199.0
29,8,3813132,2110.1239818864733,10,10,236.0,10,199.0
29,8,3813133,2110.1242133678543,10,10,252.0,10,200.0
29,8,3813134,2110.124444849235,10,10,236.0,10,199.0
29,8,3813135,2110.1246763306153,10,10,252.0,10,200.0
29,8,3813136,2110.1249078119963,10,10,236.0,10,199.0
29,8,3813137,2110.1251392933773,10,10,252.0,10,200.0
29,8,3813138,2110.1253707747574,10,10,252.0,10,200.0
29,8,3813139,2110.1256022561374,10,10,236.0,10,199.0
29,8,3813140,2110.125833737518,10,10,252.0,10,200.0
29,8,3813141,2110.1260652188985,10,10,252.0,10,200.0
29,8,3813142,2110.1262967002795,10,10,252.0,10,200.0
29,8,3813143,2110.1265281816604,10,10,252.0,10,200.0
29,8,3813144,2110.126759663041,10,10,236.0,10,199.0
29,8,3813145,2110.126991144421,10,10,252.0,10,200.0
29,8,3813146,2110.127222625801,10,10,252.0,10,200.0
29,8,3813147,2110.1274541071816,10,10,236.0,10,199.0
29,8,3813148,2110.1276855885626,10,10,252.0,10,200.0
29,8,3813149,2110.1279170699436,10,10,252.0,10,200.0
29,8,3813150,2110.128148551324,10,10,252.0,10,200.0
29,8,3813151,2110.128380032704,10,10,252.0,10,200.0
29,8,3813152,2110.1286115140842,10,10,252.0,10,200.0
29,8,3813153,2110.128842995465,10,10,252.0,10,200.0
29,8,3813154,2110.1290744768457,10,10,252.0,10,200.0
29,8,3813155,2110.1293059582267,10,10,252.0,10,200.0
29,8,3813156,2110.1295374396077,10,10,252.0,10,200.0
29,8,3813157,2110.129768920988,10,10,252.0,10,200.0
29,8,3813158,2110.1300004023683,10,10,252.0,10,200.0
29,8,3813159,2110.1302318837484,10,10,252.0,10,200.0
29,8,3813160,2110.130463365129,10,10,252.0,10,200.0
29,8,3813161,2110.13069484651,10,10,252.0,10,200.0
29,8,3813162,2110.130926327891,10,10,252.0,10,200.0
29,8,3813163,2110.1311578092714,10,10,252.0,10,200.0
29,8,3813164,2110.131389290652,10,10,236.0,10,199.0
29,8,3813165,2110.131620772032,10,10,236.0,10,199.0
29,8,3813166,2110.131852253412,10,10,252.0,10,200.0
29,8,3813167,2110.132083734793,10,10,252.0,10,200.0
29,8,3813168,2110.132315216173,10,10,236.0,10,199.0
29,8,3813169,2110.132546697553,10,10,252.0,10,200.0
29,8,3813170,2110.132778178934,10,10,236.0,10,199.0
29,8,3813171,2110.1330096603147,10,10,252.0,10,200.0
29,8,3813172,2110.1332411416947,10,10,252.0,10,200.0
29,8,3813173,2110.133472623075,10,10,236.0,10,199.0
29,8,3813174,2110.1337041044553,10,10,252.0,10,200.0
29,8,3813175,2110.1339355858363,10,10,252.0,10,200.0
29,8,3813176,2110.1341670672173,10,10,252.0,10,200.0
29,8,3813177,2110.134398548598,10,10,252.0,10,200.0
29,8,3813178,2110.134630029978,10,10,236.0,10,199.0
29,8,3813179,2110.134861511358,10,10,252.0,10,200.0
29,8,3813180,2110.1350929927385,10,10,236.0,10,199.0
29,8,3813181,2110.1353244741194,10,10,252.0,10,200.0
29,8,3813182,2110.1355559555004,10,10,252.0,10,200.0
29,8,3813183,2110.135787436881,10,10,252.0,10,200.0
29,8,3813184,2110.1360189182615,10,10,252.0,10,200.0
29,8,3813185,2110.1362503996415,10,10,236.0,10,199.0
29,8,3813186,2110.1364818810216,10,10,236.0,10,199.0
29,8,3813187,2110.1367133624026,10,10,252.0,10,200.0
29,8,3813188,2110.1369448437836,10,10,252.0,10,200.0
29,8,3813189,2110.1371763251645,10,10,236.0,10,199.0
29,8,3813190,2110.137407806545,10,10,252.0,10,200.0
29,8,3813191,2110.1376392879256,10,10,236.0,10,199.0
29,8,3813192,2110.1378707693057,10,10,252.0,10,200.0
29,8,3813193,2110.1381022506857,10,10,236.0,10,199.0
29,8,3813194,2110.1383337320667,10,10,252.0,10,200.0
29,8,3813195,2110.1385652134477,10,10,252.0,10,200.0
29,8,3813196,2110.138796694828,10,10,252.0,10,200.0
29,8,3813197,2110.1390281762087,10,10,236.0,10,199.0
29,8,3813198,2110.139259657589,10,10,252.0,10,200.0
29,8,3813199,2110.139491138969,10,10,236.0,10,199.0
29,8,3813200,2110.13972262035,10,10,252.0,10,200.0
29,8,3813201,2110.139954101731,10,10,252.0,10,200.0
29,8,3813202,2110.1401855831114,10,10,252.0,10,200.0
29,8,3813203,2110.140417064492,10,10,236.0,10,199.0
29,8,3813204,2110.140648545873,10,10,252.0,10,200.0
29,8,3813205,2110.140880027253,10,10,236.0,10,199.0
29,8,3813206,2110.141111508633,10,10,252.0,10,200.0
29,8,3813207,2110.141342990014,10,10,252.0,10,200.0
29,8,3813208,2110.1415744713945,10,10,236.0,10,199.0
29,8,3813209,2110.141805952775,10,10,252.0,10,200.0
29,8,3813210,2110.142037434156,10,10,236.0,10,199.0
29,8,3813211,2110.142268915537,10,10,252.0,10,200.0
29,8,3813212,2110.142500396917,10,10,236.0,10,199.0
29,8,3813213,2110.142731878297,10,10,236.0,10,199.0
29,8,3813214,2110.1429633596777,10,10,236.0,10,199.0
29,8,3813215,2110.143194841058,10,10,252.0,10,200.0
29,8,3813216,2110.143426322439,10,10,252.0,10,200.0
29,8,3813217,2110.14365780382,10,10,252.0,10,200.0
29,8,3813218,2110.1438892852007,10,10,252.0,10,200.0
29,8,3813219,2110.1441207665807,10,10,252.0,10,200.0
29,8,3813220,2110.144352247961,10,10,252.0,10,200.0
29,8,3813221,2110.144583729342,10,10,252.0,10,200.0
29,8,3813222,2110.1448152107223,10,10,252.0,10,200.0
29,8,3813223,2110.1450466921033,10,10,252.0,10,200.0
29,8,3813224,2110.1452781734843,10,10,252.0,10,200.0
29,8,3813225,2110.1455096548643,10,10,252.0,10,200.0
29,8,3813226,2110.1457411362444,10,10,252.0,10,200.0
29,8,3813227,2110.145972617625,10,10,236.0,10,199.0
29,8,3813228,2110.1462040990054,10,10,252.0,10,200.0
29,8,3813229,2110.1464355803864,10,10,252.0,10,200.0
29,8,3813230,2110.1466670617665,10,10,252.0,10,200.0
29,8,3813231,2110.1468985431466,10,10,252.0,10,200.0
29,8,3813232,2110.1471300245266,10,10,252.0,10,200.0
29,8,3813233,2110.1473615059067,10,10,236.0,10,199.0
29,8,3813234,2110.1475929872877,10,10,252.0,10,200.0
29,8,3813235,2110.147824468668,10,10,252.0,10,200.0
29,8,3813236,2110.1480559500487,10,10,252.0,10,200.0
29,8,3813237,2110.1482874314297,10,10,252.0,10,200.0
29,8,3813238,2110.1485189128107,10,10,252.0,10,200.0
29,8,3813239,2110.1487503941908,10,10,252.0,10,200.0
29,8,3813240,2110.148981875571,10,10,236.0,10,199.0
29,8,3813241,2110.1492133569513,10,10,252.0,10,200.0
29,8,3813242,2110.149444838332,10,10,252.0,10,200.0
29,8,3813243,2110.149676319713,10,10,236.0,10,199.0
29,8,3813244,2110.149907801094,10,10,252.0,10,200.0
29,8,3813245,2110.1501392824744,10,10,252.0,10,200.0
29,8,3813246,2110.1503707638544,10,10,252.0,10,200.0
29,8,3813247,2110.1506022452345,10,10,252.0,10,200.0
29,8,3813248,2110.150833726615,10,10,252.0,10,200.0
29,8,3813249,2110.151065207996,10,10,236.0,10,199.0
29,8,3813250,2110.151296689377,10,10,252.0,10,200.0
29,8,3813251,2110.1515281707575,10,10,252.0,10,200.0
29,8,3813252,2110.1517596521376,10,10,236.0,10,199.0
29,8,3813253,2110.1519911335176,10,10,252.0,10,200.0
29,8,3813254,2110.152222614898,10,10,236.0,10,199.0
29,8,3813255,2110.152454096279,10,10,252.0,10,200.0
29,8,3813256,2110.15268557766,10,10,236.0,10,199.0
29,8,3813257,2110.152917059041,10,10,252.0,10,200.0
29,8,3813258,2110.1531485404216,10,10,236.0,10,199.0
29,8,3813259,2110.1533800218017,10,10,236.0,10,199.0
29,8,3813260,2110.1536115031818,10,10,236.0,10,199.0
29,8,3813261,2110.1538429845623,10,10,252.0,10,200.0
29,8,3813262,2110.1540744659433,10,10,236.0,10,199.0
29,8,3813263,2110.1543059473242,10,10,252.0,10,200.0
29,8,3813264,2110.1545374287048,10,10,236.0,10,199.0
29,8,3813265,2110.1547689100853,10,10,252.0,10,200.0
29,8,3813266,2110.1550003914654,10,10,252.0,10,200.0
29,8,3813267,2110.1552318728454,10,10,236.0,10,199.0
29,8,3813268,2110.1554633542264,10,10,236.0,10,199.0
29,8,3813269,2110.1556948356074,10,10,236.0,10,199.0
29,8,3813270,2110.155926316988,10,10,252.0,10,200.0
29,8,3813271,2110.1561577983684,10,10,252.0,10,200.0
29,8,3813272,2110.1563892797485,10,10,236.0,10,199.0
29,8,3813273,2110.1566207611286,10,10,236.0,10,199.0
29,8,3813274,2110.1568522425096,10,10,236.0,10,199.0
29,8,3813275,2110.1570837238905,10,10,252.0,10,200.0
29,8,3813276,2110.157315205271,10,10,252.0,10,200.0
29,8,3813277,2110.1575466866516,10,10,236.0,10,199.0
29,8,3813278,2110.1577781680326,10,10,252.0,10,200.0
29,8,3813279,2110.1580096494126,10,10,252.0,10,200.0
29,8,3813280,2110.1582411307927,10,10,252.0,10,200.0
29,8,3813281,2110.1584726121737,10,10,252.0,10,200.0
29,8,3813282,2110.158704093554,10,10,252.0,10,200.0
29,8,3813283,2110.1589355749347,10,10,252.0,10,200.0
29,8,3813284,2110.1591670563157,10,10,252.0,10,200.0
29,8,3813285,2110.1593985376967,10,10,236.0,10,199.0
29,8,3813286,2110.1596300190768,10,10,252.0,10,200.0
29,8,3813287,2110.159861500457,10,10,252.0,10,200.0
29,8,3813288,2110.1600929818374,10,10,252.0,10,200.0
29,8,3813289,2110.1603244632183,10,10,252.0,10,200.0
29,8,3813290,2110.160555944599,10,10,252.0,10,200.0
29,8,3813291,2110.160787425979,10,10,252.0,10,200.0
29,8,3813292,2110.161018907359,10,10,236.0,10,199.0
29,8,3813293,2110.161250388739,10,10,236.0,10,199.0
29,8,3813294,2110.161481870119,10,10,252.0,10,200.0
29,8,3813295,2110.1617133515,10,10,252.0,10,200.0
29,8,3813296,2110.161944832881,10,10,236.0,10,199.0
29,8,3813297,2110.1621763142616,10,10,252.0,10,200.0
29,8,3813298,2110.162407795642,10,10,252.0,10,200.0
29,8,3813299,2110.162639277022,10,10,236.0,10,199.0
29,8,3813300,2110.1628707584023,10,10,236.0,10,199.0
29,8,3813301,2110.1631022397833,10,10,252.0,10,200.0
29,8,3813302,2110.1633337211642,10,10,252.0,10,200.0
29,8,3813303,2110.1635652025448,10,10,236.0,10,199.0
29,8,3813304,2110.1637966839253,10,10,252.0,10,200.0
29,8,3813305,2110.1640281653063,10,10,252.0,10,200.0
29,8,3813306,2110.1642596466863,10,10,252.0,10,200.0
29,8,3813307,2110.1644911280664,10,10,252.0,10,200.0
29,8,3813308,2110.1647226094474,10,10,236.0,10,199.0
29,8,3813309,2110.164954090828,10,10,252.0,10,200.0
29,8,3813310,2110.1651855722084,10,10,252.0,10,200.0
29,8,3813311,2110.1654170535894,10,10,252.0,10,200.0
29,8,3813312,2110.1656485349704,10,10,236.0,10,199.0
29,8,3813313,2110.1658800163505,10,10,252.0,10,200.0
29,8,3813314,2110.1661114977305,10,10,252.0,10,200.0
29,8,3813315,2110.166342979111,10,10,252.0,10,200.0
29,8,3813316,2110.1665744604916,10,10,252.0,10,200.0
29,8,3813317,2110.1668059418726,10,10,252.0,10,200.0
29,8,3813318,2110.1670374232535,10,10,252.0,10,200.0
29,8,3813319,2110.167268904634,10,10,252.0,10,200.0
29,8,3813320,2110.167500386014,10,10,252.0,10,200.0
29,8,3813321,2110.167731867394,10,10,236.0,10,199.0
29,8,3813322,2110.1679633487747,10,10,252.0,10,200.0
29,8,3813323,2110.1681948301557,10,10,236.0,10,199.0
29,8,3813324,2110.1684263115367,10,10,252.0,10,200.0
29,8,3813325,2110.168657792917,10,10,252.0,10,200.0
29,8,3813326,2110.1688892742977,10,10,252.0,10,200.0
29,8,3813327,2110.169120755678,10,10,252.0,10,200.0
29,8,3813328,2110.1693522370583,10,10,252.0,10,200.0
29,8,3813329,2110.169583718439,10,10,252.0,10,200.0
29,8,3813330,2110.16981519982,10,10,252.0,10,200.0
29,8,3813331,2110.170046681201,10,10,252.0,10,200.0
29,8,3813332,2110.1702781625813,10,10,252.0,10,200.0
29,8,3813333,2110.1705096439614,10,10,252.0,10,200.0
29,8,3813334,2110.1707411253415,10,10,252.0,10,200.0
29,8,3813335,2110.170972606722,10,10,252.0,10,200.0
29,8,3813336,2110.171204088103,10,10,252.0,10,200.0
29,8,3813337,2110.171435569484,10,10,252.0,10,200.0
29,8,3813338,2110.1716670508645,10,10,236.0,10,199.0
29,8,3813339,2110.171898532245,10,10,252.0,10,200.0
29,8,3813340,2110.172130013625,10,10,236.0,10,199.0
29,8,3813341,2110.172361495005,10,10,252.0,10,200.0
29,8,3813342,2110.172592976386,10,10,236.0,10,199.0
29,8,3813343,2110.172824457767,10,10,236.0,10,199.0
29,8,3813344,2110.1730559391476,10,10,252.0,10,200.0
29,8,3813345,2110.173287420528,10,10,252.0,10,200.0
29,8,3813346,2110.173518901908,10,10,252.0,10,200.0
29,8,3813347,2110.1737503832883,10,10,252.0,10,200.0
29,8,3813348,2110.1739818646693,10,10,252.0,10,200.0
29,8,3813349,2110.1742133460502,10,10,252.0,10,200.0
29,8,3813350,2110.1744448274308,10,10,236.0,10,199.0
29,8,3813351,2110.1746763088113,10,10,252.0,10,200.0
29,8,3813352,2110.1749077901923,10,10,252.0,10,200.0
29,8,3813353,2110.1751392715714,10,10,236.0,10,199.0
29,8,3813354,2110.175370752951,10,10,252.0,10,200.0
29,8,3813355,2110.1756022343316,10,10,236.0,10,199.0
29,8,3813356,2110.1758337157125,10,10,252.0,10,200.0
29,8,3813357,2110.1760651970935,10,10,252.0,10,200.0
29,8,3813358,2110.176296678474,10,10,236.0,10,199.0
29,8,3813359,2110.1765281598546,10,10,252.0,10,200.0
29,8,3813360,2110.1767596412346,10,10,236.0,10,199.0
29,8,3813361,2110.176991122615,10,10,252.0,10,200.0
29,8,3813362,2110.1772226039957,10,10,252.0,10,200.0
29,8,3813363,2110.1774540853767,10,10,252.0,10,200.0
29,8,3813364,2110.1776855667576,10,10,252.0,10,200.0
29,8,3813365,2110.177917048138,10,10,252.0,10,200.0
29,8,3813366,2110.1781485295187,10,10,236.0,10,199.0
29,8,3813367,2110.1783800108988,10,10,236.0,10,199.0
29,8,3813368,2110.178611492279,10,10,252.0,10,200.0
29,8,3813369,2110.17884297366,10,10,252.0,10,200.0
29,8,3813370,2110.179074455041,10,10,236.0,10,199.0
29,8,3813371,2110.1793059364213,10,10,252.0,10,200.0
29,8,3813372,2110.179537417802,10,10,252.0,10,200.0
29,8,3813373,2110.179768899182,10,10,252.0,10,200.0
29,8,3813374,2110.180000380562,10,10,236.0,10,199.0
29,8,3813375,2110.180231861943,10,10,236.0,10,199.0
29,8,3813376,2110.180463343324,10,10,252.0,10,200.0
29,8,3813377,2110.1806948247045,10,10,236.0,10,199.0
29,8,3813378,2110.180926306085,10,10,252.0,10,200.0
29,8,3813379,2110.181157787466,10,10,252.0,10,200.0
29,8,3813380,2110.181389268846,10,10,252.0,10,200.0
29,8,3813381,2110.181620750226,10,10,252.0,10,200.0
29,8,3813382,2110.181852231607,10,10,236.0,10,199.0
29,8,3813383,2110.1820837129876,10,10,252.0,10,200.0
29,8,3813384,2110.182315194368,10,10,252.0,10,200.0
29,8,3813385,2110.182546675749,10,10,236.0,10,199.0
29,8,3813386,2110.18277815713,10,10,252.0,10,200.0
29,8,3813387,2110.18300963851,10,10,236.0,10,199.0
29,8,3813388,2110.18324111989,10,10,252.0,10,200.0
29,8,3813389,2110.1834726012708,10,10,252.0,10,200.0
29,8,3813390,2110.1837040826513,10,10,252.0,10,200.0
29,8,3813391,2110.1839355640323,10,10,252.0,10,200.0
29,8,3813392,2110.1841670454132,10,10,252.0,10,200.0
29,8,3813393,2110.1843985267938,10,10,252.0,10,200.0
29,8,3813394,2110.184630008174,10,10,252.0,10,200.0
29,8,3813395,2110.184861489554,10,10,252.0,10,200.0
29,8,3813396,2110.185092970935,10,10,252.0,10,200.0
29,8,3813397,2110.1853244523154,10,10,236.0,10,199.0
29,8,3813398,2110.1855559336964,10,10,252.0,10,200.0
29,8,3813399,2110.1857874150774,10,10,236.0,10,199.0
29,8,3813400,2110.1860188964574,10,10,252.0,10,200.0
29,8,3813401,2110.1862503778375,10,10,252.0,10,200.0
29,8,3813402,2110.186481859218,10,10,252.0,10,200.0
29,8,3813403,2110.1867133405985,10,10,252.0,10,200.0
29,8,3813404,2110.1869448219795,10,10,252.0,10,200.0
29,8,3813405,2110.1871763033605,10,10,252.0,10,200.0
29,8,3813406,2110.187407784741,10,10,252.0,10,200.0
29,8,3813407,2110.187639266121,10,10,252.0,10,200.0
29,8,3813408,2110.187870747501,10,10,236.0,10,199.0
29,8,3813409,2110.1881022288817,10,10,252.0,10,200.0
29,8,3813410,2110.1883337102627,10,10,252.0,10,200.0
29,8,3813411,2110.1885651916436,10,10,252.0,10,200.0
29,8,3813412,2110.188796673024,10,10,236.0,10,199.0
29,8,3813413,2110.1890281544047,10,10,252.0,10,200.0
29,8,3813414,2110.1892596357843,10,10,252.0,10,200.0
29,8,3813415,2110.189491117164,10,10,252.0,10,200.0
29,8,3813416,2110.1897225985444,10,10,252.0,10,200.0
29,8,3813417,2110.189954079925,10,10,252.0,10,200.0
29,8,3813418,2110.190185561306,10,10,252.0,10,200.0
29,8,3813419,2110.190417042687,10,10,236.0,10,199.0
29,8,3813420,2110.190648524067,10,10,252.0,10,200.0
29,8,3813421,2110.190880005447,10,10,252.0,10,200.0
29,8,3813422,2110.1911114868276,10,10,252.0,10,200.0
29,8,3813423,2110.191342968208,10,10,252.0,10,200.0
29,8,3813424,2110.191574449589,10,10,252.0,10,200.0
29,8,3813425,2110.19180593097,10,10,252.0,10,200.0
29,8,3813426,2110.1920374123506,10,10,236.0,10,198.0
29,8,3813427,2110.1922688937307,10,10,252.0,10,200.0
29,8,3813428,2110.1925003751107,10,10,252.0,10,200.0
29,8,3813429,2110.1927318564913,10,10,252.0,10,200.0
29,8,3813430,2110.1929633378722,10,10,252.0,10,200.0
29,8,3813431,2110.193194819253,10,10,252.0,10,200.0
29,8,3813432,2110.193426300634,10,10,252.0,10,200.0
29,8,3813433,2110.1936577820147,10,10,236.0,10,199.0
29,8,3813434,2110.193889263395,10,10,236.0,10,199.0
29,8,3813435,2110.194120744775,10,10,236.0,10,199.0
29,8,3813436,2110.1943522261554,10,10,252.0,10,200.0
29,8,3813437,2110.1945837075364,10,10,236.0,10,199.0
29,8,3813438,2110.1948151889173,10,10,252.0,10,200.0
29,8,3813439,2110.195046670298,10,10,252.0,10,200.0
29,8,3813440,2110.1952781516784,10,10,252.0,10,200.0
29,8,3813441,2110.1955096330585,10,10,252.0,10,200.0
29,8,3813442,2110.1957411144385,10,10,236.0,10,199.0
29,8,3813443,2110.1959725958195,10,10,236.0,10,199.0
29,8,3813444,2110.1962040772005,10,10,252.0,10,200.0
29,8,3813445,2110.196435558581,10,10,252.0,10,200.0
29,8,3813446,2110.1966670399615,10,10,252.0,10,200.0
29,8,3813447,2110.1968985213416,10,10,252.0,10,200.0
29,8,3813448,2110.1971300027217,10,10,252.0,10,200.0
29,8,3813449,2110.1973614841027,10,10,252.0,10,200.0
29,8,3813450,2110.1975929654836,10,10,252.0,10,200.0
29,8,3813451,2110.197824446864,10,10,252.0,10,200.0
29,8,3813452,2110.1980559282447,10,10,252.0,10,200.0
29,8,3813453,2110.1982874096257,10,10,252.0,10,200.0
29,8,3813454,2110.1985188910057,10,10,236.0,10,199.0
29,8,3813455,2110.198750372386,10,10,252.0,10,200.0
29,8,3813456,2110.198981853767,10,10,252.0,10,200.0
29,8,3813457,2110.1992133351473,10,10,252.0,10,200.0
29,8,3813458,2110.199444816528,10,10,252.0,10,200.0
29,8,3813459,2110.199676297909,10,10,236.0,10,199.0
29,8,3813460,2110.19990777929,10,10,252.0,10,200.0
29,8,3813461,2110.20013926067,10,10,236.0,10,198.0
29,8,3813462,2110.20037074205,10,10,252.0,10,200.0
29,8,3813463,2110.2006022234305,10,10,252.0,10,200.0
29,8,3813464,2110.2008337048114,10,10,252.0,10,200.0
29,8,3813465,2110.201065186192,10,10,252.0,10,200.0
29,8,3813466,2110.201296667573,10,10,236.0,10,199.0
29,8,3813467,2110.201528148954,10,10,252.0,10,200.0
29,8,3813468,2110.201759630334,10,10,252.0,10,200.0
29,8,3813469,2110.201991111714,10,10,236.0,10,199.0
29,8,3813470,2110.2022225930946,10,10,252.0,10,200.0
29,8,3813471,2110.202454074475,10,10,252.0,10,200.0
29,8,3813472,2110.202685555856,10,10,252.0,10,200.0
29,8,3813473,2110.202917037237,10,10,236.0,10,199.0
29,9,3825711,2113.0357861722223,10,10,252.0,10,200.0
29,9,3825712,2113.0360176536033,10,10,252.0,10,200.0
29,9,3825713,2113.036249134984,10,10,252.0,10,200.0
29,9,3825714,2113.0364806163643,10,10,252.0,10,200.0
29,9,3825715,2113.0367120977453,10,10,252.0,10,200.0
29,9,3825716,2113.0369435791263,10,10,252.0,10,200.0
29,9,3825717,2113.0371750605063,10,10,236.0,10,199.0
29,9,3825718,2113.0374065418864,10,10,236.0,10,199.0
29,9,3825719,2113.037638023267,10,10,252.0,10,200.0
29,9,3825720,2113.037869504647,10,10,252.0,10,200.0
29,9,3825721,2113.038100986027,10,10,252.0,10,200.0
29,9,3825722,2113.0383324674076,10,10,236.0,10,199.0
29,9,3825723,2113.0385639487886,10,10,236.0,10,199.0
29,9,3825724,2113.0387954301686,10,10,252.0,10,200.0
29,9,3825725,2113.0390269115487,10,10,252.0,10,200.0
29,9,3825726,2113.0392583929297,10,10,252.0,10,200.0
29,9,3825727,2113.03948987431,10,10,236.0,10,199.0
29,9,3825728,2113.0397213556907,10,10,236.0,10,199.0
29,9,3825729,2113.0399528370717,10,10,252.0,10,200.0
29,9,3825730,2113.040184318452,10,10,236.0,10,199.0
29,9,3825731,2113.040415799832,10,10,252.0,10,200.0
29,9,3825732,2113.040647281213,10,10,252.0,10,200.0
29,9,3825733,2113.0408787625934,10,10,252.0,10,200.0
29,9,3825734,2113.041110243974,10,10,236.0,10,199.0
29,9,3825735,2113.041341725355,10,10,252.0,10,200.0
29,9,3825736,2113.041573206736,10,10,252.0,10,200.0
29,9,3825737,2113.041804688116,10,10,236.0,10,199.0
29,9,3825738,2113.042036169496,10,10,252.0,10,200.0
29,9,3825739,2113.042267650877,10,10,252.0,10,200.0
29,9,3825740,2113.0424991322575,10,10,252.0,10,200.0
29,9,3825741,2113.042730613638,10,10,236.0,10,199.0
29,9,3825742,2113.042962095019,10,10,252.0,10,200.0
29,9,3825743,2113.0431935764,10,10,252.0,10,200.0
29,9,3825744,2113.04342505778,10,10,236.0,10,199.0
29,9,3825745,2113.04365653916,10,10,252.0,10,200.0
29,9,3825746,2113.0438880205406,10,10,252.0,10,200.0
29,9,3825747,2113.044119501921,10,10,236.0,10,199.0
29,9,3825748,2113.044350983302,10,10,252.0,10,200.0
29,9,3825749,2113.044582464683,10,10,252.0,10,200.0
29,9,3825750,2113.044813946063,10,10,252.0,10,200.0
29,9,3825751,2113.0450454274433,10,10,252.0,10,200.0
29,9,3825752,2113.045276908824,10,10,236.0,10,199.0
29,9,3825753,2113.0455083902043,10,10,252.0,10,200.0
29,9,3825754,2113.0457398715853,10,10,252.0,10,200.0
29,9,3825755,2113.0459713529663,10,10,252.0,10,200.0
29,9,3825756,2113.046202834347,10,10,252.0,10,200.0
29,9,3825757,2113.046434315727,10,10,252.0,10,200.0
29,9,3825758,2113.046665797107,10,10,252.0,10,200.0
29,9,3825759,2113.0468972784874,10,10,236.0,10,199.0
29,9,3825760,2113.0471287598684,10,10,252.0,10,200.0
29,9,3825761,2113.0473602412494,10,10,252.0,10,200.0
29,9,3825762,2113.04759172263,10,10,252.0,10,200.0
29,9,3825763,2113.0478232040105,10,10,252.0,10,200.0
29,9,3825764,2113.0480546853905,10,10,236.0,10,199.0
29,9,3825765,2113.0482861667706,10,10,236.0,10,199.0
29,9,3825766,2113.0485176481516,10,10,236.0,10,199.0
29,9,3825767,2113.0487491295326,10,10,252.0,10,200.0
29,9,3825768,2113.048980610913,10,10,252.0,10,200.0
29,9,3825769,2113.049212092294,10,10,252.0,10,200.0
29,9,3825770,2113.0494435736746,10,10,236.0,10,199.0
29,9,3825771,2113.0496750550546,10,10,252.0,10,200.0
29,9,3825772,2113.0499065364347,10,10,252.0,10,200.0
29,9,3825773,2113.0501380178157,10,10,252.0,10,200.0
29,9,3825774,2113.0503694991967,10,10,252.0,10,200.0
29,9,3825775,2113.050600980577,10,10,252.0,10,200.0
29,9,3825776,2113.0508324619577,10,10,252.0,10,200.0
29,9,3825777,2113.051063943338,10,10,236.0,10,199.0
29,9,3825778,2113.051295424718,10,10,252.0,10,200.0
29,9,3825779,2113.051526906099,10,10,236.0,10,199.0
29,9,3825780,2113.05175838748,10,10,252.0,10,200.0
29,9,3825781,2113.0519898688603,10,10,252.0,10,200.0
29,9,3825782,2113.052221350241,10,10,252.0,10,200.0
29,9,3825783,2113.052452831622,10,10,252.0,10,200.0
29,9,3825784,2113.052684313002,10,10,252.0,10,200.0
29,9,3825785,2113.052915794382,10,10,252.0,10,200.0
29,9,3825786,2113.053147275763,10,10,252.0,10,200.0
29,9,3825787,2113.0533787571435,10,10,252.0,10,200.0
29,9,3825788,2113.053610238524,10,10,252.0,10,200.0
29,9,3825789,2113.053841719905,10,10,252.0,10,200.0
29,9,3825790,2113.054073201286,10,10,236.0,10,199.0
29,9,3825791,2113.054304682666,10,10,252.0,10,200.0
29,9,3825792,2113.054536164046,10,10,252.0,10,200.0
29,9,3825793,2113.054767645426,10,10,252.0,10,200.0
29,9,3825794,2113.0549991268063,10,10,236.0,10,199.0
29,9,3825795,2113.055230608187,10,10,236.0,10,199.0
29,9,3825796,2113.0554620895673,10,10,252.0,10,200.0
29,9,3825797,2113.0556935709483,10,10,252.0,10,200.0
29,9,3825798,2113.0559250523283,10,10,236.0,10,199.0
29,9,3825799,2113.0561565337084,10,10,252.0,10,200.0
29,9,3825800,2113.0563880150894,10,10,236.0,10,199.0
29,9,3825801,2113.05661949647,10,10,252.0,10,200.0
29,9,3825802,2113.0568509778504,10,10,236.0,10,199.0
29,9,3825803,2113.0570824592314,10,10,252.0,10,200.0
29,9,3825804,2113.0573139406115,10,10,252.0,10,200.0
29,9,3825805,2113.0575454219916,10,10,252.0,10,200.0
29,9,3825806,2113.0577769033725,10,10,252.0,10,200.0
29,9,3825807,2113.0580083847535,10,10,236.0,10,199.0
29,9,3825808,2113.058239866134,10,10,252.0,10,200.0
29,9,3825809,2113.0584713475146,10,10,252.0,10,200.0
29,9,3825810,2113.0587028288955,10,10,252.0,10,200.0
29,9,3825811,2113.0589343102756,10,10,236.0,10,199.0
29,9,3825812,2113.0591657916557,10,10,252.0,10,200.0
29,9,3825813,2113.0593972730367,10,10,252.0,10,200.0
29,9,3825814,2113.059628754417,10,10,236.0,10,199.0
29,9,3825815,2113.0598602357977,10,10,252.0,10,200.0
29,9,3825816,2113.0600917171787,10,10,236.0,10,199.0
29,9,3825817,2113.0603231985597,10,10,252.0,10,200.0
29,9,3825818,2113.0605546799397,10,10,252.0,10,200.0
29,9,3825819,2113.06078616132,10,10,252.0,10,200.0
29,9,3825820,2113.0610176427003,10,10,252.0,10,200.0
29,9,3825821,2113.061249124081,10,10,236.0,10,199.0
29,9,3825822,2113.061480605462,10,10,236.0,10,199.0
29,9,3825823,2113.061712086843,10,10,252.0,10,200.0
29,9,3825824,2113.061943568223,10,10,252.0,10,200.0
29,9,3825825,2113.062175049603,10,10,236.0,10,199.0
29,9,3825826,2113.0624065309835,10,10,252.0,10,200.0
29,9,3825827,2113.062638012364,10,10,252.0,10,200.0
29,9,3825828,2113.062869493745,10,10,252.0,10,200.0
29,9,3825829,2113.063100975126,10,10,236.0,10,199.0
29,9,3825830,2113.0633324565065,10,10,252.0,10,200.0
29,9,3825831,2113.0635639378866,10,10,236.0,10,199.0
29,9,3825832,2113.0637954192666,10,10,252.0,10,200.0
29,9,3825833,2113.064026900647,10,10,252.0,10,200.0
29,9,3825834,2113.064258382028,10,10,252.0,10,200.0
29,9,3825835,2113.064489863409,10,10,252.0,10,200.0
29,9,3825836,2113.0647213447896,10,10,252.0,10,200.0
29,9,3825837,2113.0649528261706,10,10,236.0,10,199.0
29,9,3825838,2113.0651843075507,10,10,252.0,10,200.0
29,9,3825839,2113.0654157889307,10,10,236.0,10,199.0
29,9,3825840,2113.0656472703113,10,10,236.0,10,199.0
29,9,3825841,2113.0658787516923,10,10,252.0,10,200.0
29,9,3825842,2113.0661102330732,10,10,252.0,10,200.0
29,9,3825843,2113.0663417144538,10,10,252.0,10,200.0
29,9,3825844,2113.0665731958343,10,10,236.0,10,199.0
29,9,3825845,2113.0668046772143,10,10,252.0,10,200.0
29,9,3825846,2113.0670361585944,10,10,236.0,10,199.0
29,9,3825847,2113.0672676399754,10,10,252.0,10,200.0
29,9,3825848,2113.0674991213564,10,10,252.0,10,200.0
29,9,3825849,2113.067730602737,10,10,236.0,10,199.0
29,9,3825850,2113.0679620841174,10,10,252.0,10,200.0
29,9,3825851,2113.0681935654975,10,10,252.0,10,200.0
29,9,3825852,2113.0684250468776,10,10,252.0,10,200.0
29,9,3825853,2113.0686565282585,10,10,252.0,10,200.0
29,9,3825854,2113.0688880096395,10,10,252.0,10,200.0
29,9,3825855,2113.06911949102,10,10,236.0,10,199.0
29,9,3825856,2113.0693509724006,10,10,236.0,10,199.0
29,9,3825857,2113.0695824537815,10,10,236.0,10,199.0
29,9,3825858,2113.0698139351616,10,10,236.0,10,199.0
29,9,3825859,2113.0700454165417,10,10,252.0,10,200.0
29,9,3825860,2113.0702768979227,10,10,252.0,10,200.0
29,9,3825861,2113.070508379303,10,10,252.0,10,200.0
29,9,3825862,2113.0707398606837,10,10,252.0,10,200.0
29,9,3825863,2113.0709713420647,10,10,236.0,10,199.0
29,9,3825864,2113.0712028234457,10,10,252.0,10,200.0
29,9,3825865,2113.0714343048257,10,10,236.0,10,199.0
29,9,3825866,2113.071665786206,10,10,252.0,10,200.0
29,9,3825867,2113.071897267586,10,10,236.0,10,199.0
29,9,3825868,2113.072128748966,10,10,252.0,10,200.0
29,9,3825869,2113.0723602303465,10,10,252.0,10,200.0
29,9,3825870,2113.072591711727,10,10,236.0,10,199.0
29,9,3825871,2113.072823193108,10,10,236.0,10,199.0
29,9,3825872,2113.073054674488,10,10,236.0,10,199.0
29,9,3825873,2113.073286155868,10,10,236.0,10,199.0
29,9,3825874,2113.073517637249,10,10,252.0,10,200.0
29,9,3825875,2113.07374911863,10,10,252.0,10,200.0
29,9,3825876,2113.0739806000106,10,10,252.0,10,200.0
29,9,3825877,2113.074212081391,10,10,252.0,10,200.0
29,9,3825878,2113.074443562771,10,10,252.0,10,200.0
29,9,3825879,2113.0746750441513,10,10,252.0,10,200.0
29,9,3825880,2113.0749065255322,10,10,236.0,10,199.0
29,9,3825881,2113.075138006913,10,10,236.0,10,199.0
29,9,3825882,2113.0753694882937,10,10,236.0,10,199.0
29,9,3825883,2113.0756009696743,10,10,252.0,10,200.0
29,9,3825884,2113.0758324510552,10,10,236.0,10,199.0
29,9,3825885,2113.0760639324353,10,10,252.0,10,200.0
29,9,3825886,2113.0762954138154,10,10,252.0,10,200.0
29,9,3825887,2113.0765268951964,10,10,252.0,10,200.0
29,9,3825888,2113.076758376577,10,10,252.0,10,200.0
29,9,3825889,2113.0769898579574,10,10,236.0,10,199.0
29,9,3825890,2113.0772213393384,10,10,252.0,10,200.0
29,9,3825891,2113.0774528207194,10,10,236.0,10,199.0
29,9,3825892,2113.0776843020994,10,10,252.0,10,200.0
29,9,3825893,2113.0779157834795,10,10,252.0,10,200.0
29,9,3825894,2113.07814726486,10,10,252.0,10,200.0
29,9,3825895,2113.0783787462406,10,10,236.0,10,199.0
29,9,3825896,2113.0786102276215,10,10,252.0,10,200.0
29,9,3825897,2113.0788417090025,10,10,236.0,10,199.0
29,9,3825898,2113.0790731903826,10,10,236.0,10,199.0
29,9,3825899,2113.0793046717627,10,10,252.0,10,200.0
29,9,3825900,2113.079536153143,10,10,252.0,10,200.0
29,9,3825901,2113.0797676345237,10,10,236.0,10,199.0
29,9,3825902,2113.0799991159047,10,10,236.0,10,199.0
29,9,3825903,2113.0802305972857,10,10,252.0,10,200.0
29,9,3825904,2113.080462078666,10,10,252.0,10,200.0
29,9,3825905,2113.0806935600463,10,10,236.0,10,199.0
29,9,3825906,2113.0809250414263,10,10,236.0,10,199.0
29,9,3825907,2113.0811565228073,10,10,252.0,10,200.0
29,9,3825908,2113.081388004188,10,10,236.0,10,199.0
29,9,3825909,2113.081619485569,10,10,252.0,10,200.0
29,9,3825910,2113.08185096695,10,10,236.0,10,199.0
29,9,3825911,2113.0820824483303,10,10,252.0,10,200.0
29,9,3825912,2113.0823139297104,10,10,236.0,10,199.0
29,9,3825913,2113.0825454110905,10,10,252.0,10,200.0
29,9,3825914,2113.082776892471,10,10,252.0,10,200.0
29,9,3825915,2113.083008373852,10,10,252.0,10,200.0
29,9,3825916,2113.083239855233,10,10,252.0,10,200.0
29,9,3825917,2113.0834713366135,10,10,252.0,10,200.0
29,9,3825918,2113.083702817994,10,10,252.0,10,200.0
29,9,3825919,2113.083934299374,10,10,252.0,10,200.0
29,9,3825920,2113.084165780754,10,10,252.0,10,200.0
29,9,3825921,2113.084397262135,10,10,252.0,10,200.0
29,9,3825922,2113.084628743516,10,10,236.0,10,199.0
29,9,3825923,2113.0848602248966,10,10,236.0,10,199.0
29,9,3825924,2113.085091706277,10,10,252.0,10,200.0
29,9,3825925,2113.085323187657,10,10,252.0,10,200.0
29,9,3825926,2113.0855546690373,10,10,252.0,10,200.0
29,9,3825927,2113.0857861504182,10,10,252.0,10,200.0
29,9,3825928,2113.086017631799,10,10,252.0,10,200.0
29,9,3825929,2113.0862491131797,10,10,252.0,10,200.0
29,9,3825930,2113.0864805945603,10,10,252.0,10,200.0
29,9,3825931,2113.0867120759413,10,10,236.0,10,199.0
29,9,3825932,2113.0869435573213,10,10,236.0,10,199.0
29,9,3825933,2113.0871750387014,10,10,236.0,10,199.0
29,9,3825934,2113.0874065200824,10,10,236.0,10,199.0
29,9,3825935,2113.087638001463,10,10,252.0,10,200.0
29,9,3825936,2113.0878694828434,10,10,252.0,10,200.0
29,9,3825937,2113.0881009642244,10,10,236.0,10,199.0
29,9,3825938,2113.0883324456054,10,10,252.0,10,200.0
29,9,3825939,2113.0885639269854,10,10,252.0,10,200.0
29,9,3825940,2113.0887954083646,10,10,252.0,10,200.0
29,9,3825941,2113.0890268897447,10,10,252.0,10,200.0
29,9,3825942,2113.0892583711257,10,10,252.0,10,200.0
29,9,3825943,2113.089489852506,10,10,252.0,10,200.0
29,9,3825944,2113.089721333887,10,10,252.0,10,200.0
29,9,3825945,2113.0899528152677,10,10,236.0,10,199.0
29,9,3825946,2113.0901842966477,10,10,252.0,10,200.0
29,9,3825947,2113.090415778028,10,10,236.0,10,199.0
29,9,3825948,2113.090647259409,10,10,252.0,10,200.0
29,9,3825949,2113.09087874079,10,10,252.0,10,200.0
29,9,3825950,2113.0911102221703,10,10,252.0,10,200.0
29,9,3825951,2113.091341703551,10,10,252.0,10,200.0
29,9,3825952,2113.091573184931,10,10,252.0,10,200.0
29,9,3825953,2113.091804666311,10,10,252.0,10,200.0
29,9,3825954,2113.092036147692,10,10,236.0,10,199.0
29,9,3825955,2113.092267629073,10,10,236.0,10,199.0
29,9,3825956,2113.0924991104534,10,10,236.0,10,199.0
29,9,3825957,2113.092730591834,10,10,252.0,10,200.0
29,9,3825958,2113.092962073215,10,10,252.0,10,200.0
29,9,3825959,2113.093193554595,10,10,252.0,10,200.0
29,9,3825960,2113.093425035975,10,10,252.0,10,200.0
29,9,3825961,2113.093656517356,10,10,236.0,10,199.0
29,9,3825962,2113.0938879987366,10,10,252.0,10,200.0
29,9,3825963,2113.094119480117,10,10,252.0,10,200.0
29,9,3825964,2113.094350961498,10,10,252.0,10,200.0
29,9,3825965,2113.094582442879,10,10,252.0,10,200.0
29,9,3825966,2113.094813924259,10,10,252.0,10,200.0
29,9,3825967,2113.095045405639,10,10,252.0,10,200.0
29,9,3825968,2113.0952768870197,10,10,236.0,10,199.0
29,9,3825969,2113.0955083684003,10,10,252.0,10,200.0
29,9,3825970,2113.0957398497812,10,10,252.0,10,200.0
29,9,3825971,2113.095971331162,10,10,252.0,10,200.0
29,9,3825972,2113.0962028125423,10,10,252.0,10,200.0
29,9,3825973,2113.0964342939224,10,10,252.0,10,200.0
29,9,3825974,2113.096665775303,10,10,236.0,10,199.0
29,9,3825975,2113.0968972566834,10,10,252.0,10,200.0
29,9,3825976,2113.0971287380644,10,10,252.0,10,200.0
29,9,3825977,2113.0973602194454,10,10,252.0,10,200.0
29,9,3825978,2113.0975917008263,10,10,252.0,10,200.0
29,9,3825979,2113.0978231822064,10,10,252.0,10,200.0
29,9,3825980,2113.0980546635865,10,10,236.0,10,199.0
29,9,3825981,2113.098286144967,10,10,252.0,10,200.0
29,9,3825982,2113.0985176263475,10,10,236.0,10,199.0
29,9,3825983,2113.0987491077285,10,10,236.0,10,199.0
29,9,3825984,2113.0989805891095,10,10,252.0,10,200.0
29,9,3825985,2113.09921207049,10,10,236.0,10,199.0
29,9,3825986,2113.09944355187,10,10,252.0,10,200.0
29,9,3825987,2113.09967503325,10,10,252.0,10,200.0
29,9,3825988,2113.0999065146307,10,10,236.0,10,199.0
29,9,3825989,2113.1001379960117,10,10,252.0,10,200.0
29,9,3825990,2113.1003694773926,10,10,252.0,10,200.0
29,9,3825991,2113.100600958773,10,10,252.0,10,200.0
29,9,3825992,2113.1008324401537,10,10,252.0,10,200.0
29,9,3825993,2113.1010639215338,10,10,236.0,10,199.0
29,9,3825994,2113.101295402914,10,10,236.0,10,199.0
29,9,3825995,2113.101526884295,10,10,236.0,10,199.0
29,9,3825996,2113.101758365676,10,10,236.0,10,199.0
29,9,3825997,2113.1019898470563,10,10,252.0,10,200.0
29,9,3825998,2113.102221328437,10,10,236.0,10,199.0
29,9,3825999,2113.102452809817,10,10,252.0,10,200.0
29,9,3826000,2113.102684291197,10,10,252.0,10,200.0
29,9,3826001,2113.102915772578,10,10,252.0,10,200.0
29,9,3826002,2113.103147253959,10,10,236.0,10,199.0
29,9,3826003,2113.1033787353394,10,10,252.0,10,200.0
29,9,3826004,2113.10361021672,10,10,252.0,10,200.0
29,9,3826005,2113.103841698101,10,10,236.0,10,199.0
29,9,3826006,2113.104073179481,10,10,252.0,10,200.0
29,9,3826007,2113.104304660861,10,10,252.0,10,200.0
29,9,3826008,2113.104536142242,10,10,252.0,10,200.0
29,9,3826009,2113.1047676236226,10,10,236.0,10,199.0
29,9,3826010,2113.1049991050036,10,10,252.0,10,200.0
29,9,3826011,2113.105230586384,10,10,252.0,10,200.0
29,9,3826012,2113.105462067765,10,10,236.0,10,199.0
29,9,3826013,2113.105693549145,10,10,252.0,10,200.0
29,9,3826014,2113.1059250305243,10,10,252.0,10,200.0
29,9,3826015,2113.1061565119044,10,10,252.0,10,200.0
29,9,3826016,2113.1063879932854,10,10,252.0,10,200.0
29,9,3826017,2113.1066194746663,10,10,252.0,10,200.0
29,9,3826018,2113.106850956047,10,10,252.0,10,200.0
29,9,3826019,2113.1070824374274,10,10,252.0,10,200.0
29,9,3826020,2113.1073139188074,10,10,252.0,10,200.0
29,9,3826021,2113.1075454001875,10,10,236.0,10,199.0
29,9,3826022,2113.1077768815685,10,10,252.0,10,200.0
29,9,3826023,2113.1080083629495,10,10,252.0,10,200.0
29,9,3826024,2113.10823984433,10,10,236.0,10,199.0
29,9,3826025,2113.1084713257105,10,10,252.0,10,200.0
29,9,3826026,2113.1087028070906,10,10,236.0,10,199.0
29,9,3826027,2113.1089342884707,10,10,252.0,10,200.0
29,9,3826028,2113.1091657698516,10,10,252.0,10,200.0
29,9,3826029,2113.1093972512326,10,10,252.0,10,200.0
29,9,3826030,2113.109628732613,10,10,252.0,10,200.0
29,9,3826031,2113.1098602139937,10,10,252.0,10,200.0
29,9,3826032,2113.1100916953746,10,10,236.0,10,199.0
29,9,3826033,2113.1103231767547,10,10,236.0,10,199.0
29,9,3826034,2113.110554658135,10,10,236.0,10,199.0
29,9,3826035,2113.1107861395158,10,10,252.0,10,200.0
29,9,3826036,2113.1110176208963,10,10,252.0,10,200.0
29,9,3826037,2113.111249102277,10,10,252.0,10,200.0
29,9,3826038,2113.111480583658,10,10,252.0,10,200.0
29,9,3826039,2113.111712065039,10,10,252.0,10,200.0
29,9,3826040,2113.111943546419,10,10,252.0,10,200.0
29,9,3826041,2113.112175027799,10,10,252.0,10,200.0
29,9,3826042,2113.1124065091794,10,10,236.0,10,199.0
29,9,3826043,2113.11263799056,10,10,236.0,10,198.0
29,9,3826044,2113.112869471941,10,10,252.0,10,200.0
29,9,3826045,2113.113100953322,10,10,236.0,10,199.0
29,9,3826046,2113.113332434702,10,10,252.0,10,200.0
29,9,3826047,2113.113563916082,10,10,236.0,10,199.0
29,9,3826048,2113.113795397463,10,10,236.0,10,199.0
29,9,3826049,2113.1140268788436,10,10,252.0,10,200.0
29,9,3826050,2113.114258360224,10,10,236.0,10,199.0
29,9,3826051,2113.114489841605,10,10,252.0,10,200.0
29,9,3826052,2113.114721322986,10,10,252.0,10,200.0
29,9,3826053,2113.114952804366,10,10,252.0,10,200.0
29,9,3826054,2113.115184285746,10,10,252.0,10,200.0
29,9,3826055,2113.1154157671267,10,10,252.0,10,200.0
29,9,3826056,2113.1156472485072,10,10,252.0,10,200.0
29,9,3826057,2113.115878729888,10,10,236.0,10,199.0
29,9,3826058,2113.116110211269,10,10,252.0,10,200.0
29,9,3826059,2113.1163416926497,10,10,236.0,10,199.0
29,9,3826060,2113.11657317403,10,10,252.0,10,200.0
29,9,3826061,2113.11680465541,10,10,252.0,10,200.0
29,9,3826062,2113.1170361367904,10,10,252.0,10,200.0
29,9,3826063,2113.1172676181714,10,10,252.0,10,200.0
29,9,3826064,2113.1174990995523,10,10,252.0,10,200.0
29,9,3826065,2113.117730580933,10,10,236.0,10,199.0
29,9,3826066,2113.1179620623134,10,10,252.0,10,200.0
29,9,3826067,2113.1181935436935,10,10,252.0,10,200.0
29,9,3826068,2113.1184250250735,10,10,252.0,10,200.0
29,9,3826069,2113.1186565064545,10,10,236.0,10,199.0
29,9,3826070,2113.1188879878355,10,10,252.0,10,200.0
29,9,3826071,2113.119119469216,10,10,236.0,10,199.0
29,9,3826072,2113.1193509505965,10,10,252.0,10,200.0
29,9,3826073,2113.1195824319766,10,10,252.0,10,200.0
29,9,3826074,2113.1198139133567,10,10,236.0,10,199.0
29,9,3826075,2113.1200453947376,10,10,236.0,10,199.0
29,9,3826076,2113.1202768761186,10,10,252.0,10,200.0
29,9,3826077,2113.120508357499,10,10,236.0,10,199.0
29,9,3826078,2113.12073983888,10,10,252.0,10,200.0
29,9,3826079,2113.1209713202607,10,10,236.0,10,199.0
29,9,3826080,2113.1212028016407,10,10,236.0,10,198.0
29,9,3826081,2113.121434283021,10,10,236.0,10,199.0
29,9,3826082,2113.1216657644018,10,10,252.0,10,200.0
29,9,3826083,2113.1218972457827,10,10,252.0,10,200.0
29,9,3826084,2113.1221287271633,10,10,252.0,10,200.0
29,9,3826085,2113.122360208544,10,10,252.0,10,200.0
29,9,3826086,2113.122591689925,10,10,252.0,10,200.0
29,9,3826087,2113.122823171304,10,10,236.0,10,199.0
29,9,3826088,2113.1230546526835,10,10,236.0,10,199.0
29,9,3826089,2113.123286134064,10,10,252.0,10,200.0
29,9,3826090,2113.123517615445,10,10,252.0,10,200.0
29,9,3826091,2113.123749096826,10,10,236.0,10,199.0
29,9,3826092,2113.1239805782066,10,10,252.0,10,200.0
29,9,3826093,2113.124212059587,10,10,236.0,10,198.0
29,9,3826094,2113.124443540967,10,10,252.0,10,200.0
29,9,3826095,2113.124675022347,10,10,252.0,10,200.0
29,9,3826096,2113.124906503728,10,10,236.0,10,199.0
29,9,3826097,2113.125137985109,10,10,252.0,10,200.0
29,9,3826098,2113.1253694664897,10,10,236.0,10,199.0
29,9,3826099,2113.12560094787,10,10,252.0,10,200.0
29,9,3826100,2113.1258324292503,10,10,236.0,10,199.0
29,9,3826101,2113.1260639106304,10,10,252.0,10,200.0
29,9,3826102,2113.1262953920113,10,10,252.0,10,200.0
29,9,3826103,2113.1265268733923,10,10,236.0,10,199.0
29,9,3826104,2113.126758354773,10,10,236.0,10,199.0
29,9,3826105,2113.1269898361534,10,10,252.0,10,200.0
29,9,3826106,2113.1272213175343,10,10,252.0,10,200.0
29,9,3826107,2113.1274527989144,10,10,252.0,10,200.0
29,9,3826108,2113.1276842802945,10,10,236.0,10,199.0
29,9,3826109,2113.1279157616755,10,10,236.0,10,199.0
29,9,3826110,2113.128147243056,10,10,252.0,10,200.0
29,9,3826111,2113.1283787244365,10,10,236.0,10,199.0
32,0,4090242,2174.2697868994624,10,10,236.0,10,199.0
32,0,4090243,2174.2700183808406,10,10,236.0,10,199.0
32,0,4090244,2174.2702498622198,10,10,236.0,10,199.0
32,0,4090245,2174.270481343598,10,10,252.0,10,200.0
32,0,4090246,2174.270712824977,10,10,236.0,10,199.0
32,0,4090247,2174.2709443063554,10,10,236.0,10,199.0
32,0,4090248,2174.2711757877346,10,10,252.0,10,200.0
32,0,4090249,2174.2714072691138,10,10,236.0,10,199.0
32,0,4090250,2174.271638750492,10,10,236.0,10,199.0
32,0,4090251,2174.271870231871,10,10,252.0,10,200.0
32,0,4090252,2174.2721017132494,10,10,252.0,10,200.0
32,0,4090253,2174.2723331946286,10,10,236.0,10,199.0
32,0,4090254,2174.272564676007,10,10,236.0,10,199.0
32,0,4090255,2174.272796157386,10,10,236.0,10,199.0
32,0,4090256,2174.2730276387642,10,10,252.0,10,200.0
32,0,4090257,2174.2732591201434,10,10,252.0,10,200.0
32,0,4090258,2174.2734906015216,10,10,236.0,10,199.0
32,0,4090259,2174.273722082901,10,10,236.0,10,199.0
32,0,4090260,2174.273953564279,10,10,252.0,10,200.0
32,0,4090261,2174.274185045658,10,10,236.0,10,199.0
32,0,4090262,2174.2744165270365,10,10,236.0,10,199.0
32,0,4090263,2174.274648008416,10,10,236.0,10,199.0
32,0,4090264,2174.2748794897957,10,10,236.0,10,199.0
32,0,4090265,2174.275110971174,10,10,236.0,10,199.0
32,0,4090266,2174.275342452553,10,10,252.0,10,200.0
32,0,4090267,2174.2755739339314,10,10,252.0,10,200.0
32,0,4090268,2174.27580541531,10,10,252.0,10,200.0
32,0,4090269,2174.2760368966888,10,10,252.0,10,200.0
32,0,4090270,2174.2762683780675,10,10,236.0,10,199.0
32,0,4090271,2174.276499859446,10,10,252.0,10,200.0
32,0,4090272,2174.276731340825,10,10,236.0,10,199.0
32,0,4090273,2174.2769628222036,10,10,252.0,10,200.0
32,0,4090274,2174.2771943035823,10,10,252.0,10,200.0
32,0,4090275,2174.277425784961,10,10,236.0,10,199.0
32,0,4090276,2174.2776572663397,10,10,252.0,10,200.0
32,0,4090277,2174.2778887477184,10,10,236.0,10,199.0
32,0,4090278,2174.278120229097,10,10,252.0,10,200.0
32,0,4090279,2174.278351710476,10,10,252.0,10,200.0
32,0,4090280,2174.2785831918545,10,10,252.0,10,200.0
32,0,4090281,2174.2788146732332,10,10,252.0,10,200.0
32,0,4090282,2174.2790461546115,10,10,252.0,10,200.0
32,0,4090283,2174.2792776359906,10,10,252.0,10,200.0
32,0,4090284,2174.279509117369,10,10,236.0,10,199.0
32,0,4090285,2174.279740598748,10,10,252.0,10,200.0
32,0,4090286,2174.2799720801263,10,10,252.0,10,200.0
32,0,4090287,2174.2802035615055,10,10,252.0,10,200.0
32,0,4090288,2174.2804350428846,10,10,236.0,10,199.0
32,0,4090289,2174.280666524264,10,10,236.0,10,199.0
32,0,4090290,2174.280898005643,10,10,252.0,10,200.0
32,0,4090291,2174.281129487021,10,10,252.0,10,200.0
32,0,4090292,2174.2813609684003,10,10,252.0,10,200.0
32,0,4090293,2174.2815924497786,10,10,252.0,10,200.0
32,0,4090294,2174.2818239311578,10,10,252.0,10,200.0
32,0,4090295,2174.282055412536,10,10,252.0,10,200.0
32,0,4090296,2174.282286893915,10,10,252.0,10,200.0
32,0,4090297,2174.2825183752934,10,10,252.0,10,200.0
32,0,4090298,2174.2827498566726,10,10,252.0,10,200.0
32,0,4090299,2174.282981338051,10,10,252.0,10,200.0
32,0,4090300,2174.28321281943,10,10,252.0,10,200.0
32,0,4090301,2174.2834443008082,10,10,252.0,10,200.0
32,0,4090302,2174.283675782187,10,10,252.0,10,200.0
32,0,4090303,2174.2839072635657,10,10,236.0,10,199.0
32,0,4090304,2174.284138744945,10,10,236.0,10,199.0
32,0,4090305,2174.284370226324,10,10,252.0,10,200.0
32,0,4090306,2174.284601707702,10,10,252.0,10,200.0
32,0,4090307,2174.2848331890814,10,10,236.0,10,199.0
32,0,4090308,2174.2850646704596,10,10,252.0,10,200.0
32,0,4090309,2174.285296151839,10,10,252.0,10,200.0
32,0,4090310,2174.285527633217,10,10,252.0,10,200.0
32,0,4090311,2174.285759114596,10,10,252.0,10,200.0
32,0,4090312,2174.2859905959745,10,10,252.0,10,200.0
32,0,4090313,2174.286222077354,10,10,252.0,10,200.0
32,0,4090314,2174.2864535587337,10,10,252.0,10,200.0
32,0,4090315,2174.286685040112,10,10,236.0,10,199.0
32,0,4090316,2174.286916521491,10,10,252.0,10,200.0
32,0,4090317,2174.2871480028693,10,10,236.0,10,199.0
32,0,4090318,2174.287379484248,10,10,236.0,10,199.0
32,0,4090319,2174.2876109656268,10,10,252.0,10,200.0
32,0,4090320,2174.2878424470055,10,10,252.0,10,200.0
32,0,4090321,2174.288073928384,10,10,236.0,10,199.0
32,0,4090322,2174.288305409763,10,10,236.0,10,199.0
32,0,4090323,2174.2885368911416,10,10,236.0,10,199.0
32,0,4090324,2174.2887683725203,10,10,252.0,10,200.0
32,0,4090325,2174.288999853899,10,10,252.0,10,200.0
32,0,4090326,2174.2892313352777,10,10,236.0,10,199.0
32,0,4090327,2174.2894628166564,10,10,252.0,10,200.0
32,0,4090328,2174.289694298035,10,10,252.0,10,200.0
32,0,4090329,2174.289925779414,10,10,252.0,10,200.0
32,0,4090330,2174.2901572607925,10,10,252.0,10,200.0
32,0,4090331,2174.290388742171,10,10,236.0,10,199.0
32,0,4090332,2174.29062022355,10,10,252.0,10,200.0
32,0,4090333,2174.2908517049286,10,10,236.0,10,199.0
32,0,4090334,2174.291083186307,10,10,236.0,10,199.0
32,0,4090335,2174.291314667686,10,10,252.0,10,200.0
32,0,4090336,2174.2915461490643,10,10,236.0,10,199.0
32,0,4090337,2174.2917776304434,10,10,252.0,10,200.0
32,0,4090338,2174.2920091118226,10,10,252.0,10,200.0
32,0,4090339,2174.2922405932018,10,10,236.0,10,199.0
32,0,4090340,2174.292472074581,10,10,252.0,10,200.0
32,0,4090341,2174.292703555959,10,10,252.0,10,200.0
32,0,4090342,2174.2929350373383,10,10,252.0,10,200.0
32,0,4090343,2174.2931665187166,10,10,252.0,10,200.0
32,0,4090344,2174.2933980000957,10,10,236.0,10,199.0
32,0,4090345,2174.293629481474,10,10,252.0,10,200.0
32,0,4090346,2174.293860962853,10,10,252.0,10,200.0
32,0,4090347,2174.2940924442314,10,10,252.0,10,200.0
32,0,4090348,2174.2943239256106,10,10,252.0,10,200.0
32,0,4090349,2174.294555406989,10,10,252.0,10,200.0
32,0,4090350,2174.294786888368,10,10,252.0,10,200.0
32,0,4090351,2174.2950183697462,10,10,252.0,10,200.0
32,0,4090352,2174.295249851125,10,10,236.0,10,199.0
32,0,4090353,2174.2954813325036,10,10,252.0,10,200.0
32,0,4090354,2174.2957128138823,10,10,252.0,10,200.0
32,0,4090355,2174.295944295261,10,10,236.0,10,199.0
32,0,4090356,2174.2961757766398,10,10,252.0,10,200.0
32,0,4090357,2174.2964072580185,10,10,252.0,10,200.0
32,0,4090358,2174.296638739397,10,10,252.0,10,200.0
32,0,4090359,2174.296870220777,10,10,252.0,10,200.0
32,0,4090360,2174.297101702155,10,10,252.0,10,200.0
32,0,4090361,2174.297333183534,10,10,252.0,10,200.0
32,0,4090362,2174.2975646649134,10,10,236.0,10,199.0
32,0,4090363,2174.2977961462925,10,10,236.0,10,199.0
32,0,4090364,2174.2980276276717,10,10,252.0,10,200.0
32,0,4090365,2174.29825910905,10,10,252.0,10,200.0
32,0,4090366,2174.298490590429,10,10,252.0,10,200.0
32,0,4090367,2174.2987220718073,10,10,252.0,10,200.0
32,0,4090368,2174.2989535531865,10,10,252.0,10,200.0
32,0,4090369,2174.2991850345647,10,10,252.0,10,200.0
32,0,4090370,2174.2994165159434,10,10,236.0,10,199.0
32,0,4090371,2174.299647997322,10,10,252.0,10,200.0
32,0,4090372,2174.299879478701,10,10,252.0,10,200.0
32,0,4090373,2174.3001109600796,10,10,252.0,10,200.0
32,0,4090374,2174.3003424414583,10,10,252.0,10,200.0
32,0,4090375,2174.300573922837,10,10,236.0,10,199.0
32,0,4090376,2174.3008054042157,10,10,252.0,10,200.0
32,0,4090377,2174.3010368855944,10,10,252.0,10,200.0
32,0,4090378,2174.301268366973,10,10,236.0,10,199.0
32,0,4090379,2174.301499848352,10,10,252.0,10,200.0
32,0,4090380,2174.3017313297305,10,10,236.0,10,199.0
32,0,4090381,2174.301962811109,10,10,252.0,10,200.0
32,0,4090382,2174.302194292488,10,10,252.0,10,200.0
32,0,4090383,2174.3024257738666,10,10,236.0,10,199.0
32,0,4090384,2174.302657255245,10,10,252.0,10,200.0
32,0,4090385,2174.302888736624,10,10,252.0,10,200.0
32,0,4090386,2174.3031202180023,10,10,252.0,10,200.0
32,0,4090387,2174.303351699382,10,10,252.0,10,200.0
32,0,4090388,2174.3035831807615,10,10,236.0,10,199.0
32,0,4090389,2174.3038146621398,10,10,236.0,10,199.0
32,0,4090390,2174.304046143519,10,10,236.0,10,198.0
32,0,4090391,2174.304277624897,10,10,252.0,10,200.0
32,0,4090392,2174.3045091062763,10,10,236.0,10,199.0
32,0,4090393,2174.3047405876546,10,10,252.0,10,200.0
32,0,4090394,2174.3049720690337,10,10,236.0,10,198.0
32,0,4090395,2174.305203550412,10,10,252.0,10,200.0
32,0,4090396,2174.305435031791,10,10,252.0,10,200.0
32,0,4090397,2174.3056665131694,10,10,252.0,10,200.0
32,0,4090398,2174.3058979945486,10,10,252.0,10,200.0
32,0,4090399,2174.306129475927,10,10,252.0,10,200.0
32,0,4090400,2174.306360957306,10,10,236.0,10,199.0
32,0,4090401,2174.306592438684,10,10,236.0,10,199.0
32,0,4090402,2174.3068239200634,10,10,236.0,10,199.0
32,0,4090403,2174.3070554014416,10,10,252.0,10,200.0
32,0,4090404,2174.3072868828203,10,10,236.0,10,199.0
32,0,4090405,2174.307518364199,10,10,252.0,10,200.0
32,0,4090406,2174.3077498455777,10,10,236.0,10,199.0
32,0,4090407,2174.3079813269565,10,10,252.0,10,200.0
32,0,4090408,2174.308212808335,10,10,252.0,10,200.0
32,0,4090409,2174.308444289714,10,10,252.0,10,200.0
32,0,4090410,2174.3086757710926,10,10,252.0,10,200.0
32,0,4090411,2174.3089072524713,10,10,252.0,10,200.0
32,0,4090412,2174.3091387338504,10,10,236.0,10,199.0
32,0,4090413,2174.30937021523,10,10,236.0,10,199.0
32,0,4090414,2174.3096016966097,10,10,236.0,10,199.0
32,0,4090415,2174.309833177988,10,10,236.0,10,199.0
32,0,4090416,2174.310064659367,10,10,252.0,10,200.0
32,0,4090417,2174.3102961407453,10,10,236.0,10,199.0
32,0,4090418,2174.3105276221245,10,10,252.0,10,200.0
32,0,4090419,2174.3107591035027,10,10,236.0,10,199.0
32,0,4090420,2174.3109905848814,10,10,236.0,10,199.0
32,0,4090421,2174.31122206626,10,10,252.0,10,200.0
32,0,4090422,2174.311453547639,10,10,252.0,10,200.0
32,0,4090423,2174.3116850290176,10,10,236.0,10,199.0
32,0,4090424,2174.3119165103963,10,10,252.0,10,200.0
32,0,4090425,2174.312147991775,10,10,252.0,10,200.0
32,0,4090426,2174.3123794731537,10,10,252.0,10,200.0
32,0,4090427,2174.3126109545324,10,10,252.0,10,200.0
32,0,4090428,2174.312842435911,10,10,252.0,10,200.0
32,0,4090429,2174.31307391729,10,10,236.0,10,199.0
32,0,4090430,2174.3133053986685,10,10,252.0,10,200.0
32,0,4090431,2174.313536880047,10,10,236.0,10,199.0
32,0,4090432,2174.313768361426,10,10,252.0,10,200.0
32,0,4090433,2174.3139998428046,10,10,252.0,10,200.0
32,0,4090434,2174.3142313241833,10,10,252.0,10,200.0
32,0,4090435,2174.314462805562,10,10,252.0,10,200.0
32,0,4090436,2174.314694286941,10,10,236.0,10,199.0
32,0,4090437,2174.3149257683203,10,10,252.0,10,200.0
32,0,4090438,2174.3151572496995,10,10,252.0,10,200.0
32,0,4090439,2174.3153887310777,10,10,252.0,10,200.0
32,0,4090440,2174.315620212457,10,10,252.0,10,200.0
32,0,4090441,2174.315851693835,10,10,236.0,10,199.0
32,0,4090442,2174.3160831752143,10,10,236.0,10,199.0
32,0,4090443,2174.3163146565926,10,10,236.0,10,199.0
32,0,4090444,2174.3165461379717,10,10,236.0,10,199.0
32,0,4090445,2174.31677761935,10,10,236.0,10,199.0
32,0,4090446,2174.317009100729,10,10,252.0,10,200.0
32,0,4090447,2174.3172405821074,10,10,252.0,10,200.0
32,0,4090448,2174.3174720634865,10,10,252.0,10,200.0
32,0,4090449,2174.317703544865,10,10,236.0,10,199.0
32,0,4090450,2174.317935026244,10,10,236.0,10,199.0
32,0,4090451,2174.318166507622,10,10,252.0,10,200.0
32,0,4090452,2174.3183979890014,10,10,252.0,10,200.0
32,0,4090453,2174.3186294703796,10,10,236.0,10,199.0
32,0,4090454,2174.3188609517583,10,10,252.0,10,200.0
32,0,4090455,2174.319092433137,10,10,252.0,10,200.0
32,0,4090456,2174.3193239145157,10,10,236.0,10,199.0
32,0,4090457,2174.3195553958944,10,10,252.0,10,200.0
32,0,4090458,2174.319786877273,10,10,236.0,10,199.0
32,0,4090459,2174.320018358652,10,10,236.0,10,199.0
32,0,4090460,2174.3202498400306,10,10,252.0,10,200.0
32,0,4090461,2174.32048132141,10,10,252.0,10,200.0
32,0,4090462,2174.3207128027893,10,10,236.0,10,199.0
32,0,4090463,2174.320944284168,10,10,252.0,10,200.0
32,0,4090464,2174.3211757655467,10,10,252.0,10,200.0
32,0,4090465,2174.3214072469254,10,10,252.0,10,200.0
32,0,4090466,2174.321638728304,10,10,252.0,10,200.0
32,0,4090467,2174.3218702096833,10,10,236.0,10,199.0
32,0,4090468,2174.3221016910625,10,10,236.0,10,199.0
32,0,4090469,2174.3223331724407,10,10,236.0,10,199.0
32,0,4090470,2174.32256465382,10,10,252.0,10,200.0
32,0,4090471,2174.322796135198,10,10,252.0,10,200.0
32,0,4090472,2174.323027616577,10,10,252.0,10,200.0
32,0,4090473,2174.3232590979555,10,10,252.0,10,200.0
32,0,4090474,2174.3234905793342,10,10,236.0,10,199.0
32,0,4090475,2174.323722060713,10,10,236.0,10,199.0
32,0,4090476,2174.3239535420917,10,10,236.0,10,199.0
32,0,4090477,2174.3241850234704,10,10,252.0,10,200.0
32,0,4090478,2174.324416504849,10,10,252.0,10,200.0
32,0,4090479,2174.324647986228,10,10,252.0,10,200.0
32,0,4090480,2174.3248794676065,10,10,236.0,10,199.0
32,0,4090481,2174.325110948985,10,10,252.0,10,200.0
32,0,4090482,2174.325342430364,10,10,252.0,10,200.0
32,0,4090483,2174.3255739117426,10,10,236.0,10,199.0
32,0,4090484,2174.3258053931213,10,10,236.0,10,199.0
32,0,4090485,2174.3260368745,10,10,236.0,10,199.0
32,0,4090486,2174.326268355879,10,10,252.0,10,200.0
32,0,4090487,2174.326499837259,10,10,252.0,10,200.0
32,0,4090488,2174.3267313186375,10,10,252.0,10,200.0
32,0,4090489,2174.3269628000157,10,10,252.0,10,200.0
32,0,4090490,2174.327194281395,10,10,252.0,10,200.0
32,0,4090491,2174.327425762773,10,10,236.0,10,199.0
32,0,4090492,2174.3276572441523,10,10,236.0,10,199.0
32,0,4090493,2174.3278887255306,10,10,236.0,10,199.0
32,0,4090494,2174.3281202069097,10,10,236.0,10,199.0
32,0,4090495,2174.328351688288,10,10,252.0,10,200.0
32,0,4090496,2174.328583169667,10,10,236.0,10,199.0
32,0,4090497,2174.3288146510454,10,10,252.0,10,200.0
32,0,4090498,2174.3290461324245,10,10,236.0,10,199.0
32,0,4090499,2174.329277613803,10,10,252.0,10,200.0
32,0,4090500,2174.329509095182,10,10,252.0,10,200.0
32,0,4090501,2174.32974057656,10,10,252.0,10,200.0
32,0,4090502,2174.3299720579394,10,10,252.0,10,200.0
32,0,4090503,2174.3302035393176,10,10,252.0,10,200.0
32,0,4090504,2174.3304350206968,10,10,252.0,10,200.0
32,0,4090505,2174.330666502075,10,10,252.0,10,200.0
32,0,4090506,2174.3308979834537,10,10,252.0,10,200.0
32,0,4090507,2174.3311294648324,10,10,252.0,10,200.0
32,0,4090508,2174.331360946211,10,10,252.0,10,200.0
32,0,4090509,2174.33159242759,10,10,252.0,10,200.0
32,0,4090510,2174.331823908969,10,10,236.0,10,199.0
32,0,4090511,2174.3320553903486,10,10,236.0,10,199.0
32,0,4090512,2174.3322868717273,10,10,252.0,10,200.0
32,0,4090513,2174.332518353106,10,10,252.0,10,200.0
32,0,4090514,2174.3327498344847,10,10,252.0,10,200.0
32,0,4090515,2174.3329813158634,10,10,252.0,10,200.0
32,0,4090516,2174.333212797242,10,10,236.0,10,199.0
32,0,4090517,2174.333444278621,10,10,252.0,10,200.0
32,0,4090518,2174.3336757599996,10,10,252.0,10,200.0
32,0,4090519,2174.3339072413783,10,10,252.0,10,200.0
32,0,4090520,2174.334138722757,10,10,252.0,10,200.0
32,0,4090521,2174.334370204135,10,10,252.0,10,200.0
32,0,4090522,2174.334601685515,10,10,236.0,10,199.0
32,0,4090523,2174.3348331668935,10,10,252.0,10,200.0
32,0,4090524,2174.3350646482722,10,10,252.0,10,200.0
32,0,4090525,2174.335296129651,10,10,252.0,10,200.0
32,0,4090526,2174.3355276110296,10,10,252.0,10,200.0
32,0,4090527,2174.3357590924084,10,10,236.0,10,199.0
32,0,4090528,2174.335990573787,10,10,252.0,10,200.0
32,0,4090529,2174.3362220551658,10,10,252.0,10,200.0
32,0,4090530,2174.3364535365445,10,10,236.0,10,199.0
32,0,4090531,2174.336685017923,10,10,252.0,10,200.0
32,0,4090532,2174.336916499302,10,10,236.0,10,199.0
32,0,4090533,2174.3371479806806,10,10,252.0,10,200.0
32,0,4090534,2174.3373794620593,10,10,236.0,10,199.0
32,0,4090535,2174.337610943439,10,10,252.0,10,200.0
32,0,4090536,2174.337842424818,10,10,236.0,10,199.0
32,0,4090537,2174.3380739061968,10,10,236.0,10,199.0
32,0,4090538,2174.3383053875755,10,10,252.0,10,200.0
32,0,4090539,2174.3385368689537,10,10,236.0,10,199.0
32,0,4090540,2174.338768350333,10,10,252.0,10,200.0
32,0,4090541,2174.338999831711,10,10,252.0,10,200.0
32,0,4090542,2174.3392313130903,10,10,252.0,10,200.0
32,0,4090543,2174.3394627944685,10,10,236.0,10,199.0
32,0,4090544,2174.3396942758477,10,10,252.0,10,200.0
32,0,4090545,2174.339925757226,10,10,252.0,10,200.0
32,0,4090546,2174.340157238605,10,10,252.0,10,200.0
32,0,4090547,2174.3403887199834,10,10,252.0,10,200.0
32,0,4090548,2174.3406202013625,10,10,236.0,10,199.0
32,0,4090549,2174.340851682741,10,10,252.0,10,200.0
32,0,4090550,2174.34108316412,10,10,252.0,10,200.0
32,0,4090551,2174.341314645498,10,10,252.0,10,200.0
32,0,4090552,2174.3415461268773,10,10,252.0,10,200.0
32,0,4090553,2174.3417776082556,10,10,252.0,10,200.0
32,0,4090554,2174.3420090896348,10,10,252.0,10,200.0
32,0,4090555,2174.342240571013,10,10,236.0,10,199.0
32,0,4090556,2174.3424720523917,10,10,236.0,10,199.0
32,0,4090557,2174.3427035337704,10,10,252.0,10,200.0
32,0,4090558,2174.342935015149,10,10,236.0,10,199.0
32,0,4090559,2174.343166496528,10,10,236.0,10,198.0
32,0,4090560,2174.343397977907,10,10,252.0,10,200.0
32,0,4090561,2174.3436294592866,10,10,236.0,10,199.0
32,0,4090562,2174.3438609406653,10,10,236.0,10,199.0
32,0,4090563,2174.344092422044,10,10,252.0,10,200.0
32,0,4090564,2174.3443239034227,10,10,236.0,10,199.0
32,0,4090565,2174.3445553848014,10,10,236.0,10,199.0
32,0,4090566,2174.34478686618,10,10,252.0,10,200.0
32,0,4090567,2174.345018347559,10,10,252.0,10,200.0
32,0,4090568,2174.3452498289375,10,10,252.0,10,200.0
32,0,4090569,2174.3454813103162,10,10,252.0,10,200.0
32,0,4090570,2174.345712791695,10,10,252.0,10,200.0
32,0,4090571,2174.345944273073,10,10,252.0,10,200.0
32,0,4090572,2174.3461757544524,10,10,236.0,10,199.0
32,0,4090573,2174.3464072358306,10,10,236.0,10,199.0
32,0,4090574,2174.3466387172098,10,10,236.0,10,199.0
32,0,4090575,2174.346870198588,10,10,236.0,10,199.0
32,0,4090576,2174.347101679967,10,10,252.0,10,200.0
32,0,4090577,2174.3473331613463,10,10,252.0,10,200.0
32,0,4090578,2174.347564642725,10,10,236.0,10,199.0
32,0,4090579,2174.3477961241038,10,10,236.0,10,199.0
32,0,4090580,2174.3480276054825,10,10,236.0,10,199.0
32,0,4090581,2174.348259086861,10,10,236.0,10,199.0
32,0,4090582,2174.34849056824,10,10,252.0,10,200.0
32,0,4090583,2174.3487220496186,10,10,252.0,10,200.0
32,0,4090584,2174.3489535309977,10,10,252.0,10,200.0
32,0,4090585,2174.3491850123773,10,10,236.0,10,199.0
32,0,4090586,2174.349416493756,10,10,236.0,10,199.0
32,0,4090587,2174.3496479751348,10,10,252.0,10,200.0
32,0,4090588,2174.3498794565135,10,10,252.0,10,200.0
32,0,4090589,2174.350110937892,10,10,252.0,10,200.0
32,0,4090590,2174.350342419271,10,10,252.0,10,200.0
32,0,4090591,2174.350573900649,10,10,252.0,10,200.0
32,0,4090592,2174.3508053820283,10,10,252.0,10,200.0
32,0,4090593,2174.3510368634065,10,10,252.0,10,200.0
32,0,4090594,2174.3512683447857,10,10,236.0,10,199.0
32,0,4090595,2174.351499826164,10,10,252.0,10,200.0
32,0,4090596,2174.351731307543,10,10,252.0,10,200.0
32,0,4090597,2174.3519627889214,10,10,236.0,10,199.0
32,0,4090598,2174.3521942703005,10,10,252.0,10,200.0
32,0,4090599,2174.3524257516788,10,10,252.0,10,200.0
32,0,4090600,2174.352657233058,10,10,236.0,10,199.0
32,0,4090601,2174.352888714436,10,10,252.0,10,200.0
32,0,4090602,2174.3531201958153,10,10,252.0,10,200.0
32,0,4090603,2174.3533516771936,10,10,236.0,10,199.0
32,0,4090604,2174.3535831585727,10,10,236.0,10,199.0
32,0,4090605,2174.353814639951,10,10,236.0,10,199.0
32,0,4090606,2174.35404612133,10,10,252.0,10,200.0
32,0,4090607,2174.3542776027084,10,10,252.0,10,200.0
32,0,4090608,2174.354509084087,10,10,236.0,10,199.0
32,0,4090609,2174.3547405654667,10,10,252.0,10,200.0
32,0,4090610,2174.354972046846,10,10,252.0,10,200.0
32,0,4090611,2174.3552035282246,10,10,252.0,10,200.0
32,0,4090612,2174.3554350096033,10,10,236.0,10,199.0
32,0,4090613,2174.355666490982,10,10,252.0,10,200.0
32,0,4090614,2174.3558979723607,10,10,252.0,10,200.0
32,0,4090615,2174.3561294537394,10,10,252.0,10,200.0
32,0,4090616,2174.356360935118,10,10,236.0,10,199.0
32,0,4090617,2174.356592416497,10,10,236.0,10,199.0
32,0,4090618,2174.3568238978755,10,10,236.0,10,199.0
32,0,4090619,2174.3570553792542,10,10,252.0,10,200.0
32,0,4090620,2174.357286860633,10,10,236.0,10,199.0
32,0,4090621,2174.3575183420116,10,10,236.0,10,199.0
32,0,4090622,2174.3577498233903,10,10,252.0,10,200.0
32,0,4090623,2174.3579813047686,10,10,252.0,10,200.0
32,0,4090624,2174.3582127861478,10,10,252.0,10,200.0
32,0,4090625,2174.358444267526,10,10,252.0,10,200.0
32,0,4090626,2174.358675748905,10,10,252.0,10,200.0
32,0,4090627,2174.3589072302834,10,10,236.0,10,199.0
32,0,4090628,2174.3591387116626,10,10,252.0,10,200.0
32,0,4090629,2174.359370193041,10,10,252.0,10,200.0
32,0,4090630,2174.35960167442,10,10,252.0,10,200.0
32,0,4090631,2174.3598331557982,10,10,252.0,10,200.0
32,0,4090632,2174.360064637178,10,10,252.0,10,200.0
32,0,4090633,2174.3602961185566,10,10,236.0,10,199.0
32,0,4090634,2174.3605275999357,10,10,236.0,10,199.0
32,0,4090635,2174.3607590813153,10,10,252.0,10,200.0
32,0,4090636,2174.360990562694,10,10,252.0,10,200.0
32,0,4090637,2174.3612220440727,10,10,252.0,10,200.0
32,0,4090638,2174.3614535254515,10,10,252.0,10,200.0
32,0,4090639,2174.36168500683,10,10,252.0,10,200.0
32,0,4090640,2174.361916488209,10,10,252.0,10,200.0
32,0,4090641,2174.362147969587,10,10,252.0,10,200.0
32,0,4090642,2174.3623794509663,10,10,252.0,10,200.0
32,1,4097728,2176.0026565008625,10,10,236.0,10,199.0
32,1,4097729,2176.0028879822407,10,10,252.0,10,200.0
32,1,4097730,2176.00311946362,10,10,236.0,10,199.0
32,1,4097731,2176.003350944998,10,10,236.0,10,199.0
32,1,4097732,2176.003582426377,10,10,252.0,10,200.0
32,1,4097733,2176.0038139077556,10,10,236.0,10,199.0
32,1,4097734,2176.0040453891343,10,10,252.0,10,200.0
32,1,4097735,2176.004276870513,10,10,252.0,10,200.0
32,1,4097736,2176.0045083518917,10,10,236.0,10,199.0
32,1,4097737,2176.0047398332713,10,10,236.0,10,199.0
32,1,4097738,2176.0049713146504,10,10,252.0,10,200.0
32,1,4097739,2176.005202796029,10,10,236.0,10,199.0
32,1,4097740,2176.005434277408,10,10,252.0,10,200.0
32,1,4097741,2176.0056657587866,10,10,236.0,10,199.0
32,1,4097742,2176.0058972401653,10,10,252.0,10,200.0
32,1,4097743,2176.006128721544,10,10,252.0,10,200.0
32,1,4097744,2176.0063602029227,10,10,236.0,10,199.0
32,1,4097745,2176.0065916843014,10,10,252.0,10,200.0
32,1,4097746,2176.00682316568,10,10,236.0,10,199.0
32,1,4097747,2176.007054647059,10,10,236.0,10,199.0
32,1,4097748,2176.0072861284375,10,10,236.0,10,199.0
32,1,4097749,2176.0075176098157,10,10,236.0,10,198.0
32,1,4097750,2176.007749091195,10,10,236.0,10,199.0
32,1,4097751,2176.007980572573,10,10,252.0,10,200.0
32,1,4097752,2176.0082120539523,10,10,252.0,10,200.0
32,1,4097753,2176.0084435353306,10,10,252.0,10,200.0
32,1,4097754,2176.0086750167097,10,10,252.0,10,200.0
32,1,4097755,2176.008906498088,10,10,252.0,10,200.0
32,1,4097756,2176.009137979467,10,10,236.0,10,199.0
32,1,4097757,2176.0093694608454,10,10,236.0,10,199.0
32,1,4097758,2176.0096009422246,10,10,236.0,10,199.0
32,1,4097759,2176.009832423603,10,10,252.0,10,200.0
32,1,4097760,2176.010063904982,10,10,236.0,10,199.0
32,1,4097761,2176.010295386361,10,10,252.0,10,200.0
32,1,4097762,2176.0105268677403,10,10,252.0,10,200.0
32,1,4097763,2176.0107583491194,10,10,252.0,10,200.0
32,1,4097764,2176.0109898304977,10,10,236.0,10,199.0
32,1,4097765,2176.011221311877,10,10,236.0,10,199.0
32,1,4097766,2176.011452793255,10,10,252.0,10,200.0
32,1,4097767,2176.0116842746343,10,10,252.0,10,200.0
32,1,4097768,2176.0119157560125,10,10,236.0,10,199.0
32,1,4097769,2176.012147237391,10,10,252.0,10,200.0
32,1,4097770,2176.01237871877,10,10,236.0,10,198.0
32,1,4097771,2176.0126102001486,10,10,236.0,10,199.0
32,1,4097772,2176.0128416815273,10,10,236.0,10,199.0
32,1,4097773,2176.013073162906,10,10,236.0,10,199.0
32,1,4097774,2176.0133046442847,10,10,252.0,10,200.0
32,1,4097775,2176.0135361256634,10,10,252.0,10,200.0
32,1,4097776,2176.013767607042,10,10,252.0,10,200.0
32,1,4097777,2176.013999088421,10,10,252.0,10,200.0
32,1,4097778,2176.0142305697996,10,10,236.0,10,199.0
32,1,4097779,2176.0144620511783,10,10,252.0,10,200.0
32,1,4097780,2176.014693532557,10,10,252.0,10,200.0
32,1,4097781,2176.014925013936,10,10,236.0,10,199.0
32,1,4097782,2176.0151564953153,10,10,236.0,10,199.0
32,1,4097783,2176.0153879766935,10,10,252.0,10,200.0
32,1,4097784,2176.0156194580723,10,10,252.0,10,200.0
32,1,4097785,2176.015850939452,10,10,252.0,10,200.0
32,1,4097786,2176.016082420831,10,10,236.0,10,199.0
32,1,4097787,2176.0163139022097,10,10,252.0,10,200.0
32,1,4097788,2176.0165453835884,10,10,252.0,10,200.0
32,1,4097789,2176.016776864967,10,10,236.0,10,199.0
32,1,4097790,2176.017008346346,10,10,252.0,10,200.0
32,1,4097791,2176.0172398277246,10,10,252.0,10,200.0
32,1,4097792,2176.0174713091033,10,10,236.0,10,199.0
32,1,4097793,2176.017702790482,10,10,236.0,10,199.0
32,1,4097794,2176.0179342718607,10,10,236.0,10,199.0
32,1,4097795,2176.0181657532394,10,10,236.0,10,199.0
32,1,4097796,2176.018397234618,10,10,252.0,10,200.0
32,1,4097797,2176.018628715997,10,10,252.0,10,200.0
32,1,4097798,2176.0188601973755,10,10,236.0,10,199.0
32,1,4097799,2176.019091678754,10,10,252.0,10,200.0
32,1,4097800,2176.019323160133,10,10,252.0,10,200.0
32,1,4097801,2176.019554641511,10,10,252.0,10,200.0
32,1,4097802,2176.0197861228903,10,10,252.0,10,200.0
32,1,4097803,2176.0200176042686,10,10,236.0,10,199.0
32,1,4097804,2176.0202490856477,10,10,236.0,10,199.0
32,1,4097805,2176.020480567026,10,10,252.0,10,200.0
32,1,4097806,2176.020712048405,10,10,252.0,10,200.0
32,1,4097807,2176.0209435297834,10,10,252.0,10,200.0
32,1,4097808,2176.0211750111625,10,10,236.0,10,199.0
32,1,4097809,2176.0214064925417,10,10,252.0,10,200.0
32,1,4097810,2176.021637973921,10,10,252.0,10,200.0
32,1,4097811,2176.0218694553,10,10,252.0,10,200.0
32,1,4097812,2176.0221009366783,10,10,236.0,10,199.0
32,1,4097813,2176.0223324180574,10,10,236.0,10,199.0
32,1,4097814,2176.0225638994357,10,10,252.0,10,200.0
32,1,4097815,2176.022795380815,10,10,236.0,10,199.0
32,1,4097816,2176.023026862193,10,10,236.0,10,199.0
32,1,4097817,2176.0232583435723,10,10,252.0,10,200.0
32,1,4097818,2176.0234898249505,10,10,236.0,10,199.0
32,1,4097819,2176.023721306329,10,10,236.0,10,199.0
32,1,4097820,2176.023952787708,10,10,236.0,10,199.0
32,1,4097821,2176.0241842690866,10,10,236.0,10,199.0
32,1,4097822,2176.0244157504653,10,10,252.0,10,200.0
32,1,4097823,2176.024647231844,10,10,252.0,10,200.0
32,1,4097824,2176.0248787132227,10,10,252.0,10,200.0
32,1,4097825,2176.0251101946014,10,10,252.0,10,200.0
32,1,4097826,2176.02534167598,10,10,236.0,10,199.0
32,1,4097827,2176.025573157359,10,10,236.0,10,199.0
32,1,4097828,2176.0258046387376,10,10,236.0,10,199.0
32,1,4097829,2176.0260361201163,10,10,236.0,10,199.0
32,1,4097830,2176.026267601495,10,10,252.0,10,200.0
32,1,4097831,2176.0264990828737,10,10,252.0,10,200.0
32,1,4097832,2176.0267305642524,10,10,236.0,10,199.0
32,1,4097833,2176.0269620456315,10,10,252.0,10,200.0
32,1,4097834,2176.0271935270107,10,10,252.0,10,200.0
32,1,4097835,2176.02742500839,10,10,252.0,10,200.0
32,1,4097836,2176.027656489769,10,10,236.0,10,199.0
32,1,4097837,2176.0278879711477,10,10,236.0,10,198.0
32,1,4097838,2176.0281194525264,10,10,252.0,10,200.0
32,1,4097839,2176.028350933905,10,10,252.0,10,200.0
32,1,4097840,2176.028582415284,10,10,236.0,10,199.0
32,1,4097841,2176.0288138966625,10,10,252.0,10,200.0
32,1,4097842,2176.0290453780412,10,10,252.0,10,200.0
32,1,4097843,2176.02927685942,10,10,252.0,10,200.0
32,1,4097844,2176.0295083407987,10,10,252.0,10,200.0
32,1,4097845,2176.0297398221774,10,10,252.0,10,200.0
32,1,4097846,2176.029971303556,10,10,252.0,10,200.0
32,1,4097847,2176.0302027849348,10,10,252.0,10,200.0
32,1,4097848,2176.0304342663135,10,10,236.0,10,199.0
32,1,4097849,2176.030665747692,10,10,236.0,10,199.0
32,1,4097850,2176.030897229071,10,10,236.0,10,199.0
32,1,4097851,2176.031128710449,10,10,252.0,10,200.0
32,1,4097852,2176.0313601918283,10,10,236.0,10,199.0
32,1,4097853,2176.0315916732065,10,10,236.0,10,199.0
32,1,4097854,2176.0318231545857,10,10,236.0,10,199.0
32,1,4097855,2176.032054635964,10,10,252.0,10,200.0
32,1,4097856,2176.032286117343,10,10,252.0,10,200.0
32,1,4097857,2176.0325175987223,10,10,252.0,10,200.0
32,1,4097858,2176.0327490801014,10,10,236.0,10,198.0
32,1,4097859,2176.0329805614806,10,10,236.0,10,199.0
32,1,4097860,2176.033212042859,10,10,252.0,10,200.0
32,1,4097861,2176.033443524238,10,10,252.0,10,200.0
32,1,4097862,2176.0336750056163,10,10,236.0,10,199.0
32,1,4097863,2176.0339064869954,10,10,252.0,10,200.0
32,1,4097864,2176.0341379683737,10,10,252.0,10,200.0
32,1,4097865,2176.034369449753,10,10,236.0,10,199.0
32,1,4097866,2176.034600931131,10,10,252.0,10,200.0
32,1,4097867,2176.0348324125102,10,10,236.0,10,199.0
32,1,4097868,2176.0350638938885,10,10,252.0,10,200.0
32,1,4097869,2176.0352953752677,10,10,236.0,10,199.0
32,1,4097870,2176.035526856646,10,10,252.0,10,200.0
32,1,4097871,2176.0357583380246,10,10,252.0,10,200.0
32,1,4097872,2176.0359898194033,10,10,236.0,10,199.0
32,1,4097873,2176.036221300782,10,10,236.0,10,199.0
32,1,4097874,2176.0364527821607,10,10,236.0,10,199.0
32,1,4097875,2176.0366842635394,10,10,252.0,10,200.0
32,1,4097876,2176.036915744918,10,10,252.0,10,200.0
32,1,4097877,2176.037147226297,10,10,236.0,10,199.0
32,1,4097878,2176.0373787076755,10,10,252.0,10,200.0
32,1,4097879,2176.0376101890542,10,10,236.0,10,199.0
32,1,4097880,2176.037841670433,10,10,236.0,10,199.0
32,1,4097881,2176.038073151812,10,10,236.0,10,199.0
32,1,4097882,2176.0383046331917,10,10,252.0,10,200.0
32,1,4097883,2176.0385361145704,10,10,252.0,10,200.0
32,1,4097884,2176.038767595949,10,10,252.0,10,200.0
32,1,4097885,2176.038999077328,10,10,236.0,10,199.0
32,1,4097886,2176.039230558706,10,10,252.0,10,200.0
32,1,4097887,2176.0394620400853,10,10,236.0,10,199.0
32,1,4097888,2176.0396935214635,10,10,236.0,10,199.0
32,1,4097889,2176.0399250028427,10,10,252.0,10,200.0
32,1,4097890,2176.040156484221,10,10,236.0,10,199.0
32,1,4097891,2176.0403879656005,10,10,252.0,10,200.0
32,1,4097892,2176.0406194469792,10,10,236.0,10,199.0
32,1,4097893,2176.040850928358,10,10,252.0,10,200.0
32,1,4097894,2176.0410824097366,10,10,252.0,10,200.0
32,1,4097895,2176.0413138911154,10,10,252.0,10,200.0
32,1,4097896,2176.041545372494,10,10,252.0,10,200.0
32,1,4097897,2176.0417768538728,10,10,252.0,10,200.0
32,1,4097898,2176.0420083352515,10,10,236.0,10,199.0
32,1,4097899,2176.04223981663,10,10,236.0,10,199.0
32,1,4097900,2176.042471298009,10,10,236.0,10,199.0
32,1,4097901,2176.0427027793876,10,10,252.0,10,200.0
32,1,4097902,2176.0429342607663,10,10,252.0,10,200.0
32,1,4097903,2176.0431657421445,10,10,252.0,10,200.0
32,1,4097904,2176.0433972235237,10,10,236.0,10,199.0
32,1,4097905,2176.043628704903,10,10,252.0,10,200.0
32,1,4097906,2176.043860186282,10,10,236.0,10,199.0
32,1,4097907,2176.044091667661,10,10,236.0,10,199.0
32,1,4097908,2176.0443231490394,10,10,236.0,10,199.0
32,1,4097909,2176.0445546304186,10,10,236.0,10,199.0
32,1,4097910,2176.044786111797,10,10,236.0,10,199.0
32,1,4097911,2176.045017593176,10,10,236.0,10,199.0
32,1,4097912,2176.0452490745542,10,10,252.0,10,200.0
32,1,4097913,2176.0454805559334,10,10,236.0,10,199.0
32,1,4097914,2176.0457120373117,10,10,236.0,10,199.0
32,1,4097915,2176.045943518691,10,10,236.0,10,199.0
32,1,4097916,2176.046175000069,10,10,252.0,10,200.0
32,1,4097917,2176.0464064814482,10,10,252.0,10,200.0
32,1,4097918,2176.0466379628265,10,10,252.0,10,200.0
32,1,4097919,2176.046869444205,10,10,252.0,10,200.0
32,1,4097920,2176.047100925584,10,10,252.0,10,200.0
32,1,4097921,2176.0473324069626,10,10,252.0,10,200.0
32,1,4097922,2176.0475638883413,10,10,252.0,10,200.0
32,1,4097923,2176.04779536972,10,10,252.0,10,200.0
32,1,4097924,2176.0480268510987,10,10,252.0,10,200.0
32,1,4097925,2176.0482583324774,10,10,252.0,10,200.0
32,1,4097926,2176.048489813856,10,10,236.0,10,199.0
32,1,4097927,2176.048721295235,10,10,236.0,10,199.0
32,1,4097928,2176.0489527766135,10,10,252.0,10,200.0
32,1,4097929,2176.0491842579927,10,10,236.0,10,199.0
32,1,4097930,2176.0494157393723,10,10,252.0,10,200.0
32,1,4097931,2176.049647220751,10,10,252.0,10,200.0
32,1,4097932,2176.0498787021297,10,10,252.0,10,200.0
32,1,4097933,2176.0501101835084,10,10,236.0,10,199.0
32,1,4097934,2176.050341664887,10,10,252.0,10,200.0
32,1,4097935,2176.050573146266,10,10,252.0,10,200.0
32,1,4097936,2176.050804627644,10,10,236.0,10,199.0
32,1,4097937,2176.0510361090232,10,10,252.0,10,200.0
32,1,4097938,2176.0512675904015,10,10,236.0,10,199.0
32,1,4097939,2176.0514990717807,10,10,236.0,10,199.0
32,1,4097940,2176.051730553159,10,10,252.0,10,200.0
32,1,4097941,2176.051962034538,10,10,252.0,10,200.0
32,1,4097942,2176.0521935159163,10,10,236.0,10,199.0
32,1,4097943,2176.0524249972955,10,10,252.0,10,200.0
32,1,4097944,2176.0526564786737,10,10,252.0,10,200.0
32,1,4097945,2176.052887960053,10,10,252.0,10,200.0
32,1,4097946,2176.053119441432,10,10,252.0,10,200.0
32,1,4097947,2176.0533509228108,10,10,252.0,10,200.0
32,1,4097948,2176.0535824041895,10,10,252.0,10,200.0
32,1,4097949,2176.053813885568,10,10,236.0,10,198.0
32,1,4097950,2176.054045366947,10,10,252.0,10,200.0
32,1,4097951,2176.0542768483256,10,10,252.0,10,200.0
32,1,4097952,2176.0545083297043,10,10,236.0,10,199.0
32,1,4097953,2176.0547398110834,10,10,252.0,10,200.0
32,1,4097954,2176.054971292463,10,10,252.0,10,200.0
32,1,4097955,2176.0552027738418,10,10,252.0,10,200.0
32,1,4097956,2176.05543425522,10,10,252.0,10,200.0
32,1,4097957,2176.055665736599,10,10,236.0,10,199.0
32,1,4097958,2176.0558972179774,10,10,252.0,10,200.0
32,1,4097959,2176.0561286993566,10,10,236.0,10,199.0
32,1,4097960,2176.056360180735,10,10,252.0,10,200.0
32,1,4097961,2176.056591662114,10,10,236.0,10,199.0
32,1,4097962,2176.0568231434922,10,10,236.0,10,199.0
32,1,4097963,2176.0570546248714,10,10,236.0,10,199.0
32,1,4097964,2176.0572861062496,10,10,236.0,10,199.0
32,1,4097965,2176.057517587629,10,10,252.0,10,200.0
32,1,4097966,2176.057749069007,10,10,236.0,10,199.0
32,1,4097967,2176.057980550386,10,10,252.0,10,200.0
32,1,4097968,2176.0582120317645,10,10,252.0,10,200.0
32,1,4097969,2176.0584435131436,10,10,252.0,10,200.0
32,1,4097970,2176.058674994522,10,10,236.0,10,199.0
32,1,4097971,2176.0589064759006,10,10,236.0,10,199.0
32,1,4097972,2176.0591379572793,10,10,252.0,10,200.0
32,1,4097973,2176.059369438658,10,10,252.0,10,200.0
32,1,4097974,2176.0596009200367,10,10,252.0,10,200.0
32,1,4097975,2176.0598324014154,10,10,252.0,10,200.0
32,1,4097976,2176.060063882794,10,10,252.0,10,200.0
32,1,4097977,2176.0602953641733,10,10,236.0,10,199.0
32,1,4097978,2176.060526845553,10,10,252.0,10,200.0
32,1,4097979,2176.0607583269316,10,10,252.0,10,200.0
32,1,4097980,2176.0609898083103,10,10,252.0,10,200.0
32,1,4097981,2176.061221289689,10,10,252.0,10,200.0
32,1,4097982,2176.0614527710677,10,10,236.0,10,199.0
32,1,4097983,2176.0616842524464,10,10,236.0,10,199.0
32,1,4097984,2176.061915733825,10,10,252.0,10,200.0
32,1,4097985,2176.062147215204,10,10,252.0,10,200.0
32,1,4097986,2176.0623786965825,10,10,252.0,10,200.0
32,1,4097987,2176.0626101779612,10,10,236.0,10,199.0
32,1,4097988,2176.0628416593395,10,10,252.0,10,200.0
32,1,4097989,2176.0630731407186,10,10,236.0,10,199.0
32,1,4097990,2176.063304622097,10,10,252.0,10,200.0
32,1,4097991,2176.063536103476,10,10,252.0,10,200.0
32,1,4097992,2176.0637675848543,10,10,236.0,10,199.0
32,1,4097993,2176.0639990662335,10,10,252.0,10,200.0
32,1,4097994,2176.0642305476117,10,10,236.0,10,199.0
32,1,4097995,2176.064462028991,10,10,252.0,10,200.0
32,1,4097996,2176.064693510369,10,10,236.0,10,199.0
32,1,4097997,2176.0649249917483,10,10,236.0,10,199.0
32,1,4097998,2176.0651564731265,10,10,236.0,10,199.0
32,1,4097999,2176.065387954506,10,10,252.0,10,200.0
32,1,4098000,2176.065619435885,10,10,252.0,10,200.0
32,1,4098001,2176.065850917264,10,10,252.0,10,200.0
32,1,4098002,2176.0660823986436,10,10,236.0,10,199.0
32,1,4098003,2176.0663138800223,10,10,252.0,10,200.0
32,1,4098004,2176.066545361401,10,10,252.0,10,200.0
32,1,4098005,2176.0667768427797,10,10,252.0,10,200.0
32,1,4098006,2176.067008324158,10,10,236.0,10,199.0
32,1,4098007,2176.067239805537,10,10,252.0,10,200.0
32,1,4098008,2176.0674712869154,10,10,236.0,10,199.0
32,1,4098009,2176.0677027682946,10,10,252.0,10,200.0
32,1,4098010,2176.067934249673,10,10,236.0,10,199.0
32,1,4098011,2176.068165731052,10,10,236.0,10,199.0
32,1,4098012,2176.06839721243,10,10,236.0,10,199.0
32,1,4098013,2176.0686286938094,10,10,252.0,10,200.0
32,1,4098014,2176.0688601751876,10,10,252.0,10,200.0
32,1,4098015,2176.069091656567,10,10,252.0,10,200.0
32,1,4098016,2176.069323137945,10,10,252.0,10,200.0
32,1,4098017,2176.069554619324,10,10,236.0,10,199.0
32,1,4098018,2176.0697861007025,10,10,252.0,10,200.0
32,1,4098019,2176.0700175820816,10,10,252.0,10,200.0
32,1,4098020,2176.07024906346,10,10,252.0,10,200.0
32,1,4098021,2176.0704805448386,10,10,252.0,10,200.0
32,1,4098022,2176.0707120262173,10,10,252.0,10,200.0
32,1,4098023,2176.070943507596,10,10,252.0,10,200.0
32,1,4098024,2176.0711749889747,10,10,252.0,10,200.0
32,1,4098025,2176.071406470354,10,10,252.0,10,200.0
32,1,4098026,2176.0716379517335,10,10,252.0,10,200.0
32,1,4098027,2176.071869433112,10,10,236.0,10,199.0
32,1,4098028,2176.072100914491,10,10,236.0,10,199.0
32,1,4098029,2176.0723323958696,10,10,236.0,10,199.0
32,1,4098030,2176.0725638772483,10,10,252.0,10,200.0
32,1,4098031,2176.072795358627,10,10,252.0,10,200.0
32,1,4098032,2176.0730268400057,10,10,252.0,10,200.0
32,1,4098033,2176.0732583213844,10,10,236.0,10,199.0
32,1,4098034,2176.073489802763,10,10,236.0,10,199.0
32,1,4098035,2176.073721284142,10,10,236.0,10,199.0
32,1,4098036,2176.0739527655205,10,10,252.0,10,200.0
32,1,4098037,2176.074184246899,10,10,236.0,10,199.0
32,1,4098038,2176.0744157282775,10,10,252.0,10,200.0
32,1,4098039,2176.0746472096566,10,10,252.0,10,200.0
32,1,4098040,2176.074878691035,10,10,252.0,10,200.0
32,1,4098041,2176.075110172414,10,10,252.0,10,200.0
32,1,4098042,2176.0753416537923,10,10,252.0,10,200.0
32,1,4098043,2176.0755731351715,10,10,236.0,10,199.0
32,1,4098044,2176.0758046165497,10,10,252.0,10,200.0
32,1,4098045,2176.076036097929,10,10,252.0,10,200.0
32,1,4098046,2176.076267579307,10,10,252.0,10,200.0
32,1,4098047,2176.0764990606863,10,10,252.0,10,200.0
32,1,4098048,2176.0767305420645,10,10,236.0,10,199.0
32,1,4098049,2176.076962023444,10,10,252.0,10,200.0
32,1,4098050,2176.0771935048238,10,10,252.0,10,200.0
32,1,4098051,2176.077424986202,10,10,236.0,10,199.0
32,1,4098052,2176.077656467581,10,10,236.0,10,199.0
32,1,4098053,2176.0778879489594,10,10,236.0,10,199.0
32,1,4098054,2176.078119430339,10,10,236.0,10,199.0
32,1,4098055,2176.0783509117177,10,10,236.0,10,199.0
32,1,4098056,2176.0785823930964,10,10,252.0,10,200.0
32,1,4098057,2176.078813874475,10,10,236.0,10,199.0
32,1,4098058,2176.0790453558534,10,10,252.0,10,200.0
32,1,4098059,2176.0792768372326,10,10,252.0,10,200.0
32,1,4098060,2176.079508318611,10,10,252.0,10,200.0
32,1,4098061,2176.07973979999,10,10,252.0,10,200.0
32,1,4098062,2176.079971281368,10,10,252.0,10,200.0
32,1,4098063,2176.0802027627474,10,10,236.0,10,199.0
32,1,4098064,2176.0804342441256,10,10,252.0,10,200.0
32,1,4098065,2176.080665725505,10,10,252.0,10,200.0
32,1,4098066,2176.080897206883,10,10,252.0,10,200.0
32,1,4098067,2176.081128688262,10,10,236.0,10,199.0
32,1,4098068,2176.0813601696404,10,10,252.0,10,200.0
32,1,4098069,2176.0815916510196,10,10,236.0,10,199.0
32,1,4098070,2176.081823132398,10,10,252.0,10,200.0
32,1,4098071,2176.082054613777,10,10,236.0,10,199.0
32,1,4098072,2176.0822860951553,10,10,252.0,10,200.0
32,1,4098073,2176.0825175765344,10,10,236.0,10,199.0
32,1,4098074,2176.082749057914,10,10,252.0,10,200.0
32,1,4098075,2176.0829805392927,10,10,252.0,10,200.0
32,1,4098076,2176.0832120206715,10,10,252.0,10,200.0
32,1,4098077,2176.08344350205,10,10,236.0,10,199.0
32,1,4098078,2176.083674983429,10,10,252.0,10,200.0
32,1,4098079,2176.0839064648076,10,10,236.0,10,199.0
32,1,4098080,2176.0841379461863,10,10,252.0,10,200.0
32,1,4098081,2176.084369427565,10,10,236.0,10,199.0
32,1,4098082,2176.0846009089437,10,10,236.0,10,199.0
32,1,4098083,2176.0848323903224,10,10,252.0,10,200.0
32,1,4098084,2176.085063871701,10,10,252.0,10,200.0
32,1,4098085,2176.08529535308,10,10,252.0,10,200.0
32,1,4098086,2176.0855268344585,10,10,252.0,10,200.0
32,1,4098087,2176.085758315837,10,10,252.0,10,200.0
32,1,4098088,2176.085989797216,10,10,252.0,10,200.0
32,1,4098089,2176.0862212785946,10,10,236.0,10,199.0
32,1,4098090,2176.086452759973,10,10,252.0,10,200.0
32,1,4098091,2176.086684241352,10,10,236.0,10,199.0
32,1,4098092,2176.0869157227303,10,10,236.0,10,199.0
32,1,4098093,2176.0871472041094,10,10,252.0,10,200.0
32,1,4098094,2176.0873786854877,10,10,252.0,10,200.0
32,1,4098095,2176.087610166867,10,10,252.0,10,200.0
32,1,4098096,2176.087841648245,10,10,252.0,10,200.0
32,1,4098097,2176.0880731296247,10,10,252.0,10,200.0
32,1,4098098,2176.0883046110043,10,10,252.0,10,200.0
32,1,4098099,2176.0885360923826,10,10,236.0,10,199.0
32,1,4098100,2176.0887675737617,10,10,252.0,10,200.0
32,1,4098101,2176.08899905514,10,10,252.0,10,200.0
32,1,4098102,2176.089230536519,10,10,236.0,10,199.0
32,1,4098103,2176.0894620178974,10,10,252.0,10,200.0
32,1,4098104,2176.0896934992766,10,10,252.0,10,200.0
32,1,4098105,2176.089924980655,10,10,236.0,10,199.0
32,1,4098106,2176.090156462034,10,10,252.0,10,200.0
32,1,4098107,2176.090387943412,10,10,252.0,10,200.0
32,1,4098108,2176.090619424791,10,10,252.0,10,200.0
32,1,4098109,2176.0908509061705,10,10,236.0,10,199.0
32,1,4098110,2176.091082387549,10,10,236.0,10,199.0
32,1,4098111,2176.091313868928,10,10,252.0,10,200.0
32,1,4098112,2176.091545350306,10,10,252.0,10,200.0
32,1,4098113,2176.0917768316854,10,10,252.0,10,200.0
32,1,4098114,2176.0920083130636,10,10,236.0,10,199.0
32,1,4098115,2176.092239794443,10,10,236.0,10,199.0
32,1,4098116,2176.092471275821,10,10,236.0,10,199.0
32,1,4098117,2176.0927027572,10,10,252.0,10,200.0
32,1,4098118,2176.0929342385784,10,10,252.0,10,200.0
32,1,4098119,2176.0931657199576,10,10,236.0,10,199.0
32,1,4098120,2176.093397201336,10,10,252.0,10,200.0
32,1,4098121,2176.0936286827155,10,10,252.0,10,200.0
32,1,4098122,2176.093860164095,10,10,252.0,10,200.0
32,1,4098123,2176.0940916454733,10,10,236.0,10,199.0
32,1,4098124,2176.0943231268525,10,10,252.0,10,200.0
32,1,4098125,2176.0945546082307,10,10,252.0,10,200.0
32,1,4098126,2176.0947860896094,10,10,252.0,10,200.0
32,1,4098127,2176.095017570988,10,10,252.0,10,200.0
32,1,4098128,2176.095249052367,10,10,252.0,10,200.0
32,2,4107492,2178.262840683096,10,10,236.0,10,199.0
32,2,4107493,2178.263072164474,10,10,236.0,10,199.0
32,2,4107494,2178.2633036458533,10,10,236.0,10,199.0
32,2,4107495,2178.2635351272315,10,10,236.0,10,198.0
32,2,4107496,2178.2637666086107,10,10,252.0,10,200.0
32,2,4107497,2178.26399808999,10,10,252.0,10,200.0
32,2,4107498,2178.2642295713686,10,10,252.0,10,200.0
32,2,4107499,2178.2644610527473,10,10,252.0,10,200.0
32,2,4107500,2178.264692534126,10,10,236.0,10,199.0
32,2,4107501,2178.2649240155047,10,10,252.0,10,200.0
32,2,4107502,2178.2651554968834,10,10,236.0,10,199.0
32,2,4107503,2178.265386978263,10,10,252.0,10,200.0
32,2,4107504,2178.265618459642,10,10,236.0,10,199.0
32,2,4107505,2178.265849941021,10,10,252.0,10,200.0
32,2,4107506,2178.2660814223996,10,10,252.0,10,200.0
32,2,4107507,2178.2663129037783,10,10,236.0,10,199.0
32,2,4107508,2178.266544385157,10,10,236.0,10,199.0
32,2,4107509,2178.2667758665357,10,10,236.0,10,199.0
32,2,4107510,2178.2670073479144,10,10,236.0,10,199.0
32,2,4107511,2178.2672388292926,10,10,252.0,10,200.0
32,2,4107512,2178.267470310672,10,10,236.0,10,199.0
32,2,4107513,2178.26770179205,10,10,236.0,10,199.0
32,2,4107514,2178.267933273429,10,10,252.0,10,200.0
32,2,4107515,2178.2681647548075,10,10,252.0,10,200.0
32,2,4107516,2178.2683962361866,10,10,252.0,10,200.0
32,2,4107517,2178.268627717565,10,10,236.0,10,199.0
32,2,4107518,2178.268859198944,10,10,236.0,10,199.0
32,2,4107519,2178.2690906803223,10,10,236.0,10,198.0
32,2,4107520,2178.2693221617014,10,10,236.0,10,199.0
32,2,4107521,2178.2695536430797,10,10,236.0,10,199.0
32,2,4107522,2178.269785124459,10,10,252.0,10,200.0
32,2,4107523,2178.270016605837,10,10,252.0,10,200.0
32,2,4107524,2178.2702480872163,10,10,236.0,10,199.0
32,2,4107525,2178.2704795685945,10,10,236.0,10,199.0
32,2,4107526,2178.270711049974,10,10,236.0,10,198.0
32,2,4107527,2178.2709425313533,10,10,236.0,10,199.0
32,2,4107528,2178.271174012732,10,10,252.0,10,200.0
32,2,4107529,2178.2714054941107,10,10,252.0,10,200.0
32,2,4107530,2178.2716369754894,10,10,236.0,10,199.0
32,2,4107531,2178.271868456868,10,10,236.0,10,199.0
32,2,4107532,2178.272099938247,10,10,236.0,10,199.0
32,2,4107533,2178.2723314196255,10,10,252.0,10,200.0
32,2,4107534,2178.272562901004,10,10,252.0,10,200.0
32,2,4107535,2178.272794382383,10,10,236.0,10,199.0
32,2,4107536,2178.2730258637616,10,10,252.0,10,200.0
32,2,4107537,2178.2732573451403,10,10,236.0,10,199.0
32,2,4107538,2178.273488826519,10,10,252.0,10,200.0
32,2,4107539,2178.2737203078977,10,10,236.0,10,199.0
32,2,4107540,2178.2739517892765,10,10,252.0,10,200.0
32,2,4107541,2178.274183270655,10,10,236.0,10,199.0
32,2,4107542,2178.274414752034,10,10,252.0,10,200.0
32,2,4107543,2178.2746462334126,10,10,252.0,10,200.0
32,2,4107544,2178.2748777147913,10,10,252.0,10,200.0
32,2,4107545,2178.2751091961695,10,10,252.0,10,200.0
32,2,4107546,2178.2753406775487,10,10,252.0,10,200.0
32,2,4107547,2178.275572158927,10,10,236.0,10,199.0
32,2,4107548,2178.275803640306,10,10,236.0,10,199.0
32,2,4107549,2178.2760351216853,10,10,252.0,10,200.0
32,2,4107550,2178.2762666030644,10,10,236.0,10,199.0
32,2,4107551,2178.2764980844436,10,10,252.0,10,200.0
32,2,4107552,2178.2767295658227,10,10,252.0,10,200.0
32,2,4107553,2178.2769610472014,10,10,252.0,10,200.0
32,2,4107554,2178.27719252858,10,10,236.0,10,199.0
32,2,4107555,2178.277424009959,10,10,252.0,10,200.0
32,2,4107556,2178.2776554913376,10,10,252.0,10,200.0
32,2,4107557,2178.2778869727163,10,10,252.0,10,200.0
32,2,4107558,2178.278118454095,10,10,252.0,10,200.0
32,2,4107559,2178.2783499354737,10,10,236.0,10,199.0
32,2,4107560,2178.2785814168524,10,10,236.0,10,199.0
32,2,4107561,2178.2788128982306,10,10,236.0,10,199.0
32,2,4107562,2178.27904437961,10,10,236.0,10,199.0
32,2,4107563,2178.279275860988,10,10,236.0,10,199.0
32,2,4107564,2178.279507342367,10,10,236.0,10,199.0
32,2,4107565,2178.2797388237454,10,10,236.0,10,199.0
32,2,4107566,2178.2799703051246,10,10,252.0,10,200.0
32,2,4107567,2178.280201786503,10,10,236.0,10,199.0
32,2,4107568,2178.280433267882,10,10,252.0,10,200.0
32,2,4107569,2178.2806647492603,10,10,252.0,10,200.0
32,2,4107570,2178.2808962306394,10,10,252.0,10,200.0
32,2,4107571,2178.2811277120177,10,10,252.0,10,200.0
32,2,4107572,2178.2813591933973,10,10,252.0,10,200.0
32,2,4107573,2178.281590674777,10,10,236.0,10,199.0
32,2,4107574,2178.281822156155,10,10,236.0,10,199.0
32,2,4107575,2178.2820536375343,10,10,236.0,10,199.0
32,2,4107576,2178.2822851189126,10,10,252.0,10,200.0
32,2,4107577,2178.2825166002917,10,10,252.0,10,200.0
32,2,4107578,2178.28274808167,10,10,252.0,10,200.0
32,2,4107579,2178.2829795630487,10,10,236.0,10,199.0
32,2,4107580,2178.2832110444274,10,10,252.0,10,200.0
32,2,4107581,2178.283442525806,10,10,252.0,10,200.0
32,2,4107582,2178.283674007185,10,10,236.0,10,199.0
32,2,4107583,2178.2839054885635,10,10,236.0,10,199.0
32,2,4107584,2178.284136969942,10,10,236.0,10,199.0
32,2,4107585,2178.284368451321,10,10,236.0,10,198.0
32,2,4107586,2178.2845999326996,10,10,236.0,10,199.0
32,2,4107587,2178.2848314140783,10,10,252.0,10,200.0
32,2,4107588,2178.285062895457,10,10,252.0,10,200.0
32,2,4107589,2178.2852943768357,10,10,252.0,10,200.0
32,2,4107590,2178.2855258582144,10,10,252.0,10,200.0
32,2,4107591,2178.285757339593,10,10,252.0,10,200.0
32,2,4107592,2178.285988820972,10,10,236.0,10,199.0
32,2,4107593,2178.28622030235,10,10,236.0,10,199.0
32,2,4107594,2178.2864517837293,10,10,236.0,10,199.0
32,2,4107595,2178.2866832651084,10,10,236.0,10,199.0
32,2,4107596,2178.2869147464876,10,10,236.0,10,199.0
32,2,4107597,2178.2871462278667,10,10,236.0,10,199.0
32,2,4107598,2178.287377709245,10,10,236.0,10,198.0
32,2,4107599,2178.287609190624,10,10,252.0,10,200.0
32,2,4107600,2178.2878406720024,10,10,236.0,10,199.0
32,2,4107601,2178.2880721533816,10,10,252.0,10,200.0
32,2,4107602,2178.28830363476,10,10,236.0,10,199.0
32,2,4107603,2178.288535116139,10,10,236.0,10,199.0
32,2,4107604,2178.288766597517,10,10,236.0,10,199.0
32,2,4107605,2178.288998078897,10,10,236.0,10,199.0
32,2,4107606,2178.2892295602755,10,10,236.0,10,199.0
32,2,4107607,2178.2894610416542,10,10,252.0,10,200.0
32,2,4107608,2178.289692523033,10,10,252.0,10,200.0
32,2,4107609,2178.2899240044117,10,10,236.0,10,199.0
32,2,4107610,2178.2901554857904,10,10,236.0,10,199.0
32,2,4107611,2178.290386967169,10,10,236.0,10,199.0
32,2,4107612,2178.290618448548,10,10,236.0,10,199.0
32,2,4107613,2178.290849929926,10,10,236.0,10,199.0
32,2,4107614,2178.291081411305,10,10,252.0,10,200.0
32,2,4107615,2178.2913128926834,10,10,236.0,10,199.0
32,2,4107616,2178.2915443740626,10,10,236.0,10,199.0
32,2,4107617,2178.291775855441,10,10,252.0,10,200.0
32,2,4107618,2178.29200733682,10,10,236.0,10,199.0
32,2,4107619,2178.292238818199,10,10,236.0,10,199.0
32,2,4107620,2178.2924702995783,10,10,252.0,10,200.0
32,2,4107621,2178.2927017809575,10,10,252.0,10,200.0
32,2,4107622,2178.2929332623357,10,10,236.0,10,199.0
32,2,4107623,2178.293164743715,10,10,252.0,10,200.0
32,2,4107624,2178.293396225093,10,10,236.0,10,199.0
32,2,4107625,2178.2936277064723,10,10,236.0,10,199.0
32,2,4107626,2178.2938591878506,10,10,252.0,10,200.0
32,2,4107627,2178.2940906692297,10,10,252.0,10,200.0
32,2,4107628,2178.294322150608,10,10,252.0,10,200.0
32,2,4107629,2178.2945536319867,10,10,236.0,10,199.0
32,2,4107630,2178.2947851133654,10,10,236.0,10,199.0
32,2,4107631,2178.295016594744,10,10,236.0,10,199.0
32,2,4107632,2178.295248076123,10,10,252.0,10,200.0
32,2,4107633,2178.2954795575015,10,10,252.0,10,200.0
32,2,4107634,2178.29571103888,10,10,252.0,10,200.0
32,2,4107635,2178.295942520259,10,10,236.0,10,199.0
32,2,4107636,2178.2961740016376,10,10,236.0,10,199.0
32,2,4107637,2178.2964054830163,10,10,236.0,10,199.0
32,2,4107638,2178.296636964395,10,10,252.0,10,200.0
32,2,4107639,2178.2968684457737,10,10,252.0,10,200.0
32,2,4107640,2178.2970999271524,10,10,252.0,10,200.0
32,2,4107641,2178.297331408531,10,10,252.0,10,200.0
32,2,4107642,2178.2975628899108,10,10,252.0,10,200.0
32,2,4107643,2178.29779437129,10,10,236.0,10,198.0
32,2,4107644,2178.2980258526686,10,10,252.0,10,200.0
32,2,4107645,2178.2982573340473,10,10,252.0,10,200.0
32,2,4107646,2178.2984888154256,10,10,252.0,10,200.0
32,2,4107647,2178.2987202968047,10,10,236.0,10,199.0
32,2,4107648,2178.298951778183,10,10,252.0,10,200.0
32,2,4107649,2178.299183259562,10,10,236.0,10,199.0
32,2,4107650,2178.2994147409404,10,10,236.0,10,199.0
32,2,4107651,2178.2996462223196,10,10,252.0,10,200.0
32,2,4107652,2178.299877703698,10,10,252.0,10,200.0
32,2,4107653,2178.300109185077,10,10,236.0,10,199.0
32,2,4107654,2178.300340666455,10,10,236.0,10,199.0
32,2,4107655,2178.3005721478344,10,10,236.0,10,199.0
32,2,4107656,2178.3008036292126,10,10,236.0,10,199.0
32,2,4107657,2178.301035110592,10,10,236.0,10,199.0
32,2,4107658,2178.30126659197,10,10,252.0,10,200.0
32,2,4107659,2178.301498073349,10,10,236.0,10,199.0
32,2,4107660,2178.3017295547284,10,10,252.0,10,200.0
32,2,4107661,2178.301961036107,10,10,236.0,10,199.0
32,2,4107662,2178.3021925174858,10,10,236.0,10,199.0
32,2,4107663,2178.302423998864,10,10,236.0,10,199.0
32,2,4107664,2178.302655480243,10,10,236.0,10,199.0
32,2,4107665,2178.3028869616223,10,10,236.0,10,199.0
32,2,4107666,2178.3031184430015,10,10,252.0,10,200.0
32,2,4107667,2178.3033499243807,10,10,236.0,10,199.0
32,2,4107668,2178.303581405759,10,10,236.0,10,199.0
32,2,4107669,2178.303812887138,10,10,252.0,10,200.0
32,2,4107670,2178.3040443685163,10,10,252.0,10,200.0
32,2,4107671,2178.3042758498955,10,10,236.0,10,198.0
32,2,4107672,2178.3045073312737,10,10,252.0,10,200.0
32,2,4107673,2178.304738812653,10,10,252.0,10,200.0
32,2,4107674,2178.304970294031,10,10,236.0,10,199.0
32,2,4107675,2178.3052017754103,10,10,236.0,10,199.0
32,2,4107676,2178.3054332567885,10,10,236.0,10,199.0
32,2,4107677,2178.3056647381677,10,10,236.0,10,199.0
32,2,4107678,2178.305896219546,10,10,236.0,10,199.0
32,2,4107679,2178.306127700925,10,10,236.0,10,199.0
32,2,4107680,2178.3063591823034,10,10,252.0,10,200.0
32,2,4107681,2178.306590663682,10,10,236.0,10,199.0
32,2,4107682,2178.306822145061,10,10,236.0,10,199.0
32,2,4107683,2178.3070536264395,10,10,236.0,10,199.0
32,2,4107684,2178.307285107818,10,10,236.0,10,199.0
32,2,4107685,2178.307516589197,10,10,236.0,10,199.0
32,2,4107686,2178.3077480705756,10,10,236.0,10,199.0
32,2,4107687,2178.3079795519543,10,10,236.0,10,199.0
32,2,4107688,2178.308211033334,10,10,252.0,10,200.0
32,2,4107689,2178.308442514713,10,10,252.0,10,200.0
32,2,4107690,2178.308673996092,10,10,236.0,10,199.0
32,2,4107691,2178.3089054774705,10,10,236.0,10,199.0
32,2,4107692,2178.309136958849,10,10,236.0,10,199.0
32,2,4107693,2178.309368440228,10,10,236.0,10,199.0
32,2,4107694,2178.3095999216066,10,10,252.0,10,200.0
32,2,4107695,2178.3098314029853,10,10,252.0,10,200.0
32,2,4107696,2178.310062884364,10,10,252.0,10,200.0
32,2,4107697,2178.3102943657427,10,10,236.0,10,199.0
32,2,4107698,2178.310525847121,10,10,236.0,10,199.0
32,2,4107699,2178.3107573285,10,10,236.0,10,199.0
32,2,4107700,2178.3109888098784,10,10,236.0,10,199.0
32,2,4107701,2178.3112202912575,10,10,236.0,10,199.0
32,2,4107702,2178.311451772636,10,10,236.0,10,199.0
32,2,4107703,2178.311683254015,10,10,252.0,10,200.0
32,2,4107704,2178.311914735393,10,10,236.0,10,199.0
32,2,4107705,2178.3121462167724,10,10,252.0,10,200.0
32,2,4107706,2178.3123776981506,10,10,236.0,10,199.0
32,2,4107707,2178.3126091795298,10,10,236.0,10,199.0
32,2,4107708,2178.312840660908,10,10,236.0,10,199.0
32,2,4107709,2178.313072142287,10,10,236.0,10,199.0
32,2,4107710,2178.3133036236654,10,10,252.0,10,200.0
32,2,4107711,2178.313535105045,10,10,252.0,10,200.0
32,2,4107712,2178.3137665864247,10,10,236.0,10,199.0
32,2,4107713,2178.313998067803,10,10,236.0,10,199.0
32,2,4107714,2178.3142295491816,10,10,236.0,10,199.0
32,2,4107715,2178.3144610305612,10,10,236.0,10,199.0
32,2,4107716,2178.3146925119395,10,10,236.0,10,199.0
32,2,4107717,2178.3149239933186,10,10,236.0,10,199.0
32,2,4107718,2178.315155474697,10,10,252.0,10,200.0
32,2,4107719,2178.315386956076,10,10,236.0,10,199.0
32,2,4107720,2178.3156184374543,10,10,252.0,10,200.0
32,2,4107721,2178.3158499188335,10,10,252.0,10,200.0
32,2,4107722,2178.3160814002117,10,10,236.0,10,199.0
32,2,4107723,2178.316312881591,10,10,252.0,10,200.0
32,2,4107724,2178.316544362969,10,10,236.0,10,199.0
32,2,4107725,2178.3167758443483,10,10,252.0,10,200.0
32,2,4107726,2178.3170073257265,10,10,236.0,10,199.0
32,2,4107727,2178.3172388071057,10,10,236.0,10,199.0
32,2,4107728,2178.317470288484,10,10,236.0,10,199.0
32,2,4107729,2178.317701769863,10,10,236.0,10,199.0
32,2,4107730,2178.3179332512414,10,10,236.0,10,199.0
32,2,4107731,2178.31816473262,10,10,236.0,10,199.0
32,2,4107732,2178.3183962139988,10,10,236.0,10,199.0
32,2,4107733,2178.3186276953775,10,10,236.0,10,199.0
32,2,4107734,2178.318859176756,10,10,236.0,10,199.0
32,2,4107735,2178.3190906581353,10,10,236.0,10,199.0
32,2,4107736,2178.319322139515,10,10,236.0,10,199.0
32,2,4107737,2178.3195536208937,10,10,236.0,10,199.0
32,2,4107738,2178.3197851022724,10,10,252.0,10,200.0
32,2,4107739,2178.320016583651,10,10,236.0,10,198.0
32,2,4107740,2178.32024806503,10,10,236.0,10,199.0
32,2,4107741,2178.3204795464085,10,10,236.0,10,199.0
32,2,4107742,2178.320711027787,10,10,236.0,10,199.0
32,2,4107743,2178.320942509166,10,10,236.0,10,199.0
32,2,4107744,2178.3211739905446,10,10,236.0,10,199.0
32,2,4107745,2178.3214054719233,10,10,236.0,10,199.0
32,2,4107746,2178.321636953302,10,10,252.0,10,200.0
32,2,4107747,2178.3218684346807,10,10,252.0,10,200.0
32,2,4107748,2178.322099916059,10,10,252.0,10,200.0
32,2,4107749,2178.322331397438,10,10,252.0,10,200.0
32,2,4107750,2178.3225628788164,10,10,236.0,10,199.0
32,2,4107751,2178.3227943601955,10,10,252.0,10,200.0
32,2,4107752,2178.323025841574,10,10,236.0,10,199.0
32,2,4107753,2178.323257322953,10,10,236.0,10,199.0
32,2,4107754,2178.323488804331,10,10,236.0,10,199.0
32,2,4107755,2178.3237202857104,10,10,236.0,10,199.0
32,2,4107756,2178.3239517670886,10,10,236.0,10,199.0
32,2,4107757,2178.3241832484678,10,10,236.0,10,199.0
32,2,4107758,2178.324414729847,10,10,252.0,10,200.0
32,2,4107759,2178.324646211226,10,10,236.0,10,199.0
32,2,4107760,2178.3248776926052,10,10,252.0,10,200.0
32,2,4107761,2178.3251091739835,10,10,252.0,10,200.0
32,2,4107762,2178.3253406553627,10,10,236.0,10,199.0
32,2,4107763,2178.325572136741,10,10,236.0,10,199.0
32,2,4107764,2178.32580361812,10,10,236.0,10,199.0
32,2,4107765,2178.3260350994983,10,10,236.0,10,199.0
32,2,4107766,2178.326266580877,10,10,252.0,10,200.0
32,2,4107767,2178.3264980622557,10,10,252.0,10,200.0
32,2,4107768,2178.3267295436344,10,10,252.0,10,200.0
32,2,4107769,2178.326961025013,10,10,236.0,10,199.0
32,2,4107770,2178.3271925063923,10,10,252.0,10,200.0
32,2,4107771,2178.3274239877715,10,10,236.0,10,199.0
32,2,4107772,2178.3276554691497,10,10,252.0,10,200.0
32,2,4107773,2178.327886950529,10,10,236.0,10,199.0
32,2,4107774,2178.328118431907,10,10,236.0,10,198.0
32,2,4107775,2178.3283499132863,10,10,252.0,10,200.0
32,2,4107776,2178.3285813946645,10,10,236.0,10,199.0
32,2,4107777,2178.3288128760437,10,10,236.0,10,199.0
32,2,4107778,2178.329044357422,10,10,236.0,10,199.0
32,2,4107779,2178.329275838801,10,10,236.0,10,199.0
32,2,4107780,2178.3295073201793,10,10,252.0,10,200.0
32,2,4107781,2178.329738801559,10,10,252.0,10,200.0
32,2,4107782,2178.3299702829386,10,10,252.0,10,200.0
32,2,4107783,2178.330201764317,10,10,252.0,10,200.0
32,2,4107784,2178.3304332456955,10,10,236.0,10,199.0
32,2,4107785,2178.3306647270742,10,10,236.0,10,198.0
32,2,4107786,2178.330896208453,10,10,252.0,10,200.0
32,2,4107787,2178.3311276898316,10,10,236.0,10,199.0
32,2,4107788,2178.3313591712104,10,10,252.0,10,200.0
32,2,4107789,2178.331590652589,10,10,236.0,10,199.0
32,2,4107790,2178.3318221339678,10,10,236.0,10,199.0
32,2,4107791,2178.3320536153465,10,10,236.0,10,199.0
32,2,4107792,2178.332285096725,10,10,236.0,10,199.0
32,2,4107793,2178.332516578104,10,10,236.0,10,199.0
32,2,4107794,2178.3327480594826,10,10,236.0,10,199.0
32,2,4107795,2178.3329795408613,10,10,252.0,10,200.0
32,2,4107796,2178.33321102224,10,10,236.0,10,199.0
32,2,4107797,2178.3334425036187,10,10,236.0,10,199.0
32,2,4107798,2178.3336739849974,10,10,236.0,10,199.0
32,2,4107799,2178.333905466376,10,10,236.0,10,199.0
32,2,4107800,2178.3341369477544,10,10,236.0,10,199.0
32,2,4107801,2178.3343684291335,10,10,236.0,10,199.0
32,2,4107802,2178.3345999105118,10,10,252.0,10,200.0
32,2,4107803,2178.334831391891,10,10,252.0,10,200.0
32,2,4107804,2178.33506287327,10,10,236.0,10,199.0
32,2,4107805,2178.3352943546492,10,10,236.0,10,199.0
32,2,4107806,2178.3355258360284,10,10,252.0,10,200.0
32,2,4107807,2178.3357573174067,10,10,252.0,10,200.0
32,2,4107808,2178.335988798786,10,10,252.0,10,200.0
32,2,4107809,2178.336220280164,10,10,252.0,10,200.0
32,2,4107810,2178.3364517615432,10,10,252.0,10,200.0
32,2,4107811,2178.3366832429215,10,10,252.0,10,200.0
32,2,4107812,2178.3369147243006,10,10,236.0,10,198.0
32,2,4107813,2178.337146205679,10,10,236.0,10,199.0
32,2,4107814,2178.337377687058,10,10,236.0,10,199.0
32,2,4107815,2178.3376091684363,10,10,252.0,10,200.0
32,2,4107816,2178.337840649815,10,10,236.0,10,199.0
32,2,4107817,2178.3380721311937,10,10,252.0,10,200.0
32,2,4107818,2178.3383036125724,10,10,236.0,10,199.0
32,2,4107819,2178.338535093951,10,10,236.0,10,199.0
32,2,4107820,2178.33876657533,10,10,236.0,10,199.0
32,2,4107821,2178.3389980567085,10,10,236.0,10,198.0
32,2,4107822,2178.3392295380872,10,10,236.0,10,199.0
32,2,4107823,2178.339461019467,10,10,236.0,10,199.0
32,2,4107824,2178.339692500845,10,10,236.0,10,199.0
32,2,4107825,2178.3399239822243,10,10,236.0,10,199.0
32,2,4107826,2178.3401554636025,10,10,236.0,10,199.0
32,2,4107827,2178.340386944982,10,10,236.0,10,199.0
32,2,4107828,2178.3406184263617,10,10,252.0,10,200.0
32,2,4107829,2178.34084990774,10,10,236.0,10,199.0
32,2,4107830,2178.341081389119,10,10,252.0,10,200.0
32,2,4107831,2178.3413128704974,10,10,236.0,10,199.0
32,2,4107832,2178.3415443518766,10,10,252.0,10,200.0
32,2,4107833,2178.341775833255,10,10,236.0,10,198.0
32,2,4107834,2178.342007314634,10,10,252.0,10,200.0
32,2,4107835,2178.342238796012,10,10,252.0,10,200.0
32,2,4107836,2178.342470277391,10,10,236.0,10,199.0
32,2,4107837,2178.3427017587696,10,10,236.0,10,199.0
32,2,4107838,2178.3429332401483,10,10,252.0,10,200.0
32,2,4107839,2178.343164721527,10,10,236.0,10,199.0
32,2,4107840,2178.3433962029058,10,10,252.0,10,200.0
32,2,4107841,2178.3436276842845,10,10,252.0,10,200.0
32,2,4107842,2178.343859165663,10,10,252.0,10,200.0
32,2,4107843,2178.344090647042,10,10,252.0,10,200.0
32,2,4107844,2178.3443221284206,10,10,236.0,10,199.0
32,2,4107845,2178.3445536097993,10,10,236.0,10,199.0
32,2,4107846,2178.344785091178,10,10,236.0,10,199.0
32,2,4107847,2178.3450165725567,10,10,252.0,10,200.0
32,2,4107848,2178.3452480539354,10,10,236.0,10,199.0
32,2,4107849,2178.345479535314,10,10,236.0,10,199.0
32,2,4107850,2178.3457110166933,10,10,236.0,10,199.0
32,2,4107851,2178.3459424980724,10,10,236.0,10,199.0
32,2,4107852,2178.3461739794516,10,10,236.0,10,199.0
32,2,4107853,2178.34640546083,10,10,236.0,10,199.0
32,2,4107854,2178.346636942209,10,10,236.0,10,199.0
32,2,4107855,2178.3468684235872,10,10,236.0,10,199.0
32,2,4107856,2178.3470999049664,10,10,252.0,10,200.0
32,2,4107857,2178.3473313863446,10,10,252.0,10,200.0
32,2,4107858,2178.347562867724,10,10,236.0,10,199.0
32,2,4107859,2178.347794349102,10,10,236.0,10,199.0
32,2,4107860,2178.348025830481,10,10,236.0,10,199.0
32,2,4107861,2178.3482573118595,10,10,236.0,10,198.0
32,2,4107862,2178.3484887932386,10,10,236.0,10,199.0
32,2,4107863,2178.348720274617,10,10,236.0,10,199.0
32,2,4107864,2178.348951755996,10,10,236.0,10,199.0
32,2,4107865,2178.3491832373743,10,10,236.0,10,199.0
32,2,4107866,2178.3494147187535,10,10,252.0,10,200.0
32,2,4107867,2178.3496462001317,10,10,236.0,10,198.0
32,2,4107868,2178.3498776815104,10,10,252.0,10,200.0
32,2,4107869,2178.350109162889,10,10,252.0,10,200.0
32,2,4107870,2178.350340644268,10,10,236.0,10,199.0
32,2,4107871,2178.3505721256465,10,10,236.0,10,199.0
32,2,4107872,2178.3508036070252,10,10,236.0,10,199.0
32,2,4107873,2178.351035088404,10,10,236.0,10,199.0
32,2,4107874,2178.351266569783,10,10,236.0,10,199.0
32,2,4107875,2178.3514980511627,10,10,236.0,10,199.0
32,2,4107876,2178.3517295325414,10,10,236.0,10,199.0
32,2,4107877,2178.35196101392,10,10,236.0,10,199.0
32,2,4107878,2178.3521924952997,10,10,236.0,10,199.0
32,2,4107879,2178.352423976678,10,10,236.0,10,199.0
32,2,4107880,2178.352655458057,10,10,236.0,10,199.0
32,2,4107881,2178.3528869394354,10,10,236.0,10,199.0
32,2,4107882,2178.3531184208146,10,10,236.0,10,199.0
32,2,4107883,2178.353349902193,10,10,236.0,10,199.0
32,2,4107884,2178.353581383572,10,10,236.0,10,199.0
32,2,4107885,2178.35381286495,10,10,236.0,10,199.0
32,2,4107886,2178.354044346329,10,10,236.0,10,199.0
32,2,4107887,2178.3542758277076,10,10,236.0,10,199.0
32,2,4107888,2178.3545073090863,10,10,236.0,10,199.0
32,2,4107889,2178.354738790465,10,10,252.0,10,200.0
32,2,4107890,2178.3549702718437,10,10,236.0,10,199.0
32,2,4107891,2178.3552017532224,10,10,236.0,10,199.0
32,2,4107892,2178.355433234601,10,10,252.0,10,200.0
32,3,4117258,2180.5234878281067,10,10,236.0,10,199.0
32,3,4117259,2180.5237193094854,10,10,252.0,10,200.0
32,3,4117260,2180.523950790864,10,10,236.0,10,199.0
32,3,4117261,2180.524182272243,10,10,252.0,10,200.0
32,3,4117262,2180.5244137536215,10,10,236.0,10,199.0
32,3,4117263,2180.524645235,10,10,252.0,10,200.0
32,3,4117264,2180.524876716379,10,10,252.0,10,200.0
32,3,4117265,2180.5251081977576,10,10,236.0,10,199.0
32,3,4117266,2180.5253396791372,10,10,236.0,10,199.0
32,3,4117267,2180.5255711605155,10,10,236.0,10,199.0
32,3,4117268,2180.525802641894,10,10,236.0,10,199.0
32,3,4117269,2180.526034123273,10,10,236.0,10,199.0
32,3,4117270,2180.526265604652,10,10,236.0,10,199.0
32,3,4117271,2180.5264970860317,10,10,252.0,10,200.0
32,3,4117272,2180.5267285674104,10,10,252.0,10,200.0
32,3,4117273,2180.526960048789,10,10,236.0,10,199.0
32,3,4117274,2180.527191530168,10,10,236.0,10,199.0
32,3,4117275,2180.5274230115465,10,10,236.0,10,199.0
32,3,4117276,2180.527654492925,10,10,252.0,10,200.0
32,3,4117277,2180.527885974304,10,10,252.0,10,200.0
32,3,4117278,2180.5281174556826,10,10,252.0,10,200.0
32,3,4117279,2180.5283489370613,10,10,252.0,10,200.0
32,3,4117280,2180.52858041844,10,10,252.0,10,200.0
32,3,4117281,2180.5288118998187,10,10,252.0,10,200.0
32,3,4117282,2180.5290433811974,10,10,236.0,10,199.0
32,3,4117283,2180.529274862576,10,10,252.0,10,200.0
32,3,4117284,2180.529506343955,10,10,236.0,10,199.0
32,3,4117285,2180.529737825333,10,10,236.0,10,199.0
32,3,4117286,2180.5299693067122,10,10,236.0,10,199.0
32,3,4117287,2180.5302007880905,10,10,236.0,10,199.0
32,3,4117288,2180.5304322694697,10,10,236.0,10,199.0
32,3,4117289,2180.530663750848,10,10,252.0,10,200.0
32,3,4117290,2180.530895232227,10,10,236.0,10,199.0
32,3,4117291,2180.5311267136053,10,10,252.0,10,200.0
32,3,4117292,2180.531358194985,10,10,252.0,10,200.0
32,3,4117293,2180.5315896763645,10,10,236.0,10,199.0
32,3,4117294,2180.531821157743,10,10,252.0,10,200.0
32,3,4117295,2180.532052639122,10,10,252.0,10,200.0
32,3,4117296,2180.5322841205,10,10,252.0,10,200.0
32,3,4117297,2180.5325156018794,10,10,252.0,10,200.0
32,3,4117298,2180.5327470832576,10,10,252.0,10,200.0
32,3,4117299,2180.532978564637,10,10,236.0,10,199.0
32,3,4117300,2180.533210046015,10,10,236.0,10,199.0
32,3,4117301,2180.533441527394,10,10,236.0,10,199.0
32,3,4117302,2180.5336730087724,10,10,236.0,10,199.0
32,3,4117303,2180.5339044901516,10,10,252.0,10,200.0
32,3,4117304,2180.53413597153,10,10,236.0,10,199.0
32,3,4117305,2180.5343674529086,10,10,236.0,10,199.0
32,3,4117306,2180.5345989342873,10,10,236.0,10,199.0
32,3,4117307,2180.534830415666,10,10,252.0,10,200.0
32,3,4117308,2180.5350618970447,10,10,236.0,10,199.0
32,3,4117309,2180.5352933784234,10,10,236.0,10,199.0
32,3,4117310,2180.535524859802,10,10,236.0,10,199.0
32,3,4117311,2180.535756341181,10,10,252.0,10,200.0
32,3,4117312,2180.5359878225595,10,10,252.0,10,200.0
32,3,4117313,2180.536219303938,10,10,236.0,10,199.0
32,3,4117314,2180.536450785317,10,10,252.0,10,200.0
32,3,4117315,2180.536682266696,10,10,252.0,10,200.0
32,3,4117316,2180.5369137480757,10,10,236.0,10,199.0
32,3,4117317,2180.5371452294544,10,10,252.0,10,200.0
32,3,4117318,2180.537376710833,10,10,236.0,10,199.0
32,3,4117319,2180.537608192212,10,10,236.0,10,199.0
32,3,4117320,2180.53783967359,10,10,236.0,10,199.0
32,3,4117321,2180.5380711549697,10,10,236.0,10,199.0
32,3,4117322,2180.5383026363484,10,10,252.0,10,200.0
32,3,4117323,2180.538534117727,10,10,252.0,10,200.0
32,3,4117324,2180.538765599106,10,10,236.0,10,199.0
32,3,4117325,2180.5389970804845,10,10,252.0,10,200.0
32,3,4117326,2180.539228561863,10,10,236.0,10,199.0
32,3,4117327,2180.539460043242,10,10,236.0,10,198.0
32,3,4117328,2180.5396915246206,10,10,252.0,10,200.0
32,3,4117329,2180.5399230059993,10,10,236.0,10,199.0
32,3,4117330,2180.540154487378,10,10,252.0,10,200.0
32,3,4117331,2180.5403859687567,10,10,236.0,10,199.0
32,3,4117332,2180.5406174501354,10,10,252.0,10,200.0
32,3,4117333,2180.540848931514,10,10,236.0,10,198.0
32,3,4117334,2180.541080412893,10,10,252.0,10,200.0
32,3,4117335,2180.5413118942715,10,10,236.0,10,199.0
32,3,4117336,2180.5415433756502,10,10,252.0,10,200.0
32,3,4117337,2180.5417748570294,10,10,252.0,10,200.0
32,3,4117338,2180.5420063384086,10,10,236.0,10,199.0
32,3,4117339,2180.5422378197877,10,10,252.0,10,200.0
32,3,4117340,2180.542469301166,10,10,236.0,10,199.0
32,3,4117341,2180.542700782545,10,10,236.0,10,199.0
32,3,4117342,2180.5429322639234,10,10,236.0,10,199.0
32,3,4117343,2180.5431637453025,10,10,252.0,10,200.0
32,3,4117344,2180.543395226681,10,10,252.0,10,200.0
32,3,4117345,2180.54362670806,10,10,236.0,10,199.0
32,3,4117346,2180.543858189438,10,10,236.0,10,199.0
32,3,4117347,2180.5440896708174,10,10,252.0,10,200.0
32,3,4117348,2180.5443211521956,10,10,252.0,10,200.0
32,3,4117349,2180.5445526335748,10,10,236.0,10,199.0
32,3,4117350,2180.544784114953,10,10,252.0,10,200.0
32,3,4117351,2180.545015596332,10,10,236.0,10,199.0
32,3,4117352,2180.5452470777104,10,10,236.0,10,199.0
32,3,4117353,2180.5454785590896,10,10,252.0,10,200.0
32,3,4117354,2180.545710040468,10,10,252.0,10,200.0
32,3,4117355,2180.5459415218465,10,10,252.0,10,200.0
32,3,4117356,2180.5461730032252,10,10,236.0,10,199.0
32,3,4117357,2180.546404484604,10,10,252.0,10,200.0
32,3,4117358,2180.5466359659827,10,10,252.0,10,200.0
32,3,4117359,2180.546867447362,10,10,236.0,10,199.0
32,3,4117360,2180.5470989287414,10,10,252.0,10,200.0
32,3,4117361,2180.54733041012,10,10,252.0,10,200.0
32,3,4117362,2180.547561891499,10,10,236.0,10,199.0
32,3,4117363,2180.5477933728775,10,10,236.0,10,199.0
32,3,4117364,2180.5480248542563,10,10,236.0,10,199.0
32,3,4117365,2180.548256335635,10,10,252.0,10,200.0
32,3,4117366,2180.5484878170137,10,10,236.0,10,199.0
32,3,4117367,2180.5487192983924,10,10,252.0,10,200.0
32,3,4117368,2180.548950779771,10,10,252.0,10,200.0
32,3,4117369,2180.54918226115,10,10,236.0,10,199.0
32,3,4117370,2180.549413742528,10,10,236.0,10,199.0
32,3,4117371,2180.549645223907,10,10,236.0,10,199.0
32,3,4117372,2180.5498767052854,10,10,252.0,10,200.0
32,3,4117373,2180.5501081866646,10,10,252.0,10,200.0
32,3,4117374,2180.550339668043,10,10,236.0,10,199.0
32,3,4117375,2180.550571149422,10,10,236.0,10,199.0
32,3,4117376,2180.550802630801,10,10,252.0,10,200.0
32,3,4117377,2180.55103411218,10,10,252.0,10,200.0
32,3,4117378,2180.5512655935586,10,10,252.0,10,200.0
32,3,4117379,2180.5514970749373,10,10,236.0,10,199.0
32,3,4117380,2180.551728556316,10,10,252.0,10,200.0
32,3,4117381,2180.5519600376947,10,10,236.0,10,199.0
32,3,4117382,2180.5521915190743,10,10,252.0,10,200.0
32,3,4117383,2180.5524230004535,10,10,236.0,10,199.0
32,3,4117384,2180.552654481832,10,10,236.0,10,198.0
32,3,4117385,2180.552885963211,10,10,236.0,10,199.0
32,3,4117386,2180.5531174445896,10,10,236.0,10,199.0
32,3,4117387,2180.5533489259683,10,10,236.0,10,199.0
32,3,4117388,2180.553580407347,10,10,252.0,10,200.0
32,3,4117389,2180.5538118887257,10,10,252.0,10,200.0
32,3,4117390,2180.554043370104,10,10,252.0,10,200.0
32,3,4117391,2180.554274851483,10,10,236.0,10,199.0
32,3,4117392,2180.5545063328614,10,10,252.0,10,200.0
32,3,4117393,2180.5547378142405,10,10,236.0,10,199.0
32,3,4117394,2180.554969295619,10,10,252.0,10,200.0
32,3,4117395,2180.555200776998,10,10,236.0,10,199.0
32,3,4117396,2180.555432258376,10,10,252.0,10,200.0
32,3,4117397,2180.5556637397553,10,10,252.0,10,200.0
32,3,4117398,2180.5558952211336,10,10,252.0,10,200.0
32,3,4117399,2180.5561267025128,10,10,236.0,10,199.0
32,3,4117400,2180.556358183891,10,10,236.0,10,199.0
32,3,4117401,2180.55658966527,10,10,236.0,10,199.0
32,3,4117402,2180.5568211466484,10,10,252.0,10,200.0
32,3,4117403,2180.5570526280276,10,10,236.0,10,199.0
32,3,4117404,2180.5572841094067,10,10,252.0,10,200.0
32,3,4117405,2180.557515590786,10,10,236.0,10,199.0
32,3,4117406,2180.5577470721646,10,10,236.0,10,199.0
32,3,4117407,2180.5579785535433,10,10,236.0,10,199.0
32,3,4117408,2180.558210034922,10,10,236.0,10,199.0
32,3,4117409,2180.5584415163007,10,10,252.0,10,200.0
32,3,4117410,2180.5586729976794,10,10,252.0,10,200.0
32,3,4117411,2180.558904479058,10,10,252.0,10,200.0
32,3,4117412,2180.559135960437,10,10,252.0,10,200.0
32,3,4117413,2180.5593674418155,10,10,236.0,10,199.0
32,3,4117414,2180.5595989231942,10,10,252.0,10,200.0
32,3,4117415,2180.559830404573,10,10,252.0,10,200.0
32,3,4117416,2180.5600618859517,10,10,252.0,10,200.0
32,3,4117417,2180.5602933673304,10,10,252.0,10,200.0
32,3,4117418,2180.560524848709,10,10,252.0,10,200.0
32,3,4117419,2180.5607563300878,10,10,236.0,10,199.0
32,3,4117420,2180.5609878114665,10,10,252.0,10,200.0
32,3,4117421,2180.561219292845,10,10,236.0,10,199.0
32,3,4117422,2180.5614507742234,10,10,236.0,10,199.0
32,3,4117423,2180.5616822556026,10,10,236.0,10,199.0
32,3,4117424,2180.561913736981,10,10,252.0,10,200.0
32,3,4117425,2180.56214521836,10,10,252.0,10,200.0
32,3,4117426,2180.5623766997383,10,10,252.0,10,200.0
32,3,4117427,2180.562608181118,10,10,252.0,10,200.0
32,3,4117428,2180.5628396624975,10,10,236.0,10,199.0
32,3,4117429,2180.5630711438766,10,10,252.0,10,200.0
32,3,4117430,2180.5633026252553,10,10,252.0,10,200.0
32,3,4117431,2180.563534106634,10,10,252.0,10,200.0
32,3,4117432,2180.5637655880128,10,10,252.0,10,200.0
32,3,4117433,2180.5639970693915,10,10,252.0,10,200.0
32,3,4117434,2180.56422855077,10,10,252.0,10,200.0
32,3,4117435,2180.564460032149,10,10,252.0,10,200.0
32,3,4117436,2180.5646915135276,10,10,236.0,10,199.0
32,3,4117437,2180.5649229949063,10,10,236.0,10,199.0
32,3,4117438,2180.565154476285,10,10,236.0,10,199.0
32,3,4117439,2180.5653859576637,10,10,236.0,10,199.0
32,3,4117440,2180.565617439042,10,10,252.0,10,200.0
32,3,4117441,2180.565848920421,10,10,236.0,10,199.0
32,3,4117442,2180.5660804017994,10,10,236.0,10,199.0
32,3,4117443,2180.5663118831785,10,10,252.0,10,200.0
32,3,4117444,2180.5665433645568,10,10,252.0,10,200.0
32,3,4117445,2180.566774845936,10,10,236.0,10,199.0
32,3,4117446,2180.567006327314,10,10,252.0,10,200.0
32,3,4117447,2180.5672378086933,10,10,252.0,10,200.0
32,3,4117448,2180.5674692900716,10,10,236.0,10,199.0
32,3,4117449,2180.567700771451,10,10,236.0,10,199.0
32,3,4117450,2180.567932252831,10,10,252.0,10,200.0
32,3,4117451,2180.568163734209,10,10,236.0,10,199.0
32,3,4117452,2180.568395215588,10,10,236.0,10,199.0
32,3,4117453,2180.5686266969665,10,10,236.0,10,199.0
32,3,4117454,2180.5688581783456,10,10,236.0,10,199.0
32,3,4117455,2180.569089659724,10,10,236.0,10,199.0
32,3,4117456,2180.569321141103,10,10,252.0,10,200.0
32,3,4117457,2180.5695526224813,10,10,252.0,10,200.0
32,3,4117458,2180.56978410386,10,10,236.0,10,199.0
32,3,4117459,2180.5700155852387,10,10,252.0,10,200.0
32,3,4117460,2180.5702470666174,10,10,252.0,10,200.0
32,3,4117461,2180.570478547996,10,10,236.0,10,199.0
32,3,4117462,2180.570710029375,10,10,252.0,10,200.0
32,3,4117463,2180.5709415107535,10,10,252.0,10,200.0
32,3,4117464,2180.5711729921322,10,10,252.0,10,200.0
32,3,4117465,2180.571404473511,10,10,236.0,10,199.0
32,3,4117466,2180.5716359548896,10,10,252.0,10,200.0
32,3,4117467,2180.5718674362683,10,10,236.0,10,199.0
32,3,4117468,2180.572098917647,10,10,252.0,10,200.0
32,3,4117469,2180.5723303990258,10,10,236.0,10,199.0
32,3,4117470,2180.5725618804045,10,10,252.0,10,200.0
32,3,4117471,2180.572793361783,10,10,252.0,10,200.0
32,3,4117472,2180.5730248431623,10,10,236.0,10,199.0
32,3,4117473,2180.573256324542,10,10,236.0,10,199.0
32,3,4117474,2180.5734878059206,10,10,236.0,10,199.0
32,3,4117475,2180.573719287299,10,10,236.0,10,199.0
32,3,4117476,2180.573950768678,10,10,236.0,10,199.0
32,3,4117477,2180.5741822500563,10,10,236.0,10,199.0
32,3,4117478,2180.5744137314355,10,10,236.0,10,199.0
32,3,4117479,2180.5746452128137,10,10,252.0,10,200.0
32,3,4117480,2180.574876694193,10,10,236.0,10,198.0
32,3,4117481,2180.575108175571,10,10,236.0,10,199.0
32,3,4117482,2180.5753396569503,10,10,236.0,10,199.0
32,3,4117483,2180.5755711383285,10,10,236.0,10,199.0
32,3,4117484,2180.575802619708,10,10,252.0,10,200.0
32,3,4117485,2180.576034101087,10,10,252.0,10,200.0
32,3,4117486,2180.5762655824656,10,10,252.0,10,200.0
32,3,4117487,2180.5764970638443,10,10,236.0,10,198.0
32,3,4117488,2180.576728545223,10,10,252.0,10,200.0
32,3,4117489,2180.5769600266017,10,10,252.0,10,200.0
32,3,4117490,2180.5771915079804,10,10,236.0,10,199.0
32,3,4117491,2180.577422989359,10,10,236.0,10,198.0
32,3,4117492,2180.5776544707373,10,10,236.0,10,199.0
32,3,4117493,2180.5778859521165,10,10,252.0,10,200.0
32,3,4117494,2180.5781174334957,10,10,236.0,10,199.0
32,3,4117495,2180.578348914875,10,10,236.0,10,199.0
32,3,4117496,2180.578580396254,10,10,236.0,10,199.0
32,3,4117497,2180.5788118776322,10,10,252.0,10,200.0
32,3,4117498,2180.5790433590114,10,10,252.0,10,200.0
32,3,4117499,2180.5792748403896,10,10,252.0,10,200.0
32,3,4117500,2180.579506321769,10,10,236.0,10,199.0
32,3,4117501,2180.579737803147,10,10,252.0,10,200.0
32,3,4117502,2180.579969284526,10,10,236.0,10,199.0
32,3,4117503,2180.5802007659045,10,10,252.0,10,200.0
32,3,4117504,2180.5804322472836,10,10,252.0,10,200.0
32,3,4117505,2180.580663728662,10,10,252.0,10,200.0
32,3,4117506,2180.580895210041,10,10,252.0,10,200.0
32,3,4117507,2180.5811266914193,10,10,252.0,10,200.0
32,3,4117508,2180.581358172798,10,10,252.0,10,200.0
32,3,4117509,2180.5815896541767,10,10,252.0,10,200.0
32,3,4117510,2180.5818211355554,10,10,236.0,10,199.0
32,3,4117511,2180.582052616934,10,10,252.0,10,200.0
32,3,4117512,2180.582284098313,10,10,252.0,10,200.0
32,3,4117513,2180.5825155796915,10,10,252.0,10,200.0
32,3,4117514,2180.58274706107,10,10,236.0,10,199.0
32,3,4117515,2180.582978542449,10,10,236.0,10,199.0
32,3,4117516,2180.5832100238276,10,10,252.0,10,200.0
32,3,4117517,2180.5834415052072,10,10,236.0,10,199.0
32,3,4117518,2180.5836729865864,10,10,252.0,10,200.0
32,3,4117519,2180.583904467965,10,10,252.0,10,200.0
32,3,4117520,2180.584135949344,10,10,252.0,10,200.0
32,3,4117521,2180.5843674307225,10,10,236.0,10,199.0
32,3,4117522,2180.5845989121012,10,10,236.0,10,199.0
32,3,4117523,2180.58483039348,10,10,236.0,10,199.0
32,3,4117524,2180.5850618748586,10,10,236.0,10,199.0
32,3,4117525,2180.585293356237,10,10,236.0,10,199.0
32,3,4117526,2180.585524837616,10,10,236.0,10,199.0
32,3,4117527,2180.5857563189943,10,10,236.0,10,199.0
32,3,4117528,2180.5859878003735,10,10,236.0,10,199.0
32,3,4117529,2180.5862192817517,10,10,236.0,10,198.0
32,3,4117530,2180.586450763131,10,10,236.0,10,199.0
32,3,4117531,2180.586682244509,10,10,236.0,10,199.0
32,3,4117532,2180.5869137258883,10,10,252.0,10,200.0
32,3,4117533,2180.5871452072665,10,10,236.0,10,199.0
32,3,4117534,2180.5873766886457,10,10,236.0,10,199.0
32,3,4117535,2180.587608170024,10,10,236.0,10,199.0
32,3,4117536,2180.587839651403,10,10,236.0,10,199.0
32,3,4117537,2180.5880711327814,10,10,252.0,10,200.0
32,3,4117538,2180.5883026141605,10,10,252.0,10,200.0
32,3,4117539,2180.5885340955406,10,10,252.0,10,200.0
32,3,4117540,2180.5887655769197,10,10,236.0,10,199.0
32,3,4117541,2180.5889970582984,10,10,236.0,10,199.0
32,3,4117542,2180.589228539677,10,10,252.0,10,200.0
32,3,4117543,2180.5894600210554,10,10,252.0,10,200.0
32,3,4117544,2180.5896915024346,10,10,236.0,10,199.0
32,3,4117545,2180.589922983813,10,10,252.0,10,200.0
32,3,4117546,2180.590154465192,10,10,252.0,10,200.0
32,3,4117547,2180.59038594657,10,10,252.0,10,200.0
32,3,4117548,2180.5906174279494,10,10,252.0,10,200.0
32,3,4117549,2180.5908489093276,10,10,252.0,10,200.0
32,3,4117550,2180.591080390707,10,10,236.0,10,199.0
32,3,4117551,2180.591311872085,10,10,252.0,10,200.0
32,3,4117552,2180.591543353464,10,10,252.0,10,200.0
32,3,4117553,2180.5917748348425,10,10,236.0,10,199.0
32,3,4117554,2180.5920063162216,10,10,236.0,10,199.0
32,3,4117555,2180.5922377976,10,10,236.0,10,198.0
32,3,4117556,2180.592469278979,10,10,252.0,10,200.0
32,3,4117557,2180.5927007603573,10,10,252.0,10,200.0
32,3,4117558,2180.5929322417364,10,10,252.0,10,200.0
32,3,4117559,2180.5931637231147,10,10,252.0,10,200.0
32,3,4117560,2180.5933952044934,10,10,236.0,10,199.0
32,3,4117561,2180.593626685872,10,10,236.0,10,199.0
32,3,4117562,2180.5938581672513,10,10,236.0,10,199.0
32,3,4117563,2180.594089648631,10,10,236.0,10,199.0
32,3,4117564,2180.5943211300096,10,10,252.0,10,200.0
32,3,4117565,2180.5945526113883,10,10,252.0,10,200.0
32,3,4117566,2180.594784092767,10,10,236.0,10,199.0
32,3,4117567,2180.5950155741457,10,10,252.0,10,200.0
32,3,4117568,2180.5952470555244,10,10,252.0,10,200.0
32,3,4117569,2180.595478536903,10,10,252.0,10,200.0
32,3,4117570,2180.595710018282,10,10,252.0,10,200.0
32,3,4117571,2180.5959414996605,10,10,236.0,10,199.0
32,3,4117572,2180.596172981039,10,10,252.0,10,200.0
32,3,4117573,2180.596404462418,10,10,252.0,10,200.0
32,3,4117574,2180.5966359437966,10,10,252.0,10,200.0
32,3,4117575,2180.5968674251753,10,10,252.0,10,200.0
32,3,4117576,2180.597098906554,10,10,236.0,10,199.0
32,3,4117577,2180.5973303879323,10,10,236.0,10,199.0
32,3,4117578,2180.5975618693114,10,10,252.0,10,200.0
32,3,4117579,2180.5977933506897,10,10,236.0,10,199.0
32,3,4117580,2180.598024832069,10,10,236.0,10,199.0
32,3,4117581,2180.598256313447,10,10,236.0,10,199.0
32,3,4117582,2180.5984877948263,10,10,236.0,10,199.0
32,3,4117583,2180.5987192762045,10,10,236.0,10,199.0
32,3,4117584,2180.598950757584,10,10,252.0,10,200.0
32,3,4117585,2180.5991822389637,10,10,252.0,10,200.0
32,3,4117586,2180.599413720342,10,10,252.0,10,200.0
32,3,4117587,2180.599645201721,10,10,236.0,10,198.0
32,3,4117588,2180.5998766830994,10,10,236.0,10,199.0
32,3,4117589,2180.6001081644786,10,10,236.0,10,199.0
32,3,4117590,2180.600339645857,10,10,236.0,10,199.0
32,3,4117591,2180.600571127236,10,10,252.0,10,200.0
32,3,4117592,2180.6008026086142,10,10,252.0,10,200.0
32,3,4117593,2180.601034089993,10,10,236.0,10,199.0
32,3,4117594,2180.6012655713726,10,10,236.0,10,199.0
32,3,4117595,2180.601497052751,10,10,252.0,10,200.0
32,3,4117596,2180.60172853413,10,10,252.0,10,200.0
32,3,4117597,2180.601960015508,10,10,252.0,10,200.0
32,3,4117598,2180.6021914968874,10,10,236.0,10,199.0
32,3,4117599,2180.6024229782656,10,10,236.0,10,199.0
32,3,4117600,2180.602654459645,10,10,252.0,10,200.0
32,3,4117601,2180.602885941023,10,10,252.0,10,200.0
32,3,4117602,2180.603117422402,10,10,252.0,10,200.0
32,3,4117603,2180.6033489037804,10,10,252.0,10,200.0
32,3,4117604,2180.6035803851596,10,10,236.0,10,199.0
32,3,4117605,2180.603811866538,10,10,252.0,10,200.0
32,3,4117606,2180.6040433479175,10,10,252.0,10,200.0
32,3,4117607,2180.604274829297,10,10,252.0,10,200.0
32,3,4117608,2180.6045063106753,10,10,236.0,10,199.0
32,3,4117609,2180.6047377920545,10,10,252.0,10,200.0
32,3,4117610,2180.6049692734327,10,10,236.0,10,199.0
32,3,4117611,2180.605200754812,10,10,236.0,10,199.0
32,3,4117612,2180.60543223619,10,10,252.0,10,200.0
32,3,4117613,2180.605663717569,10,10,252.0,10,200.0
32,3,4117614,2180.6058951989476,10,10,236.0,10,199.0
32,3,4117615,2180.6061266803263,10,10,252.0,10,200.0
32,3,4117616,2180.606358161705,10,10,252.0,10,200.0
32,3,4117617,2180.6065896430837,10,10,252.0,10,200.0
32,3,4117618,2180.6068211244624,10,10,236.0,10,199.0
32,3,4117619,2180.607052605841,10,10,252.0,10,200.0
32,3,4117620,2180.60728408722,10,10,236.0,10,199.0
32,3,4117621,2180.6075155685985,10,10,236.0,10,199.0
32,3,4117622,2180.607747049977,10,10,236.0,10,199.0
32,3,4117623,2180.607978531356,10,10,236.0,10,199.0
32,3,4117624,2180.6082100127346,10,10,236.0,10,199.0
32,3,4117625,2180.6084414941133,10,10,236.0,10,199.0
32,3,4117626,2180.608672975492,10,10,236.0,10,199.0
32,3,4117627,2180.6089044568703,10,10,236.0,10,199.0
32,3,4117628,2180.6091359382494,10,10,252.0,10,200.0
32,3,4117629,2180.6093674196286,10,10,252.0,10,200.0
32,3,4117630,2180.6095989010078,10,10,236.0,10,199.0
32,3,4117631,2180.609830382387,10,10,236.0,10,199.0
32,3,4117632,2180.610061863765,10,10,252.0,10,200.0
32,3,4117633,2180.6102933451443,10,10,252.0,10,200.0
32,3,4117634,2180.6105248265226,10,10,236.0,10,199.0
32,3,4117635,2180.6107563079017,10,10,252.0,10,200.0
32,3,4117636,2180.61098778928,10,10,252.0,10,200.0
32,3,4117637,2180.611219270659,10,10,236.0,10,199.0
32,3,4117638,2180.6114507520374,10,10,252.0,10,200.0
32,3,4117639,2180.6116822334166,10,10,236.0,10,199.0
32,3,4117640,2180.611913714795,10,10,252.0,10,200.0
32,3,4117641,2180.612145196174,10,10,236.0,10,199.0
32,3,4117642,2180.612376677552,10,10,252.0,10,200.0
32,3,4117643,2180.6126081589314,10,10,252.0,10,200.0
32,3,4117644,2180.6128396403096,10,10,236.0,10,199.0
32,3,4117645,2180.6130711216883,10,10,252.0,10,200.0
32,3,4117646,2180.613302603067,10,10,236.0,10,199.0
32,3,4117647,2180.6135340844457,10,10,252.0,10,200.0
32,3,4117648,2180.6137655658245,10,10,252.0,10,200.0
32,3,4117649,2180.6139970472036,10,10,252.0,10,200.0
32,3,4117650,2180.6142285285828,10,10,252.0,10,200.0
32,3,4117651,2180.614460009962,10,10,252.0,10,200.0
32,3,4117652,2180.614691491341,10,10,252.0,10,200.0
32,3,4117653,2180.6149229727203,10,10,236.0,10,199.0
32,3,4117654,2180.6151544540985,10,10,252.0,10,200.0
32,3,4117655,2180.6153859354777,10,10,252.0,10,200.0
32,3,4117656,2180.615617416856,10,10,252.0,10,200.0
32,3,4117657,2180.615848898235,10,10,236.0,10,199.0
32,3,4117658,2180.6160803796133,10,10,252.0,10,200.0
32,4,4129594,2183.379042116567,10,10,236.0,10,198.0
32,4,4129595,2183.3792735979464,10,10,252.0,10,200.0
32,4,4129596,2183.3795050793256,10,10,252.0,10,200.0
32,4,4129597,2183.3797365607043,10,10,236.0,10,199.0
32,4,4129598,2183.379968042083,10,10,236.0,10,199.0
32,4,4129599,2183.3801995234617,10,10,236.0,10,199.0
32,4,4129600,2183.3804310048404,10,10,252.0,10,200.0
32,4,4129601,2183.380662486219,10,10,236.0,10,199.0
32,4,4129602,2183.3808939675987,10,10,236.0,10,199.0
32,4,4129603,2183.381125448977,10,10,236.0,10,199.0
32,4,4129604,2183.381356930356,10,10,236.0,10,199.0
32,4,4129605,2183.3815884117344,10,10,236.0,10,199.0
32,4,4129606,2183.3818198931135,10,10,252.0,10,200.0
32,4,4129607,2183.3820513744918,10,10,236.0,10,199.0
32,4,4129608,2183.382282855871,10,10,236.0,10,199.0
32,4,4129609,2183.382514337249,10,10,236.0,10,199.0
32,4,4129610,2183.382745818628,10,10,236.0,10,199.0
32,4,4129611,2183.3829773000066,10,10,236.0,10,199.0
32,4,4129612,2183.3832087813853,10,10,236.0,10,199.0
32,4,4129613,2183.383440262764,10,10,236.0,10,198.0
32,4,4129614,2183.3836717441427,10,10,236.0,10,199.0
32,4,4129615,2183.3839032255214,10,10,236.0,10,199.0
32,4,4129616,2183.3841347069006,10,10,236.0,10,199.0
32,4,4129617,2183.38436618828,10,10,252.0,10,200.0
32,4,4129618,2183.384597669659,10,10,236.0,10,199.0
32,4,4129619,2183.3848291510376,10,10,252.0,10,200.0
32,4,4129620,2183.3850606324163,10,10,236.0,10,199.0
32,4,4129621,2183.385292113795,10,10,236.0,10,199.0
32,4,4129622,2183.3855235951737,10,10,236.0,10,199.0
32,4,4129623,2183.3857550765524,10,10,236.0,10,198.0
32,4,4129624,2183.385986557931,10,10,252.0,10,200.0
32,4,4129625,2183.38621803931,10,10,236.0,10,199.0
32,4,4129626,2183.3864495206885,10,10,252.0,10,200.0
32,4,4129627,2183.386681002067,10,10,236.0,10,199.0
32,4,4129628,2183.386912483446,10,10,236.0,10,199.0
32,4,4129629,2183.387143964824,10,10,236.0,10,199.0
32,4,4129630,2183.3873754462034,10,10,236.0,10,199.0
32,4,4129631,2183.3876069275816,10,10,236.0,10,198.0
32,4,4129632,2183.3878384089608,10,10,236.0,10,199.0
32,4,4129633,2183.388069890339,10,10,236.0,10,199.0
32,4,4129634,2183.388301371718,10,10,236.0,10,199.0
32,4,4129635,2183.3885328530964,10,10,236.0,10,199.0
32,4,4129636,2183.3887643344756,10,10,252.0,10,200.0
32,4,4129637,2183.388995815854,10,10,252.0,10,200.0
32,4,4129638,2183.3892272972334,10,10,252.0,10,200.0
32,4,4129639,2183.389458778613,10,10,236.0,10,198.0
32,4,4129640,2183.3896902599913,10,10,236.0,10,199.0
32,4,4129641,2183.3899217413705,10,10,236.0,10,199.0
32,4,4129642,2183.3901532227487,10,10,252.0,10,200.0
32,4,4129643,2183.390384704128,10,10,252.0,10,200.0
32,4,4129644,2183.390616185506,10,10,252.0,10,200.0
32,4,4129645,2183.390847666885,10,10,236.0,10,199.0
32,4,4129646,2183.3910791482635,10,10,236.0,10,199.0
32,4,4129647,2183.3913106296422,10,10,252.0,10,200.0
32,4,4129648,2183.391542111021,10,10,252.0,10,200.0
32,4,4129649,2183.3917735923997,10,10,252.0,10,200.0
32,4,4129650,2183.3920050737784,10,10,252.0,10,200.0
32,4,4129651,2183.392236555157,10,10,236.0,10,199.0
32,4,4129652,2183.392468036536,10,10,252.0,10,200.0
32,4,4129653,2183.3926995179145,10,10,236.0,10,199.0
32,4,4129654,2183.392930999293,10,10,236.0,10,199.0
32,4,4129655,2183.3931624806723,10,10,252.0,10,200.0
32,4,4129656,2183.3933939620515,10,10,252.0,10,200.0
32,4,4129657,2183.3936254434298,10,10,236.0,10,199.0
32,4,4129658,2183.393856924809,10,10,252.0,10,200.0
32,4,4129659,2183.394088406187,10,10,236.0,10,199.0
32,4,4129660,2183.394319887567,10,10,252.0,10,200.0
32,4,4129661,2183.394551368946,10,10,236.0,10,199.0
32,4,4129662,2183.3947828503246,10,10,236.0,10,199.0
32,4,4129663,2183.3950143317034,10,10,236.0,10,199.0
32,4,4129664,2183.395245813082,10,10,252.0,10,200.0
32,4,4129665,2183.3954772944608,10,10,252.0,10,200.0
32,4,4129666,2183.3957087758395,10,10,236.0,10,199.0
32,4,4129667,2183.395940257218,10,10,236.0,10,199.0
32,4,4129668,2183.396171738597,10,10,252.0,10,200.0
32,4,4129669,2183.3964032199756,10,10,252.0,10,200.0
32,4,4129670,2183.3966347013543,10,10,252.0,10,200.0
32,4,4129671,2183.396866182733,10,10,236.0,10,198.0
32,4,4129672,2183.3970976641117,10,10,236.0,10,198.0
32,4,4129673,2183.3973291454904,10,10,236.0,10,199.0
32,4,4129674,2183.397560626869,10,10,236.0,10,199.0
32,4,4129675,2183.397792108248,10,10,236.0,10,199.0
32,4,4129676,2183.3980235896265,10,10,236.0,10,199.0
32,4,4129677,2183.398255071005,10,10,236.0,10,199.0
32,4,4129678,2183.398486552384,10,10,236.0,10,199.0
32,4,4129679,2183.398718033762,10,10,236.0,10,199.0
32,4,4129680,2183.3989495151413,10,10,252.0,10,200.0
32,4,4129681,2183.3991809965205,10,10,236.0,10,199.0
32,4,4129682,2183.3994124778997,10,10,236.0,10,199.0
32,4,4129683,2183.399643959279,10,10,236.0,10,199.0
32,4,4129684,2183.399875440657,10,10,236.0,10,198.0
32,4,4129685,2183.4001069220362,10,10,252.0,10,200.0
32,4,4129686,2183.4003384034145,10,10,236.0,10,199.0
32,4,4129687,2183.4005698847936,10,10,252.0,10,200.0
32,4,4129688,2183.400801366172,10,10,236.0,10,199.0
32,4,4129689,2183.401032847551,10,10,252.0,10,200.0
32,4,4129690,2183.4012643289293,10,10,236.0,10,199.0
32,4,4129691,2183.4014958103085,10,10,236.0,10,199.0
32,4,4129692,2183.4017272916867,10,10,236.0,10,199.0
32,4,4129693,2183.401958773066,10,10,236.0,10,199.0
32,4,4129694,2183.402190254444,10,10,252.0,10,200.0
32,4,4129695,2183.402421735823,10,10,236.0,10,199.0
32,4,4129696,2183.4026532172015,10,10,236.0,10,198.0
32,4,4129697,2183.4028846985802,10,10,252.0,10,200.0
32,4,4129698,2183.403116179959,10,10,236.0,10,199.0
32,4,4129699,2183.4033476613376,10,10,236.0,10,199.0
32,4,4129700,2183.4035791427164,10,10,236.0,10,199.0
32,4,4129701,2183.403810624095,10,10,236.0,10,199.0
32,4,4129702,2183.4040421054738,10,10,236.0,10,199.0
32,4,4129703,2183.404273586853,10,10,236.0,10,199.0
32,4,4129704,2183.4045050682325,10,10,252.0,10,200.0
32,4,4129705,2183.4047365496112,10,10,236.0,10,199.0
32,4,4129706,2183.40496803099,10,10,236.0,10,199.0
32,4,4129707,2183.4051995123687,10,10,236.0,10,199.0
32,4,4129708,2183.4054309937474,10,10,236.0,10,199.0
32,4,4129709,2183.405662475126,10,10,236.0,10,199.0
32,4,4129710,2183.405893956505,10,10,236.0,10,199.0
32,4,4129711,2183.4061254378844,10,10,236.0,10,199.0
32,4,4129712,2183.4063569192626,10,10,236.0,10,199.0
32,4,4129713,2183.4065884006413,10,10,252.0,10,200.0
32,4,4129714,2183.40681988202,10,10,236.0,10,199.0
32,4,4129715,2183.4070513633988,10,10,236.0,10,199.0
32,4,4129716,2183.4072828447775,10,10,252.0,10,200.0
32,4,4129717,2183.407514326156,10,10,236.0,10,199.0
32,4,4129718,2183.407745807535,10,10,236.0,10,199.0
32,4,4129719,2183.4079772889136,10,10,236.0,10,199.0
32,4,4129720,2183.4082087702923,10,10,236.0,10,199.0
32,4,4129721,2183.408440251671,10,10,236.0,10,199.0
32,4,4129722,2183.4086717330497,10,10,236.0,10,199.0
32,4,4129723,2183.4089032144284,10,10,236.0,10,199.0
32,4,4129724,2183.409134695807,10,10,236.0,10,198.0
32,4,4129725,2183.4093661771863,10,10,236.0,10,199.0
32,4,4129726,2183.409597658566,10,10,252.0,10,200.0
32,4,4129727,2183.4098291399446,10,10,252.0,10,200.0
32,4,4129728,2183.4100606213233,10,10,252.0,10,200.0
32,4,4129729,2183.410292102702,10,10,236.0,10,199.0
32,4,4129730,2183.4105235840802,10,10,236.0,10,199.0
32,4,4129731,2183.4107550654594,10,10,236.0,10,199.0
32,4,4129732,2183.4109865468376,10,10,252.0,10,200.0
32,4,4129733,2183.411218028217,10,10,236.0,10,199.0
32,4,4129734,2183.411449509595,10,10,236.0,10,199.0
32,4,4129735,2183.411680990974,10,10,236.0,10,199.0
32,4,4129736,2183.4119124723525,10,10,236.0,10,199.0
32,4,4129737,2183.4121439537316,10,10,236.0,10,199.0
32,4,4129738,2183.41237543511,10,10,252.0,10,200.0
32,4,4129739,2183.412606916489,10,10,236.0,10,199.0
32,4,4129740,2183.4128383978673,10,10,236.0,10,199.0
32,4,4129741,2183.4130698792465,10,10,236.0,10,199.0
32,4,4129742,2183.4133013606247,10,10,236.0,10,199.0
32,4,4129743,2183.413532842004,10,10,236.0,10,198.0
32,4,4129744,2183.413764323382,10,10,236.0,10,199.0
32,4,4129745,2183.4139958047613,10,10,236.0,10,199.0
32,4,4129746,2183.4142272861404,10,10,236.0,10,199.0
32,4,4129747,2183.4144587675196,10,10,236.0,10,199.0
32,4,4129748,2183.4146902488983,10,10,236.0,10,199.0
32,4,4129749,2183.414921730277,10,10,252.0,10,200.0
32,4,4129750,2183.4151532116557,10,10,236.0,10,199.0
32,4,4129751,2183.4153846930344,10,10,236.0,10,199.0
32,4,4129752,2183.415616174413,10,10,236.0,10,199.0
32,4,4129753,2183.415847655792,10,10,236.0,10,198.0
32,4,4129754,2183.4160791371705,10,10,236.0,10,199.0
32,4,4129755,2183.4163106185492,10,10,236.0,10,199.0
32,4,4129756,2183.416542099928,10,10,236.0,10,199.0
32,4,4129757,2183.4167735813066,10,10,236.0,10,199.0
32,4,4129758,2183.4170050626853,10,10,236.0,10,199.0
32,4,4129759,2183.417236544064,10,10,236.0,10,198.0
32,4,4129760,2183.4174680254428,10,10,236.0,10,199.0
32,4,4129761,2183.4176995068215,10,10,252.0,10,200.0
32,4,4129762,2183.4179309882,10,10,236.0,10,199.0
32,4,4129763,2183.418162469579,10,10,236.0,10,199.0
32,4,4129764,2183.418393950957,10,10,252.0,10,200.0
32,4,4129765,2183.4186254323367,10,10,236.0,10,198.0
32,4,4129766,2183.4188569137154,10,10,252.0,10,200.0
32,4,4129767,2183.419088395094,10,10,236.0,10,199.0
32,4,4129768,2183.4193198764738,10,10,236.0,10,199.0
32,4,4129769,2183.419551357853,10,10,236.0,10,199.0
32,4,4129770,2183.4197828392316,10,10,236.0,10,199.0
32,4,4129771,2183.4200143206103,10,10,252.0,10,200.0
32,4,4129772,2183.420245801989,10,10,252.0,10,200.0
32,4,4129773,2183.4204772833677,10,10,236.0,10,198.0
32,4,4129774,2183.4207087647465,10,10,236.0,10,199.0
32,4,4129775,2183.420940246125,10,10,236.0,10,199.0
32,4,4129776,2183.421171727504,10,10,236.0,10,198.0
32,4,4129777,2183.4214032088826,10,10,236.0,10,198.0
32,4,4129778,2183.4216346902613,10,10,236.0,10,199.0
32,4,4129779,2183.42186617164,10,10,236.0,10,199.0
32,4,4129780,2183.422097653018,10,10,236.0,10,199.0
32,4,4129781,2183.4223291343974,10,10,236.0,10,199.0
32,4,4129782,2183.4225606157756,10,10,236.0,10,199.0
32,4,4129783,2183.422792097155,10,10,252.0,10,200.0
32,4,4129784,2183.423023578533,10,10,236.0,10,199.0
32,4,4129785,2183.423255059912,10,10,236.0,10,199.0
32,4,4129786,2183.4234865412905,10,10,236.0,10,199.0
32,4,4129787,2183.4237180226696,10,10,236.0,10,199.0
32,4,4129788,2183.423949504048,10,10,236.0,10,199.0
32,4,4129789,2183.4241809854275,10,10,252.0,10,200.0
32,4,4129790,2183.424412466807,10,10,252.0,10,200.0
32,4,4129791,2183.4246439481853,10,10,236.0,10,199.0
32,4,4129792,2183.4248754295645,10,10,236.0,10,199.0
32,4,4129793,2183.4251069109428,10,10,236.0,10,199.0
32,4,4129794,2183.425338392322,10,10,236.0,10,199.0
32,4,4129795,2183.4255698737,10,10,236.0,10,199.0
32,4,4129796,2183.4258013550793,10,10,236.0,10,199.0
32,4,4129797,2183.4260328364576,10,10,236.0,10,199.0
32,4,4129798,2183.4262643178363,10,10,236.0,10,199.0
32,4,4129799,2183.426495799215,10,10,236.0,10,199.0
32,4,4129800,2183.4267272805937,10,10,236.0,10,199.0
32,4,4129801,2183.4269587619724,10,10,236.0,10,199.0
32,4,4129802,2183.427190243351,10,10,236.0,10,199.0
32,4,4129803,2183.42742172473,10,10,236.0,10,199.0
32,4,4129804,2183.4276532061085,10,10,236.0,10,199.0
32,4,4129805,2183.427884687487,10,10,236.0,10,199.0
32,4,4129806,2183.428116168866,10,10,236.0,10,199.0
32,4,4129807,2183.4283476502446,10,10,236.0,10,199.0
32,4,4129808,2183.4285791316233,10,10,252.0,10,200.0
32,4,4129809,2183.428810613002,10,10,252.0,10,200.0
32,4,4129810,2183.4290420943807,10,10,252.0,10,200.0
32,4,4129811,2183.4292735757604,10,10,252.0,10,200.0
32,4,4129812,2183.4295050571395,10,10,236.0,10,199.0
32,4,4129813,2183.4297365385182,10,10,236.0,10,199.0
32,4,4129814,2183.429968019897,10,10,236.0,10,199.0
32,4,4129815,2183.430199501275,10,10,236.0,10,199.0
32,4,4129816,2183.4304309826543,10,10,252.0,10,200.0
32,4,4129817,2183.4306624640326,10,10,252.0,10,200.0
32,4,4129818,2183.4308939454118,10,10,252.0,10,200.0
32,4,4129819,2183.43112542679,10,10,236.0,10,199.0
32,4,4129820,2183.4313569081696,10,10,236.0,10,199.0
32,4,4129821,2183.4315883895483,10,10,252.0,10,200.0
32,4,4129822,2183.431819870927,10,10,236.0,10,199.0
32,4,4129823,2183.4320513523057,10,10,236.0,10,199.0
32,4,4129824,2183.4322828336844,10,10,236.0,10,199.0
32,4,4129825,2183.432514315063,10,10,236.0,10,199.0
32,4,4129826,2183.432745796442,10,10,236.0,10,199.0
32,4,4129827,2183.4329772778206,10,10,236.0,10,199.0
32,4,4129828,2183.4332087591993,10,10,236.0,10,199.0
32,4,4129829,2183.433440240578,10,10,236.0,10,199.0
32,4,4129830,2183.4336717219567,10,10,236.0,10,199.0
32,4,4129831,2183.4339032033354,10,10,236.0,10,199.0
32,4,4129832,2183.4341346847136,10,10,252.0,10,200.0
32,4,4129833,2183.4343661660932,10,10,252.0,10,200.0
32,4,4129834,2183.434597647473,10,10,236.0,10,198.0
32,4,4129835,2183.434829128851,10,10,236.0,10,199.0
32,4,4129836,2183.4350606102303,10,10,236.0,10,199.0
32,4,4129837,2183.4352920916085,10,10,236.0,10,198.0
32,4,4129838,2183.4355235729877,10,10,236.0,10,199.0
32,4,4129839,2183.435755054366,10,10,236.0,10,199.0
32,4,4129840,2183.435986535745,10,10,236.0,10,199.0
32,4,4129841,2183.4362180171233,10,10,236.0,10,199.0
32,4,4129842,2183.4364494985025,10,10,236.0,10,199.0
32,4,4129843,2183.4366809798807,10,10,252.0,10,200.0
32,4,4129844,2183.43691246126,10,10,236.0,10,199.0
32,4,4129845,2183.437143942638,10,10,236.0,10,199.0
32,4,4129846,2183.4373754240173,10,10,236.0,10,199.0
32,4,4129847,2183.4376069053956,10,10,236.0,10,199.0
32,4,4129848,2183.4378383867743,10,10,252.0,10,200.0
32,4,4129849,2183.438069868153,10,10,252.0,10,200.0
32,4,4129850,2183.4383013495317,10,10,236.0,10,199.0
32,4,4129851,2183.4385328309104,10,10,236.0,10,199.0
32,4,4129852,2183.438764312289,10,10,252.0,10,200.0
32,4,4129853,2183.438995793668,10,10,252.0,10,200.0
32,4,4129854,2183.439227275047,10,10,236.0,10,199.0
32,4,4129855,2183.4394587564266,10,10,236.0,10,199.0
32,4,4129856,2183.4396902378053,10,10,236.0,10,199.0
32,4,4129857,2183.439921719184,10,10,252.0,10,200.0
32,4,4129858,2183.4401532005627,10,10,252.0,10,200.0
32,4,4129859,2183.4403846819414,10,10,252.0,10,200.0
32,4,4129860,2183.44061616332,10,10,252.0,10,200.0
32,4,4129861,2183.440847644699,10,10,252.0,10,200.0
32,4,4129862,2183.4410791260775,10,10,236.0,10,199.0
32,4,4129863,2183.441310607456,10,10,236.0,10,198.0
32,4,4129864,2183.441542088835,10,10,252.0,10,200.0
32,4,4129865,2183.441773570213,10,10,236.0,10,198.0
32,4,4129866,2183.4420050515923,10,10,236.0,10,199.0
32,4,4129867,2183.4422365329706,10,10,236.0,10,199.0
32,4,4129868,2183.4424680143497,10,10,236.0,10,198.0
32,4,4129869,2183.442699495728,10,10,236.0,10,199.0
32,4,4129870,2183.442930977107,10,10,236.0,10,199.0
32,4,4129871,2183.4431624584854,10,10,252.0,10,200.0
32,4,4129872,2183.4433939398646,10,10,236.0,10,199.0
32,4,4129873,2183.443625421243,10,10,252.0,10,200.0
32,4,4129874,2183.443856902622,10,10,252.0,10,200.0
32,4,4129875,2183.444088384001,10,10,236.0,10,199.0
32,4,4129876,2183.4443198653803,10,10,236.0,10,199.0
32,4,4129877,2183.44455134676,10,10,236.0,10,199.0
32,4,4129878,2183.4447828281386,10,10,252.0,10,200.0
32,4,4129879,2183.4450143095173,10,10,236.0,10,199.0
32,4,4129880,2183.445245790896,10,10,236.0,10,199.0
32,4,4129881,2183.4454772722747,10,10,236.0,10,199.0
32,4,4129882,2183.4457087536534,10,10,236.0,10,199.0
32,4,4129883,2183.445940235032,10,10,236.0,10,199.0
32,4,4129884,2183.446171716411,10,10,252.0,10,200.0
32,4,4129885,2183.446403197789,10,10,236.0,10,199.0
32,4,4129886,2183.4466346791683,10,10,252.0,10,200.0
32,4,4129887,2183.4468661605465,10,10,252.0,10,200.0
32,4,4129888,2183.4470976419257,10,10,236.0,10,199.0
32,4,4129889,2183.447329123304,10,10,236.0,10,198.0
32,4,4129890,2183.447560604683,10,10,236.0,10,199.0
32,4,4129891,2183.4477920860613,10,10,236.0,10,199.0
32,4,4129892,2183.4480235674405,10,10,236.0,10,199.0
32,4,4129893,2183.4482550488187,10,10,252.0,10,200.0
32,4,4129894,2183.448486530198,10,10,236.0,10,199.0
32,4,4129895,2183.448718011576,10,10,236.0,10,199.0
32,4,4129896,2183.4489494929553,10,10,236.0,10,199.0
32,4,4129897,2183.4491809743336,10,10,236.0,10,199.0
32,4,4129898,2183.449412455713,10,10,236.0,10,199.0
32,4,4129899,2183.449643937093,10,10,236.0,10,199.0
32,4,4129900,2183.449875418471,10,10,236.0,10,199.0
32,4,4129901,2183.4501068998497,10,10,236.0,10,199.0
32,4,4129902,2183.4503383812284,10,10,236.0,10,199.0
32,4,4129903,2183.450569862607,10,10,236.0,10,199.0
32,4,4129904,2183.450801343986,10,10,236.0,10,198.0
32,4,4129905,2183.4510328253646,10,10,236.0,10,199.0
32,4,4129906,2183.4512643067433,10,10,236.0,10,199.0
32,4,4129907,2183.451495788122,10,10,236.0,10,199.0
32,4,4129908,2183.4517272695007,10,10,236.0,10,199.0
32,4,4129909,2183.4519587508794,10,10,236.0,10,199.0
32,4,4129910,2183.452190232258,10,10,236.0,10,199.0
32,4,4129911,2183.452421713637,10,10,236.0,10,199.0
32,4,4129912,2183.4526531950155,10,10,236.0,10,199.0
32,4,4129913,2183.452884676394,10,10,236.0,10,199.0
32,4,4129914,2183.453116157773,10,10,236.0,10,199.0
32,4,4129915,2183.4533476391516,10,10,252.0,10,200.0
32,4,4129916,2183.4535791205303,10,10,236.0,10,199.0
32,4,4129917,2183.4538106019086,10,10,236.0,10,199.0
32,4,4129918,2183.4540420832877,10,10,236.0,10,199.0
32,4,4129919,2183.454273564667,10,10,236.0,10,199.0
32,4,4129920,2183.454505046046,10,10,252.0,10,200.0
32,4,4129921,2183.454736527425,10,10,236.0,10,199.0
32,4,4129922,2183.4549680088035,10,10,252.0,10,200.0
32,4,4129923,2183.4551994901826,10,10,236.0,10,199.0
32,4,4129924,2183.455430971561,10,10,236.0,10,199.0
32,4,4129925,2183.45566245294,10,10,236.0,10,199.0
32,4,4129926,2183.4558939343183,10,10,252.0,10,200.0
32,4,4129927,2183.4561254156974,10,10,252.0,10,200.0
32,4,4129928,2183.4563568970766,10,10,236.0,10,198.0
32,4,4129929,2183.4565883784553,10,10,252.0,10,200.0
32,4,4129930,2183.456819859834,10,10,236.0,10,199.0
32,4,4129931,2183.4570513412127,10,10,252.0,10,200.0
32,4,4129932,2183.4572828225914,10,10,236.0,10,199.0
32,4,4129933,2183.45751430397,10,10,236.0,10,199.0
32,4,4129934,2183.457745785349,10,10,236.0,10,199.0
32,4,4129935,2183.457977266727,10,10,236.0,10,199.0
32,4,4129936,2183.4582087481062,10,10,236.0,10,199.0
32,4,4129937,2183.4584402294845,10,10,236.0,10,199.0
32,4,4129938,2183.4586717108637,10,10,252.0,10,200.0
32,4,4129939,2183.458903192242,10,10,236.0,10,199.0
32,4,4129940,2183.459134673621,10,10,236.0,10,199.0
32,4,4129941,2183.459366155,10,10,236.0,10,199.0
32,4,4129942,2183.4595976363794,10,10,252.0,10,200.0
32,4,4129943,2183.4598291177585,10,10,236.0,10,199.0
32,4,4129944,2183.460060599137,10,10,236.0,10,199.0
32,4,4129945,2183.460292080516,10,10,236.0,10,198.0
32,4,4129946,2183.460523561894,10,10,236.0,10,199.0
32,4,4129947,2183.4607550432734,10,10,236.0,10,199.0
32,4,4129948,2183.4609865246516,10,10,252.0,10,200.0
32,4,4129949,2183.461218006031,10,10,252.0,10,200.0
32,4,4129950,2183.461449487409,10,10,236.0,10,199.0
32,4,4129951,2183.461680968788,10,10,236.0,10,199.0
32,4,4129952,2183.4619124501664,10,10,252.0,10,200.0
32,4,4129953,2183.462143931545,10,10,236.0,10,199.0
32,4,4129954,2183.462375412924,10,10,236.0,10,199.0
32,4,4129955,2183.4626068943026,10,10,236.0,10,199.0
32,4,4129956,2183.4628383756813,10,10,236.0,10,199.0
32,4,4129957,2183.46306985706,10,10,236.0,10,199.0
32,4,4129958,2183.4633013384387,10,10,236.0,10,199.0
32,4,4129959,2183.4635328198174,10,10,236.0,10,199.0
32,4,4129960,2183.463764301196,10,10,236.0,10,199.0
32,4,4129961,2183.463995782575,10,10,236.0,10,199.0
32,4,4129962,2183.4642272639535,10,10,252.0,10,200.0
32,4,4129963,2183.4644587453326,10,10,236.0,10,199.0
32,4,4129964,2183.4646902267123,10,10,236.0,10,199.0
32,4,4129965,2183.464921708091,10,10,236.0,10,199.0
32,4,4129966,2183.4651531894697,10,10,252.0,10,200.0
32,4,4129967,2183.4653846708484,10,10,236.0,10,199.0
32,4,4129968,2183.465616152227,10,10,252.0,10,200.0
32,4,4129969,2183.465847633606,10,10,252.0,10,200.0
32,4,4129970,2183.466079114984,10,10,236.0,10,199.0
32,4,4129971,2183.466310596363,10,10,252.0,10,200.0
32,4,4129972,2183.4665420777415,10,10,236.0,10,199.0
32,4,4129973,2183.4667735591206,10,10,236.0,10,199.0
32,4,4129974,2183.467005040499,10,10,236.0,10,199.0
32,4,4129975,2183.467236521878,10,10,236.0,10,199.0
32,4,4129976,2183.4674680032563,10,10,236.0,10,199.0
32,4,4129977,2183.4676994846354,10,10,236.0,10,199.0
32,4,4129978,2183.4679309660137,10,10,236.0,10,199.0
32,4,4129979,2183.468162447393,10,10,236.0,10,199.0
32,4,4129980,2183.468393928771,10,10,252.0,10,200.0
32,4,4129981,2183.4686254101503,10,10,252.0,10,200.0
32,4,4129982,2183.4688568915285,10,10,236.0,10,199.0
32,4,4129983,2183.469088372908,10,10,236.0,10,199.0
32,4,4129984,2183.4693198542877,10,10,252.0,10,200.0
32,4,4129985,2183.469551335667,10,10,236.0,10,198.0
32,4,4129986,2183.469782817045,10,10,236.0,10,199.0
32,4,4129987,2183.4700142984243,10,10,236.0,10,199.0
32,4,4129988,2183.4702457798026,10,10,236.0,10,199.0
32,4,4129989,2183.4704772611817,10,10,236.0,10,199.0
32,4,4129990,2183.47070874256,10,10,236.0,10,199.0
32,4,4129991,2183.470940223939,10,10,236.0,10,199.0
32,4,4129992,2183.4711717053174,10,10,252.0,10,200.0
32,4,4129993,2183.4714031866965,10,10,236.0,10,199.0
32,4,4129994,2183.471634668075,10,10,236.0,10,199.0
32,5,4151151,2188.3690861986966,10,10,236.0,10,199.0
32,5,4151152,2188.3693176800757,10,10,236.0,10,199.0
32,5,4151153,2188.369549161454,10,10,236.0,10,199.0
32,5,4151154,2188.369780642833,10,10,236.0,10,199.0
32,5,4151155,2188.3700121242114,10,10,236.0,10,198.0
32,5,4151156,2188.3702436055905,10,10,236.0,10,199.0
32,5,4151157,2188.370475086969,10,10,236.0,10,199.0
32,5,4151158,2188.370706568348,10,10,236.0,10,198.0
32,5,4151159,2188.370938049726,10,10,236.0,10,199.0
32,5,4151160,2188.3711695311054,10,10,236.0,10,198.0
32,5,4151161,2188.3714010124845,10,10,236.0,10,199.0
32,5,4151162,2188.3716324938637,10,10,236.0,10,199.0
32,5,4151163,2188.3718639752433,10,10,236.0,10,199.0
32,5,4151164,2188.372095456622,10,10,236.0,10,199.0
32,5,4151165,2188.3723269380007,10,10,236.0,10,197.0
32,5,4151166,2188.3725584193794,10,10,236.0,10,199.0
32,5,4151167,2188.3727899007577,10,10,236.0,10,199.0
32,5,4151168,2188.373021382137,10,10,236.0,10,199.0
32,5,4151169,2188.373252863515,10,10,236.0,10,199.0
32,5,4151170,2188.373484344894,10,10,236.0,10,199.0
32,5,4151171,2188.3737158262725,10,10,236.0,10,198.0
32,5,4151172,2188.3739473076516,10,10,236.0,10,199.0
32,5,4151173,2188.37417878903,10,10,236.0,10,199.0
32,5,4151174,2188.374410270409,10,10,236.0,10,199.0
32,5,4151175,2188.3746417517873,10,10,252.0,10,200.0
32,5,4151176,2188.3748732331665,10,10,236.0,10,199.0
32,5,4151177,2188.3751047145447,10,10,236.0,10,198.0
32,5,4151178,2188.375336195924,10,10,236.0,10,199.0
32,5,4151179,2188.375567677302,10,10,236.0,10,199.0
32,5,4151180,2188.3757991586813,10,10,236.0,10,199.0
32,5,4151181,2188.3760306400595,10,10,236.0,10,199.0
32,5,4151182,2188.3762621214387,10,10,236.0,10,199.0
32,5,4151183,2188.376493602818,10,10,236.0,10,199.0
32,5,4151184,2188.376725084197,10,10,236.0,10,199.0
32,5,4151185,2188.3769565655757,10,10,236.0,10,199.0
32,5,4151186,2188.3771880469544,10,10,236.0,10,199.0
32,5,4151187,2188.377419528333,10,10,236.0,10,199.0
32,5,4151188,2188.377651009712,10,10,236.0,10,199.0
32,5,4151189,2188.3778824910905,10,10,236.0,10,199.0
32,5,4151190,2188.3781139724692,10,10,236.0,10,199.0
32,5,4151191,2188.378345453848,10,10,236.0,10,199.0
32,5,4151192,2188.3785769352266,10,10,236.0,10,198.0
32,5,4151193,2188.3788084166054,10,10,236.0,10,199.0
32,5,4151194,2188.379039897984,10,10,236.0,10,199.0
32,5,4151195,2188.3792713793628,10,10,236.0,10,199.0
32,5,4151196,2188.3795028607415,10,10,236.0,10,199.0
32,5,4151197,2188.37973434212,10,10,236.0,10,199.0
32,5,4151198,2188.379965823499,10,10,236.0,10,199.0
32,5,4151199,2188.3801973048776,10,10,236.0,10,199.0
32,5,4151200,2188.3804287862563,10,10,236.0,10,199.0
32,5,4151201,2188.3806602676345,10,10,236.0,10,199.0
32,5,4151202,2188.3808917490137,10,10,236.0,10,199.0
32,5,4151203,2188.381123230393,10,10,236.0,10,199.0
32,5,4151204,2188.381354711772,10,10,236.0,10,199.0
32,5,4151205,2188.381586193151,10,10,236.0,10,199.0
32,5,4151206,2188.3818176745294,10,10,236.0,10,199.0
32,5,4151207,2188.3820491559086,10,10,236.0,10,199.0
32,5,4151208,2188.382280637287,10,10,236.0,10,199.0
32,5,4151209,2188.382512118666,10,10,236.0,10,199.0
32,5,4151210,2188.3827436000443,10,10,236.0,10,199.0
32,5,4151211,2188.3829750814234,10,10,236.0,10,199.0
32,5,4151212,2188.3832065628017,10,10,236.0,10,199.0
32,5,4151213,2188.383438044181,10,10,236.0,10,199.0
32,5,4151214,2188.38366952556,10,10,236.0,10,199.0
32,5,4151215,2188.3839010069387,10,10,236.0,10,199.0
32,5,4151216,2188.3841324883174,10,10,236.0,10,199.0
32,5,4151217,2188.3843639696956,10,10,236.0,10,199.0
32,5,4151218,2188.384595451075,10,10,236.0,10,199.0
32,5,4151219,2188.384826932453,10,10,236.0,10,199.0
32,5,4151220,2188.385058413832,10,10,236.0,10,199.0
32,5,4151221,2188.3852898952105,10,10,236.0,10,198.0
32,5,4151222,2188.3855213765896,10,10,236.0,10,199.0
32,5,4151223,2188.385752857968,10,10,236.0,10,198.0
32,5,4151224,2188.3859843393475,10,10,236.0,10,199.0
32,5,4151225,2188.386215820727,10,10,236.0,10,199.0
32,5,4151226,2188.3864473021054,10,10,236.0,10,199.0
32,5,4151227,2188.3866787834845,10,10,236.0,10,199.0
32,5,4151228,2188.3869102648628,10,10,236.0,10,199.0
32,5,4151229,2188.387141746242,10,10,236.0,10,199.0
32,5,4151230,2188.38737322762,10,10,236.0,10,199.0
32,5,4151231,2188.3876047089993,10,10,236.0,10,199.0
32,5,4151232,2188.3878361903776,10,10,236.0,10,198.0
32,5,4151233,2188.3880676717567,10,10,236.0,10,199.0
32,5,4151234,2188.388299153135,10,10,236.0,10,199.0
32,5,4151235,2188.3885306345137,10,10,236.0,10,199.0
32,5,4151236,2188.3887621158924,10,10,236.0,10,199.0
32,5,4151237,2188.388993597271,10,10,236.0,10,199.0
32,5,4151238,2188.38922507865,10,10,236.0,10,199.0
32,5,4151239,2188.3894565600285,10,10,236.0,10,198.0
32,5,4151240,2188.389688041407,10,10,236.0,10,199.0
32,5,4151241,2188.389919522786,10,10,236.0,10,199.0
32,5,4151242,2188.3901510041646,10,10,236.0,10,199.0
32,5,4151243,2188.3903824855433,10,10,236.0,10,199.0
32,5,4151244,2188.390613966923,10,10,236.0,10,199.0
32,5,4151245,2188.390845448302,10,10,236.0,10,198.0
32,5,4151246,2188.391076929681,10,10,236.0,10,198.0
32,5,4151247,2188.3913084110595,10,10,236.0,10,199.0
32,5,4151248,2188.3915398924382,10,10,236.0,10,199.0
32,5,4151249,2188.391771373817,10,10,236.0,10,198.0
32,5,4151250,2188.3920028551956,10,10,236.0,10,199.0
32,5,4151251,2188.3922343365743,10,10,236.0,10,199.0
32,5,4151252,2188.3924658179526,10,10,236.0,10,199.0
32,5,4151253,2188.3926972993318,10,10,236.0,10,199.0
32,5,4151254,2188.39292878071,10,10,236.0,10,199.0
32,5,4151255,2188.393160262089,10,10,236.0,10,199.0
32,5,4151256,2188.3933917434674,10,10,252.0,10,200.0
32,5,4151257,2188.3936232248466,10,10,236.0,10,199.0
32,5,4151258,2188.393854706225,10,10,236.0,10,199.0
32,5,4151259,2188.394086187604,10,10,236.0,10,199.0
32,5,4151260,2188.3943176689822,10,10,236.0,10,199.0
32,5,4151261,2188.3945491503614,10,10,236.0,10,199.0
32,5,4151262,2188.3947806317396,10,10,236.0,10,198.0
32,5,4151263,2188.395012113119,10,10,236.0,10,199.0
32,5,4151264,2188.395243594497,10,10,236.0,10,199.0
32,5,4151265,2188.3954750758767,10,10,236.0,10,199.0
32,5,4151266,2188.3957065572563,10,10,236.0,10,198.0
32,5,4151267,2188.3959380386345,10,10,252.0,10,200.0
32,5,4151268,2188.3961695200132,10,10,236.0,10,199.0
32,5,4151269,2188.396401001393,10,10,236.0,10,199.0
32,5,4151270,2188.396632482771,10,10,236.0,10,199.0
32,5,4151271,2188.3968639641503,10,10,236.0,10,199.0
32,5,4151272,2188.3970954455285,10,10,236.0,10,199.0
32,5,4151273,2188.3973269269077,10,10,236.0,10,199.0
32,5,4151274,2188.397558408286,10,10,236.0,10,199.0
32,5,4151275,2188.397789889665,10,10,252.0,10,200.0
32,5,4151276,2188.3980213710433,10,10,236.0,10,199.0
32,5,4151277,2188.3982528524225,10,10,236.0,10,199.0
32,5,4151278,2188.3984843338008,10,10,236.0,10,199.0
32,5,4151279,2188.39871581518,10,10,236.0,10,199.0
32,5,4151280,2188.398947296558,10,10,236.0,10,199.0
32,5,4151281,2188.3991787779373,10,10,236.0,10,199.0
32,5,4151282,2188.3994102593156,10,10,236.0,10,199.0
32,5,4151283,2188.3996417406947,10,10,236.0,10,198.0
32,5,4151284,2188.399873222073,10,10,236.0,10,199.0
32,5,4151285,2188.4001047034526,10,10,236.0,10,199.0
32,5,4151286,2188.400336184832,10,10,236.0,10,198.0
32,5,4151287,2188.4005676662105,10,10,236.0,10,199.0
32,5,4151288,2188.400799147589,10,10,236.0,10,199.0
32,5,4151289,2188.401030628968,10,10,236.0,10,199.0
32,5,4151290,2188.4012621103466,10,10,252.0,10,200.0
32,5,4151291,2188.4014935917253,10,10,236.0,10,198.0
32,5,4151292,2188.401725073104,10,10,236.0,10,199.0
32,5,4151293,2188.4019565544827,10,10,236.0,10,198.0
32,5,4151294,2188.4021880358614,10,10,236.0,10,199.0
32,5,4151295,2188.40241951724,10,10,236.0,10,199.0
32,5,4151296,2188.402650998619,10,10,236.0,10,199.0
32,5,4151297,2188.4028824799975,10,10,236.0,10,199.0
32,5,4151298,2188.403113961376,10,10,236.0,10,198.0
32,5,4151299,2188.403345442755,10,10,236.0,10,199.0
32,5,4151300,2188.4035769241336,10,10,236.0,10,199.0
32,5,4151301,2188.4038084055123,10,10,236.0,10,199.0
32,5,4151302,2188.4040398868906,10,10,236.0,10,199.0
32,5,4151303,2188.4042713682697,10,10,236.0,10,199.0
32,5,4151304,2188.404502849648,10,10,236.0,10,199.0
32,5,4151305,2188.404734331027,10,10,236.0,10,199.0
32,5,4151306,2188.4049658124063,10,10,236.0,10,198.0
32,5,4151307,2188.4051972937855,10,10,236.0,10,198.0
32,5,4151308,2188.4054287751646,10,10,236.0,10,199.0
32,5,4151309,2188.405660256543,10,10,236.0,10,199.0
32,5,4151310,2188.405891737922,10,10,236.0,10,199.0
32,5,4151311,2188.4061232193003,10,10,236.0,10,199.0
32,5,4151312,2188.4063547006795,10,10,236.0,10,199.0
32,5,4151313,2188.4065861820577,10,10,236.0,10,199.0
32,5,4151314,2188.406817663437,10,10,236.0,10,199.0
32,5,4151315,2188.407049144815,10,10,236.0,10,198.0
32,5,4151316,2188.4072806261943,10,10,236.0,10,199.0
32,5,4151317,2188.4075121075725,10,10,236.0,10,199.0
32,5,4151318,2188.4077435889517,10,10,236.0,10,198.0
32,5,4151319,2188.40797507033,10,10,236.0,10,199.0
32,5,4151320,2188.4082065517086,10,10,236.0,10,199.0
32,5,4151321,2188.4084380330874,10,10,236.0,10,199.0
32,5,4151322,2188.408669514466,10,10,236.0,10,199.0
32,5,4151323,2188.4089009958448,10,10,236.0,10,199.0
32,5,4151324,2188.409132477224,10,10,236.0,10,199.0
32,5,4151325,2188.409363958603,10,10,236.0,10,199.0
32,5,4151326,2188.4095954399822,10,10,236.0,10,199.0
32,5,4151327,2188.4098269213614,10,10,236.0,10,199.0
32,5,4151328,2188.4100584027406,10,10,236.0,10,199.0
32,5,4151329,2188.410289884119,10,10,236.0,10,199.0
32,5,4151330,2188.410521365498,10,10,236.0,10,199.0
32,5,4151331,2188.410752846876,10,10,236.0,10,199.0
32,5,4151332,2188.4109843282554,10,10,236.0,10,199.0
32,5,4151333,2188.4112158096336,10,10,236.0,10,199.0
32,5,4151334,2188.411447291013,10,10,236.0,10,199.0
32,5,4151335,2188.411678772391,10,10,236.0,10,199.0
32,5,4151336,2188.41191025377,10,10,236.0,10,199.0
32,5,4151337,2188.4121417351485,10,10,236.0,10,199.0
32,5,4151338,2188.412373216527,10,10,236.0,10,199.0
32,5,4151339,2188.412604697906,10,10,236.0,10,199.0
32,5,4151340,2188.4128361792846,10,10,236.0,10,199.0
32,5,4151341,2188.4130676606633,10,10,236.0,10,199.0
32,5,4151342,2188.413299142042,10,10,236.0,10,198.0
32,5,4151343,2188.4135306234207,10,10,236.0,10,198.0
32,5,4151344,2188.4137621047994,10,10,236.0,10,199.0
32,5,4151345,2188.413993586178,10,10,236.0,10,199.0
32,5,4151346,2188.414225067557,10,10,236.0,10,198.0
32,5,4151347,2188.4144565489364,10,10,236.0,10,199.0
32,5,4151348,2188.4146880303156,10,10,236.0,10,199.0
32,5,4151349,2188.4149195116943,10,10,236.0,10,199.0
32,5,4151350,2188.415150993073,10,10,236.0,10,199.0
32,5,4151351,2188.4153824744517,10,10,236.0,10,199.0
32,5,4151352,2188.4156139558304,10,10,236.0,10,199.0
32,5,4151353,2188.415845437209,10,10,236.0,10,199.0
32,5,4151354,2188.416076918588,10,10,236.0,10,199.0
32,5,4151355,2188.416308399966,10,10,236.0,10,199.0
32,5,4151356,2188.416539881345,10,10,236.0,10,197.0
32,5,4151357,2188.4167713627235,10,10,236.0,10,199.0
32,5,4151358,2188.4170028441026,10,10,236.0,10,199.0
32,5,4151359,2188.417234325481,10,10,236.0,10,199.0
32,5,4151360,2188.41746580686,10,10,236.0,10,199.0
32,5,4151361,2188.4176972882383,10,10,236.0,10,199.0
32,5,4151362,2188.4179287696174,10,10,236.0,10,199.0
32,5,4151363,2188.4181602509957,10,10,236.0,10,199.0
32,5,4151364,2188.418391732375,10,10,236.0,10,199.0
32,5,4151365,2188.418623213753,10,10,236.0,10,198.0
32,5,4151366,2188.4188546951323,10,10,236.0,10,198.0
32,5,4151367,2188.4190861765114,10,10,236.0,10,199.0
32,5,4151368,2188.4193176578906,10,10,236.0,10,199.0
32,5,4151369,2188.4195491392697,10,10,236.0,10,199.0
32,5,4151370,2188.419780620648,10,10,236.0,10,198.0
32,5,4151371,2188.420012102027,10,10,236.0,10,198.0
32,5,4151372,2188.4202435834054,10,10,236.0,10,199.0
32,5,4151373,2188.420475064784,10,10,236.0,10,199.0
32,5,4151374,2188.420706546163,10,10,236.0,10,199.0
32,5,4151375,2188.4209380275415,10,10,236.0,10,199.0
32,5,4151376,2188.4211695089202,10,10,236.0,10,199.0
32,5,4151377,2188.421400990299,10,10,236.0,10,199.0
32,5,4151378,2188.4216324716776,10,10,236.0,10,198.0
32,5,4151379,2188.421863953057,10,10,236.0,10,199.0
32,5,4151380,2188.422095434436,10,10,252.0,10,200.0
32,5,4151381,2188.422326915814,10,10,236.0,10,199.0
32,5,4151382,2188.4225583971934,10,10,236.0,10,198.0
32,5,4151383,2188.4227898785716,10,10,236.0,10,199.0
32,5,4151384,2188.423021359951,10,10,236.0,10,199.0
32,5,4151385,2188.423252841329,10,10,236.0,10,199.0
32,5,4151386,2188.423484322708,10,10,236.0,10,198.0
32,5,4151387,2188.4237158040864,10,10,236.0,10,199.0
32,5,4151388,2188.423947285466,10,10,236.0,10,199.0
32,5,4151389,2188.424178766845,10,10,236.0,10,199.0
32,5,4151390,2188.424410248224,10,10,236.0,10,199.0
32,5,4151391,2188.4246417296026,10,10,236.0,10,199.0
32,5,4151392,2188.4248732109813,10,10,236.0,10,199.0
32,5,4151393,2188.42510469236,10,10,236.0,10,199.0
32,5,4151394,2188.4253361737387,10,10,236.0,10,199.0
32,5,4151395,2188.4255676551174,10,10,236.0,10,199.0
32,5,4151396,2188.425799136496,10,10,236.0,10,199.0
32,5,4151397,2188.426030617875,10,10,236.0,10,199.0
32,5,4151398,2188.4262620992536,10,10,236.0,10,199.0
32,5,4151399,2188.4264935806323,10,10,236.0,10,198.0
32,5,4151400,2188.426725062011,10,10,236.0,10,199.0
32,5,4151401,2188.4269565433897,10,10,236.0,10,199.0
32,5,4151402,2188.4271880247684,10,10,236.0,10,199.0
32,5,4151403,2188.427419506147,10,10,236.0,10,199.0
32,5,4151404,2188.427650987526,10,10,236.0,10,199.0
32,5,4151405,2188.4278824689045,10,10,236.0,10,199.0
32,5,4151406,2188.428113950283,10,10,236.0,10,199.0
32,5,4151407,2188.4283454316615,10,10,236.0,10,199.0
32,5,4151408,2188.428576913041,10,10,236.0,10,199.0
32,5,4151409,2188.4288083944207,10,10,236.0,10,199.0
32,5,4151410,2188.429039875799,10,10,236.0,10,199.0
32,5,4151411,2188.429271357178,10,10,236.0,10,199.0
32,5,4151412,2188.4295028385563,10,10,236.0,10,199.0
32,5,4151413,2188.4297343199355,10,10,236.0,10,199.0
32,5,4151414,2188.4299658013138,10,10,236.0,10,199.0
32,5,4151415,2188.430197282693,10,10,236.0,10,199.0
32,5,4151416,2188.430428764071,10,10,236.0,10,199.0
32,5,4151417,2188.4306602454503,10,10,236.0,10,199.0
32,5,4151418,2188.4308917268286,10,10,236.0,10,199.0
32,5,4151419,2188.4311232082077,10,10,236.0,10,198.0
32,5,4151420,2188.431354689586,10,10,236.0,10,199.0
32,5,4151421,2188.431586170965,10,10,236.0,10,198.0
32,5,4151422,2188.4318176523434,10,10,236.0,10,199.0
32,5,4151423,2188.432049133722,10,10,236.0,10,198.0
32,5,4151424,2188.432280615101,10,10,236.0,10,199.0
32,5,4151425,2188.4325120964795,10,10,236.0,10,199.0
32,5,4151426,2188.432743577858,10,10,236.0,10,199.0
32,5,4151427,2188.432975059237,10,10,236.0,10,199.0
32,5,4151428,2188.4332065406156,10,10,236.0,10,199.0
32,5,4151429,2188.433438021995,10,10,236.0,10,199.0
32,5,4151430,2188.4336695033744,10,10,252.0,10,200.0
32,5,4151431,2188.433900984753,10,10,236.0,10,199.0
32,5,4151432,2188.434132466132,10,10,236.0,10,199.0
32,5,4151433,2188.4343639475105,10,10,236.0,10,199.0
32,5,4151434,2188.4345954288897,10,10,236.0,10,199.0
32,5,4151435,2188.434826910269,10,10,236.0,10,199.0
32,5,4151436,2188.435058391647,10,10,236.0,10,199.0
32,5,4151437,2188.4352898730262,10,10,236.0,10,199.0
32,5,4151438,2188.4355213544045,10,10,236.0,10,199.0
32,5,4151439,2188.4357528357837,10,10,236.0,10,199.0
32,5,4151440,2188.435984317162,10,10,236.0,10,199.0
32,5,4151441,2188.4362157985406,10,10,236.0,10,199.0
32,5,4151442,2188.4364472799193,10,10,236.0,10,199.0
32,5,4151443,2188.436678761298,10,10,236.0,10,199.0
32,5,4151444,2188.4369102426767,10,10,236.0,10,199.0
32,5,4151445,2188.4371417240554,10,10,236.0,10,199.0
32,5,4151446,2188.437373205434,10,10,236.0,10,199.0
32,5,4151447,2188.437604686813,10,10,236.0,10,199.0
32,5,4151448,2188.4378361681916,10,10,236.0,10,199.0
32,5,4151449,2188.4380676495707,10,10,236.0,10,199.0
32,5,4151450,2188.4382991309503,10,10,236.0,10,199.0
32,5,4151451,2188.438530612329,10,10,236.0,10,199.0
32,5,4151452,2188.4387620937077,10,10,236.0,10,199.0
32,5,4151453,2188.4389935750864,10,10,236.0,10,199.0
32,5,4151454,2188.439225056465,10,10,236.0,10,199.0
32,5,4151455,2188.439456537844,10,10,236.0,10,199.0
32,5,4151456,2188.4396880192226,10,10,236.0,10,199.0
32,5,4151457,2188.4399195006013,10,10,236.0,10,199.0
32,5,4151458,2188.4401509819795,10,10,236.0,10,199.0
32,5,4151459,2188.4403824633587,10,10,236.0,10,198.0
32,5,4151460,2188.440613944737,10,10,252.0,10,200.0
32,5,4151461,2188.440845426116,10,10,252.0,10,200.0
32,5,4151462,2188.4410769074943,10,10,236.0,10,199.0
32,5,4151463,2188.4413083888735,10,10,236.0,10,199.0
32,5,4151464,2188.4415398702517,10,10,236.0,10,199.0
32,5,4151465,2188.441771351631,10,10,236.0,10,199.0
32,5,4151466,2188.442002833009,10,10,236.0,10,199.0
32,5,4151467,2188.4422343143883,10,10,236.0,10,199.0
32,5,4151468,2188.4424657957666,10,10,236.0,10,199.0
32,5,4151469,2188.4426972771457,10,10,252.0,10,200.0
32,5,4151470,2188.442928758525,10,10,236.0,10,198.0
32,5,4151471,2188.443160239904,10,10,236.0,10,199.0
32,5,4151472,2188.443391721283,10,10,236.0,10,199.0
32,5,4151473,2188.4436232026615,10,10,236.0,10,199.0
32,5,4151474,2188.44385468404,10,10,236.0,10,199.0
32,5,4151475,2188.444086165419,10,10,236.0,10,199.0
32,5,4151476,2188.4443176467976,10,10,236.0,10,199.0
32,5,4151477,2188.4445491281763,10,10,236.0,10,198.0
32,5,4151478,2188.444780609555,10,10,236.0,10,199.0
32,5,4151479,2188.4450120909337,10,10,236.0,10,198.0
32,5,4151480,2188.4452435723124,10,10,236.0,10,198.0
32,5,4151481,2188.445475053691,10,10,236.0,10,199.0
32,5,4151482,2188.44570653507,10,10,236.0,10,199.0
32,5,4151483,2188.4459380164485,10,10,236.0,10,199.0
32,5,4151484,2188.446169497827,10,10,236.0,10,199.0
32,5,4151485,2188.446400979206,10,10,236.0,10,199.0
32,5,4151486,2188.4466324605846,10,10,236.0,10,198.0
32,5,4151487,2188.4468639419642,10,10,236.0,10,199.0
32,5,4151488,2188.4470954233425,10,10,236.0,10,199.0
32,5,4151489,2188.4473269047216,10,10,236.0,10,199.0
32,5,4151490,2188.447558386101,10,10,236.0,10,199.0
32,5,4151491,2188.44778986748,10,10,236.0,10,199.0
32,5,4151492,2188.448021348859,10,10,236.0,10,199.0
32,5,4151493,2188.4482528302374,10,10,236.0,10,199.0
32,5,4151494,2188.448484311616,10,10,236.0,10,199.0
32,5,4151495,2188.448715792995,10,10,236.0,10,198.0
32,5,4151496,2188.4489472743735,10,10,236.0,10,199.0
32,5,4151497,2188.449178755752,10,10,236.0,10,199.0
32,5,4151498,2188.449410237131,10,10,236.0,10,199.0
32,5,4151499,2188.4496417185096,10,10,236.0,10,199.0
32,5,4151500,2188.4498731998883,10,10,236.0,10,199.0
32,5,4151501,2188.450104681267,10,10,236.0,10,199.0
32,5,4151502,2188.4503361626457,10,10,252.0,10,200.0
32,5,4151503,2188.4505676440244,10,10,236.0,10,199.0
32,5,4151504,2188.450799125403,10,10,236.0,10,198.0
32,5,4151505,2188.451030606782,10,10,236.0,10,199.0
32,5,4151506,2188.4512620881605,10,10,236.0,10,199.0
32,5,4151507,2188.4514935695393,10,10,236.0,10,199.0
32,5,4151508,2188.4517250509175,10,10,236.0,10,199.0
32,5,4151509,2188.4519565322967,10,10,252.0,10,200.0
32,5,4151510,2188.452188013676,10,10,236.0,10,199.0
32,5,4151511,2188.452419495055,10,10,236.0,10,199.0
32,5,4151512,2188.452650976434,10,10,236.0,10,199.0
32,5,4151513,2188.4528824578124,10,10,236.0,10,199.0
32,5,4151514,2188.4531139391916,10,10,236.0,10,199.0
32,5,4151515,2188.45334542057,10,10,236.0,10,199.0
32,5,4151516,2188.453576901949,10,10,236.0,10,199.0
32,5,4151517,2188.453808383327,10,10,236.0,10,199.0
32,5,4151518,2188.4540398647064,10,10,236.0,10,199.0
32,5,4151519,2188.4542713460846,10,10,236.0,10,199.0
32,5,4151520,2188.454502827464,10,10,236.0,10,199.0
32,5,4151521,2188.454734308842,10,10,236.0,10,199.0
32,5,4151522,2188.454965790221,10,10,236.0,10,198.0
32,5,4151523,2188.4551972715994,10,10,236.0,10,199.0
32,5,4151524,2188.4554287529786,10,10,236.0,10,199.0
32,5,4151525,2188.455660234357,10,10,236.0,10,199.0
32,5,4151526,2188.4558917157356,10,10,236.0,10,199.0
32,5,4151527,2188.4561231971143,10,10,236.0,10,199.0
32,5,4151528,2188.456354678493,10,10,236.0,10,199.0
32,5,4151529,2188.4565861598717,10,10,236.0,10,199.0
32,5,4151530,2188.4568176412504,10,10,236.0,10,199.0
32,5,4151531,2188.45704912263,10,10,236.0,10,199.0
32,5,4151532,2188.457280604009,10,10,236.0,10,199.0
32,5,4151533,2188.457512085388,10,10,236.0,10,199.0
32,5,4151534,2188.4577435667666,10,10,236.0,10,199.0
32,5,4151535,2188.4579750481453,10,10,236.0,10,199.0
32,5,4151536,2188.458206529524,10,10,236.0,10,199.0
32,5,4151537,2188.4584380109027,10,10,236.0,10,199.0
32,5,4151538,2188.4586694922814,10,10,236.0,10,199.0
32,5,4151539,2188.45890097366,10,10,236.0,10,199.0
32,5,4151540,2188.459132455039,10,10,236.0,10,199.0
32,5,4151541,2188.4593639364175,10,10,236.0,10,198.0
32,5,4151542,2188.459595417797,10,10,236.0,10,199.0
32,5,4151543,2188.4598268991754,10,10,236.0,10,199.0
32,5,4151544,2188.460058380554,10,10,252.0,10,200.0
32,5,4151545,2188.460289861933,10,10,236.0,10,199.0
32,5,4151546,2188.4605213433115,10,10,236.0,10,199.0
32,5,4151547,2188.46075282469,10,10,236.0,10,199.0
32,5,4151548,2188.460984306069,10,10,236.0,10,199.0
32,5,4151549,2188.4612157874476,10,10,236.0,10,198.0
32,5,4151550,2188.4614472688263,10,10,236.0,10,199.0
32,5,4151551,2188.461678750206,10,10,236.0,10,199.0
32,6,4163675,2191.268158986438,10,10,236.0,10,199.0
32,6,4163676,2191.2683904678165,10,10,236.0,10,198.0
32,6,4163677,2191.268621949195,10,10,236.0,10,199.0
32,6,4163678,2191.268853430574,10,10,236.0,10,199.0
32,6,4163679,2191.2690849119526,10,10,236.0,10,198.0
32,6,4163680,2191.2693163933313,10,10,236.0,10,199.0
32,6,4163681,2191.26954787471,10,10,236.0,10,199.0
32,6,4163682,2191.2697793560887,10,10,236.0,10,199.0
32,6,4163683,2191.2700108374675,10,10,236.0,10,199.0
32,6,4163684,2191.270242318846,10,10,236.0,10,199.0
32,6,4163685,2191.2704738002244,10,10,236.0,10,199.0
32,6,4163686,2191.2707052816036,10,10,252.0,10,200.0
32,6,4163687,2191.2709367629827,10,10,236.0,10,199.0
32,6,4163688,2191.271168244362,10,10,236.0,10,198.0
32,6,4163689,2191.271399725741,10,10,236.0,10,199.0
32,6,4163690,2191.2716312071193,10,10,236.0,10,199.0
32,6,4163691,2191.2718626884985,10,10,236.0,10,199.0
32,6,4163692,2191.2720941698767,10,10,236.0,10,199.0
32,6,4163693,2191.272325651256,10,10,236.0,10,199.0
32,6,4163694,2191.272557132634,10,10,236.0,10,199.0
32,6,4163695,2191.2727886140133,10,10,236.0,10,199.0
32,6,4163696,2191.2730200953915,10,10,236.0,10,199.0
32,6,4163697,2191.2732515767707,10,10,236.0,10,199.0
32,6,4163698,2191.273483058149,10,10,236.0,10,199.0
32,6,4163699,2191.273714539528,10,10,236.0,10,198.0
32,6,4163700,2191.2739460209064,10,10,236.0,10,198.0
32,6,4163701,2191.2741775022855,10,10,236.0,10,199.0
32,6,4163702,2191.2744089836638,10,10,236.0,10,199.0
32,6,4163703,2191.2746404650425,10,10,236.0,10,199.0
32,6,4163704,2191.274871946421,10,10,236.0,10,199.0
32,6,4163705,2191.2751034278,10,10,236.0,10,199.0
32,6,4163706,2191.2753349091786,10,10,236.0,10,198.0
32,6,4163707,2191.2755663905577,10,10,236.0,10,199.0
32,6,4163708,2191.2757978719374,10,10,236.0,10,198.0
32,6,4163709,2191.276029353316,10,10,236.0,10,198.0
32,6,4163710,2191.2762608346948,10,10,236.0,10,198.0
32,6,4163711,2191.2764923160735,10,10,236.0,10,199.0
32,6,4163712,2191.276723797452,10,10,236.0,10,199.0
32,6,4163713,2191.276955278832,10,10,236.0,10,199.0
32,6,4163714,2191.27718676021,10,10,236.0,10,199.0
32,6,4163715,2191.277418241589,10,10,236.0,10,199.0
32,6,4163716,2191.2776497229675,10,10,236.0,10,199.0
32,6,4163717,2191.2778812043466,10,10,236.0,10,199.0
32,6,4163718,2191.278112685725,10,10,236.0,10,198.0
32,6,4163719,2191.278344167104,10,10,236.0,10,199.0
32,6,4163720,2191.2785756484823,10,10,236.0,10,199.0
32,6,4163721,2191.278807129861,10,10,236.0,10,199.0
32,6,4163722,2191.2790386112397,10,10,236.0,10,199.0
32,6,4163723,2191.2792700926184,10,10,236.0,10,199.0
32,6,4163724,2191.279501573997,10,10,236.0,10,199.0
32,6,4163725,2191.279733055376,10,10,236.0,10,199.0
32,6,4163726,2191.2799645367545,10,10,236.0,10,198.0
32,6,4163727,2191.2801960181337,10,10,236.0,10,199.0
32,6,4163728,2191.2804274995133,10,10,236.0,10,199.0
32,6,4163729,2191.280658980892,10,10,236.0,10,199.0
32,6,4163730,2191.2808904622707,10,10,236.0,10,199.0
32,6,4163731,2191.2811219436494,10,10,236.0,10,198.0
32,6,4163732,2191.281353425028,10,10,236.0,10,199.0
32,6,4163733,2191.281584906407,10,10,236.0,10,198.0
32,6,4163734,2191.2818163877855,10,10,236.0,10,199.0
32,6,4163735,2191.282047869164,10,10,236.0,10,199.0
32,6,4163736,2191.282279350543,10,10,236.0,10,198.0
32,6,4163737,2191.2825108319216,10,10,236.0,10,199.0
32,6,4163738,2191.2827423133,10,10,236.0,10,198.0
32,6,4163739,2191.282973794679,10,10,236.0,10,198.0
32,6,4163740,2191.2832052760573,10,10,236.0,10,199.0
32,6,4163741,2191.2834367574364,10,10,236.0,10,199.0
32,6,4163742,2191.2836682388147,10,10,236.0,10,199.0
32,6,4163743,2191.283899720194,10,10,236.0,10,199.0
32,6,4163744,2191.284131201572,10,10,236.0,10,199.0
32,6,4163745,2191.2843626829513,10,10,236.0,10,199.0
32,6,4163746,2191.2845941643295,10,10,236.0,10,199.0
32,6,4163747,2191.284825645709,10,10,236.0,10,199.0
32,6,4163748,2191.2850571270887,10,10,236.0,10,198.0
32,6,4163749,2191.285288608467,10,10,236.0,10,199.0
32,6,4163750,2191.285520089846,10,10,236.0,10,199.0
32,6,4163751,2191.2857515712244,10,10,236.0,10,198.0
32,6,4163752,2191.2859830526036,10,10,236.0,10,198.0
32,6,4163753,2191.286214533982,10,10,236.0,10,199.0
32,6,4163754,2191.286446015361,10,10,236.0,10,199.0
32,6,4163755,2191.2866774967392,10,10,236.0,10,199.0
32,6,4163756,2191.286908978118,10,10,236.0,10,199.0
32,6,4163757,2191.2871404594966,10,10,236.0,10,199.0
32,6,4163758,2191.2873719408753,10,10,236.0,10,199.0
32,6,4163759,2191.287603422254,10,10,236.0,10,199.0
32,6,4163760,2191.2878349036328,10,10,236.0,10,199.0
32,6,4163761,2191.2880663850115,10,10,236.0,10,199.0
32,6,4163762,2191.28829786639,10,10,236.0,10,199.0
32,6,4163763,2191.288529347769,10,10,236.0,10,199.0
32,6,4163764,2191.2887608291476,10,10,236.0,10,199.0
32,6,4163765,2191.2889923105263,10,10,236.0,10,198.0
32,6,4163766,2191.2892237919054,10,10,236.0,10,199.0
32,6,4163767,2191.289455273285,10,10,236.0,10,199.0
32,6,4163768,2191.2896867546647,10,10,236.0,10,199.0
32,6,4163769,2191.289918236043,10,10,236.0,10,199.0
32,6,4163770,2191.290149717422,10,10,236.0,10,199.0
32,6,4163771,2191.2903811988003,10,10,236.0,10,198.0
32,6,4163772,2191.290612680179,10,10,236.0,10,199.0
32,6,4163773,2191.2908441615577,10,10,236.0,10,199.0
32,6,4163774,2191.2910756429364,10,10,236.0,10,198.0
32,6,4163775,2191.291307124315,10,10,236.0,10,199.0
32,6,4163776,2191.291538605694,10,10,236.0,10,199.0
32,6,4163777,2191.2917700870726,10,10,252.0,10,200.0
32,6,4163778,2191.2920015684513,10,10,236.0,10,199.0
32,6,4163779,2191.29223304983,10,10,236.0,10,199.0
32,6,4163780,2191.2924645312087,10,10,236.0,10,199.0
32,6,4163781,2191.2926960125874,10,10,236.0,10,199.0
32,6,4163782,2191.292927493966,10,10,236.0,10,198.0
32,6,4163783,2191.293158975345,10,10,236.0,10,199.0
32,6,4163784,2191.2933904567235,10,10,236.0,10,199.0
32,6,4163785,2191.293621938102,10,10,236.0,10,199.0
32,6,4163786,2191.2938534194814,10,10,236.0,10,198.0
32,6,4163787,2191.294084900861,10,10,236.0,10,198.0
32,6,4163788,2191.2943163822397,10,10,236.0,10,199.0
32,6,4163789,2191.294547863618,10,10,236.0,10,198.0
32,6,4163790,2191.294779344997,10,10,236.0,10,198.0
32,6,4163791,2191.2950108263753,10,10,236.0,10,198.0
32,6,4163792,2191.2952423077545,10,10,236.0,10,199.0
32,6,4163793,2191.2954737891328,10,10,236.0,10,199.0
32,6,4163794,2191.295705270512,10,10,236.0,10,199.0
32,6,4163795,2191.29593675189,10,10,236.0,10,199.0
32,6,4163796,2191.2961682332693,10,10,236.0,10,199.0
32,6,4163797,2191.2963997146476,10,10,236.0,10,199.0
32,6,4163798,2191.2966311960267,10,10,236.0,10,199.0
32,6,4163799,2191.296862677405,10,10,236.0,10,199.0
32,6,4163800,2191.297094158784,10,10,236.0,10,199.0
32,6,4163801,2191.2973256401624,10,10,236.0,10,199.0
32,6,4163802,2191.2975571215416,10,10,236.0,10,199.0
32,6,4163803,2191.29778860292,10,10,236.0,10,199.0
32,6,4163804,2191.298020084299,10,10,236.0,10,199.0
32,6,4163805,2191.298251565677,10,10,236.0,10,199.0
32,6,4163806,2191.298483047057,10,10,236.0,10,199.0
32,6,4163807,2191.2987145284364,10,10,236.0,10,199.0
32,6,4163808,2191.2989460098147,10,10,236.0,10,199.0
32,6,4163809,2191.2991774911934,10,10,236.0,10,199.0
32,6,4163810,2191.299408972572,10,10,236.0,10,199.0
32,6,4163811,2191.299640453951,10,10,236.0,10,199.0
32,6,4163812,2191.2998719353295,10,10,236.0,10,199.0
32,6,4163813,2191.300103416708,10,10,236.0,10,199.0
32,6,4163814,2191.300334898087,10,10,236.0,10,199.0
32,6,4163815,2191.3005663794656,10,10,236.0,10,199.0
32,6,4163816,2191.3007978608443,10,10,236.0,10,199.0
32,6,4163817,2191.301029342223,10,10,236.0,10,199.0
32,6,4163818,2191.3012608236018,10,10,236.0,10,199.0
32,6,4163819,2191.3014923049805,10,10,236.0,10,199.0
32,6,4163820,2191.301723786359,10,10,236.0,10,198.0
32,6,4163821,2191.301955267738,10,10,236.0,10,199.0
32,6,4163822,2191.3021867491166,10,10,236.0,10,199.0
32,6,4163823,2191.3024182304957,10,10,236.0,10,198.0
32,6,4163824,2191.3026497118744,10,10,236.0,10,199.0
32,6,4163825,2191.302881193253,10,10,236.0,10,199.0
32,6,4163826,2191.3031126746323,10,10,236.0,10,198.0
32,6,4163827,2191.303344156012,10,10,236.0,10,199.0
32,6,4163828,2191.3035756373906,10,10,236.0,10,199.0
32,6,4163829,2191.3038071187693,10,10,236.0,10,199.0
32,6,4163830,2191.304038600148,10,10,236.0,10,199.0
32,6,4163831,2191.3042700815267,10,10,236.0,10,199.0
32,6,4163832,2191.3045015629054,10,10,236.0,10,199.0
32,6,4163833,2191.304733044284,10,10,236.0,10,198.0
32,6,4163834,2191.304964525663,10,10,236.0,10,199.0
32,6,4163835,2191.3051960070416,10,10,236.0,10,199.0
32,6,4163836,2191.3054274884203,10,10,236.0,10,199.0
32,6,4163837,2191.305658969799,10,10,236.0,10,199.0
32,6,4163838,2191.3058904511777,10,10,236.0,10,199.0
32,6,4163839,2191.3061219325564,10,10,236.0,10,199.0
32,6,4163840,2191.306353413935,10,10,236.0,10,199.0
32,6,4163841,2191.3065848953133,10,10,236.0,10,199.0
32,6,4163842,2191.3068163766925,10,10,236.0,10,199.0
32,6,4163843,2191.3070478580707,10,10,236.0,10,198.0
32,6,4163844,2191.30727933945,10,10,236.0,10,199.0
32,6,4163845,2191.307510820828,10,10,236.0,10,199.0
32,6,4163846,2191.3077423022078,10,10,236.0,10,199.0
32,6,4163847,2191.3079737835874,10,10,236.0,10,199.0
32,6,4163848,2191.3082052649656,10,10,236.0,10,198.0
32,6,4163849,2191.308436746345,10,10,236.0,10,199.0
32,6,4163850,2191.308668227723,10,10,236.0,10,199.0
32,6,4163851,2191.308899709102,10,10,236.0,10,199.0
32,6,4163852,2191.3091311904805,10,10,236.0,10,199.0
32,6,4163853,2191.3093626718596,10,10,236.0,10,199.0
32,6,4163854,2191.309594153238,10,10,236.0,10,199.0
32,6,4163855,2191.309825634617,10,10,236.0,10,199.0
32,6,4163856,2191.3100571159953,10,10,236.0,10,199.0
32,6,4163857,2191.310288597374,10,10,236.0,10,199.0
32,6,4163858,2191.3105200787527,10,10,236.0,10,199.0
32,6,4163859,2191.3107515601314,10,10,236.0,10,199.0
32,6,4163860,2191.31098304151,10,10,236.0,10,199.0
32,6,4163861,2191.311214522889,10,10,236.0,10,199.0
32,6,4163862,2191.3114460042675,10,10,236.0,10,199.0
32,6,4163863,2191.311677485646,10,10,236.0,10,198.0
32,6,4163864,2191.311908967025,10,10,236.0,10,199.0
32,6,4163865,2191.3121404484036,10,10,236.0,10,199.0
32,6,4163866,2191.3123719297832,10,10,236.0,10,199.0
32,6,4163867,2191.3126034111624,10,10,236.0,10,199.0
32,6,4163868,2191.312834892541,10,10,236.0,10,199.0
32,6,4163869,2191.31306637392,10,10,236.0,10,199.0
32,6,4163870,2191.3132978552985,10,10,236.0,10,199.0
32,6,4163871,2191.313529336677,10,10,236.0,10,198.0
32,6,4163872,2191.313760818056,10,10,236.0,10,199.0
32,6,4163873,2191.3139922994346,10,10,236.0,10,199.0
32,6,4163874,2191.314223780813,10,10,236.0,10,199.0
32,6,4163875,2191.314455262192,10,10,236.0,10,199.0
32,6,4163876,2191.3146867435703,10,10,236.0,10,199.0
32,6,4163877,2191.3149182249495,10,10,236.0,10,199.0
32,6,4163878,2191.3151497063286,10,10,236.0,10,199.0
32,6,4163879,2191.3153811877073,10,10,236.0,10,199.0
32,6,4163880,2191.315612669086,10,10,236.0,10,199.0
32,6,4163881,2191.3158441504647,10,10,236.0,10,199.0
32,6,4163882,2191.3160756318434,10,10,236.0,10,199.0
32,6,4163883,2191.316307113222,10,10,236.0,10,199.0
32,6,4163884,2191.316538594601,10,10,236.0,10,199.0
32,6,4163885,2191.3167700759795,10,10,236.0,10,199.0
32,6,4163886,2191.317001557359,10,10,236.0,10,199.0
32,6,4163887,2191.3172330387383,10,10,236.0,10,198.0
32,6,4163888,2191.317464520117,10,10,236.0,10,199.0
32,6,4163889,2191.3176960014957,10,10,236.0,10,198.0
32,6,4163890,2191.3179274828744,10,10,236.0,10,199.0
32,6,4163891,2191.318158964253,10,10,236.0,10,199.0
32,6,4163892,2191.318390445632,10,10,236.0,10,199.0
32,6,4163893,2191.3186219270106,10,10,236.0,10,199.0
32,6,4163894,2191.318853408389,10,10,236.0,10,199.0
32,6,4163895,2191.319084889768,10,10,236.0,10,199.0
32,6,4163896,2191.319316371146,10,10,236.0,10,199.0
32,6,4163897,2191.3195478525254,10,10,236.0,10,199.0
32,6,4163898,2191.3197793339036,10,10,236.0,10,198.0
32,6,4163899,2191.320010815283,10,10,236.0,10,199.0
32,6,4163900,2191.320242296661,10,10,236.0,10,198.0
32,6,4163901,2191.32047377804,10,10,236.0,10,198.0
32,6,4163902,2191.3207052594184,10,10,236.0,10,199.0
32,6,4163903,2191.3209367407976,10,10,236.0,10,199.0
32,6,4163904,2191.321168222176,10,10,236.0,10,199.0
32,6,4163905,2191.321399703555,10,10,236.0,10,199.0
32,6,4163906,2191.321631184934,10,10,236.0,10,199.0
32,6,4163907,2191.3218626663133,10,10,236.0,10,199.0
32,6,4163908,2191.3220941476925,10,10,236.0,10,199.0
32,6,4163909,2191.3223256290707,10,10,236.0,10,199.0
32,6,4163910,2191.3225571104495,10,10,236.0,10,199.0
32,6,4163911,2191.322788591828,10,10,236.0,10,199.0
32,6,4163912,2191.323020073207,10,10,236.0,10,199.0
32,6,4163913,2191.3232515545856,10,10,236.0,10,199.0
32,6,4163914,2191.3234830359643,10,10,236.0,10,199.0
32,6,4163915,2191.323714517343,10,10,236.0,10,199.0
32,6,4163916,2191.3239459987217,10,10,236.0,10,199.0
32,6,4163917,2191.3241774801004,10,10,236.0,10,199.0
32,6,4163918,2191.324408961479,10,10,236.0,10,199.0
32,6,4163919,2191.324640442858,10,10,236.0,10,199.0
32,6,4163920,2191.3248719242365,10,10,236.0,10,199.0
32,6,4163921,2191.325103405615,10,10,236.0,10,199.0
32,6,4163922,2191.325334886994,10,10,236.0,10,199.0
32,6,4163923,2191.3255663683726,10,10,236.0,10,199.0
32,6,4163924,2191.3257978497513,10,10,236.0,10,199.0
32,6,4163925,2191.32602933113,10,10,236.0,10,199.0
32,6,4163926,2191.326260812509,10,10,236.0,10,199.0
32,6,4163927,2191.3264922938884,10,10,236.0,10,199.0
32,6,4163928,2191.3267237752675,10,10,236.0,10,199.0
32,6,4163929,2191.3269552566458,10,10,236.0,10,199.0
32,6,4163930,2191.327186738025,10,10,236.0,10,198.0
32,6,4163931,2191.327418219404,10,10,236.0,10,199.0
32,6,4163932,2191.327649700783,10,10,236.0,10,199.0
32,6,4163933,2191.3278811821615,10,10,236.0,10,199.0
32,6,4163934,2191.32811266354,10,10,236.0,10,199.0
32,6,4163935,2191.328344144919,10,10,236.0,10,199.0
32,6,4163936,2191.3285756262976,10,10,236.0,10,199.0
32,6,4163937,2191.3288071076763,10,10,236.0,10,199.0
32,6,4163938,2191.329038589055,10,10,236.0,10,199.0
32,6,4163939,2191.3292700704337,10,10,236.0,10,198.0
32,6,4163940,2191.3295015518124,10,10,236.0,10,199.0
32,6,4163941,2191.329733033191,10,10,236.0,10,199.0
32,6,4163942,2191.32996451457,10,10,236.0,10,199.0
32,6,4163943,2191.3301959959485,10,10,236.0,10,198.0
32,6,4163944,2191.330427477327,10,10,236.0,10,199.0
32,6,4163945,2191.330658958706,10,10,236.0,10,199.0
32,6,4163946,2191.330890440085,10,10,236.0,10,199.0
32,6,4163947,2191.3311219214643,10,10,236.0,10,199.0
32,6,4163948,2191.3313534028434,10,10,236.0,10,199.0
32,6,4163949,2191.3315848842217,10,10,236.0,10,199.0
32,6,4163950,2191.331816365601,10,10,236.0,10,199.0
32,6,4163951,2191.332047846979,10,10,236.0,10,199.0
32,6,4163952,2191.3322793283583,10,10,236.0,10,199.0
32,6,4163953,2191.3325108097365,10,10,236.0,10,199.0
32,6,4163954,2191.3327422911157,10,10,236.0,10,199.0
32,6,4163955,2191.332973772494,10,10,236.0,10,199.0
32,6,4163956,2191.333205253873,10,10,236.0,10,199.0
32,6,4163957,2191.3334367352513,10,10,236.0,10,199.0
32,6,4163958,2191.3336682166305,10,10,236.0,10,199.0
32,6,4163959,2191.3338996980087,10,10,236.0,10,199.0
32,6,4163960,2191.334131179388,10,10,236.0,10,199.0
32,6,4163961,2191.334362660766,10,10,236.0,10,199.0
32,6,4163962,2191.334594142145,10,10,236.0,10,199.0
32,6,4163963,2191.3348256235236,10,10,236.0,10,199.0
32,6,4163964,2191.3350571049023,10,10,236.0,10,198.0
32,6,4163965,2191.335288586281,10,10,236.0,10,199.0
32,6,4163966,2191.33552006766,10,10,236.0,10,199.0
32,6,4163967,2191.3357515490397,10,10,236.0,10,199.0
32,6,4163968,2191.3359830304184,10,10,236.0,10,199.0
32,6,4163969,2191.336214511797,10,10,236.0,10,199.0
32,6,4163970,2191.336445993176,10,10,236.0,10,199.0
32,6,4163971,2191.3366774745546,10,10,236.0,10,198.0
32,6,4163972,2191.3369089559333,10,10,236.0,10,199.0
32,6,4163973,2191.337140437312,10,10,236.0,10,199.0
32,6,4163974,2191.3373719186907,10,10,236.0,10,199.0
32,6,4163975,2191.3376034000694,10,10,236.0,10,199.0
32,6,4163976,2191.337834881448,10,10,236.0,10,199.0
32,6,4163977,2191.338066362827,10,10,236.0,10,199.0
32,6,4163978,2191.3382978442055,10,10,236.0,10,199.0
32,6,4163979,2191.3385293255837,10,10,236.0,10,199.0
32,6,4163980,2191.338760806963,10,10,236.0,10,199.0
32,6,4163981,2191.338992288341,10,10,236.0,10,198.0
32,6,4163982,2191.3392237697203,10,10,236.0,10,199.0
32,6,4163983,2191.3394552510986,10,10,236.0,10,199.0
32,6,4163984,2191.3396867324777,10,10,236.0,10,199.0
32,6,4163985,2191.339918213856,10,10,252.0,10,200.0
32,6,4163986,2191.340149695236,10,10,236.0,10,199.0
32,6,4163987,2191.3403811766157,10,10,236.0,10,199.0
32,6,4163988,2191.3406126579944,10,10,236.0,10,199.0
32,6,4163989,2191.340844139373,10,10,236.0,10,199.0
32,6,4163990,2191.341075620752,10,10,236.0,10,199.0
32,6,4163991,2191.3413071021305,10,10,236.0,10,199.0
32,6,4163992,2191.341538583509,10,10,236.0,10,199.0
32,6,4163993,2191.341770064888,10,10,236.0,10,198.0
32,6,4163994,2191.3420015462666,10,10,236.0,10,199.0
32,6,4163995,2191.342233027645,10,10,236.0,10,198.0
32,6,4163996,2191.342464509024,10,10,236.0,10,199.0
32,6,4163997,2191.3426959904023,10,10,236.0,10,199.0
32,6,4163998,2191.3429274717814,10,10,236.0,10,199.0
32,6,4163999,2191.3431589531597,10,10,236.0,10,199.0
32,6,4164000,2191.343390434539,10,10,236.0,10,199.0
32,6,4164001,2191.343621915917,10,10,236.0,10,199.0
32,6,4164002,2191.3438533972962,10,10,236.0,10,199.0
32,6,4164003,2191.3440848786745,10,10,236.0,10,198.0
32,6,4164004,2191.3443163600537,10,10,236.0,10,199.0
32,6,4164005,2191.344547841432,10,10,236.0,10,199.0
32,6,4164006,2191.3447793228115,10,10,236.0,10,199.0
32,6,4164007,2191.345010804191,10,10,236.0,10,198.0
32,6,4164008,2191.3452422855694,10,10,236.0,10,198.0
32,6,4164009,2191.3454737669485,10,10,236.0,10,198.0
32,6,4164010,2191.345705248327,10,10,252.0,10,200.0
32,6,4164011,2191.345936729706,10,10,236.0,10,199.0
32,6,4164012,2191.346168211084,10,10,236.0,10,198.0
32,6,4164013,2191.3463996924634,10,10,236.0,10,199.0
32,6,4164014,2191.3466311738416,10,10,236.0,10,199.0
32,6,4164015,2191.3468626552203,10,10,236.0,10,199.0
32,6,4164016,2191.347094136599,10,10,236.0,10,199.0
32,6,4164017,2191.3473256179777,10,10,236.0,10,199.0
32,6,4164018,2191.3475570993564,10,10,236.0,10,199.0
32,6,4164019,2191.347788580735,10,10,236.0,10,199.0
32,6,4164020,2191.348020062114,10,10,236.0,10,199.0
32,6,4164021,2191.3482515434926,10,10,236.0,10,199.0
32,6,4164022,2191.3484830248713,10,10,236.0,10,199.0
32,6,4164023,2191.34871450625,10,10,236.0,10,199.0
32,6,4164024,2191.3489459876287,10,10,236.0,10,199.0
32,6,4164025,2191.349177469008,10,10,236.0,10,199.0
32,6,4164026,2191.3494089503874,10,10,236.0,10,199.0
32,6,4164027,2191.349640431766,10,10,236.0,10,199.0
32,6,4164028,2191.349871913145,10,10,236.0,10,199.0
32,6,4164029,2191.3501033945236,10,10,236.0,10,199.0
32,6,4164030,2191.350334875902,10,10,236.0,10,199.0
32,6,4164031,2191.350566357281,10,10,236.0,10,198.0
32,6,4164032,2191.350797838659,10,10,236.0,10,199.0
32,6,4164033,2191.3510293200384,10,10,236.0,10,199.0
32,6,4164034,2191.3512608014166,10,10,236.0,10,199.0
32,6,4164035,2191.351492282796,10,10,236.0,10,199.0
32,6,4164036,2191.351723764174,10,10,236.0,10,198.0
32,6,4164037,2191.351955245553,10,10,236.0,10,198.0
32,6,4164038,2191.3521867269314,10,10,236.0,10,199.0
32,6,4164039,2191.3524182083106,10,10,236.0,10,198.0
32,6,4164040,2191.352649689689,10,10,236.0,10,199.0
32,6,4164041,2191.3528811710685,10,10,236.0,10,199.0
32,6,4164042,2191.353112652447,10,10,236.0,10,199.0
32,6,4164043,2191.353344133826,10,10,236.0,10,199.0
32,6,4164044,2191.3535756152046,10,10,236.0,10,199.0
32,6,4164045,2191.3538070965838,10,10,236.0,10,199.0
32,6,4164046,2191.3540385779634,10,10,236.0,10,199.0
32,6,4164047,2191.354270059342,10,10,236.0,10,199.0
32,6,4164048,2191.3545015407203,10,10,236.0,10,199.0
32,6,4164049,2191.3547330220995,10,10,236.0,10,199.0
32,6,4164050,2191.3549645034777,10,10,236.0,10,199.0
32,6,4164051,2191.355195984857,10,10,236.0,10,198.0
32,6,4164052,2191.355427466235,10,10,252.0,10,200.0
32,6,4164053,2191.3556589476143,10,10,236.0,10,199.0
32,6,4164054,2191.3558904289926,10,10,236.0,10,199.0
32,6,4164055,2191.3561219103717,10,10,236.0,10,199.0
32,6,4164056,2191.35635339175,10,10,236.0,10,199.0
32,6,4164057,2191.356584873129,10,10,236.0,10,199.0
32,6,4164058,2191.3568163545074,10,10,236.0,10,199.0
32,6,4164059,2191.3570478358865,10,10,236.0,10,199.0
32,6,4164060,2191.357279317265,10,10,236.0,10,199.0
32,6,4164061,2191.357510798644,10,10,236.0,10,199.0
32,6,4164062,2191.357742280022,10,10,236.0,10,199.0
32,6,4164063,2191.357973761401,10,10,236.0,10,199.0
32,6,4164064,2191.3582052427796,10,10,236.0,10,198.0
32,6,4164065,2191.3584367241588,10,10,236.0,10,199.0
32,6,4164066,2191.3586682055384,10,10,236.0,10,199.0
32,6,4164067,2191.358899686917,10,10,236.0,10,199.0
32,6,4164068,2191.359131168296,10,10,236.0,10,199.0
32,6,4164069,2191.3593626496745,10,10,236.0,10,199.0
32,6,4164070,2191.359594131053,10,10,236.0,10,199.0
32,6,4164071,2191.359825612432,10,10,236.0,10,199.0
32,6,4164072,2191.3600570938106,10,10,236.0,10,198.0
32,6,4164073,2191.3602885751893,10,10,236.0,10,199.0
32,6,4164074,2191.360520056568,10,10,236.0,10,198.0
32,6,4164075,2191.3607515379467,10,10,236.0,10,199.0
32,7,4177638,2194.5003334782573,10,10,236.0,10,199.0
32,7,4177639,2194.500564959636,10,10,236.0,10,199.0
32,7,4177640,2194.5007964410147,10,10,236.0,10,199.0
32,7,4177641,2194.5010279223934,10,10,236.0,10,199.0
32,7,4177642,2194.501259403772,10,10,236.0,10,199.0
32,7,4177643,2194.501490885151,10,10,236.0,10,198.0
32,7,4177644,2194.5017223665304,10,10,236.0,10,199.0
32,7,4177645,2194.5019538479096,10,10,236.0,10,198.0
32,7,4177646,2194.5021853292883,10,10,236.0,10,199.0
32,7,4177647,2194.502416810667,10,10,236.0,10,199.0
32,7,4177648,2194.5026482920457,10,10,236.0,10,199.0
32,7,4177649,2194.5028797734244,10,10,236.0,10,199.0
32,7,4177650,2194.503111254803,10,10,236.0,10,199.0
32,7,4177651,2194.503342736182,10,10,236.0,10,199.0
32,7,4177652,2194.5035742175605,10,10,236.0,10,198.0
32,7,4177653,2194.5038056989392,10,10,236.0,10,199.0
32,7,4177654,2194.504037180318,10,10,236.0,10,199.0
32,7,4177655,2194.5042686616966,10,10,236.0,10,199.0
32,7,4177656,2194.504500143075,10,10,236.0,10,199.0
32,7,4177657,2194.504731624454,10,10,236.0,10,199.0
32,7,4177658,2194.5049631058323,10,10,236.0,10,199.0
32,7,4177659,2194.5051945872115,10,10,236.0,10,199.0
32,7,4177660,2194.5054260685897,10,10,236.0,10,199.0
32,7,4177661,2194.505657549969,10,10,236.0,10,199.0
32,7,4177662,2194.505889031347,10,10,236.0,10,198.0
32,7,4177663,2194.5061205127263,10,10,236.0,10,199.0
32,7,4177664,2194.5063519941054,10,10,236.0,10,198.0
32,7,4177665,2194.5065834754846,10,10,236.0,10,199.0
32,7,4177666,2194.5068149568638,10,10,236.0,10,199.0
32,7,4177667,2194.507046438242,10,10,236.0,10,199.0
32,7,4177668,2194.507277919621,10,10,236.0,10,199.0
32,7,4177669,2194.5075094009994,10,10,236.0,10,199.0
32,7,4177670,2194.5077408823786,10,10,236.0,10,198.0
32,7,4177671,2194.507972363757,10,10,236.0,10,199.0
32,7,4177672,2194.5082038451355,10,10,236.0,10,199.0
32,7,4177673,2194.5084353265142,10,10,236.0,10,198.0
32,7,4177674,2194.508666807893,10,10,236.0,10,198.0
32,7,4177675,2194.5088982892717,10,10,236.0,10,199.0
32,7,4177676,2194.5091297706504,10,10,236.0,10,199.0
32,7,4177677,2194.509361252029,10,10,236.0,10,199.0
32,7,4177678,2194.5095927334078,10,10,236.0,10,199.0
32,7,4177679,2194.5098242147865,10,10,236.0,10,199.0
32,7,4177680,2194.510055696165,10,10,236.0,10,199.0
32,7,4177681,2194.510287177544,10,10,236.0,10,199.0
32,7,4177682,2194.5105186589226,10,10,236.0,10,199.0
32,7,4177683,2194.510750140302,10,10,236.0,10,198.0
32,7,4177684,2194.5109816216814,10,10,236.0,10,199.0
32,7,4177685,2194.5112131030605,10,10,236.0,10,199.0
32,7,4177686,2194.5114445844397,10,10,236.0,10,199.0
32,7,4177687,2194.511676065818,10,10,236.0,10,199.0
32,7,4177688,2194.511907547197,10,10,236.0,10,199.0
32,7,4177689,2194.5121390285753,10,10,236.0,10,199.0
32,7,4177690,2194.512370509954,10,10,236.0,10,199.0
32,7,4177691,2194.5126019913328,10,10,236.0,10,199.0
32,7,4177692,2194.5128334727115,10,10,236.0,10,199.0
32,7,4177693,2194.51306495409,10,10,236.0,10,199.0
32,7,4177694,2194.513296435469,10,10,236.0,10,199.0
32,7,4177695,2194.5135279168476,10,10,236.0,10,199.0
32,7,4177696,2194.5137593982263,10,10,236.0,10,199.0
32,7,4177697,2194.513990879605,10,10,236.0,10,199.0
32,7,4177698,2194.5142223609837,10,10,236.0,10,199.0
32,7,4177699,2194.5144538423624,10,10,236.0,10,199.0
32,7,4177700,2194.514685323741,10,10,236.0,10,199.0
32,7,4177701,2194.51491680512,10,10,236.0,10,198.0
32,7,4177702,2194.515148286499,10,10,236.0,10,199.0
32,7,4177703,2194.5153797678786,10,10,236.0,10,198.0
32,7,4177704,2194.5156112492573,10,10,236.0,10,199.0
32,7,4177705,2194.515842730636,10,10,236.0,10,199.0
32,7,4177706,2194.5160742120147,10,10,236.0,10,199.0
32,7,4177707,2194.516305693393,10,10,236.0,10,199.0
32,7,4177708,2194.516537174772,10,10,236.0,10,199.0
32,7,4177709,2194.5167686561504,10,10,236.0,10,199.0
32,7,4177710,2194.5170001375295,10,10,236.0,10,199.0
32,7,4177711,2194.5172316189078,10,10,236.0,10,199.0
32,7,4177712,2194.517463100287,10,10,236.0,10,199.0
32,7,4177713,2194.517694581665,10,10,236.0,10,199.0
32,7,4177714,2194.5179260630443,10,10,236.0,10,199.0
32,7,4177715,2194.5181575444226,10,10,236.0,10,199.0
32,7,4177716,2194.5183890258018,10,10,236.0,10,198.0
32,7,4177717,2194.51862050718,10,10,236.0,10,199.0
32,7,4177718,2194.518851988559,10,10,236.0,10,199.0
32,7,4177719,2194.5190834699374,10,10,236.0,10,199.0
32,7,4177720,2194.5193149513166,10,10,236.0,10,196.0
32,7,4177721,2194.519546432695,10,10,236.0,10,199.0
32,7,4177722,2194.5197779140744,10,10,236.0,10,199.0
32,7,4177723,2194.5200093954536,10,10,236.0,10,199.0
32,7,4177724,2194.5202408768323,10,10,236.0,10,199.0
32,7,4177725,2194.520472358211,10,10,236.0,10,199.0
32,7,4177726,2194.5207038395897,10,10,236.0,10,199.0
32,7,4177727,2194.5209353209684,10,10,236.0,10,199.0
32,7,4177728,2194.521166802347,10,10,236.0,10,199.0
32,7,4177729,2194.521398283726,10,10,236.0,10,199.0
32,7,4177730,2194.5216297651045,10,10,236.0,10,199.0
32,7,4177731,2194.5218612464832,10,10,236.0,10,199.0
32,7,4177732,2194.522092727862,10,10,236.0,10,199.0
32,7,4177733,2194.5223242092407,10,10,236.0,10,198.0
32,7,4177734,2194.5225556906194,10,10,236.0,10,199.0
32,7,4177735,2194.522787171998,10,10,236.0,10,199.0
32,7,4177736,2194.5230186533768,10,10,236.0,10,199.0
32,7,4177737,2194.5232501347555,10,10,236.0,10,199.0
32,7,4177738,2194.523481616134,10,10,236.0,10,198.0
32,7,4177739,2194.523713097513,10,10,236.0,10,199.0
32,7,4177740,2194.523944578892,10,10,236.0,10,199.0
32,7,4177741,2194.5241760602717,10,10,236.0,10,198.0
32,7,4177742,2194.524407541651,10,10,236.0,10,199.0
32,7,4177743,2194.5246390230295,10,10,236.0,10,199.0
32,7,4177744,2194.524870504408,10,10,236.0,10,199.0
32,7,4177745,2194.525101985787,10,10,236.0,10,198.0
32,7,4177746,2194.5253334671656,10,10,236.0,10,199.0
32,7,4177747,2194.5255649485443,10,10,236.0,10,199.0
32,7,4177748,2194.525796429923,10,10,236.0,10,198.0
32,7,4177749,2194.5260279113018,10,10,236.0,10,199.0
32,7,4177750,2194.5262593926805,10,10,236.0,10,199.0
32,7,4177751,2194.526490874059,10,10,236.0,10,199.0
32,7,4177752,2194.526722355438,10,10,236.0,10,199.0
32,7,4177753,2194.5269538368166,10,10,236.0,10,199.0
32,7,4177754,2194.5271853181953,10,10,236.0,10,198.0
32,7,4177755,2194.527416799574,10,10,236.0,10,199.0
32,7,4177756,2194.5276482809527,10,10,236.0,10,199.0
32,7,4177757,2194.527879762331,10,10,236.0,10,199.0
32,7,4177758,2194.52811124371,10,10,236.0,10,199.0
32,7,4177759,2194.5283427250884,10,10,236.0,10,199.0
32,7,4177760,2194.5285742064675,10,10,236.0,10,199.0
32,7,4177761,2194.5288056878467,10,10,236.0,10,199.0
32,7,4177762,2194.529037169226,10,10,236.0,10,199.0
32,7,4177763,2194.529268650605,10,10,236.0,10,199.0
32,7,4177764,2194.5295001319832,10,10,236.0,10,198.0
32,7,4177765,2194.5297316133624,10,10,236.0,10,199.0
32,7,4177766,2194.5299630947407,10,10,236.0,10,199.0
32,7,4177767,2194.53019457612,10,10,236.0,10,199.0
32,7,4177768,2194.530426057498,10,10,236.0,10,199.0
32,7,4177769,2194.530657538877,10,10,236.0,10,199.0
32,7,4177770,2194.5308890202555,10,10,236.0,10,199.0
32,7,4177771,2194.5311205016346,10,10,236.0,10,199.0
32,7,4177772,2194.531351983013,10,10,236.0,10,199.0
32,7,4177773,2194.531583464392,10,10,236.0,10,199.0
32,7,4177774,2194.5318149457703,10,10,236.0,10,199.0
32,7,4177775,2194.532046427149,10,10,236.0,10,199.0
32,7,4177776,2194.5322779085277,10,10,236.0,10,199.0
32,7,4177777,2194.5325093899064,10,10,236.0,10,199.0
32,7,4177778,2194.532740871285,10,10,236.0,10,199.0
32,7,4177779,2194.532972352664,10,10,236.0,10,199.0
32,7,4177780,2194.5332038340434,10,10,236.0,10,199.0
32,7,4177781,2194.5334353154226,10,10,236.0,10,198.0
32,7,4177782,2194.5336667968013,10,10,236.0,10,199.0
32,7,4177783,2194.53389827818,10,10,236.0,10,199.0
32,7,4177784,2194.5341297595587,10,10,236.0,10,199.0
32,7,4177785,2194.5343612409374,10,10,236.0,10,199.0
32,7,4177786,2194.534592722316,10,10,236.0,10,199.0
32,7,4177787,2194.534824203695,10,10,236.0,10,199.0
32,7,4177788,2194.5350556850735,10,10,236.0,10,199.0
32,7,4177789,2194.5352871664522,10,10,236.0,10,198.0
32,7,4177790,2194.535518647831,10,10,236.0,10,199.0
32,7,4177791,2194.5357501292096,10,10,236.0,10,199.0
32,7,4177792,2194.535981610588,10,10,236.0,10,199.0
32,7,4177793,2194.536213091967,10,10,236.0,10,199.0
32,7,4177794,2194.5364445733453,10,10,236.0,10,199.0
32,7,4177795,2194.536676054725,10,10,236.0,10,199.0
32,7,4177796,2194.5369075361036,10,10,236.0,10,199.0
32,7,4177797,2194.5371390174823,10,10,236.0,10,199.0
32,7,4177798,2194.537370498861,10,10,236.0,10,199.0
32,7,4177799,2194.53760198024,10,10,236.0,10,199.0
32,7,4177800,2194.53783346162,10,10,236.0,10,199.0
32,7,4177801,2194.5380649429985,10,10,236.0,10,198.0
32,7,4177802,2194.538296424377,10,10,236.0,10,199.0
32,7,4177803,2194.538527905756,10,10,236.0,10,199.0
32,7,4177804,2194.5387593871346,10,10,236.0,10,199.0
32,7,4177805,2194.5389908685133,10,10,236.0,10,199.0
32,7,4177806,2194.539222349892,10,10,236.0,10,199.0
32,7,4177807,2194.5394538312707,10,10,236.0,10,198.0
32,7,4177808,2194.5396853126495,10,10,236.0,10,198.0
32,7,4177809,2194.539916794028,10,10,236.0,10,198.0
32,7,4177810,2194.5401482754064,10,10,236.0,10,199.0
32,7,4177811,2194.5403797567856,10,10,236.0,10,198.0
32,7,4177812,2194.540611238164,10,10,236.0,10,198.0
32,7,4177813,2194.540842719543,10,10,236.0,10,199.0
32,7,4177814,2194.5410742009212,10,10,236.0,10,199.0
32,7,4177815,2194.5413056823004,10,10,236.0,10,198.0
32,7,4177816,2194.5415371636786,10,10,236.0,10,199.0
32,7,4177817,2194.541768645058,10,10,236.0,10,199.0
32,7,4177818,2194.542000126436,10,10,236.0,10,199.0
32,7,4177819,2194.5422316078157,10,10,236.0,10,198.0
32,7,4177820,2194.5424630891953,10,10,236.0,10,199.0
32,7,4177821,2194.5426945705735,10,10,236.0,10,199.0
32,7,4177822,2194.5429260519527,10,10,236.0,10,198.0
32,7,4177823,2194.543157533331,10,10,236.0,10,198.0
32,7,4177824,2194.54338901471,10,10,236.0,10,199.0
32,7,4177825,2194.5436204960884,10,10,236.0,10,199.0
32,7,4177826,2194.5438519774675,10,10,236.0,10,199.0
32,7,4177827,2194.5440834588458,10,10,236.0,10,198.0
32,7,4177828,2194.5443149402245,10,10,236.0,10,199.0
32,7,4177829,2194.544546421603,10,10,236.0,10,198.0
32,7,4177830,2194.544777902982,10,10,236.0,10,198.0
32,7,4177831,2194.5450093843606,10,10,236.0,10,199.0
32,7,4177832,2194.5452408657393,10,10,236.0,10,199.0
32,7,4177833,2194.545472347118,10,10,236.0,10,199.0
32,7,4177834,2194.5457038284967,10,10,236.0,10,199.0
32,7,4177835,2194.5459353098754,10,10,236.0,10,199.0
32,7,4177836,2194.546166791254,10,10,236.0,10,199.0
32,7,4177837,2194.546398272633,10,10,236.0,10,199.0
32,7,4177838,2194.546629754012,10,10,236.0,10,199.0
32,7,4177839,2194.5468612353916,10,10,236.0,10,199.0
32,7,4177840,2194.5470927167703,10,10,236.0,10,199.0
32,7,4177841,2194.547324198149,10,10,236.0,10,199.0
32,7,4177842,2194.5475556795277,10,10,236.0,10,199.0
32,7,4177843,2194.5477871609064,10,10,236.0,10,199.0
32,7,4177844,2194.548018642285,10,10,236.0,10,199.0
32,7,4177845,2194.5482501236634,10,10,236.0,10,199.0
32,7,4177846,2194.5484816050425,10,10,236.0,10,199.0
32,7,4177847,2194.548713086421,10,10,236.0,10,199.0
32,7,4177848,2194.5489445678,10,10,236.0,10,198.0
32,7,4177849,2194.549176049178,10,10,236.0,10,199.0
32,7,4177850,2194.549407530558,10,10,236.0,10,199.0
32,7,4177851,2194.5496390119365,10,10,236.0,10,199.0
32,7,4177852,2194.549870493315,10,10,236.0,10,198.0
32,7,4177853,2194.550101974694,10,10,236.0,10,199.0
32,7,4177854,2194.5503334560726,10,10,236.0,10,199.0
32,7,4177855,2194.5505649374513,10,10,236.0,10,199.0
32,7,4177856,2194.55079641883,10,10,236.0,10,199.0
32,7,4177857,2194.5510279002096,10,10,236.0,10,199.0
32,7,4177858,2194.551259381589,10,10,236.0,10,199.0
32,7,4177859,2194.5514908629675,10,10,236.0,10,199.0
32,7,4177860,2194.551722344346,10,10,236.0,10,199.0
32,7,4177861,2194.5519538257245,10,10,236.0,10,199.0
32,7,4177862,2194.5521853071036,10,10,236.0,10,198.0
32,7,4177863,2194.552416788482,10,10,236.0,10,199.0
32,7,4177864,2194.552648269861,10,10,236.0,10,199.0
32,7,4177865,2194.5528797512393,10,10,236.0,10,199.0
32,7,4177866,2194.5531112326184,10,10,236.0,10,198.0
32,7,4177867,2194.5533427139967,10,10,236.0,10,199.0
32,7,4177868,2194.553574195376,10,10,236.0,10,199.0
32,7,4177869,2194.553805676754,10,10,236.0,10,199.0
32,7,4177870,2194.5540371581333,10,10,236.0,10,199.0
32,7,4177871,2194.5542686395115,10,10,236.0,10,199.0
32,7,4177872,2194.5545001208907,10,10,236.0,10,199.0
32,7,4177873,2194.554731602269,10,10,236.0,10,198.0
32,7,4177874,2194.554963083648,10,10,236.0,10,199.0
32,7,4177875,2194.5551945650263,10,10,236.0,10,199.0
32,7,4177876,2194.5554260464055,10,10,236.0,10,199.0
32,7,4177877,2194.5556575277847,10,10,236.0,10,199.0
32,7,4177878,2194.555889009164,10,10,236.0,10,199.0
32,7,4177879,2194.5561204905425,10,10,236.0,10,199.0
32,7,4177880,2194.5563519719212,10,10,236.0,10,199.0
32,7,4177881,2194.5565834533,10,10,236.0,10,198.0
32,7,4177882,2194.5568149346786,10,10,236.0,10,199.0
32,7,4177883,2194.5570464160573,10,10,236.0,10,199.0
32,7,4177884,2194.557277897436,10,10,236.0,10,198.0
32,7,4177885,2194.5575093788148,10,10,236.0,10,199.0
32,7,4177886,2194.5577408601935,10,10,236.0,10,199.0
32,7,4177887,2194.557972341572,10,10,236.0,10,198.0
32,7,4177888,2194.558203822951,10,10,236.0,10,199.0
32,7,4177889,2194.5584353043296,10,10,236.0,10,199.0
32,7,4177890,2194.5586667857083,10,10,236.0,10,198.0
32,7,4177891,2194.558898267087,10,10,236.0,10,199.0
32,7,4177892,2194.5591297484657,10,10,236.0,10,199.0
32,7,4177893,2194.5593612298444,10,10,236.0,10,199.0
32,7,4177894,2194.559592711223,10,10,236.0,10,199.0
32,7,4177895,2194.5598241926014,10,10,236.0,10,199.0
32,7,4177896,2194.560055673981,10,10,236.0,10,199.0
32,7,4177897,2194.5602871553606,10,10,236.0,10,199.0
32,7,4177898,2194.560518636739,10,10,236.0,10,198.0
32,7,4177899,2194.560750118118,10,10,236.0,10,199.0
32,7,4177900,2194.5609815994962,10,10,236.0,10,198.0
32,7,4177901,2194.5612130808754,10,10,236.0,10,199.0
32,7,4177902,2194.5614445622537,10,10,236.0,10,199.0
32,7,4177903,2194.5616760436333,10,10,236.0,10,198.0
32,7,4177904,2194.561907525012,10,10,236.0,10,199.0
32,7,4177905,2194.5621390063907,10,10,236.0,10,199.0
32,7,4177906,2194.5623704877694,10,10,236.0,10,199.0
32,7,4177907,2194.562601969148,10,10,236.0,10,198.0
32,7,4177908,2194.562833450527,10,10,236.0,10,199.0
32,7,4177909,2194.5630649319055,10,10,236.0,10,198.0
32,7,4177910,2194.563296413284,10,10,236.0,10,199.0
32,7,4177911,2194.563527894663,10,10,236.0,10,199.0
32,7,4177912,2194.5637593760416,10,10,236.0,10,199.0
32,7,4177913,2194.56399085742,10,10,236.0,10,198.0
32,7,4177914,2194.564222338799,10,10,236.0,10,199.0
32,7,4177915,2194.5644538201773,10,10,236.0,10,199.0
32,7,4177916,2194.564685301557,10,10,236.0,10,199.0
32,7,4177917,2194.5649167829365,10,10,236.0,10,199.0
32,7,4177918,2194.5651482643148,10,10,236.0,10,199.0
32,7,4177919,2194.565379745694,10,10,236.0,10,199.0
32,7,4177920,2194.565611227072,10,10,236.0,10,199.0
32,7,4177921,2194.5658427084513,10,10,236.0,10,199.0
32,7,4177922,2194.5660741898296,10,10,236.0,10,199.0
32,7,4177923,2194.5663056712087,10,10,236.0,10,199.0
32,7,4177924,2194.566537152587,10,10,236.0,10,199.0
32,7,4177925,2194.566768633966,10,10,236.0,10,199.0
32,7,4177926,2194.5670001153444,10,10,236.0,10,199.0
32,7,4177927,2194.5672315967236,10,10,236.0,10,199.0
32,7,4177928,2194.567463078102,10,10,236.0,10,198.0
32,7,4177929,2194.5676945594805,10,10,236.0,10,199.0
32,7,4177930,2194.567926040859,10,10,236.0,10,199.0
32,7,4177931,2194.568157522238,10,10,236.0,10,199.0
32,7,4177932,2194.5683890036166,10,10,236.0,10,199.0
32,7,4177933,2194.5686204849953,10,10,236.0,10,199.0
32,7,4177934,2194.568851966374,10,10,236.0,10,199.0
32,7,4177935,2194.569083447753,10,10,236.0,10,199.0
32,7,4177936,2194.569314929133,10,10,236.0,10,199.0
32,7,4177937,2194.5695464105115,10,10,236.0,10,199.0
32,7,4177938,2194.56977789189,10,10,236.0,10,199.0
32,7,4177939,2194.570009373269,10,10,236.0,10,199.0
32,7,4177940,2194.5702408546476,10,10,236.0,10,199.0
32,7,4177941,2194.5704723360263,10,10,236.0,10,199.0
32,7,4177942,2194.570703817405,10,10,236.0,10,199.0
32,7,4177943,2194.5709352987838,10,10,236.0,10,199.0
32,7,4177944,2194.5711667801625,10,10,236.0,10,199.0
32,7,4177945,2194.571398261541,10,10,236.0,10,199.0
32,7,4177946,2194.5716297429194,10,10,236.0,10,199.0
32,7,4177947,2194.5718612242986,10,10,236.0,10,198.0
32,7,4177948,2194.572092705677,10,10,236.0,10,199.0
32,7,4177949,2194.572324187056,10,10,236.0,10,199.0
32,7,4177950,2194.5725556684342,10,10,236.0,10,199.0
32,7,4177951,2194.5727871498134,10,10,236.0,10,199.0
32,7,4177952,2194.5730186311916,10,10,236.0,10,199.0
32,7,4177953,2194.573250112571,10,10,236.0,10,199.0
32,7,4177954,2194.57348159395,10,10,236.0,10,198.0
32,7,4177955,2194.573713075329,10,10,236.0,10,199.0
32,7,4177956,2194.5739445567083,10,10,236.0,10,199.0
32,7,4177957,2194.5741760380865,10,10,236.0,10,199.0
32,7,4177958,2194.574407519466,10,10,236.0,10,199.0
32,7,4177959,2194.574639000845,10,10,236.0,10,198.0
32,7,4177960,2194.5748704822236,10,10,236.0,10,199.0
32,7,4177961,2194.5751019636023,10,10,236.0,10,199.0
32,7,4177962,2194.575333444981,10,10,236.0,10,199.0
32,7,4177963,2194.5755649263597,10,10,236.0,10,199.0
32,7,4177964,2194.5757964077384,10,10,236.0,10,198.0
32,7,4177965,2194.576027889117,10,10,236.0,10,199.0
32,7,4177966,2194.5762593704953,10,10,236.0,10,199.0
32,7,4177967,2194.5764908518745,10,10,236.0,10,199.0
32,7,4177968,2194.5767223332527,10,10,236.0,10,198.0
32,7,4177969,2194.576953814632,10,10,236.0,10,199.0
32,7,4177970,2194.57718529601,10,10,236.0,10,199.0
32,7,4177971,2194.5774167773893,10,10,236.0,10,199.0
32,7,4177972,2194.5776482587676,10,10,236.0,10,199.0
32,7,4177973,2194.5778797401467,10,10,236.0,10,199.0
32,7,4177974,2194.578111221526,10,10,236.0,10,199.0
32,7,4177975,2194.578342702905,10,10,236.0,10,199.0
32,7,4177976,2194.578574184284,10,10,236.0,10,199.0
32,7,4177977,2194.5788056656625,10,10,236.0,10,199.0
32,7,4177978,2194.5790371470416,10,10,236.0,10,199.0
32,7,4177979,2194.57926862842,10,10,236.0,10,197.0
32,7,4177980,2194.579500109799,10,10,236.0,10,199.0
32,7,4177981,2194.5797315911773,10,10,236.0,10,199.0
32,7,4177982,2194.579963072556,10,10,236.0,10,199.0
32,7,4177983,2194.5801945539347,10,10,236.0,10,199.0
32,7,4177984,2194.5804260353134,10,10,236.0,10,199.0
32,7,4177985,2194.580657516692,10,10,236.0,10,199.0
32,7,4177986,2194.580888998071,10,10,236.0,10,199.0
32,7,4177987,2194.5811204794495,10,10,236.0,10,198.0
32,7,4177988,2194.581351960828,10,10,236.0,10,199.0
32,7,4177989,2194.581583442207,10,10,236.0,10,198.0
32,7,4177990,2194.5818149235856,10,10,236.0,10,198.0
32,7,4177991,2194.5820464049643,10,10,236.0,10,199.0
32,7,4177992,2194.582277886343,10,10,236.0,10,199.0
32,7,4177993,2194.5825093677227,10,10,236.0,10,199.0
32,7,4177994,2194.582740849102,10,10,236.0,10,199.0
32,7,4177995,2194.5829723304805,10,10,236.0,10,199.0
32,7,4177996,2194.583203811859,10,10,236.0,10,199.0
32,7,4177997,2194.583435293238,10,10,236.0,10,197.0
32,7,4177998,2194.5836667746166,10,10,236.0,10,198.0
32,7,4177999,2194.583898255995,10,10,236.0,10,199.0
32,7,4178000,2194.584129737374,10,10,236.0,10,199.0
32,7,4178001,2194.5843612187523,10,10,236.0,10,199.0
32,7,4178002,2194.5845927001315,10,10,236.0,10,199.0
32,7,4178003,2194.5848241815097,10,10,236.0,10,198.0
32,7,4178004,2194.585055662889,10,10,236.0,10,199.0
32,7,4178005,2194.585287144267,10,10,236.0,10,199.0
32,7,4178006,2194.5855186256463,10,10,236.0,10,199.0
32,7,4178007,2194.5857501070245,10,10,236.0,10,199.0
32,7,4178008,2194.5859815884037,10,10,236.0,10,199.0
32,7,4178009,2194.586213069782,10,10,236.0,10,199.0
32,7,4178010,2194.586444551161,10,10,236.0,10,198.0
32,7,4178011,2194.5866760325393,10,10,236.0,10,199.0
32,7,4178012,2194.5869075139185,10,10,236.0,10,199.0
32,7,4178013,2194.5871389952986,10,10,236.0,10,199.0
32,7,4178014,2194.5873704766777,10,10,236.0,10,199.0
32,7,4178015,2194.5876019580564,10,10,236.0,10,199.0
32,7,4178016,2194.587833439435,10,10,236.0,10,198.0
32,7,4178017,2194.5880649208134,10,10,236.0,10,199.0
32,7,4178018,2194.5882964021926,10,10,236.0,10,199.0
32,7,4178019,2194.588527883571,10,10,236.0,10,198.0
32,7,4178020,2194.58875936495,10,10,236.0,10,199.0
32,7,4178021,2194.588990846328,10,10,236.0,10,199.0
32,7,4178022,2194.5892223277074,10,10,236.0,10,198.0
32,7,4178023,2194.5894538090856,10,10,236.0,10,199.0
32,7,4178024,2194.589685290465,10,10,236.0,10,199.0
32,7,4178025,2194.589916771843,10,10,236.0,10,199.0
32,7,4178026,2194.590148253222,10,10,236.0,10,199.0
32,7,4178027,2194.5903797346004,10,10,236.0,10,199.0
32,7,4178028,2194.5906112159796,10,10,236.0,10,199.0
32,7,4178029,2194.590842697358,10,10,236.0,10,199.0
32,7,4178030,2194.591074178737,10,10,236.0,10,199.0
32,7,4178031,2194.5913056601153,10,10,236.0,10,198.0
32,7,4178032,2194.591537141495,10,10,236.0,10,199.0
32,7,4178033,2194.591768622874,10,10,236.0,10,199.0
32,7,4178034,2194.5920001042527,10,10,236.0,10,198.0
32,7,4178035,2194.5922315856315,10,10,236.0,10,199.0
32,7,4178036,2194.59246306701,10,10,236.0,10,199.0
32,7,4178037,2194.592694548389,10,10,236.0,10,199.0
32,7,4178038,2194.5929260297676,10,10,236.0,10,199.0
32,8,4187032,2196.6748695504734,10,10,236.0,10,199.0
32,8,4187033,2196.6751010318517,10,10,236.0,10,199.0
32,8,4187034,2196.675332513231,10,10,236.0,10,199.0
32,8,4187035,2196.675563994609,10,10,236.0,10,199.0
32,8,4187036,2196.6757954759887,10,10,236.0,10,199.0
32,8,4187037,2196.6760269573683,10,10,236.0,10,199.0
32,8,4187038,2196.6762584387466,10,10,236.0,10,199.0
32,8,4187039,2196.6764899201257,10,10,236.0,10,199.0
32,8,4187040,2196.676721401504,10,10,236.0,10,199.0
32,8,4187041,2196.676952882883,10,10,236.0,10,199.0
32,8,4187042,2196.6771843642614,10,10,236.0,10,199.0
32,8,4187043,2196.67741584564,10,10,236.0,10,199.0
32,8,4187044,2196.677647327019,10,10,236.0,10,199.0
32,8,4187045,2196.6778788083975,10,10,236.0,10,199.0
32,8,4187046,2196.678110289776,10,10,236.0,10,199.0
32,8,4187047,2196.678341771155,10,10,236.0,10,199.0
32,8,4187048,2196.6785732525336,10,10,236.0,10,199.0
32,8,4187049,2196.6788047339123,10,10,236.0,10,199.0
32,8,4187050,2196.679036215291,10,10,236.0,10,199.0
32,8,4187051,2196.6792676966697,10,10,236.0,10,198.0
32,8,4187052,2196.6794991780484,10,10,236.0,10,199.0
32,8,4187053,2196.679730659427,10,10,236.0,10,199.0
32,8,4187054,2196.679962140806,10,10,236.0,10,198.0
32,8,4187055,2196.6801936221846,10,10,236.0,10,199.0
32,8,4187056,2196.680425103564,10,10,236.0,10,198.0
32,8,4187057,2196.6806565849433,10,10,236.0,10,199.0
32,8,4187058,2196.680888066322,10,10,236.0,10,199.0
32,8,4187059,2196.6811195477007,10,10,236.0,10,199.0
32,8,4187060,2196.681351029079,10,10,236.0,10,198.0
32,8,4187061,2196.681582510458,10,10,236.0,10,199.0
32,8,4187062,2196.6818139918364,10,10,236.0,10,198.0
32,8,4187063,2196.6820454732156,10,10,236.0,10,199.0
32,8,4187064,2196.682276954594,10,10,236.0,10,199.0
32,8,4187065,2196.682508435973,10,10,236.0,10,199.0
32,8,4187066,2196.6827399173512,10,10,236.0,10,199.0
32,8,4187067,2196.6829713987304,10,10,236.0,10,199.0
32,8,4187068,2196.6832028801086,10,10,236.0,10,198.0
32,8,4187069,2196.683434361488,10,10,236.0,10,199.0
32,8,4187070,2196.683665842866,10,10,236.0,10,199.0
32,8,4187071,2196.683897324245,10,10,236.0,10,198.0
32,8,4187072,2196.6841288056235,10,10,236.0,10,199.0
32,8,4187073,2196.684360287003,10,10,236.0,10,199.0
32,8,4187074,2196.684591768382,10,10,236.0,10,199.0
32,8,4187075,2196.684823249761,10,10,236.0,10,199.0
32,8,4187076,2196.68505473114,10,10,236.0,10,199.0
32,8,4187077,2196.6852862125193,10,10,236.0,10,199.0
32,8,4187078,2196.6855176938975,10,10,236.0,10,199.0
32,8,4187079,2196.6857491752767,10,10,236.0,10,199.0
32,8,4187080,2196.685980656655,10,10,236.0,10,199.0
32,8,4187081,2196.686212138034,10,10,236.0,10,198.0
32,8,4187082,2196.6864436194123,10,10,236.0,10,199.0
32,8,4187083,2196.6866751007915,10,10,236.0,10,199.0
32,8,4187084,2196.6869065821697,10,10,236.0,10,199.0
32,8,4187085,2196.687138063549,10,10,236.0,10,199.0
32,8,4187086,2196.687369544927,10,10,236.0,10,199.0
32,8,4187087,2196.6876010263063,10,10,236.0,10,199.0
32,8,4187088,2196.6878325076846,10,10,236.0,10,199.0
32,8,4187089,2196.6880639890637,10,10,236.0,10,198.0
32,8,4187090,2196.688295470442,10,10,236.0,10,199.0
32,8,4187091,2196.688526951821,10,10,236.0,10,199.0
32,8,4187092,2196.6887584331994,10,10,236.0,10,199.0
32,8,4187093,2196.688989914578,10,10,236.0,10,199.0
32,8,4187094,2196.6892213959577,10,10,236.0,10,199.0
32,8,4187095,2196.689452877337,10,10,236.0,10,199.0
32,8,4187096,2196.6896843587156,10,10,236.0,10,199.0
32,8,4187097,2196.6899158400943,10,10,236.0,10,199.0
32,8,4187098,2196.690147321473,10,10,236.0,10,199.0
32,8,4187099,2196.6903788028517,10,10,236.0,10,199.0
32,8,4187100,2196.6906102842304,10,10,236.0,10,199.0
32,8,4187101,2196.690841765609,10,10,236.0,10,199.0
32,8,4187102,2196.691073246988,10,10,236.0,10,199.0
32,8,4187103,2196.6913047283665,10,10,236.0,10,199.0
32,8,4187104,2196.691536209745,10,10,236.0,10,199.0
32,8,4187105,2196.691767691124,10,10,236.0,10,199.0
32,8,4187106,2196.6919991725026,10,10,236.0,10,199.0
32,8,4187107,2196.6922306538813,10,10,236.0,10,199.0
32,8,4187108,2196.69246213526,10,10,236.0,10,199.0
32,8,4187109,2196.6926936166387,10,10,236.0,10,199.0
32,8,4187110,2196.692925098017,10,10,236.0,10,199.0
32,8,4187111,2196.693156579396,10,10,236.0,10,198.0
32,8,4187112,2196.6933880607744,10,10,236.0,10,199.0
32,8,4187113,2196.693619542154,10,10,236.0,10,198.0
32,8,4187114,2196.6938510235336,10,10,236.0,10,199.0
32,8,4187115,2196.694082504912,10,10,236.0,10,199.0
32,8,4187116,2196.694313986291,10,10,236.0,10,199.0
32,8,4187117,2196.6945454676693,10,10,236.0,10,199.0
32,8,4187118,2196.6947769490484,10,10,236.0,10,199.0
32,8,4187119,2196.6950084304267,10,10,236.0,10,199.0
32,8,4187120,2196.695239911806,10,10,236.0,10,199.0
32,8,4187121,2196.695471393184,10,10,236.0,10,199.0
32,8,4187122,2196.6957028745633,10,10,236.0,10,199.0
32,8,4187123,2196.6959343559415,10,10,236.0,10,199.0
32,8,4187124,2196.6961658373207,10,10,236.0,10,199.0
32,8,4187125,2196.696397318699,10,10,236.0,10,199.0
32,8,4187126,2196.696628800078,10,10,236.0,10,199.0
32,8,4187127,2196.6968602814563,10,10,236.0,10,199.0
32,8,4187128,2196.6970917628355,10,10,236.0,10,199.0
32,8,4187129,2196.6973232442147,10,10,236.0,10,199.0
32,8,4187130,2196.697554725593,10,10,236.0,10,199.0
32,8,4187131,2196.697786206972,10,10,236.0,10,199.0
32,8,4187132,2196.6980176883512,10,10,236.0,10,199.0
32,8,4187133,2196.6982491697304,10,10,236.0,10,199.0
32,8,4187134,2196.6984806511095,10,10,236.0,10,199.0
32,8,4187135,2196.698712132488,10,10,236.0,10,199.0
32,8,4187136,2196.698943613867,10,10,236.0,10,199.0
32,8,4187137,2196.699175095245,10,10,236.0,10,199.0
32,8,4187138,2196.6994065766244,10,10,236.0,10,198.0
32,8,4187139,2196.6996380580026,10,10,236.0,10,199.0
32,8,4187140,2196.699869539382,10,10,236.0,10,199.0
32,8,4187141,2196.70010102076,10,10,236.0,10,199.0
32,8,4187142,2196.700332502139,10,10,236.0,10,199.0
32,8,4187143,2196.7005639835174,10,10,236.0,10,199.0
32,8,4187144,2196.7007954648966,10,10,236.0,10,199.0
32,8,4187145,2196.701026946275,10,10,236.0,10,199.0
32,8,4187146,2196.7012584276536,10,10,236.0,10,199.0
32,8,4187147,2196.7014899090323,10,10,236.0,10,199.0
32,8,4187148,2196.701721390411,10,10,236.0,10,199.0
32,8,4187149,2196.7019528717897,10,10,236.0,10,199.0
32,8,4187150,2196.7021843531684,10,10,236.0,10,199.0
32,8,4187151,2196.702415834548,10,10,236.0,10,198.0
32,8,4187152,2196.702647315927,10,10,236.0,10,199.0
32,8,4187153,2196.702878797306,10,10,236.0,10,199.0
32,8,4187154,2196.7031102786846,10,10,236.0,10,199.0
32,8,4187155,2196.7033417600633,10,10,236.0,10,199.0
32,8,4187156,2196.703573241442,10,10,236.0,10,198.0
32,8,4187157,2196.7038047228207,10,10,236.0,10,199.0
32,8,4187158,2196.7040362041994,10,10,236.0,10,199.0
32,8,4187159,2196.704267685578,10,10,236.0,10,199.0
32,8,4187160,2196.704499166957,10,10,236.0,10,199.0
32,8,4187161,2196.704730648335,10,10,236.0,10,199.0
32,8,4187162,2196.704962129714,10,10,236.0,10,199.0
32,8,4187163,2196.7051936110925,10,10,236.0,10,199.0
32,8,4187164,2196.7054250924716,10,10,236.0,10,199.0
32,8,4187165,2196.70565657385,10,10,236.0,10,199.0
32,8,4187166,2196.705888055229,10,10,236.0,10,199.0
32,8,4187167,2196.7061195366073,10,10,236.0,10,198.0
32,8,4187168,2196.7063510179864,10,10,236.0,10,199.0
32,8,4187169,2196.7065824993647,10,10,236.0,10,198.0
32,8,4187170,2196.7068139807443,10,10,236.0,10,199.0
32,8,4187171,2196.707045462124,10,10,236.0,10,199.0
32,8,4187172,2196.707276943502,10,10,236.0,10,199.0
32,8,4187173,2196.7075084248813,10,10,236.0,10,199.0
32,8,4187174,2196.7077399062596,10,10,236.0,10,199.0
32,8,4187175,2196.7079713876387,10,10,236.0,10,199.0
32,8,4187176,2196.708202869017,10,10,236.0,10,198.0
32,8,4187177,2196.708434350396,10,10,236.0,10,199.0
32,8,4187178,2196.7086658317744,10,10,236.0,10,199.0
32,8,4187179,2196.7088973131536,10,10,236.0,10,199.0
32,8,4187180,2196.709128794532,10,10,236.0,10,199.0
32,8,4187181,2196.7093602759105,10,10,236.0,10,198.0
32,8,4187182,2196.709591757289,10,10,236.0,10,199.0
32,8,4187183,2196.7098232386684,10,10,236.0,10,197.0
32,8,4187184,2196.7100547200475,10,10,236.0,10,198.0
32,8,4187185,2196.710286201426,10,10,236.0,10,199.0
32,8,4187186,2196.710517682805,10,10,236.0,10,199.0
32,8,4187187,2196.710749164183,10,10,236.0,10,199.0
32,8,4187188,2196.7109806455624,10,10,236.0,10,199.0
32,8,4187189,2196.7112121269415,10,10,236.0,10,199.0
32,8,4187190,2196.7114436083207,10,10,236.0,10,199.0
32,8,4187191,2196.7116750897,10,10,236.0,10,199.0
32,8,4187192,2196.711906571078,10,10,236.0,10,199.0
32,8,4187193,2196.7121380524572,10,10,236.0,10,198.0
32,8,4187194,2196.7123695338355,10,10,236.0,10,199.0
32,8,4187195,2196.7126010152147,10,10,236.0,10,199.0
32,8,4187196,2196.712832496593,10,10,236.0,10,199.0
32,8,4187197,2196.7130639779716,10,10,236.0,10,199.0
32,8,4187198,2196.7132954593503,10,10,236.0,10,199.0
32,8,4187199,2196.713526940729,10,10,236.0,10,199.0
32,8,4187200,2196.7137584221077,10,10,236.0,10,199.0
32,8,4187201,2196.7139899034864,10,10,236.0,10,199.0
32,8,4187202,2196.714221384865,10,10,236.0,10,198.0
32,8,4187203,2196.714452866244,10,10,236.0,10,199.0
32,8,4187204,2196.7146843476226,10,10,236.0,10,199.0
32,8,4187205,2196.7149158290013,10,10,236.0,10,199.0
32,8,4187206,2196.71514731038,10,10,236.0,10,199.0
32,8,4187207,2196.7153787917587,10,10,236.0,10,199.0
32,8,4187208,2196.7156102731383,10,10,236.0,10,199.0
32,8,4187209,2196.7158417545174,10,10,236.0,10,199.0
32,8,4187210,2196.716073235896,10,10,236.0,10,198.0
32,8,4187211,2196.716304717275,10,10,236.0,10,199.0
32,8,4187212,2196.7165361986536,10,10,236.0,10,198.0
32,8,4187213,2196.7167676800323,10,10,236.0,10,199.0
32,8,4187214,2196.7169991614105,10,10,236.0,10,199.0
32,8,4187215,2196.7172306427897,10,10,236.0,10,199.0
32,8,4187216,2196.717462124168,10,10,236.0,10,199.0
32,8,4187217,2196.717693605547,10,10,236.0,10,199.0
32,8,4187218,2196.7179250869253,10,10,236.0,10,199.0
32,8,4187219,2196.7181565683045,10,10,236.0,10,199.0
32,8,4187220,2196.7183880496827,10,10,236.0,10,199.0
32,8,4187221,2196.718619531062,10,10,236.0,10,199.0
32,8,4187222,2196.71885101244,10,10,236.0,10,199.0
32,8,4187223,2196.7190824938193,10,10,236.0,10,199.0
32,8,4187224,2196.7193139751976,10,10,236.0,10,198.0
32,8,4187225,2196.7195454565767,10,10,236.0,10,198.0
32,8,4187226,2196.719776937955,10,10,236.0,10,198.0
32,8,4187227,2196.7200084193346,10,10,236.0,10,199.0
32,8,4187228,2196.720239900714,10,10,236.0,10,199.0
32,8,4187229,2196.7204713820925,10,10,236.0,10,199.0
32,8,4187230,2196.7207028634716,10,10,236.0,10,199.0
32,8,4187231,2196.72093434485,10,10,236.0,10,199.0
32,8,4187232,2196.7211658262286,10,10,236.0,10,199.0
32,8,4187233,2196.7213973076073,10,10,236.0,10,199.0
32,8,4187234,2196.721628788986,10,10,236.0,10,199.0
32,8,4187235,2196.7218602703647,10,10,236.0,10,198.0
32,8,4187236,2196.7220917517434,10,10,236.0,10,199.0
32,8,4187237,2196.722323233122,10,10,236.0,10,198.0
32,8,4187238,2196.7225547145013,10,10,236.0,10,199.0
32,8,4187239,2196.7227861958804,10,10,236.0,10,199.0
32,8,4187240,2196.7230176772587,10,10,236.0,10,199.0
32,8,4187241,2196.723249158638,10,10,236.0,10,199.0
32,8,4187242,2196.723480640016,10,10,236.0,10,198.0
32,8,4187243,2196.7237121213952,10,10,236.0,10,198.0
32,8,4187244,2196.7239436027735,10,10,236.0,10,199.0
32,8,4187245,2196.7241750841526,10,10,236.0,10,199.0
32,8,4187246,2196.724406565532,10,10,236.0,10,198.0
32,8,4187247,2196.724638046911,10,10,236.0,10,198.0
32,8,4187248,2196.72486952829,10,10,236.0,10,199.0
32,8,4187249,2196.7251010096684,10,10,236.0,10,199.0
32,8,4187250,2196.725332491047,10,10,236.0,10,199.0
32,8,4187251,2196.725563972426,10,10,236.0,10,199.0
32,8,4187252,2196.7257954538045,10,10,236.0,10,199.0
32,8,4187253,2196.726026935183,10,10,236.0,10,199.0
32,8,4187254,2196.726258416562,10,10,236.0,10,199.0
32,8,4187255,2196.7264898979406,10,10,236.0,10,198.0
32,8,4187256,2196.7267213793193,10,10,236.0,10,199.0
32,8,4187257,2196.726952860698,10,10,236.0,10,198.0
32,8,4187258,2196.7271843420767,10,10,236.0,10,199.0
32,8,4187259,2196.7274158234554,10,10,236.0,10,199.0
32,8,4187260,2196.727647304834,10,10,236.0,10,199.0
32,8,4187261,2196.727878786213,10,10,236.0,10,199.0
32,8,4187262,2196.7281102675915,10,10,236.0,10,198.0
32,8,4187263,2196.7283417489703,10,10,236.0,10,199.0
32,8,4187264,2196.728573230349,10,10,236.0,10,198.0
32,8,4187265,2196.7288047117277,10,10,236.0,10,199.0
32,8,4187266,2196.729036193107,10,10,236.0,10,199.0
32,8,4187267,2196.729267674486,10,10,236.0,10,199.0
32,8,4187268,2196.729499155865,10,10,236.0,10,199.0
32,8,4187269,2196.7297306372434,10,10,236.0,10,198.0
32,8,4187270,2196.7299621186226,10,10,236.0,10,199.0
32,8,4187271,2196.730193600001,10,10,236.0,10,199.0
32,8,4187272,2196.73042508138,10,10,236.0,10,199.0
32,8,4187273,2196.730656562758,10,10,236.0,10,199.0
32,8,4187274,2196.7308880441374,10,10,236.0,10,198.0
32,8,4187275,2196.7311195255156,10,10,236.0,10,198.0
32,8,4187276,2196.731351006895,10,10,236.0,10,199.0
32,8,4187277,2196.731582488273,10,10,236.0,10,198.0
32,8,4187278,2196.731813969652,10,10,236.0,10,199.0
32,8,4187279,2196.7320454510304,10,10,236.0,10,199.0
32,8,4187280,2196.7322769324096,10,10,236.0,10,198.0
32,8,4187281,2196.732508413788,10,10,236.0,10,198.0
32,8,4187282,2196.7327398951666,10,10,236.0,10,199.0
32,8,4187283,2196.7329713765453,10,10,236.0,10,199.0
32,8,4187284,2196.733202857924,10,10,236.0,10,199.0
32,8,4187285,2196.7334343393036,10,10,236.0,10,198.0
32,8,4187286,2196.7336658206827,10,10,236.0,10,199.0
32,8,4187287,2196.7338973020615,10,10,236.0,10,199.0
32,8,4187288,2196.73412878344,10,10,236.0,10,199.0
32,8,4187289,2196.734360264819,10,10,236.0,10,199.0
32,8,4187290,2196.7345917461976,10,10,236.0,10,199.0
32,8,4187291,2196.7348232275767,10,10,236.0,10,198.0
32,8,4187292,2196.735054708956,10,10,236.0,10,199.0
32,8,4187293,2196.735286190334,10,10,236.0,10,198.0
32,8,4187294,2196.7355176717133,10,10,236.0,10,199.0
32,8,4187295,2196.7357491530915,10,10,236.0,10,198.0
32,8,4187296,2196.7359806344707,10,10,236.0,10,199.0
32,8,4187297,2196.736212115849,10,10,236.0,10,199.0
32,8,4187298,2196.736443597228,10,10,236.0,10,199.0
32,8,4187299,2196.7366750786064,10,10,236.0,10,199.0
32,8,4187300,2196.7369065599855,10,10,236.0,10,199.0
32,8,4187301,2196.737138041364,10,10,236.0,10,198.0
32,8,4187302,2196.7373695227425,10,10,236.0,10,199.0
32,8,4187303,2196.737601004121,10,10,236.0,10,199.0
32,8,4187304,2196.7378324855003,10,10,236.0,10,198.0
32,8,4187305,2196.73806396688,10,10,236.0,10,199.0
32,8,4187306,2196.7382954482587,10,10,236.0,10,198.0
32,8,4187307,2196.7385269296374,10,10,236.0,10,199.0
32,8,4187308,2196.738758411016,10,10,236.0,10,199.0
32,8,4187309,2196.738989892395,10,10,236.0,10,198.0
32,8,4187310,2196.7392213737735,10,10,236.0,10,199.0
32,8,4187311,2196.739452855152,10,10,236.0,10,199.0
32,8,4187312,2196.739684336531,10,10,236.0,10,199.0
32,8,4187313,2196.7399158179096,10,10,236.0,10,199.0
32,8,4187314,2196.7401472992883,10,10,236.0,10,199.0
32,8,4187315,2196.740378780667,10,10,236.0,10,198.0
32,8,4187316,2196.7406102620457,10,10,236.0,10,199.0
32,8,4187317,2196.740841743424,10,10,236.0,10,199.0
32,8,4187318,2196.741073224803,10,10,236.0,10,199.0
32,8,4187319,2196.7413047061814,10,10,236.0,10,199.0
32,8,4187320,2196.7415361875605,10,10,236.0,10,198.0
32,8,4187321,2196.741767668939,10,10,236.0,10,199.0
32,8,4187322,2196.741999150318,10,10,236.0,10,198.0
32,8,4187323,2196.742230631697,10,10,236.0,10,199.0
32,8,4187324,2196.7424621130763,10,10,236.0,10,199.0
32,8,4187325,2196.7426935944554,10,10,236.0,10,199.0
32,8,4187326,2196.7429250758337,10,10,236.0,10,199.0
32,8,4187327,2196.743156557213,10,10,236.0,10,199.0
32,8,4187328,2196.743388038591,10,10,236.0,10,199.0
32,8,4187329,2196.7436195199703,10,10,236.0,10,199.0
32,8,4187330,2196.7438510013485,10,10,236.0,10,199.0
32,8,4187331,2196.7440824827277,10,10,236.0,10,199.0
32,8,4187332,2196.744313964106,10,10,236.0,10,199.0
32,8,4187333,2196.744545445485,10,10,236.0,10,199.0
32,8,4187334,2196.7447769268633,10,10,236.0,10,198.0
32,8,4187335,2196.745008408242,10,10,236.0,10,198.0
32,8,4187336,2196.7452398896207,10,10,236.0,10,198.0
32,8,4187337,2196.7454713709994,10,10,236.0,10,199.0
32,8,4187338,2196.745702852378,10,10,236.0,10,199.0
32,8,4187339,2196.745934333757,10,10,236.0,10,199.0
32,8,4187340,2196.7461658151356,10,10,236.0,10,199.0
32,8,4187341,2196.7463972965143,10,10,236.0,10,199.0
32,8,4187342,2196.746628777894,10,10,236.0,10,198.0
32,8,4187343,2196.746860259273,10,10,236.0,10,199.0
32,8,4187344,2196.7470917406517,10,10,236.0,10,199.0
32,8,4187345,2196.7473232220304,10,10,236.0,10,199.0
32,8,4187346,2196.7475547034096,10,10,236.0,10,199.0
32,8,4187347,2196.7477861847888,10,10,236.0,10,198.0
32,8,4187348,2196.748017666167,10,10,236.0,10,199.0
32,8,4187349,2196.748249147546,10,10,236.0,10,198.0
32,8,4187350,2196.7484806289244,10,10,236.0,10,199.0
32,8,4187351,2196.7487121103036,10,10,236.0,10,199.0
32,8,4187352,2196.748943591682,10,10,236.0,10,199.0
32,8,4187353,2196.7491750730605,10,10,236.0,10,199.0
32,8,4187354,2196.7494065544392,10,10,236.0,10,199.0
32,8,4187355,2196.749638035818,10,10,236.0,10,199.0
32,8,4187356,2196.7498695171967,10,10,236.0,10,199.0
32,8,4187357,2196.7501009985754,10,10,236.0,10,199.0
32,8,4187358,2196.750332479954,10,10,236.0,10,199.0
32,8,4187359,2196.750563961333,10,10,236.0,10,199.0
32,8,4187360,2196.7507954427115,10,10,236.0,10,199.0
32,8,4187361,2196.7510269240906,10,10,236.0,10,198.0
32,8,4187362,2196.7512584054703,10,10,236.0,10,199.0
32,8,4187363,2196.751489886849,10,10,236.0,10,199.0
32,8,4187364,2196.7517213682277,10,10,236.0,10,199.0
32,8,4187365,2196.7519528496064,10,10,236.0,10,198.0
32,8,4187366,2196.752184330985,10,10,236.0,10,199.0
32,8,4187367,2196.752415812364,10,10,236.0,10,198.0
32,8,4187368,2196.7526472937425,10,10,236.0,10,199.0
32,8,4187369,2196.752878775121,10,10,236.0,10,199.0
32,8,4187370,2196.7531102564994,10,10,236.0,10,199.0
32,8,4187371,2196.7533417378786,10,10,236.0,10,198.0
32,8,4187372,2196.753573219257,10,10,236.0,10,199.0
32,8,4187373,2196.753804700636,10,10,236.0,10,199.0
32,8,4187374,2196.7540361820143,10,10,236.0,10,199.0
32,8,4187375,2196.7542676633934,10,10,236.0,10,199.0
32,8,4187376,2196.7544991447717,10,10,236.0,10,198.0
32,8,4187377,2196.754730626151,10,10,236.0,10,198.0
32,8,4187378,2196.754962107529,10,10,236.0,10,199.0
32,8,4187379,2196.7551935889082,10,10,236.0,10,199.0
32,8,4187380,2196.7554250702874,10,10,236.0,10,199.0
32,8,4187381,2196.7556565516666,10,10,236.0,10,199.0
32,8,4187382,2196.7558880330457,10,10,236.0,10,199.0
32,8,4187383,2196.756119514424,10,10,236.0,10,199.0
32,8,4187384,2196.756350995803,10,10,236.0,10,199.0
32,8,4187385,2196.7565824771814,10,10,236.0,10,199.0
32,8,4187386,2196.75681395856,10,10,236.0,10,199.0
32,8,4187387,2196.757045439939,10,10,236.0,10,199.0
32,8,4187388,2196.7572769213175,10,10,236.0,10,199.0
32,8,4187389,2196.757508402696,10,10,236.0,10,199.0
32,8,4187390,2196.757739884075,10,10,236.0,10,198.0
32,8,4187391,2196.7579713654536,10,10,236.0,10,199.0
32,8,4187392,2196.7582028468323,10,10,236.0,10,199.0
32,8,4187393,2196.758434328211,10,10,236.0,10,199.0
32,8,4187394,2196.7586658095897,10,10,236.0,10,199.0
32,8,4187395,2196.7588972909684,10,10,236.0,10,199.0
32,8,4187396,2196.759128772347,10,10,236.0,10,199.0
32,8,4187397,2196.759360253726,10,10,236.0,10,198.0
32,8,4187398,2196.7595917351046,10,10,236.0,10,199.0
32,8,4187399,2196.759823216484,10,10,236.0,10,199.0
32,8,4187400,2196.7600546978633,10,10,236.0,10,199.0
32,8,4187401,2196.7602861792425,10,10,236.0,10,199.0
32,8,4187402,2196.7605176606216,10,10,236.0,10,199.0
32,8,4187403,2196.760749142,10,10,236.0,10,199.0
32,8,4187404,2196.760980623379,10,10,236.0,10,199.0
32,8,4187405,2196.7612121047573,10,10,236.0,10,199.0
32,8,4187406,2196.761443586136,10,10,236.0,10,199.0
32,8,4187407,2196.7616750675147,10,10,236.0,10,199.0
32,8,4187408,2196.7619065488934,10,10,236.0,10,199.0
32,8,4187409,2196.762138030272,10,10,236.0,10,198.0
32,8,4187410,2196.762369511651,10,10,236.0,10,198.0
32,8,4187411,2196.7626009930295,10,10,236.0,10,198.0
32,8,4187412,2196.7628324744082,10,10,236.0,10,199.0
32,8,4187413,2196.763063955787,10,10,236.0,10,199.0
32,8,4187414,2196.7632954371657,10,10,236.0,10,198.0
32,8,4187415,2196.7635269185444,10,10,236.0,10,199.0
32,8,4187416,2196.763758399923,10,10,236.0,10,198.0
32,8,4187417,2196.7639898813018,10,10,236.0,10,199.0
32,8,4187418,2196.764221362681,10,10,236.0,10,198.0
32,8,4187419,2196.7644528440605,10,10,236.0,10,199.0
32,8,4187420,2196.7646843254392,10,10,236.0,10,199.0
32,8,4187421,2196.764915806818,10,10,236.0,10,199.0
32,8,4187422,2196.7651472881967,10,10,236.0,10,198.0
32,8,4187423,2196.765378769575,10,10,236.0,10,199.0
32,8,4187424,2196.765610250954,10,10,236.0,10,199.0
32,8,4187425,2196.7658417323323,10,10,236.0,10,199.0
32,8,4187426,2196.7660732137115,10,10,236.0,10,198.0
32,8,4187427,2196.7663046950897,10,10,236.0,10,198.0
32,8,4187428,2196.766536176469,10,10,236.0,10,199.0
32,8,4187429,2196.766767657847,10,10,236.0,10,199.0
32,8,4187430,2196.7669991392263,10,10,236.0,10,199.0
32,8,4187431,2196.7672306206046,10,10,236.0,10,199.0
32,8,4187432,2196.7674621019837,10,10,236.0,10,199.0
32,9,4201006,2199.9095903374996,10,10,236.0,10,199.0
32,9,4201007,2199.9098218188788,10,10,236.0,10,199.0
32,9,4201008,2199.910053300257,10,10,236.0,10,199.0
32,9,4201009,2199.910284781636,10,10,236.0,10,199.0
32,9,4201010,2199.9105162630144,10,10,236.0,10,198.0
32,9,4201011,2199.910747744393,10,10,236.0,10,198.0
32,9,4201012,2199.910979225772,10,10,236.0,10,198.0
32,9,4201013,2199.9112107071505,10,10,236.0,10,199.0
32,9,4201014,2199.9114421885292,10,10,236.0,10,199.0
32,9,4201015,2199.911673669908,10,10,236.0,10,199.0
32,9,4201016,2199.9119051512866,10,10,236.0,10,199.0
32,9,4201017,2199.9121366326654,10,10,236.0,10,198.0
32,9,4201018,2199.912368114044,10,10,236.0,10,199.0
32,9,4201019,2199.912599595423,10,10,236.0,10,199.0
32,9,4201020,2199.912831076803,10,10,236.0,10,198.0
32,9,4201021,2199.9130625581815,10,10,236.0,10,199.0
32,9,4201022,2199.9132940395602,10,10,236.0,10,199.0
32,9,4201023,2199.913525520939,10,10,236.0,10,199.0
32,9,4201024,2199.9137570023177,10,10,236.0,10,199.0
32,9,4201025,2199.9139884836964,10,10,236.0,10,199.0
32,9,4201026,2199.914219965075,10,10,236.0,10,198.0
32,9,4201027,2199.9144514464538,10,10,236.0,10,199.0
32,9,4201028,2199.914682927832,10,10,236.0,10,199.0
32,9,4201029,2199.914914409211,10,10,236.0,10,199.0
32,9,4201030,2199.9151458905894,10,10,236.0,10,199.0
32,9,4201031,2199.9153773719686,10,10,236.0,10,199.0
32,9,4201032,2199.915608853347,10,10,236.0,10,199.0
32,9,4201033,2199.915840334726,10,10,236.0,10,199.0
32,9,4201034,2199.9160718161042,10,10,236.0,10,199.0
32,9,4201035,2199.9163032974834,10,10,236.0,10,198.0
32,9,4201036,2199.9165347788617,10,10,236.0,10,199.0
32,9,4201037,2199.916766260241,10,10,236.0,10,199.0
32,9,4201038,2199.91699774162,10,10,236.0,10,199.0
32,9,4201039,2199.917229222999,10,10,236.0,10,198.0
32,9,4201040,2199.9174607043783,10,10,236.0,10,199.0
32,9,4201041,2199.9176921857566,10,10,236.0,10,198.0
32,9,4201042,2199.9179236671357,10,10,236.0,10,199.0
32,9,4201043,2199.918155148514,10,10,236.0,10,199.0
32,9,4201044,2199.9183866298927,10,10,236.0,10,199.0
32,9,4201045,2199.9186181112723,10,10,236.0,10,198.0
32,9,4201046,2199.9188495926505,10,10,236.0,10,199.0
32,9,4201047,2199.9190810740297,10,10,236.0,10,198.0
32,9,4201048,2199.919312555408,10,10,236.0,10,199.0
32,9,4201049,2199.919544036787,10,10,236.0,10,199.0
32,9,4201050,2199.9197755181654,10,10,236.0,10,198.0
32,9,4201051,2199.9200069995445,10,10,236.0,10,199.0
32,9,4201052,2199.9202384809228,10,10,236.0,10,199.0
32,9,4201053,2199.920469962302,10,10,236.0,10,199.0
32,9,4201054,2199.92070144368,10,10,236.0,10,199.0
32,9,4201055,2199.9209329250593,10,10,236.0,10,199.0
32,9,4201056,2199.9211644064376,10,10,236.0,10,199.0
32,9,4201057,2199.921395887817,10,10,236.0,10,198.0
32,9,4201058,2199.921627369197,10,10,236.0,10,198.0
32,9,4201059,2199.921858850575,10,10,236.0,10,199.0
32,9,4201060,2199.922090331954,10,10,236.0,10,199.0
32,9,4201061,2199.9223218133325,10,10,236.0,10,199.0
32,9,4201062,2199.922553294711,10,10,236.0,10,199.0
32,9,4201063,2199.92278477609,10,10,236.0,10,198.0
32,9,4201064,2199.9230162574686,10,10,236.0,10,199.0
32,9,4201065,2199.9232477388473,10,10,236.0,10,199.0
32,9,4201066,2199.923479220226,10,10,236.0,10,199.0
32,9,4201067,2199.9237107016047,10,10,236.0,10,199.0
32,9,4201068,2199.9239421829834,10,10,236.0,10,198.0
32,9,4201069,2199.924173664362,10,10,236.0,10,199.0
32,9,4201070,2199.924405145741,10,10,236.0,10,199.0
32,9,4201071,2199.9246366271195,10,10,236.0,10,199.0
32,9,4201072,2199.9248681084982,10,10,236.0,10,199.0
32,9,4201073,2199.925099589877,10,10,236.0,10,199.0
32,9,4201074,2199.9253310712556,10,10,236.0,10,199.0
32,9,4201075,2199.9255625526353,10,10,236.0,10,199.0
32,9,4201076,2199.9257940340144,10,10,236.0,10,198.0
32,9,4201077,2199.926025515393,10,10,236.0,10,198.0
32,9,4201078,2199.926256996772,10,10,236.0,10,199.0
32,9,4201079,2199.92648847815,10,10,236.0,10,198.0
32,9,4201080,2199.9267199595292,10,10,236.0,10,199.0
32,9,4201081,2199.9269514409075,10,10,236.0,10,198.0
32,9,4201082,2199.9271829222866,10,10,236.0,10,199.0
32,9,4201083,2199.927414403665,10,10,236.0,10,199.0
32,9,4201084,2199.927645885044,10,10,236.0,10,199.0
32,9,4201085,2199.9278773664223,10,10,236.0,10,199.0
32,9,4201086,2199.9281088478015,10,10,236.0,10,198.0
32,9,4201087,2199.9283403291797,10,10,236.0,10,199.0
32,9,4201088,2199.928571810559,10,10,236.0,10,199.0
32,9,4201089,2199.928803291937,10,10,236.0,10,199.0
32,9,4201090,2199.9290347733163,10,10,236.0,10,198.0
32,9,4201091,2199.9292662546945,10,10,236.0,10,199.0
32,9,4201092,2199.9294977360737,10,10,236.0,10,199.0
32,9,4201093,2199.929729217452,10,10,236.0,10,198.0
32,9,4201094,2199.9299606988316,10,10,236.0,10,199.0
32,9,4201095,2199.930192180211,10,10,236.0,10,199.0
32,9,4201096,2199.9304236615894,10,10,236.0,10,198.0
32,9,4201097,2199.930655142968,10,10,236.0,10,199.0
32,9,4201098,2199.930886624347,10,10,236.0,10,199.0
32,9,4201099,2199.9311181057255,10,10,236.0,10,198.0
32,9,4201100,2199.931349587105,10,10,236.0,10,199.0
32,9,4201101,2199.9315810684834,10,10,236.0,10,199.0
32,9,4201102,2199.9318125498626,10,10,236.0,10,199.0
32,9,4201103,2199.932044031241,10,10,236.0,10,199.0
32,9,4201104,2199.93227551262,10,10,236.0,10,199.0
32,9,4201105,2199.9325069939982,10,10,236.0,10,199.0
32,9,4201106,2199.9327384753774,10,10,236.0,10,199.0
32,9,4201107,2199.9329699567556,10,10,236.0,10,199.0
32,9,4201108,2199.933201438135,10,10,236.0,10,199.0
32,9,4201109,2199.933432919513,10,10,236.0,10,199.0
32,9,4201110,2199.933664400892,10,10,236.0,10,199.0
32,9,4201111,2199.9338958822705,10,10,236.0,10,199.0
32,9,4201112,2199.934127363649,10,10,236.0,10,199.0
32,9,4201113,2199.934358845029,10,10,236.0,10,199.0
32,9,4201114,2199.934590326408,10,10,236.0,10,199.0
32,9,4201115,2199.9348218077866,10,10,236.0,10,198.0
32,9,4201116,2199.9350532891654,10,10,236.0,10,198.0
32,9,4201117,2199.935284770544,10,10,236.0,10,199.0
32,9,4201118,2199.9355162519228,10,10,236.0,10,199.0
32,9,4201119,2199.9357477333015,10,10,236.0,10,199.0
32,9,4201120,2199.93597921468,10,10,236.0,10,199.0
32,9,4201121,2199.936210696059,10,10,236.0,10,199.0
32,9,4201122,2199.9364421774376,10,10,236.0,10,199.0
32,9,4201123,2199.9366736588163,10,10,236.0,10,199.0
32,9,4201124,2199.936905140195,10,10,236.0,10,197.0
32,9,4201125,2199.9371366215737,10,10,236.0,10,199.0
32,9,4201126,2199.9373681029524,10,10,236.0,10,199.0
32,9,4201127,2199.937599584331,10,10,236.0,10,199.0
32,9,4201128,2199.93783106571,10,10,236.0,10,199.0
32,9,4201129,2199.938062547088,10,10,236.0,10,198.0
32,9,4201130,2199.938294028467,10,10,236.0,10,199.0
32,9,4201131,2199.9385255098464,10,10,236.0,10,198.0
32,9,4201132,2199.9387569912255,10,10,236.0,10,199.0
32,9,4201133,2199.9389884726047,10,10,236.0,10,199.0
32,9,4201134,2199.939219953983,10,10,236.0,10,199.0
32,9,4201135,2199.939451435362,10,10,236.0,10,199.0
32,9,4201136,2199.9396829167404,10,10,236.0,10,199.0
32,9,4201137,2199.9399143981195,10,10,236.0,10,199.0
32,9,4201138,2199.940145879498,10,10,236.0,10,198.0
32,9,4201139,2199.940377360877,10,10,236.0,10,199.0
32,9,4201140,2199.940608842255,10,10,236.0,10,199.0
32,9,4201141,2199.9408403236343,10,10,236.0,10,198.0
32,9,4201142,2199.9410718050126,10,10,236.0,10,199.0
32,9,4201143,2199.9413032863918,10,10,236.0,10,199.0
32,9,4201144,2199.94153476777,10,10,236.0,10,199.0
32,9,4201145,2199.941766249149,10,10,236.0,10,199.0
32,9,4201146,2199.9419977305274,10,10,236.0,10,197.0
32,9,4201147,2199.9422292119066,10,10,236.0,10,199.0
32,9,4201148,2199.942460693285,10,10,236.0,10,199.0
32,9,4201149,2199.9426921746635,10,10,236.0,10,198.0
32,9,4201150,2199.942923656043,10,10,236.0,10,198.0
32,9,4201151,2199.9431551374223,10,10,236.0,10,199.0
32,9,4201152,2199.943386618801,10,10,236.0,10,199.0
32,9,4201153,2199.9436181001797,10,10,236.0,10,199.0
32,9,4201154,2199.9438495815584,10,10,236.0,10,199.0
32,9,4201155,2199.944081062938,10,10,236.0,10,198.0
32,9,4201156,2199.9443125443163,10,10,236.0,10,199.0
32,9,4201157,2199.9445440256954,10,10,236.0,10,199.0
32,9,4201158,2199.9447755070737,10,10,236.0,10,199.0
32,9,4201159,2199.945006988453,10,10,236.0,10,199.0
32,9,4201160,2199.945238469831,10,10,236.0,10,199.0
32,9,4201161,2199.9454699512103,10,10,236.0,10,199.0
32,9,4201162,2199.9457014325885,10,10,236.0,10,199.0
32,9,4201163,2199.9459329139677,10,10,236.0,10,199.0
32,9,4201164,2199.946164395346,10,10,236.0,10,199.0
32,9,4201165,2199.9463958767246,10,10,236.0,10,199.0
32,9,4201166,2199.9466273581033,10,10,236.0,10,199.0
32,9,4201167,2199.946858839482,10,10,236.0,10,198.0
32,9,4201168,2199.9470903208608,10,10,236.0,10,198.0
32,9,4201169,2199.94732180224,10,10,236.0,10,198.0
32,9,4201170,2199.9475532836195,10,10,236.0,10,199.0
32,9,4201171,2199.9477847649982,10,10,236.0,10,199.0
32,9,4201172,2199.948016246377,10,10,236.0,10,198.0
32,9,4201173,2199.9482477277556,10,10,236.0,10,199.0
32,9,4201174,2199.9484792091343,10,10,236.0,10,198.0
32,9,4201175,2199.948710690513,10,10,236.0,10,198.0
32,9,4201176,2199.9489421718918,10,10,236.0,10,199.0
32,9,4201177,2199.9491736532705,10,10,236.0,10,199.0
32,9,4201178,2199.949405134649,10,10,236.0,10,199.0
32,9,4201179,2199.949636616028,10,10,236.0,10,198.0
32,9,4201180,2199.9498680974066,10,10,236.0,10,199.0
32,9,4201181,2199.9500995787853,10,10,236.0,10,199.0
32,9,4201182,2199.9503310601635,10,10,236.0,10,199.0
32,9,4201183,2199.9505625415427,10,10,236.0,10,199.0
32,9,4201184,2199.950794022921,10,10,236.0,10,199.0
32,9,4201185,2199.9510255043,10,10,236.0,10,199.0
32,9,4201186,2199.9512569856784,10,10,236.0,10,198.0
32,9,4201187,2199.9514884670575,10,10,236.0,10,199.0
32,9,4201188,2199.9517199484367,10,10,236.0,10,199.0
32,9,4201189,2199.951951429816,10,10,236.0,10,199.0
32,9,4201190,2199.952182911195,10,10,236.0,10,199.0
32,9,4201191,2199.9524143925732,10,10,236.0,10,198.0
32,9,4201192,2199.9526458739524,10,10,236.0,10,199.0
32,9,4201193,2199.9528773553307,10,10,236.0,10,198.0
32,9,4201194,2199.95310883671,10,10,236.0,10,199.0
32,9,4201195,2199.953340318088,10,10,236.0,10,199.0
32,9,4201196,2199.953571799467,10,10,236.0,10,199.0
32,9,4201197,2199.9538032808455,10,10,236.0,10,199.0
32,9,4201198,2199.9540347622246,10,10,236.0,10,198.0
32,9,4201199,2199.954266243603,10,10,236.0,10,199.0
32,9,4201200,2199.9544977249816,10,10,236.0,10,199.0
32,9,4201201,2199.9547292063603,10,10,236.0,10,199.0
32,9,4201202,2199.954960687739,10,10,236.0,10,199.0
32,9,4201203,2199.9551921691177,10,10,236.0,10,199.0
32,9,4201204,2199.9554236504964,10,10,236.0,10,199.0
32,9,4201205,2199.955655131875,10,10,236.0,10,199.0
32,9,4201206,2199.9558866132543,10,10,236.0,10,199.0
32,9,4201207,2199.956118094634,10,10,236.0,10,199.0
32,9,4201208,2199.9563495760126,10,10,236.0,10,199.0
32,9,4201209,2199.9565810573913,10,10,236.0,10,199.0
32,9,4201210,2199.956812538771,10,10,236.0,10,199.0
32,9,4201211,2199.957044020149,10,10,236.0,10,199.0
32,9,4201212,2199.9572755015283,10,10,236.0,10,198.0
32,9,4201213,2199.9575069829066,10,10,236.0,10,199.0
32,9,4201214,2199.9577384642857,10,10,236.0,10,199.0
32,9,4201215,2199.957969945664,10,10,236.0,10,199.0
32,9,4201216,2199.9582014270427,10,10,236.0,10,199.0
32,9,4201217,2199.9584329084214,10,10,236.0,10,198.0
32,9,4201218,2199.9586643898,10,10,236.0,10,199.0
32,9,4201219,2199.958895871179,10,10,236.0,10,199.0
32,9,4201220,2199.9591273525575,10,10,236.0,10,198.0
32,9,4201221,2199.959358833936,10,10,236.0,10,199.0
32,9,4201222,2199.959590315315,10,10,236.0,10,199.0
32,9,4201223,2199.9598217966936,10,10,236.0,10,199.0
32,9,4201224,2199.9600532780723,10,10,236.0,10,199.0
32,9,4201225,2199.960284759452,10,10,236.0,10,199.0
32,9,4201226,2199.960516240831,10,10,236.0,10,198.0
32,9,4201227,2199.96074772221,10,10,236.0,10,199.0
32,9,4201228,2199.9609792035885,10,10,236.0,10,199.0
32,9,4201229,2199.961210684967,10,10,236.0,10,199.0
32,9,4201230,2199.961442166346,10,10,236.0,10,198.0
32,9,4201231,2199.9616736477246,10,10,236.0,10,198.0
32,9,4201232,2199.9619051291033,10,10,236.0,10,199.0
32,9,4201233,2199.9621366104816,10,10,236.0,10,198.0
32,9,4201234,2199.9623680918608,10,10,236.0,10,198.0
32,9,4201235,2199.962599573239,10,10,236.0,10,199.0
32,9,4201236,2199.962831054618,10,10,236.0,10,198.0
32,9,4201237,2199.9630625359964,10,10,236.0,10,199.0
32,9,4201238,2199.9632940173756,10,10,236.0,10,199.0
32,9,4201239,2199.963525498754,10,10,236.0,10,198.0
32,9,4201240,2199.963756980133,10,10,236.0,10,199.0
32,9,4201241,2199.9639884615112,10,10,236.0,10,198.0
32,9,4201242,2199.9642199428904,10,10,236.0,10,199.0
32,9,4201243,2199.9644514242686,10,10,236.0,10,199.0
32,9,4201244,2199.9646829056483,10,10,236.0,10,199.0
32,9,4201245,2199.964914387028,10,10,236.0,10,199.0
32,9,4201246,2199.965145868406,10,10,236.0,10,199.0
32,9,4201247,2199.9653773497853,10,10,236.0,10,199.0
32,9,4201248,2199.9656088311635,10,10,236.0,10,199.0
32,9,4201249,2199.9658403125427,10,10,236.0,10,198.0
32,9,4201250,2199.966071793921,10,10,236.0,10,198.0
32,9,4201251,2199.9663032753,10,10,236.0,10,198.0
32,9,4201252,2199.9665347566784,10,10,236.0,10,199.0
32,9,4201253,2199.966766238057,10,10,236.0,10,199.0
32,9,4201254,2199.9669977194358,10,10,236.0,10,199.0
32,9,4201255,2199.9672292008145,10,10,236.0,10,198.0
32,9,4201256,2199.967460682193,10,10,236.0,10,199.0
32,9,4201257,2199.967692163572,10,10,236.0,10,198.0
32,9,4201258,2199.9679236449506,10,10,236.0,10,198.0
32,9,4201259,2199.9681551263293,10,10,236.0,10,199.0
32,9,4201260,2199.968386607708,10,10,236.0,10,198.0
32,9,4201261,2199.9686180890867,10,10,236.0,10,199.0
32,9,4201262,2199.9688495704663,10,10,236.0,10,199.0
32,9,4201263,2199.9690810518464,10,10,236.0,10,199.0
32,9,4201264,2199.9693125332246,10,10,236.0,10,198.0
32,9,4201265,2199.969544014604,10,10,236.0,10,198.0
32,9,4201266,2199.969775495982,10,10,236.0,10,199.0
32,9,4201267,2199.970006977361,10,10,236.0,10,199.0
32,9,4201268,2199.9702384587395,10,10,236.0,10,199.0
32,9,4201269,2199.970469940118,10,10,236.0,10,199.0
32,9,4201270,2199.970701421497,10,10,236.0,10,199.0
32,9,4201271,2199.9709329028756,10,10,236.0,10,199.0
32,9,4201272,2199.9711643842543,10,10,236.0,10,199.0
32,9,4201273,2199.971395865633,10,10,236.0,10,199.0
32,9,4201274,2199.9716273470117,10,10,236.0,10,198.0
32,9,4201275,2199.9718588283904,10,10,236.0,10,198.0
32,9,4201276,2199.972090309769,10,10,236.0,10,199.0
32,9,4201277,2199.972321791148,10,10,236.0,10,199.0
32,9,4201278,2199.9725532725265,10,10,236.0,10,198.0
32,9,4201279,2199.972784753905,10,10,236.0,10,199.0
32,9,4201280,2199.973016235284,10,10,236.0,10,199.0
32,9,4201281,2199.973247716663,10,10,236.0,10,199.0
32,9,4201282,2199.9734791980427,10,10,236.0,10,199.0
32,9,4201283,2199.9737106794214,10,10,236.0,10,199.0
32,9,4201284,2199.9739421608,10,10,236.0,10,198.0
32,9,4201285,2199.974173642179,10,10,236.0,10,199.0
32,9,4201286,2199.974405123557,10,10,236.0,10,199.0
32,9,4201287,2199.974636604936,10,10,236.0,10,199.0
32,9,4201288,2199.9748680863145,10,10,236.0,10,199.0
32,9,4201289,2199.9750995676936,10,10,236.0,10,199.0
32,9,4201290,2199.975331049072,10,10,236.0,10,198.0
32,9,4201291,2199.975562530451,10,10,236.0,10,199.0
32,9,4201292,2199.9757940118293,10,10,236.0,10,199.0
32,9,4201293,2199.9760254932085,10,10,236.0,10,199.0
32,9,4201294,2199.9762569745867,10,10,236.0,10,199.0
32,9,4201295,2199.976488455966,10,10,236.0,10,198.0
32,9,4201296,2199.976719937344,10,10,236.0,10,199.0
32,9,4201297,2199.9769514187233,10,10,236.0,10,199.0
32,9,4201298,2199.9771829001015,10,10,236.0,10,198.0
32,9,4201299,2199.9774143814807,10,10,236.0,10,199.0
32,9,4201300,2199.97764586286,10,10,236.0,10,199.0
32,9,4201301,2199.977877344239,10,10,236.0,10,199.0
32,9,4201302,2199.978108825618,10,10,236.0,10,199.0
32,9,4201303,2199.9783403069964,10,10,236.0,10,199.0
32,9,4201304,2199.978571788375,10,10,236.0,10,199.0
32,9,4201305,2199.978803269754,10,10,236.0,10,199.0
32,9,4201306,2199.9790347511325,10,10,236.0,10,198.0
32,9,4201307,2199.9792662325112,10,10,236.0,10,199.0
32,9,4201308,2199.97949771389,10,10,236.0,10,199.0
32,9,4201309,2199.9797291952686,10,10,236.0,10,199.0
32,9,4201310,2199.9799606766474,10,10,236.0,10,199.0
32,9,4201311,2199.980192158026,10,10,236.0,10,199.0
32,9,4201312,2199.9804236394048,10,10,236.0,10,197.0
32,9,4201313,2199.9806551207835,10,10,236.0,10,199.0
32,9,4201314,2199.980886602162,10,10,236.0,10,198.0
32,9,4201315,2199.981118083541,10,10,236.0,10,199.0
32,9,4201316,2199.9813495649196,10,10,236.0,10,199.0
32,9,4201317,2199.9815810462983,10,10,236.0,10,199.0
32,9,4201318,2199.9818125276784,10,10,236.0,10,199.0
32,9,4201319,2199.9820440090575,10,10,236.0,10,199.0
32,9,4201320,2199.982275490436,10,10,236.0,10,199.0
32,9,4201321,2199.982506971815,10,10,236.0,10,199.0
32,9,4201322,2199.9827384531936,10,10,236.0,10,199.0
32,9,4201323,2199.9829699345723,10,10,236.0,10,198.0
32,9,4201324,2199.983201415951,10,10,236.0,10,198.0
32,9,4201325,2199.9834328973297,10,10,236.0,10,199.0
32,9,4201326,2199.9836643787085,10,10,236.0,10,199.0
32,9,4201327,2199.983895860087,10,10,236.0,10,199.0
32,9,4201328,2199.984127341466,10,10,236.0,10,198.0
32,9,4201329,2199.9843588228446,10,10,236.0,10,199.0
32,9,4201330,2199.9845903042233,10,10,236.0,10,198.0
32,9,4201331,2199.984821785602,10,10,236.0,10,199.0
32,9,4201332,2199.9850532669807,10,10,236.0,10,199.0
32,9,4201333,2199.9852847483594,10,10,236.0,10,199.0
32,9,4201334,2199.985516229738,10,10,236.0,10,198.0
32,9,4201335,2199.985747711117,10,10,236.0,10,198.0
32,9,4201336,2199.9859791924955,10,10,236.0,10,199.0
32,9,4201337,2199.9862106738747,10,10,236.0,10,199.0
32,9,4201338,2199.9864421552543,10,10,236.0,10,199.0
32,9,4201339,2199.9866736366325,10,10,236.0,10,198.0
32,9,4201340,2199.9869051180117,10,10,236.0,10,198.0
32,9,4201341,2199.98713659939,10,10,236.0,10,199.0
32,9,4201342,2199.987368080769,10,10,236.0,10,199.0
32,9,4201343,2199.9875995621474,10,10,236.0,10,199.0
32,9,4201344,2199.9878310435265,10,10,236.0,10,198.0
32,9,4201345,2199.9880625249048,10,10,236.0,10,199.0
32,9,4201346,2199.988294006284,10,10,236.0,10,199.0
32,9,4201347,2199.988525487662,10,10,236.0,10,199.0
32,9,4201348,2199.9887569690413,10,10,236.0,10,198.0
32,9,4201349,2199.9889884504196,10,10,236.0,10,199.0
32,9,4201350,2199.9892199317987,10,10,236.0,10,199.0
32,9,4201351,2199.989451413177,10,10,236.0,10,199.0
32,9,4201352,2199.989682894556,10,10,236.0,10,199.0
32,9,4201353,2199.9899143759344,10,10,236.0,10,199.0
32,9,4201354,2199.990145857313,10,10,236.0,10,198.0
32,9,4201355,2199.990377338692,10,10,236.0,10,199.0
32,9,4201356,2199.990608820071,10,10,236.0,10,199.0
32,9,4201357,2199.9908403014506,10,10,236.0,10,199.0
32,9,4201358,2199.9910717828293,10,10,236.0,10,198.0
32,9,4201359,2199.991303264208,10,10,236.0,10,199.0
32,9,4201360,2199.9915347455867,10,10,236.0,10,198.0
32,9,4201361,2199.9917662269654,10,10,236.0,10,199.0
32,9,4201362,2199.991997708344,10,10,236.0,10,199.0
32,9,4201363,2199.992229189723,10,10,236.0,10,198.0
32,9,4201364,2199.9924606711015,10,10,236.0,10,199.0
32,9,4201365,2199.9926921524802,10,10,236.0,10,198.0
32,9,4201366,2199.992923633859,10,10,236.0,10,197.0
32,9,4201367,2199.9931551152376,10,10,236.0,10,198.0
32,9,4201368,2199.9933865966163,10,10,236.0,10,198.0
32,9,4201369,2199.993618077995,10,10,236.0,10,199.0
32,9,4201370,2199.9938495593738,10,10,236.0,10,199.0
32,9,4201371,2199.994081040752,10,10,236.0,10,199.0
32,9,4201372,2199.994312522131,10,10,236.0,10,199.0
32,9,4201373,2199.9945440035103,10,10,236.0,10,198.0
32,9,4201374,2199.994775484889,10,10,236.0,10,199.0
32,9,4201375,2199.9950069662686,10,10,236.0,10,199.0
32,9,4201376,2199.995238447648,10,10,236.0,10,199.0
32,9,4201377,2199.9954699290265,10,10,236.0,10,199.0
32,9,4201378,2199.995701410405,10,10,236.0,10,199.0
32,9,4201379,2199.995932891784,10,10,236.0,10,199.0
32,9,4201380,2199.9961643731626,10,10,236.0,10,199.0
32,9,4201381,2199.9963958545413,10,10,236.0,10,199.0
32,9,4201382,2199.99662733592,10,10,236.0,10,198.0
32,9,4201383,2199.9968588172987,10,10,236.0,10,199.0
32,9,4201384,2199.9970902986774,10,10,236.0,10,198.0
32,9,4201385,2199.997321780056,10,10,236.0,10,198.0
32,9,4201386,2199.997553261435,10,10,236.0,10,199.0
32,9,4201387,2199.9977847428136,10,10,236.0,10,199.0
32,9,4201388,2199.9980162241923,10,10,236.0,10,199.0
32,9,4201389,2199.9982477055705,10,10,236.0,10,199.0
32,9,4201390,2199.9984791869497,10,10,236.0,10,199.0
32,9,4201391,2199.998710668328,10,10,236.0,10,199.0
32,9,4201392,2199.998942149707,10,10,236.0,10,199.0
32,9,4201393,2199.9991736310863,10,10,236.0,10,199.0
32,9,4201394,2199.9994051124654,10,10,236.0,10,199.0
32,9,4201395,2199.9996365938446,10,10,236.0,10,199.0
32,9,4201396,2199.999868075223,10,10,236.0,10,199.0
32,9,4201397,2200.000099556602,10,10,236.0,10,198.0
32,9,4201398,2200.0003310379802,10,10,236.0,10,199.0
32,9,4201399,2200.0005625193594,10,10,236.0,10,199.0
32,9,4201400,2200.0007940007376,10,10,236.0,10,198.0
32,9,4201401,2200.001025482117,10,10,236.0,10,198.0
32,9,4201402,2200.001256963495,10,10,236.0,10,199.0
32,9,4201403,2200.001488444874,10,10,236.0,10,199.0
32,9,4201404,2200.0017199262525,10,10,236.0,10,198.0
32,9,4201405,2200.0019514076316,10,10,236.0,10,199.0
32,9,4201406,2200.00218288901,10,10,236.0,10,199.0
