name,camera,ccd,grid_row,grid_col,row_residue,column_residue,phase_sum,uncertainty_entry_sum
tess2019107181902-prf-4-3-row0001-col0045.fits,4,3,1,45,0,0,1.0000000000000002,0.112171879661128
tess2019107181902-prf-4-3-row0001-col0045.fits,4,3,1,45,0,1,0.9999999999999997,0.11919445683596205
tess2019107181902-prf-4-3-row0001-col0045.fits,4,3,1,45,0,2,0.9999999999999994,0.1205921891749213
tess2019107181902-prf-4-3-row0001-col0045.fits,4,3,1,45,0,3,1.0000000000000004,0.11796613069319253
tess2019107181902-prf-4-3-row0001-col0045.fits,4,3,1,45,0,4,1.0000000000000004,0.12020145167184494
tess2019107181902-prf-4-3-row0001-col0045.fits,4,3,1,45,0,5,1.0000000000000004,0.11775591986796892
tess2019107181902-prf-4-3-row0001-col0045.fits,4,3,1,45,0,6,0.9999999999999998,0.11455264712462615
tess2019107181902-prf-4-3-row0001-col0045.fits,4,3,1,45,0,7,1.0000000000000002,0.1294240164368648
tess2019107181902-prf-4-3-row0001-col0045.fits,4,3,1,45,0,8,0.9999999999999999,0.11825824839662637
tess2019107181902-prf-4-3-row0001-col0045.fits,4,3,1,45,1,0,1.0000000000000007,0.11436234342146126
tess2019107181902-prf-4-3-row0001-col0045.fits,4,3,1,45,1,1,1.0000000000000007,0.12124189152067938
tess2019107181902-prf-4-3-row0001-col0045.fits,4,3,1,45,1,2,1.0000000000000002,0.11945635082088488
tess2019107181902-prf-4-3-row0001-col0045.fits,4,3,1,45,1,3,1.0000000000000009,0.11809270403133383
tess2019107181902-prf-4-3-row0001-col0045.fits,4,3,1,45,1,4,1.0000000000000009,0.10958318093163959
tess2019107181902-prf-4-3-row0001-col0045.fits,4,3,1,45,1,5,1.0000000000000002,0.1147745267418614
tess2019107181902-prf-4-3-row0001-col0045.fits,4,3,1,45,1,6,0.9999999999999998,0.11745217523344464
tess2019107181902-prf-4-3-row0001-col0045.fits,4,3,1,45,1,7,0.9999999999999996,0.12151055735534644
tess2019107181902-prf-4-3-row0001-col0045.fits,4,3,1,45,1,8,0.9999999999999997,0.11229603311644296
tess2019107181902-prf-4-3-row0001-col0045.fits,4,3,1,45,2,0,1.0,0.11319894926022107
tess2019107181902-prf-4-3-row0001-col0045.fits,4,3,1,45,2,1,0.9999999999999996,0.11719430154700074
tess2019107181902-prf-4-3-row0001-col0045.fits,4,3,1,45,2,2,1.0000000000000002,0.1236170244740322
tess2019107181902-prf-4-3-row0001-col0045.fits,4,3,1,45,2,3,1.0000000000000002,0.12154680310618454
tess2019107181902-prf-4-3-row0001-col0045.fits,4,3,1,45,2,4,1.0,0.1111806756239149
tess2019107181902-prf-4-3-row0001-col0045.fits,4,3,1,45,2,5,1.0,0.11577527417039114
tess2019107181902-prf-4-3-row0001-col0045.fits,4,3,1,45,2,6,0.9999999999999998,0.11909470880356834
tess2019107181902-prf-4-3-row0001-col0045.fits,4,3,1,45,2,7,0.9999999999999996,0.11999836515804392
tess2019107181902-prf-4-3-row0001-col0045.fits,4,3,1,45,2,8,1.0,0.12010081776318751
tess2019107181902-prf-4-3-row0001-col0045.fits,4,3,1,45,3,0,1.0,0.11110175717915846
tess2019107181902-prf-4-3-row0001-col0045.fits,4,3,1,45,3,1,1.0000000000000004,0.1236675281837252
tess2019107181902-prf-4-3-row0001-col0045.fits,4,3,1,45,3,2,0.9999999999999997,0.12195918155958668
tess2019107181902-prf-4-3-row0001-col0045.fits,4,3,1,45,3,3,0.9999999999999999,0.12012037155187791
tess2019107181902-prf-4-3-row0001-col0045.fits,4,3,1,45,3,4,1.0,0.11826314112310968
tess2019107181902-prf-4-3-row0001-col0045.fits,4,3,1,45,3,5,0.9999999999999997,0.11778533265724261
tess2019107181902-prf-4-3-row0001-col0045.fits,4,3,1,45,3,6,1.0000000000000007,0.12204692420270405
tess2019107181902-prf-4-3-row0001-col0045.fits,4,3,1,45,3,7,1.0,0.10898828966012084
tess2019107181902-prf-4-3-row0001-col0045.fits,4,3,1,45,3,8,0.9999999999999997,0.1179540083026006
tess2019107181902-prf-4-3-row0001-col0045.fits,4,3,1,45,4,0,1.0,0.11929243406524626
tess2019107181902-prf-4-3-row0001-col0045.fits,4,3,1,45,4,1,1.0000000000000004,0.12499979219474358
tess2019107181902-prf-4-3-row0001-col0045.fits,4,3,1,45,4,2,1.0,0.11721854295077275
tess2019107181902-prf-4-3-row0001-col0045.fits,4,3,1,45,4,3,1.0,0.12075291234401533
tess2019107181902-prf-4-3-row0001-col0045.fits,4,3,1,45,4,4,0.9999999999999999,0.11698582930037661
tess2019107181902-prf-4-3-row0001-col0045.fits,4,3,1,45,4,5,0.9999999999999998,0.11436396091823921
tess2019107181902-prf-4-3-row0001-col0045.fits,4,3,1,45,4,6,0.9999999999999993,0.11769302460985648
tess2019107181902-prf-4-3-row0001-col0045.fits,4,3,1,45,4,7,1.0,0.11668078894784603
tess2019107181902-prf-4-3-row0001-col0045.fits,4,3,1,45,4,8,1.0,0.11852452430741922
tess2019107181902-prf-4-3-row0001-col0045.fits,4,3,1,45,5,0,1.0000000000000004,0.12242860877390387
tess2019107181902-prf-4-3-row0001-col0045.fits,4,3,1,45,5,1,0.9999999999999996,0.13005848496321276
tess2019107181902-prf-4-3-row0001-col0045.fits,4,3,1,45,5,2,1.0,0.11858598091522915
tess2019107181902-prf-4-3-row0001-col0045.fits,4,3,1,45,5,3,1.0,0.11936809496388667
tess2019107181902-prf-4-3-row0001-col0045.fits,4,3,1,45,5,4,1.0000000000000002,0.11808690212572993
tess2019107181902-prf-4-3-row0001-col0045.fits,4,3,1,45,5,5,1.0000000000000002,0.1176103684728835
tess2019107181902-prf-4-3-row0001-col0045.fits,4,3,1,45,5,6,0.9999999999999998,0.11572543907326549
tess2019107181902-prf-4-3-row0001-col0045.fits,4,3,1,45,5,7,0.9999999999999998,0.11808114621266165
tess2019107181902-prf-4-3-row0001-col0045.fits,4,3,1,45,5,8,0.9999999999999996,0.12145825551072853
tess2019107181902-prf-4-3-row0001-col0045.fits,4,3,1,45,6,0,0.9999999999999999,0.13081235369719119
tess2019107181902-prf-4-3-row0001-col0045.fits,4,3,1,45,6,1,1.0,0.12614949123885597
tess2019107181902-prf-4-3-row0001-col0045.fits,4,3,1,45,6,2,1.0,0.12225766727104297
tess2019107181902-prf-4-3-row0001-col0045.fits,4,3,1,45,6,3,0.9999999999999997,0.1294612450247189
tess2019107181902-prf-4-3-row0001-col0045.fits,4,3,1,45,6,4,1.0,0.12408763847271845
tess2019107181902-prf-4-3-row0001-col0045.fits,4,3,1,45,6,5,1.0000000000000007,0.1275893232775731
tess2019107181902-prf-4-3-row0001-col0045.fits,4,3,1,45,6,6,1.0000000000000004,0.11387344171256814
tess2019107181902-prf-4-3-row0001-col0045.fits,4,3,1,45,6,7,0.9999999999999998,0.11834037582732362
tess2019107181902-prf-4-3-row0001-col0045.fits,4,3,1,45,6,8,0.9999999999999998,0.1206932315228289
tess2019107181902-prf-4-3-row0001-col0045.fits,4,3,1,45,7,0,1.0000000000000004,0.12620873755526282
tess2019107181902-prf-4-3-row0001-col0045.fits,4,3,1,45,7,1,1.0,0.12897427861641347
tess2019107181902-prf-4-3-row0001-col0045.fits,4,3,1,45,7,2,1.0000000000000004,0.12998881737452916
tess2019107181902-prf-4-3-row0001-col0045.fits,4,3,1,45,7,3,1.0,0.1325187950950133
tess2019107181902-prf-4-3-row0001-col0045.fits,4,3,1,45,7,4,0.9999999999999998,0.12449281581649868
tess2019107181902-prf-4-3-row0001-col0045.fits,4,3,1,45,7,5,0.9999999999999994,0.12435870807385334
tess2019107181902-prf-4-3-row0001-col0045.fits,4,3,1,45,7,6,0.9999999999999991,0.12204567767484782
tess2019107181902-prf-4-3-row0001-col0045.fits,4,3,1,45,7,7,0.9999999999999991,0.12039391927334708
tess2019107181902-prf-4-3-row0001-col0045.fits,4,3,1,45,7,8,1.0000000000000002,0.11726078128285752
tess2019107181902-prf-4-3-row0001-col0045.fits,4,3,1,45,8,0,1.0000000000000004,0.12063283709883704
tess2019107181902-prf-4-3-row0001-col0045.fits,4,3,1,45,8,1,0.9999999999999996,0.12096850430387322
tess2019107181902-prf-4-3-row0001-col0045.fits,4,3,1,45,8,2,1.0,0.1259328782470712
tess2019107181902-prf-4-3-row0001-col0045.fits,4,3,1,45,8,3,0.9999999999999998,0.12383923091393303
tess2019107181902-prf-4-3-row0001-col0045.fits,4,3,1,45,8,4,1.0000000000000004,0.12395929353941301
tess2019107181902-prf-4-3-row0001-col0045.fits,4,3,1,45,8,5,1.0,0.11792486069751135
tess2019107181902-prf-4-3-row0001-col0045.fits,4,3,1,45,8,6,1.0,0.11919463205232064
tess2019107181902-prf-4-3-row0001-col0045.fits,4,3,1,45,8,7,1.0,0.1269106125356272
tess2019107181902-prf-4-3-row0001-col0045.fits,4,3,1,45,8,8,1.0000000000000007,0.11295752470914361
tess2019107181902-prf-4-3-row0001-col0557.fits,4,3,1,557,0,0,1.0,0.0928791520186519
tess2019107181902-prf-4-3-row0001-col0557.fits,4,3,1,557,0,1,1.0000000000000004,0.09293666181364235
tess2019107181902-prf-4-3-row0001-col0557.fits,4,3,1,557,0,2,1.0000000000000002,0.08934188022491907
tess2019107181902-prf-4-3-row0001-col0557.fits,4,3,1,557,0,3,0.9999999999999996,0.1001027178765423
tess2019107181902-prf-4-3-row0001-col0557.fits,4,3,1,557,0,4,1.0000000000000002,0.0977189926561909
tess2019107181902-prf-4-3-row0001-col0557.fits,4,3,1,557,0,5,1.0,0.09426605470627576
tess2019107181902-prf-4-3-row0001-col0557.fits,4,3,1,557,0,6,0.9999999999999997,0.08938067624071593
tess2019107181902-prf-4-3-row0001-col0557.fits,4,3,1,557,0,7,0.9999999999999999,0.0886604118094341
tess2019107181902-prf-4-3-row0001-col0557.fits,4,3,1,557,0,8,0.9999999999999998,0.08848982672977881
tess2019107181902-prf-4-3-row0001-col0557.fits,4,3,1,557,1,0,0.9999999999999994,0.09181966456004417
tess2019107181902-prf-4-3-row0001-col0557.fits,4,3,1,557,1,1,1.0000000000000002,0.09769932205106648
tess2019107181902-prf-4-3-row0001-col0557.fits,4,3,1,557,1,2,1.0000000000000002,0.10363571633206847
tess2019107181902-prf-4-3-row0001-col0557.fits,4,3,1,557,1,3,0.9999999999999998,0.09847492594636868
tess2019107181902-prf-4-3-row0001-col0557.fits,4,3,1,557,1,4,1.0000000000000002,0.10100157170338363
tess2019107181902-prf-4-3-row0001-col0557.fits,4,3,1,557,1,5,0.9999999999999997,0.09899029889345529
tess2019107181902-prf-4-3-row0001-col0557.fits,4,3,1,557,1,6,1.0000000000000004,0.09462471499421513
tess2019107181902-prf-4-3-row0001-col0557.fits,4,3,1,557,1,7,1.0000000000000004,0.09526095556040838
tess2019107181902-prf-4-3-row0001-col0557.fits,4,3,1,557,1,8,0.9999999999999996,0.09045927244884319
tess2019107181902-prf-4-3-row0001-col0557.fits,4,3,1,557,2,0,0.9999999999999999,0.09212925590011398
tess2019107181902-prf-4-3-row0001-col0557.fits,4,3,1,557,2,1,0.9999999999999996,0.09993073630386572
tess2019107181902-prf-4-3-row0001-col0557.fits,4,3,1,557,2,2,0.9999999999999993,0.0997377882926301
tess2019107181902-prf-4-3-row0001-col0557.fits,4,3,1,557,2,3,0.9999999999999998,0.09959685629308518
tess2019107181902-prf-4-3-row0001-col0557.fits,4,3,1,557,2,4,1.0000000000000002,0.10036046485404157
tess2019107181902-prf-4-3-row0001-col0557.fits,4,3,1,557,2,5,0.9999999999999998,0.09064846086535734
tess2019107181902-prf-4-3-row0001-col0557.fits,4,3,1,557,2,6,0.9999999999999998,0.09768905739741596
tess2019107181902-prf-4-3-row0001-col0557.fits,4,3,1,557,2,7,1.0,0.09434668095806702
tess2019107181902-prf-4-3-row0001-col0557.fits,4,3,1,557,2,8,0.9999999999999998,0.09195526457347969
tess2019107181902-prf-4-3-row0001-col0557.fits,4,3,1,557,3,0,1.0000000000000004,0.0919567707824783
tess2019107181902-prf-4-3-row0001-col0557.fits,4,3,1,557,3,1,1.0,0.0965908462078543
tess2019107181902-prf-4-3-row0001-col0557.fits,4,3,1,557,3,2,0.9999999999999999,0.09870788187582896
tess2019107181902-prf-4-3-row0001-col0557.fits,4,3,1,557,3,3,1.0000000000000009,0.09613876099896809
tess2019107181902-prf-4-3-row0001-col0557.fits,4,3,1,557,3,4,0.9999999999999998,0.0965438139067672
tess2019107181902-prf-4-3-row0001-col0557.fits,4,3,1,557,3,5,0.9999999999999998,0.08897341120698472
tess2019107181902-prf-4-3-row0001-col0557.fits,4,3,1,557,3,6,0.9999999999999997,0.09126119074739758
tess2019107181902-prf-4-3-row0001-col0557.fits,4,3,1,557,3,7,0.9999999999999996,0.08647406917280086
tess2019107181902-prf-4-3-row0001-col0557.fits,4,3,1,557,3,8,1.0000000000000002,0.0938702219362891
tess2019107181902-prf-4-3-row0001-col0557.fits,4,3,1,557,4,0,1.0000000000000004,0.08907823199356625
tess2019107181902-prf-4-3-row0001-col0557.fits,4,3,1,557,4,1,1.0000000000000002,0.09784649461980484
tess2019107181902-prf-4-3-row0001-col0557.fits,4,3,1,557,4,2,0.9999999999999997,0.09223482729797068
tess2019107181902-prf-4-3-row0001-col0557.fits,4,3,1,557,4,3,1.0000000000000002,0.09384663373993213
tess2019107181902-prf-4-3-row0001-col0557.fits,4,3,1,557,4,4,0.9999999999999996,0.09620701306736594
tess2019107181902-prf-4-3-row0001-col0557.fits,4,3,1,557,4,5,0.9999999999999997,0.09001542464387602
tess2019107181902-prf-4-3-row0001-col0557.fits,4,3,1,557,4,6,0.9999999999999996,0.08843201597305823
tess2019107181902-prf-4-3-row0001-col0557.fits,4,3,1,557,4,7,1.0000000000000007,0.08362670554409728
tess2019107181902-prf-4-3-row0001-col0557.fits,4,3,1,557,4,8,0.9999999999999999,0.08879357926778308
tess2019107181902-prf-4-3-row0001-col0557.fits,4,3,1,557,5,0,1.0000000000000009,0.09047863789432335
tess2019107181902-prf-4-3-row0001-col0557.fits,4,3,1,557,5,1,1.0,0.0996813272152075
tess2019107181902-prf-4-3-row0001-col0557.fits,4,3,1,557,5,2,1.0,0.09045039582170339
tess2019107181902-prf-4-3-row0001-col0557.fits,4,3,1,557,5,3,1.0000000000000004,0.08877589902861305
tess2019107181902-prf-4-3-row0001-col0557.fits,4,3,1,557,5,4,1.0000000000000004,0.09649276910599493
tess2019107181902-prf-4-3-row0001-col0557.fits,4,3,1,557,5,5,0.9999999999999998,0.09448372997065485
tess2019107181902-prf-4-3-row0001-col0557.fits,4,3,1,557,5,6,1.0000000000000004,0.09711895269965126
tess2019107181902-prf-4-3-row0001-col0557.fits,4,3,1,557,5,7,0.9999999999999994,0.09084206889796884
tess2019107181902-prf-4-3-row0001-col0557.fits,4,3,1,557,5,8,1.0000000000000009,0.09494884866025619
tess2019107181902-prf-4-3-row0001-col0557.fits,4,3,1,557,6,0,1.0,0.09284483894269052
tess2019107181902-prf-4-3-row0001-col0557.fits,4,3,1,557,6,1,1.0000000000000004,0.09864735297442637
tess2019107181902-prf-4-3-row0001-col0557.fits,4,3,1,557,6,2,1.0000000000000004,0.0943509489107413
tess2019107181902-prf-4-3-row0001-col0557.fits,4,3,1,557,6,3,0.9999999999999998,0.09329466293989382
tess2019107181902-prf-4-3-row0001-col0557.fits,4,3,1,557,6,4,0.9999999999999996,0.09810656775902267
tess2019107181902-prf-4-3-row0001-col0557.fits,4,3,1,557,6,5,1.0000000000000009,0.09329823569239006
tess2019107181902-prf-4-3-row0001-col0557.fits,4,3,1,557,6,6,1.0000000000000004,0.08946675491481655
tess2019107181902-prf-4-3-row0001-col0557.fits,4,3,1,557,6,7,0.9999999999999998,0.08924687166834677
tess2019107181902-prf-4-3-row0001-col0557.fits,4,3,1,557,6,8,1.0,0.0869344498921673
tess2019107181902-prf-4-3-row0001-col0557.fits,4,3,1,557,7,0,1.0000000000000004,0.08831333079262146
tess2019107181902-prf-4-3-row0001-col0557.fits,4,3,1,557,7,1,1.0000000000000002,0.09326124703466991
tess2019107181902-prf-4-3-row0001-col0557.fits,4,3,1,557,7,2,0.9999999999999997,0.08796087394122132
tess2019107181902-prf-4-3-row0001-col0557.fits,4,3,1,557,7,3,1.0,0.09132586059640663
tess2019107181902-prf-4-3-row0001-col0557.fits,4,3,1,557,7,4,1.0000000000000007,0.09470028069488017
tess2019107181902-prf-4-3-row0001-col0557.fits,4,3,1,557,7,5,0.9999999999999998,0.0957910215712594
tess2019107181902-prf-4-3-row0001-col0557.fits,4,3,1,557,7,6,0.9999999999999998,0.0949234468144752
tess2019107181902-prf-4-3-row0001-col0557.fits,4,3,1,557,7,7,0.9999999999999996,0.08627908214915637
tess2019107181902-prf-4-3-row0001-col0557.fits,4,3,1,557,7,8,0.9999999999999997,0.09054965487939796
tess2019107181902-prf-4-3-row0001-col0557.fits,4,3,1,557,8,0,1.0000000000000004,0.09114514295070716
tess2019107181902-prf-4-3-row0001-col0557.fits,4,3,1,557,8,1,1.0000000000000002,0.09466472284284808
tess2019107181902-prf-4-3-row0001-col0557.fits,4,3,1,557,8,2,0.9999999999999999,0.09162060653624883
tess2019107181902-prf-4-3-row0001-col0557.fits,4,3,1,557,8,3,1.0000000000000002,0.09881932561146059
tess2019107181902-prf-4-3-row0001-col0557.fits,4,3,1,557,8,4,0.9999999999999994,0.09146428480969024
tess2019107181902-prf-4-3-row0001-col0557.fits,4,3,1,557,8,5,1.0000000000000002,0.09405611569781568
tess2019107181902-prf-4-3-row0001-col0557.fits,4,3,1,557,8,6,0.9999999999999996,0.09017334688971407
tess2019107181902-prf-4-3-row0001-col0557.fits,4,3,1,557,8,7,0.9999999999999996,0.08707212204219515
tess2019107181902-prf-4-3-row0001-col0557.fits,4,3,1,557,8,8,0.9999999999999992,0.08533344760063448
tess2019107181902-prf-4-3-row0001-col1069.fits,4,3,1,1069,0,0,1.0,0.10798824368966006
tess2019107181902-prf-4-3-row0001-col1069.fits,4,3,1,1069,0,1,0.9999999999999993,0.1227804111300284
tess2019107181902-prf-4-3-row0001-col1069.fits,4,3,1,1069,0,2,0.9999999999999998,0.1101146563198442
tess2019107181902-prf-4-3-row0001-col1069.fits,4,3,1,1069,0,3,1.0,0.10697563774506068
tess2019107181902-prf-4-3-row0001-col1069.fits,4,3,1,1069,0,4,1.0000000000000002,0.11551446456155896
tess2019107181902-prf-4-3-row0001-col1069.fits,4,3,1,1069,0,5,0.9999999999999996,0.10914639341420568
tess2019107181902-prf-4-3-row0001-col1069.fits,4,3,1,1069,0,6,0.9999999999999997,0.11112506668953828
tess2019107181902-prf-4-3-row0001-col1069.fits,4,3,1,1069,0,7,1.0,0.11099665554503149
tess2019107181902-prf-4-3-row0001-col1069.fits,4,3,1,1069,0,8,1.0000000000000002,0.10904338892636031
tess2019107181902-prf-4-3-row0001-col1069.fits,4,3,1,1069,1,0,0.9999999999999997,0.11101062868575572
tess2019107181902-prf-4-3-row0001-col1069.fits,4,3,1,1069,1,1,1.0000000000000004,0.11191170246850854
tess2019107181902-prf-4-3-row0001-col1069.fits,4,3,1,1069,1,2,1.0000000000000002,0.10665807249402974
tess2019107181902-prf-4-3-row0001-col1069.fits,4,3,1,1069,1,3,1.0,0.10619204895198103
tess2019107181902-prf-4-3-row0001-col1069.fits,4,3,1,1069,1,4,1.0000000000000004,0.1055910438277824
tess2019107181902-prf-4-3-row0001-col1069.fits,4,3,1,1069,1,5,1.0,0.11104200931272021
tess2019107181902-prf-4-3-row0001-col1069.fits,4,3,1,1069,1,6,1.0000000000000004,0.10908201596753056
tess2019107181902-prf-4-3-row0001-col1069.fits,4,3,1,1069,1,7,0.9999999999999992,0.108926941274347
tess2019107181902-prf-4-3-row0001-col1069.fits,4,3,1,1069,1,8,1.0000000000000007,0.10351724896386993
tess2019107181902-prf-4-3-row0001-col1069.fits,4,3,1,1069,2,0,0.9999999999999998,0.11637333931329191
tess2019107181902-prf-4-3-row0001-col1069.fits,4,3,1,1069,2,1,0.9999999999999999,0.11892116934385283
tess2019107181902-prf-4-3-row0001-col1069.fits,4,3,1,1069,2,2,1.0000000000000002,0.10783824072337161
tess2019107181902-prf-4-3-row0001-col1069.fits,4,3,1,1069,2,3,1.0000000000000004,0.10779755639975402
tess2019107181902-prf-4-3-row0001-col1069.fits,4,3,1,1069,2,4,0.9999999999999997,0.10816735531395441
tess2019107181902-prf-4-3-row0001-col1069.fits,4,3,1,1069,2,5,1.0,0.10579292112439878
tess2019107181902-prf-4-3-row0001-col1069.fits,4,3,1,1069,2,6,1.0000000000000002,0.09477658168492101
tess2019107181902-prf-4-3-row0001-col1069.fits,4,3,1,1069,2,7,0.9999999999999997,0.10460401123895141
tess2019107181902-prf-4-3-row0001-col1069.fits,4,3,1,1069,2,8,0.9999999999999989,0.10271434899820937
tess2019107181902-prf-4-3-row0001-col1069.fits,4,3,1,1069,3,0,1.0000000000000004,0.10995932881985306
tess2019107181902-prf-4-3-row0001-col1069.fits,4,3,1,1069,3,1,1.0000000000000007,0.10654699108338617
tess2019107181902-prf-4-3-row0001-col1069.fits,4,3,1,1069,3,2,1.0000000000000004,0.1071298709665183
tess2019107181902-prf-4-3-row0001-col1069.fits,4,3,1,1069,3,3,1.0000000000000002,0.09714809282211506
tess2019107181902-prf-4-3-row0001-col1069.fits,4,3,1,1069,3,4,1.0000000000000009,0.10312807016946336
tess2019107181902-prf-4-3-row0001-col1069.fits,4,3,1,1069,3,5,0.9999999999999996,0.10017822031554982
tess2019107181902-prf-4-3-row0001-col1069.fits,4,3,1,1069,3,6,0.9999999999999996,0.09782789232640442
tess2019107181902-prf-4-3-row0001-col1069.fits,4,3,1,1069,3,7,0.9999999999999997,0.10335480669580277
tess2019107181902-prf-4-3-row0001-col1069.fits,4,3,1,1069,3,8,0.9999999999999998,0.10878930040311548
tess2019107181902-prf-4-3-row0001-col1069.fits,4,3,1,1069,4,0,1.0,0.10533407589623756
tess2019107181902-prf-4-3-row0001-col1069.fits,4,3,1,1069,4,1,0.9999999999999999,0.10229343230523871
tess2019107181902-prf-4-3-row0001-col1069.fits,4,3,1,1069,4,2,0.9999999999999993,0.10700237018954843
tess2019107181902-prf-4-3-row0001-col1069.fits,4,3,1,1069,4,3,0.9999999999999999,0.10778998943479592
tess2019107181902-prf-4-3-row0001-col1069.fits,4,3,1,1069,4,4,0.9999999999999996,0.10456889519349444
tess2019107181902-prf-4-3-row0001-col1069.fits,4,3,1,1069,4,5,1.0000000000000004,0.10598445288379743
tess2019107181902-prf-4-3-row0001-col1069.fits,4,3,1,1069,4,6,0.9999999999999998,0.09739008839349125
tess2019107181902-prf-4-3-row0001-col1069.fits,4,3,1,1069,4,7,0.9999999999999996,0.10543534165091906
tess2019107181902-prf-4-3-row0001-col1069.fits,4,3,1,1069,4,8,1.0000000000000004,0.1085230883369507
tess2019107181902-prf-4-3-row0001-col1069.fits,4,3,1,1069,5,0,1.0000000000000004,0.10760439060853182
tess2019107181902-prf-4-3-row0001-col1069.fits,4,3,1,1069,5,1,1.0000000000000004,0.10307320152832002
tess2019107181902-prf-4-3-row0001-col1069.fits,4,3,1,1069,5,2,1.0000000000000004,0.1124969342160114
tess2019107181902-prf-4-3-row0001-col1069.fits,4,3,1,1069,5,3,1.0,0.111499921883948
tess2019107181902-prf-4-3-row0001-col1069.fits,4,3,1,1069,5,4,1.0000000000000009,0.10125931954855186
tess2019107181902-prf-4-3-row0001-col1069.fits,4,3,1,1069,5,5,0.9999999999999999,0.10828164456995955
tess2019107181902-prf-4-3-row0001-col1069.fits,4,3,1,1069,5,6,0.9999999999999996,0.1050149748201228
tess2019107181902-prf-4-3-row0001-col1069.fits,4,3,1,1069,5,7,1.0000000000000004,0.11411506957881534
tess2019107181902-prf-4-3-row0001-col1069.fits,4,3,1,1069,5,8,0.9999999999999997,0.1129437508907361
tess2019107181902-prf-4-3-row0001-col1069.fits,4,3,1,1069,6,0,0.9999999999999998,0.10808155975929779
tess2019107181902-prf-4-3-row0001-col1069.fits,4,3,1,1069,6,1,0.9999999999999996,0.1093811533193898
tess2019107181902-prf-4-3-row0001-col1069.fits,4,3,1,1069,6,2,0.9999999999999996,0.11248231553675703
tess2019107181902-prf-4-3-row0001-col1069.fits,4,3,1,1069,6,3,0.9999999999999997,0.11176364944790372
tess2019107181902-prf-4-3-row0001-col1069.fits,4,3,1,1069,6,4,0.9999999999999998,0.10468828038220308
tess2019107181902-prf-4-3-row0001-col1069.fits,4,3,1,1069,6,5,0.9999999999999998,0.10312723571949486
tess2019107181902-prf-4-3-row0001-col1069.fits,4,3,1,1069,6,6,1.0000000000000004,0.10962521222498173
tess2019107181902-prf-4-3-row0001-col1069.fits,4,3,1,1069,6,7,1.0000000000000004,0.11351671158667846
tess2019107181902-prf-4-3-row0001-col1069.fits,4,3,1,1069,6,8,1.0000000000000002,0.10852380722907254
tess2019107181902-prf-4-3-row0001-col1069.fits,4,3,1,1069,7,0,1.0,0.11471382873608554
tess2019107181902-prf-4-3-row0001-col1069.fits,4,3,1,1069,7,1,0.9999999999999998,0.12298794470436968
tess2019107181902-prf-4-3-row0001-col1069.fits,4,3,1,1069,7,2,1.0000000000000007,0.11566648150507637
tess2019107181902-prf-4-3-row0001-col1069.fits,4,3,1,1069,7,3,0.9999999999999998,0.10614847310733092
tess2019107181902-prf-4-3-row0001-col1069.fits,4,3,1,1069,7,4,1.000000000000001,0.10561956004245049
tess2019107181902-prf-4-3-row0001-col1069.fits,4,3,1,1069,7,5,1.0,0.10437003960577089
tess2019107181902-prf-4-3-row0001-col1069.fits,4,3,1,1069,7,6,1.0,0.11005319374221284
tess2019107181902-prf-4-3-row0001-col1069.fits,4,3,1,1069,7,7,0.9999999999999996,0.11437765515977856
tess2019107181902-prf-4-3-row0001-col1069.fits,4,3,1,1069,7,8,1.0000000000000004,0.11227063164297804
tess2019107181902-prf-4-3-row0001-col1069.fits,4,3,1,1069,8,0,1.0000000000000004,0.10714748308847255
tess2019107181902-prf-4-3-row0001-col1069.fits,4,3,1,1069,8,1,1.0,0.1130214779129012
tess2019107181902-prf-4-3-row0001-col1069.fits,4,3,1,1069,8,2,1.0000000000000004,0.11221682547685831
tess2019107181902-prf-4-3-row0001-col1069.fits,4,3,1,1069,8,3,0.9999999999999999,0.10865834541123323
tess2019107181902-prf-4-3-row0001-col1069.fits,4,3,1,1069,8,4,0.9999999999999998,0.1101062073563296
tess2019107181902-prf-4-3-row0001-col1069.fits,4,3,1,1069,8,5,1.0000000000000004,0.11242473641493662
tess2019107181902-prf-4-3-row0001-col1069.fits,4,3,1,1069,8,6,1.0000000000000009,0.11148631801289294
tess2019107181902-prf-4-3-row0001-col1069.fits,4,3,1,1069,8,7,1.0,0.10646630014268302
tess2019107181902-prf-4-3-row0001-col1069.fits,4,3,1,1069,8,8,0.9999999999999998,0.10733903654363092
tess2019107181902-prf-4-3-row0001-col1580.fits,4,3,1,1580,0,0,0.9999999999999997,0.11554184217370762
tess2019107181902-prf-4-3-row0001-col1580.fits,4,3,1,1580,0,1,1.0,0.11036061302811641
tess2019107181902-prf-4-3-row0001-col1580.fits,4,3,1,1580,0,2,1.0000000000000002,0.11450888734674133
tess2019107181902-prf-4-3-row0001-col1580.fits,4,3,1,1580,0,3,1.0000000000000004,0.11625739243356871
tess2019107181902-prf-4-3-row0001-col1580.fits,4,3,1,1580,0,4,0.9999999999999999,0.11888740084125862
tess2019107181902-prf-4-3-row0001-col1580.fits,4,3,1,1580,0,5,0.9999999999999999,0.1130742697125822
tess2019107181902-prf-4-3-row0001-col1580.fits,4,3,1,1580,0,6,1.0000000000000004,0.11234139390873243
tess2019107181902-prf-4-3-row0001-col1580.fits,4,3,1,1580,0,7,0.9999999999999994,0.11184761430361159
tess2019107181902-prf-4-3-row0001-col1580.fits,4,3,1,1580,0,8,1.0,0.12291528955864066
tess2019107181902-prf-4-3-row0001-col1580.fits,4,3,1,1580,1,0,1.0000000000000002,0.12020003823314154
tess2019107181902-prf-4-3-row0001-col1580.fits,4,3,1,1580,1,1,0.9999999999999998,0.10957490515922338
tess2019107181902-prf-4-3-row0001-col1580.fits,4,3,1,1580,1,2,0.9999999999999993,0.11933449113841413
tess2019107181902-prf-4-3-row0001-col1580.fits,4,3,1,1580,1,3,0.9999999999999992,0.12131090752256443
tess2019107181902-prf-4-3-row0001-col1580.fits,4,3,1,1580,1,4,1.0000000000000004,0.1143669060637106
tess2019107181902-prf-4-3-row0001-col1580.fits,4,3,1,1580,1,5,1.0000000000000002,0.11751164694287597
tess2019107181902-prf-4-3-row0001-col1580.fits,4,3,1,1580,1,6,1.0000000000000004,0.128283898974757
tess2019107181902-prf-4-3-row0001-col1580.fits,4,3,1,1580,1,7,1.0000000000000004,0.11022096528281555
tess2019107181902-prf-4-3-row0001-col1580.fits,4,3,1,1580,1,8,0.9999999999999998,0.12217790155115774
tess2019107181902-prf-4-3-row0001-col1580.fits,4,3,1,1580,2,0,1.0,0.10433738778884259
tess2019107181902-prf-4-3-row0001-col1580.fits,4,3,1,1580,2,1,1.0000000000000009,0.09872299360249204
tess2019107181902-prf-4-3-row0001-col1580.fits,4,3,1,1580,2,2,0.9999999999999998,0.10816615681929488
tess2019107181902-prf-4-3-row0001-col1580.fits,4,3,1,1580,2,3,1.0000000000000004,0.0985064042508643
tess2019107181902-prf-4-3-row0001-col1580.fits,4,3,1,1580,2,4,0.9999999999999998,0.10880035643481249
tess2019107181902-prf-4-3-row0001-col1580.fits,4,3,1,1580,2,5,1.0000000000000004,0.11160468091334855
tess2019107181902-prf-4-3-row0001-col1580.fits,4,3,1,1580,2,6,1.0000000000000004,0.1180866118208686
tess2019107181902-prf-4-3-row0001-col1580.fits,4,3,1,1580,2,7,1.0,0.10263123342491001
tess2019107181902-prf-4-3-row0001-col1580.fits,4,3,1,1580,2,8,1.0000000000000007,0.1131288768160596
tess2019107181902-prf-4-3-row0001-col1580.fits,4,3,1,1580,3,0,1.0000000000000002,0.10153217001318204
tess2019107181902-prf-4-3-row0001-col1580.fits,4,3,1,1580,3,1,0.9999999999999998,0.0962484829935312
tess2019107181902-prf-4-3-row0001-col1580.fits,4,3,1,1580,3,2,0.9999999999999993,0.10068089091011057
tess2019107181902-prf-4-3-row0001-col1580.fits,4,3,1,1580,3,3,0.9999999999999994,0.0999452375493625
tess2019107181902-prf-4-3-row0001-col1580.fits,4,3,1,1580,3,4,0.9999999999999989,0.11052803191002411
tess2019107181902-prf-4-3-row0001-col1580.fits,4,3,1,1580,3,5,0.9999999999999994,0.11367145041253916
tess2019107181902-prf-4-3-row0001-col1580.fits,4,3,1,1580,3,6,0.9999999999999992,0.11667583816868722
tess2019107181902-prf-4-3-row0001-col1580.fits,4,3,1,1580,3,7,1.0000000000000002,0.10453055533295776
tess2019107181902-prf-4-3-row0001-col1580.fits,4,3,1,1580,3,8,1.0000000000000004,0.10395354281732788
tess2019107181902-prf-4-3-row0001-col1580.fits,4,3,1,1580,4,0,0.9999999999999996,0.10367418510587317
tess2019107181902-prf-4-3-row0001-col1580.fits,4,3,1,1580,4,1,0.9999999999999998,0.09473708282456186
tess2019107181902-prf-4-3-row0001-col1580.fits,4,3,1,1580,4,2,0.9999999999999998,0.11004899346328056
tess2019107181902-prf-4-3-row0001-col1580.fits,4,3,1,1580,4,3,1.0000000000000002,0.10424893334206128
tess2019107181902-prf-4-3-row0001-col1580.fits,4,3,1,1580,4,4,0.9999999999999993,0.11159947721187613
tess2019107181902-prf-4-3-row0001-col1580.fits,4,3,1,1580,4,5,0.9999999999999997,0.11163241620830688
tess2019107181902-prf-4-3-row0001-col1580.fits,4,3,1,1580,4,6,0.9999999999999993,0.10680006239080525
tess2019107181902-prf-4-3-row0001-col1580.fits,4,3,1,1580,4,7,0.9999999999999993,0.10152395795204591
tess2019107181902-prf-4-3-row0001-col1580.fits,4,3,1,1580,4,8,0.9999999999999992,0.10614506160131063
tess2019107181902-prf-4-3-row0001-col1580.fits,4,3,1,1580,5,0,1.0000000000000004,0.11071366040865346
tess2019107181902-prf-4-3-row0001-col1580.fits,4,3,1,1580,5,1,1.0000000000000004,0.10272371835905716
tess2019107181902-prf-4-3-row0001-col1580.fits,4,3,1,1580,5,2,1.0,0.11816895229334097
tess2019107181902-prf-4-3-row0001-col1580.fits,4,3,1,1580,5,3,1.0000000000000002,0.12121875918437475
tess2019107181902-prf-4-3-row0001-col1580.fits,4,3,1,1580,5,4,0.9999999999999992,0.114163497571492
tess2019107181902-prf-4-3-row0001-col1580.fits,4,3,1,1580,5,5,0.9999999999999998,0.11873947255718317
tess2019107181902-prf-4-3-row0001-col1580.fits,4,3,1,1580,5,6,0.9999999999999998,0.11687419196649522
tess2019107181902-prf-4-3-row0001-col1580.fits,4,3,1,1580,5,7,0.9999999999999996,0.10392209611699392
tess2019107181902-prf-4-3-row0001-col1580.fits,4,3,1,1580,5,8,1.0,0.10208560705001961
tess2019107181902-prf-4-3-row0001-col1580.fits,4,3,1,1580,6,0,0.9999999999999998,0.11207981758901872
tess2019107181902-prf-4-3-row0001-col1580.fits,4,3,1,1580,6,1,1.0,0.10888792832596426
tess2019107181902-prf-4-3-row0001-col1580.fits,4,3,1,1580,6,2,1.0,0.11793471817165391
tess2019107181902-prf-4-3-row0001-col1580.fits,4,3,1,1580,6,3,1.0000000000000004,0.11770299379124524
tess2019107181902-prf-4-3-row0001-col1580.fits,4,3,1,1580,6,4,0.9999999999999994,0.10800724147243654
tess2019107181902-prf-4-3-row0001-col1580.fits,4,3,1,1580,6,5,0.9999999999999998,0.11031802296885437
tess2019107181902-prf-4-3-row0001-col1580.fits,4,3,1,1580,6,6,0.9999999999999996,0.1085714392029472
tess2019107181902-prf-4-3-row0001-col1580.fits,4,3,1,1580,6,7,1.0000000000000004,0.1004293420089662
tess2019107181902-prf-4-3-row0001-col1580.fits,4,3,1,1580,6,8,1.0000000000000004,0.10421910867709751
tess2019107181902-prf-4-3-row0001-col1580.fits,4,3,1,1580,7,0,1.0,0.11911518475757096
tess2019107181902-prf-4-3-row0001-col1580.fits,4,3,1,1580,7,1,1.0000000000000007,0.11412410351418252
tess2019107181902-prf-4-3-row0001-col1580.fits,4,3,1,1580,7,2,1.0,0.11974869422974264
tess2019107181902-prf-4-3-row0001-col1580.fits,4,3,1,1580,7,3,1.0,0.10494665197792755
tess2019107181902-prf-4-3-row0001-col1580.fits,4,3,1,1580,7,4,1.0,0.10394455791598936
tess2019107181902-prf-4-3-row0001-col1580.fits,4,3,1,1580,7,5,1.0000000000000009,0.10263149554247343
tess2019107181902-prf-4-3-row0001-col1580.fits,4,3,1,1580,7,6,1.0,0.10471670406715333
tess2019107181902-prf-4-3-row0001-col1580.fits,4,3,1,1580,7,7,0.9999999999999996,0.09591244261992381
tess2019107181902-prf-4-3-row0001-col1580.fits,4,3,1,1580,7,8,1.0000000000000004,0.10608741207921346
tess2019107181902-prf-4-3-row0001-col1580.fits,4,3,1,1580,8,0,0.9999999999999997,0.11633160510182791
tess2019107181902-prf-4-3-row0001-col1580.fits,4,3,1,1580,8,1,1.0000000000000007,0.11129010653730168
tess2019107181902-prf-4-3-row0001-col1580.fits,4,3,1,1580,8,2,0.9999999999999994,0.1117798273039365
tess2019107181902-prf-4-3-row0001-col1580.fits,4,3,1,1580,8,3,1.0000000000000004,0.10997361325642671
tess2019107181902-prf-4-3-row0001-col1580.fits,4,3,1,1580,8,4,0.9999999999999994,0.11599486764066383
tess2019107181902-prf-4-3-row0001-col1580.fits,4,3,1,1580,8,5,0.9999999999999996,0.11707447774111188
tess2019107181902-prf-4-3-row0001-col1580.fits,4,3,1,1580,8,6,0.9999999999999993,0.11051985215560442
tess2019107181902-prf-4-3-row0001-col1580.fits,4,3,1,1580,8,7,0.9999999999999996,0.10401767842020498
tess2019107181902-prf-4-3-row0001-col1580.fits,4,3,1,1580,8,8,0.9999999999999991,0.11967004508804435
tess2019107181902-prf-4-3-row0001-col2092.fits,4,3,1,2092,0,0,1.0000000000000004,0.11033750405265697
tess2019107181902-prf-4-3-row0001-col2092.fits,4,3,1,2092,0,1,0.9999999999999997,0.10475557671939953
tess2019107181902-prf-4-3-row0001-col2092.fits,4,3,1,2092,0,2,0.9999999999999996,0.10998973365169268
tess2019107181902-prf-4-3-row0001-col2092.fits,4,3,1,2092,0,3,1.0,0.10700443235470591
tess2019107181902-prf-4-3-row0001-col2092.fits,4,3,1,2092,0,4,0.9999999999999996,0.10475377457580172
tess2019107181902-prf-4-3-row0001-col2092.fits,4,3,1,2092,0,5,0.9999999999999998,0.11780140685472346
tess2019107181902-prf-4-3-row0001-col2092.fits,4,3,1,2092,0,6,0.9999999999999997,0.12313471545856965
tess2019107181902-prf-4-3-row0001-col2092.fits,4,3,1,2092,0,7,1.0000000000000002,0.10620592073850607
tess2019107181902-prf-4-3-row0001-col2092.fits,4,3,1,2092,0,8,1.0000000000000007,0.12487273594637933
tess2019107181902-prf-4-3-row0001-col2092.fits,4,3,1,2092,1,0,1.0000000000000004,0.10887159215704774
tess2019107181902-prf-4-3-row0001-col2092.fits,4,3,1,2092,1,1,0.9999999999999994,0.10681853998220785
tess2019107181902-prf-4-3-row0001-col2092.fits,4,3,1,2092,1,2,1.0000000000000007,0.11838053554513
tess2019107181902-prf-4-3-row0001-col2092.fits,4,3,1,2092,1,3,1.0000000000000004,0.1104707396486112
tess2019107181902-prf-4-3-row0001-col2092.fits,4,3,1,2092,1,4,0.9999999999999994,0.10921995244969238
tess2019107181902-prf-4-3-row0001-col2092.fits,4,3,1,2092,1,5,1.0000000000000004,0.11809738123773361
tess2019107181902-prf-4-3-row0001-col2092.fits,4,3,1,2092,1,6,0.9999999999999998,0.11907565251021804
tess2019107181902-prf-4-3-row0001-col2092.fits,4,3,1,2092,1,7,0.9999999999999999,0.10632531293871272
tess2019107181902-prf-4-3-row0001-col2092.fits,4,3,1,2092,1,8,0.9999999999999996,0.12085949731393958
tess2019107181902-prf-4-3-row0001-col2092.fits,4,3,1,2092,2,0,1.0,0.10528429170933493
tess2019107181902-prf-4-3-row0001-col2092.fits,4,3,1,2092,2,1,1.0000000000000002,0.10214949581379044
tess2019107181902-prf-4-3-row0001-col2092.fits,4,3,1,2092,2,2,1.0000000000000004,0.1195209100826167
tess2019107181902-prf-4-3-row0001-col2092.fits,4,3,1,2092,2,3,0.9999999999999996,0.11013205675490778
tess2019107181902-prf-4-3-row0001-col2092.fits,4,3,1,2092,2,4,0.9999999999999998,0.10415929135843865
tess2019107181902-prf-4-3-row0001-col2092.fits,4,3,1,2092,2,5,1.0000000000000004,0.11678356777780143
tess2019107181902-prf-4-3-row0001-col2092.fits,4,3,1,2092,2,6,0.9999999999999999,0.11251776946399963
tess2019107181902-prf-4-3-row0001-col2092.fits,4,3,1,2092,2,7,0.9999999999999998,0.09673346109568208
tess2019107181902-prf-4-3-row0001-col2092.fits,4,3,1,2092,2,8,1.0,0.11190232043398735
tess2019107181902-prf-4-3-row0001-col2092.fits,4,3,1,2092,3,0,0.9999999999999993,0.1120163496625887
tess2019107181902-prf-4-3-row0001-col2092.fits,4,3,1,2092,3,1,1.0000000000000002,0.10722608084552693
tess2019107181902-prf-4-3-row0001-col2092.fits,4,3,1,2092,3,2,1.0000000000000002,0.12227705250239997
tess2019107181902-prf-4-3-row0001-col2092.fits,4,3,1,2092,3,3,0.9999999999999998,0.10602708406114661
tess2019107181902-prf-4-3-row0001-col2092.fits,4,3,1,2092,3,4,0.9999999999999999,0.10695738068632551
tess2019107181902-prf-4-3-row0001-col2092.fits,4,3,1,2092,3,5,0.9999999999999999,0.11539963327254724
tess2019107181902-prf-4-3-row0001-col2092.fits,4,3,1,2092,3,6,1.0,0.1186968667898957
tess2019107181902-prf-4-3-row0001-col2092.fits,4,3,1,2092,3,7,0.9999999999999999,0.10103381428337731
tess2019107181902-prf-4-3-row0001-col2092.fits,4,3,1,2092,3,8,0.9999999999999997,0.12489605608961052
tess2019107181902-prf-4-3-row0001-col2092.fits,4,3,1,2092,4,0,1.0000000000000009,0.10491521564742887
tess2019107181902-prf-4-3-row0001-col2092.fits,4,3,1,2092,4,1,0.9999999999999999,0.09973735612351162
tess2019107181902-prf-4-3-row0001-col2092.fits,4,3,1,2092,4,2,1.0,0.10886204876469281
tess2019107181902-prf-4-3-row0001-col2092.fits,4,3,1,2092,4,3,0.9999999999999997,0.10261647700764727
tess2019107181902-prf-4-3-row0001-col2092.fits,4,3,1,2092,4,4,1.0,0.1021141703713991
tess2019107181902-prf-4-3-row0001-col2092.fits,4,3,1,2092,4,5,1.0,0.11321880882964545
tess2019107181902-prf-4-3-row0001-col2092.fits,4,3,1,2092,4,6,0.9999999999999998,0.11150431285758045
tess2019107181902-prf-4-3-row0001-col2092.fits,4,3,1,2092,4,7,1.0000000000000009,0.10125528165196637
tess2019107181902-prf-4-3-row0001-col2092.fits,4,3,1,2092,4,8,0.9999999999999996,0.1145736030418117
tess2019107181902-prf-4-3-row0001-col2092.fits,4,3,1,2092,5,0,1.0,0.10478284375927609
tess2019107181902-prf-4-3-row0001-col2092.fits,4,3,1,2092,5,1,1.0,0.10223183338228109
tess2019107181902-prf-4-3-row0001-col2092.fits,4,3,1,2092,5,2,1.0,0.11541866044601923
tess2019107181902-prf-4-3-row0001-col2092.fits,4,3,1,2092,5,3,0.9999999999999996,0.10018913002223782
tess2019107181902-prf-4-3-row0001-col2092.fits,4,3,1,2092,5,4,0.9999999999999999,0.10524697167527185
tess2019107181902-prf-4-3-row0001-col2092.fits,4,3,1,2092,5,5,0.9999999999999997,0.11931812214306022
tess2019107181902-prf-4-3-row0001-col2092.fits,4,3,1,2092,5,6,0.9999999999999989,0.11081102905505816
tess2019107181902-prf-4-3-row0001-col2092.fits,4,3,1,2092,5,7,0.9999999999999998,0.09813056697066347
tess2019107181902-prf-4-3-row0001-col2092.fits,4,3,1,2092,5,8,0.9999999999999999,0.13044747875667234
tess2019107181902-prf-4-3-row0001-col2092.fits,4,3,1,2092,6,0,1.0000000000000004,0.11082248877985082
tess2019107181902-prf-4-3-row0001-col2092.fits,4,3,1,2092,6,1,0.9999999999999992,0.10462360494904108
tess2019107181902-prf-4-3-row0001-col2092.fits,4,3,1,2092,6,2,1.0000000000000004,0.12114241875785502
tess2019107181902-prf-4-3-row0001-col2092.fits,4,3,1,2092,6,3,0.9999999999999998,0.10634308075995874
tess2019107181902-prf-4-3-row0001-col2092.fits,4,3,1,2092,6,4,0.9999999999999998,0.10278597061129545
tess2019107181902-prf-4-3-row0001-col2092.fits,4,3,1,2092,6,5,0.9999999999999998,0.12333191433484184
tess2019107181902-prf-4-3-row0001-col2092.fits,4,3,1,2092,6,6,1.0,0.11454720471553026
tess2019107181902-prf-4-3-row0001-col2092.fits,4,3,1,2092,6,7,1.0000000000000004,0.10097541251913716
tess2019107181902-prf-4-3-row0001-col2092.fits,4,3,1,2092,6,8,0.9999999999999993,0.11921429424309823
tess2019107181902-prf-4-3-row0001-col2092.fits,4,3,1,2092,7,0,1.0000000000000004,0.10936093655715505
tess2019107181902-prf-4-3-row0001-col2092.fits,4,3,1,2092,7,1,1.0000000000000002,0.10616840475211645
tess2019107181902-prf-4-3-row0001-col2092.fits,4,3,1,2092,7,2,0.9999999999999998,0.12699039035748894
tess2019107181902-prf-4-3-row0001-col2092.fits,4,3,1,2092,7,3,1.0,0.10682600532709428
tess2019107181902-prf-4-3-row0001-col2092.fits,4,3,1,2092,7,4,0.9999999999999993,0.11089557318610518
tess2019107181902-prf-4-3-row0001-col2092.fits,4,3,1,2092,7,5,1.0000000000000002,0.12441724273418227
tess2019107181902-prf-4-3-row0001-col2092.fits,4,3,1,2092,7,6,1.0,0.11748580027011983
tess2019107181902-prf-4-3-row0001-col2092.fits,4,3,1,2092,7,7,1.0,0.10685944335355636
tess2019107181902-prf-4-3-row0001-col2092.fits,4,3,1,2092,7,8,1.0000000000000002,0.12041669317498899
tess2019107181902-prf-4-3-row0001-col2092.fits,4,3,1,2092,8,0,0.9999999999999996,0.11155495428191045
tess2019107181902-prf-4-3-row0001-col2092.fits,4,3,1,2092,8,1,0.9999999999999991,0.10575198737097319
tess2019107181902-prf-4-3-row0001-col2092.fits,4,3,1,2092,8,2,0.9999999999999999,0.11640044134978489
tess2019107181902-prf-4-3-row0001-col2092.fits,4,3,1,2092,8,3,0.9999999999999997,0.10861441771373574
tess2019107181902-prf-4-3-row0001-col2092.fits,4,3,1,2092,8,4,0.9999999999999997,0.11263763646562339
tess2019107181902-prf-4-3-row0001-col2092.fits,4,3,1,2092,8,5,1.0000000000000002,0.1227753695260767
tess2019107181902-prf-4-3-row0001-col2092.fits,4,3,1,2092,8,6,1.0000000000000009,0.12221618653298544
tess2019107181902-prf-4-3-row0001-col2092.fits,4,3,1,2092,8,7,1.000000000000001,0.10903488073914623
tess2019107181902-prf-4-3-row0001-col2092.fits,4,3,1,2092,8,8,1.0000000000000004,0.12589491974263256
tess2019107181902-prf-4-3-row0513-col0045.fits,4,3,513,45,0,0,1.0,0.09914022276637754
tess2019107181902-prf-4-3-row0513-col0045.fits,4,3,513,45,0,1,1.0000000000000002,0.0965663491750818
tess2019107181902-prf-4-3-row0513-col0045.fits,4,3,513,45,0,2,1.0,0.1019175342786981
tess2019107181902-prf-4-3-row0513-col0045.fits,4,3,513,45,0,3,0.9999999999999996,0.10026355628692454
tess2019107181902-prf-4-3-row0513-col0045.fits,4,3,513,45,0,4,1.0000000000000002,0.103347097014932
tess2019107181902-prf-4-3-row0513-col0045.fits,4,3,513,45,0,5,0.9999999999999994,0.09706529171517012
tess2019107181902-prf-4-3-row0513-col0045.fits,4,3,513,45,0,6,0.9999999999999998,0.09860077616823983
tess2019107181902-prf-4-3-row0513-col0045.fits,4,3,513,45,0,7,1.0000000000000007,0.102499676400699
tess2019107181902-prf-4-3-row0513-col0045.fits,4,3,513,45,0,8,0.9999999999999991,0.09852584806195398
tess2019107181902-prf-4-3-row0513-col0045.fits,4,3,513,45,1,0,0.9999999999999998,0.09871215974462602
tess2019107181902-prf-4-3-row0513-col0045.fits,4,3,513,45,1,1,1.000000000000001,0.09426868184155499
tess2019107181902-prf-4-3-row0513-col0045.fits,4,3,513,45,1,2,1.0,0.10058685834702669
tess2019107181902-prf-4-3-row0513-col0045.fits,4,3,513,45,1,3,1.0000000000000002,0.0995760783236478
tess2019107181902-prf-4-3-row0513-col0045.fits,4,3,513,45,1,4,0.9999999999999999,0.1025333270139274
tess2019107181902-prf-4-3-row0513-col0045.fits,4,3,513,45,1,5,1.0000000000000004,0.10017235987564288
tess2019107181902-prf-4-3-row0513-col0045.fits,4,3,513,45,1,6,1.0000000000000002,0.10297946636752048
tess2019107181902-prf-4-3-row0513-col0045.fits,4,3,513,45,1,7,1.0000000000000009,0.10095970211373992
tess2019107181902-prf-4-3-row0513-col0045.fits,4,3,513,45,1,8,1.0000000000000002,0.09876191004905294
tess2019107181902-prf-4-3-row0513-col0045.fits,4,3,513,45,2,0,0.9999999999999998,0.10442178772234506
tess2019107181902-prf-4-3-row0513-col0045.fits,4,3,513,45,2,1,1.0000000000000002,0.09917351789201345
tess2019107181902-prf-4-3-row0513-col0045.fits,4,3,513,45,2,2,0.9999999999999993,0.10115934272379325
tess2019107181902-prf-4-3-row0513-col0045.fits,4,3,513,45,2,3,1.0,0.0977102881445344
tess2019107181902-prf-4-3-row0513-col0045.fits,4,3,513,45,2,4,1.0000000000000004,0.09857711493758076
tess2019107181902-prf-4-3-row0513-col0045.fits,4,3,513,45,2,5,1.0000000000000002,0.0969264276796833
tess2019107181902-prf-4-3-row0513-col0045.fits,4,3,513,45,2,6,0.9999999999999998,0.09613676619470257
tess2019107181902-prf-4-3-row0513-col0045.fits,4,3,513,45,2,7,0.9999999999999996,0.10452663849961624
tess2019107181902-prf-4-3-row0513-col0045.fits,4,3,513,45,2,8,1.0000000000000007,0.09809810613101444
tess2019107181902-prf-4-3-row0513-col0045.fits,4,3,513,45,3,0,1.0000000000000009,0.10587753975559204
tess2019107181902-prf-4-3-row0513-col0045.fits,4,3,513,45,3,1,1.0000000000000004,0.09994682719746609
tess2019107181902-prf-4-3-row0513-col0045.fits,4,3,513,45,3,2,0.9999999999999999,0.10077391934377947
tess2019107181902-prf-4-3-row0513-col0045.fits,4,3,513,45,3,3,0.9999999999999998,0.09955095828523042
tess2019107181902-prf-4-3-row0513-col0045.fits,4,3,513,45,3,4,0.9999999999999996,0.09923392937889645
tess2019107181902-prf-4-3-row0513-col0045.fits,4,3,513,45,3,5,1.0000000000000004,0.09955331406461185
tess2019107181902-prf-4-3-row0513-col0045.fits,4,3,513,45,3,6,1.0,0.09786383966662718
tess2019107181902-prf-4-3-row0513-col0045.fits,4,3,513,45,3,7,1.0000000000000002,0.0984117803365893
tess2019107181902-prf-4-3-row0513-col0045.fits,4,3,513,45,3,8,1.0000000000000002,0.09910406871981028
tess2019107181902-prf-4-3-row0513-col0045.fits,4,3,513,45,4,0,1.0,0.10010015887491393
tess2019107181902-prf-4-3-row0513-col0045.fits,4,3,513,45,4,1,0.999999999999999,0.09752516138235383
tess2019107181902-prf-4-3-row0513-col0045.fits,4,3,513,45,4,2,0.9999999999999999,0.0932526834630813
tess2019107181902-prf-4-3-row0513-col0045.fits,4,3,513,45,4,3,0.9999999999999999,0.09836933161312195
tess2019107181902-prf-4-3-row0513-col0045.fits,4,3,513,45,4,4,0.9999999999999996,0.09525903674294016
tess2019107181902-prf-4-3-row0513-col0045.fits,4,3,513,45,4,5,1.0000000000000002,0.09752027516426448
tess2019107181902-prf-4-3-row0513-col0045.fits,4,3,513,45,4,6,0.9999999999999998,0.0967462337570831
tess2019107181902-prf-4-3-row0513-col0045.fits,4,3,513,45,4,7,1.0000000000000004,0.0956993435988791
tess2019107181902-prf-4-3-row0513-col0045.fits,4,3,513,45,4,8,0.9999999999999991,0.09487315783562786
tess2019107181902-prf-4-3-row0513-col0045.fits,4,3,513,45,5,0,1.0000000000000004,0.09050807630977405
tess2019107181902-prf-4-3-row0513-col0045.fits,4,3,513,45,5,1,1.0,0.0900651583815033
tess2019107181902-prf-4-3-row0513-col0045.fits,4,3,513,45,5,2,1.0,0.08315100413420001
tess2019107181902-prf-4-3-row0513-col0045.fits,4,3,513,45,5,3,1.0000000000000004,0.0978892204123969
tess2019107181902-prf-4-3-row0513-col0045.fits,4,3,513,45,5,4,1.0000000000000004,0.09033007892657795
tess2019107181902-prf-4-3-row0513-col0045.fits,4,3,513,45,5,5,1.0000000000000002,0.09453570011956303
tess2019107181902-prf-4-3-row0513-col0045.fits,4,3,513,45,5,6,1.0,0.0962445823227539
tess2019107181902-prf-4-3-row0513-col0045.fits,4,3,513,45,5,7,0.9999999999999999,0.09378282163016856
tess2019107181902-prf-4-3-row0513-col0045.fits,4,3,513,45,5,8,1.0,0.09618680548032887
tess2019107181902-prf-4-3-row0513-col0045.fits,4,3,513,45,6,0,1.0000000000000002,0.08988901477861111
tess2019107181902-prf-4-3-row0513-col0045.fits,4,3,513,45,6,1,1.0000000000000002,0.0878526752160805
tess2019107181902-prf-4-3-row0513-col0045.fits,4,3,513,45,6,2,1.0000000000000004,0.09325850652838558
tess2019107181902-prf-4-3-row0513-col0045.fits,4,3,513,45,6,3,0.9999999999999998,0.09580382694658826
tess2019107181902-prf-4-3-row0513-col0045.fits,4,3,513,45,6,4,1.0,0.1043123668241215
tess2019107181902-prf-4-3-row0513-col0045.fits,4,3,513,45,6,5,1.0000000000000002,0.09207247310732741
tess2019107181902-prf-4-3-row0513-col0045.fits,4,3,513,45,6,6,0.9999999999999996,0.09513379596221111
tess2019107181902-prf-4-3-row0513-col0045.fits,4,3,513,45,6,7,1.0,0.09495125975543327
tess2019107181902-prf-4-3-row0513-col0045.fits,4,3,513,45,6,8,1.0,0.09373120500121952
tess2019107181902-prf-4-3-row0513-col0045.fits,4,3,513,45,7,0,1.0,0.09725127837447134
tess2019107181902-prf-4-3-row0513-col0045.fits,4,3,513,45,7,1,0.9999999999999999,0.09611923096787094
tess2019107181902-prf-4-3-row0513-col0045.fits,4,3,513,45,7,2,1.0,0.10234530479416917
tess2019107181902-prf-4-3-row0513-col0045.fits,4,3,513,45,7,3,1.0,0.09777241507773027
tess2019107181902-prf-4-3-row0513-col0045.fits,4,3,513,45,7,4,0.9999999999999993,0.09922415514995714
tess2019107181902-prf-4-3-row0513-col0045.fits,4,3,513,45,7,5,1.0000000000000002,0.09568101891952327
tess2019107181902-prf-4-3-row0513-col0045.fits,4,3,513,45,7,6,0.9999999999999996,0.0929117330737617
tess2019107181902-prf-4-3-row0513-col0045.fits,4,3,513,45,7,7,1.0000000000000007,0.09980417555158
tess2019107181902-prf-4-3-row0513-col0045.fits,4,3,513,45,7,8,1.0,0.10291120162343048
tess2019107181902-prf-4-3-row0513-col0045.fits,4,3,513,45,8,0,0.9969650382444225,0.09653728114997001
tess2019107181902-prf-4-3-row0513-col0045.fits,4,3,513,45,8,1,0.9969269510415284,0.09480290635334453
tess2019107181902-prf-4-3-row0513-col0045.fits,4,3,513,45,8,2,0.9968195535985092,0.09887768366919468
tess2019107181902-prf-4-3-row0513-col0045.fits,4,3,513,45,8,3,0.9970077875374073,0.0976085388511475
tess2019107181902-prf-4-3-row0513-col0045.fits,4,3,513,45,8,4,0.9970218743237458,0.1026210662619395
tess2019107181902-prf-4-3-row0513-col0045.fits,4,3,513,45,8,5,0.9969545031607283,0.096968413119954
tess2019107181902-prf-4-3-row0513-col0045.fits,4,3,513,45,8,6,0.9968264149453175,0.09721310083089288
tess2019107181902-prf-4-3-row0513-col0045.fits,4,3,513,45,8,7,0.9968860897783386,0.10384494943911966
tess2019107181902-prf-4-3-row0513-col0045.fits,4,3,513,45,8,8,0.996695649252197,0.09711188469383648
tess2019107181902-prf-4-3-row0513-col0557.fits,4,3,513,557,0,0,0.9999999999999997,0.11680812659278006
tess2019107181902-prf-4-3-row0513-col0557.fits,4,3,513,557,0,1,0.9999999999999999,0.1208489441334706
tess2019107181902-prf-4-3-row0513-col0557.fits,4,3,513,557,0,2,0.9999999999999999,0.12380999684168999
tess2019107181902-prf-4-3-row0513-col0557.fits,4,3,513,557,0,3,1.0000000000000002,0.12948178084193418
tess2019107181902-prf-4-3-row0513-col0557.fits,4,3,513,557,0,4,1.0000000000000002,0.12496493288922983
tess2019107181902-prf-4-3-row0513-col0557.fits,4,3,513,557,0,5,1.0000000000000002,0.10647441461895599
tess2019107181902-prf-4-3-row0513-col0557.fits,4,3,513,557,0,6,1.0,0.10952587694358216
tess2019107181902-prf-4-3-row0513-col0557.fits,4,3,513,557,0,7,0.9999999999999996,0.11331908785003245
tess2019107181902-prf-4-3-row0513-col0557.fits,4,3,513,557,0,8,0.9999999999999999,0.12797777485412087
tess2019107181902-prf-4-3-row0513-col0557.fits,4,3,513,557,1,0,1.0,0.10677904950827237
tess2019107181902-prf-4-3-row0513-col0557.fits,4,3,513,557,1,1,1.0000000000000007,0.10886624831753117
tess2019107181902-prf-4-3-row0513-col0557.fits,4,3,513,557,1,2,0.9999999999999998,0.10295841273834033
tess2019107181902-prf-4-3-row0513-col0557.fits,4,3,513,557,1,3,1.0000000000000004,0.11359387939324694
tess2019107181902-prf-4-3-row0513-col0557.fits,4,3,513,557,1,4,1.0000000000000004,0.1147877944669336
tess2019107181902-prf-4-3-row0513-col0557.fits,4,3,513,557,1,5,1.0000000000000002,0.10634131288918783
tess2019107181902-prf-4-3-row0513-col0557.fits,4,3,513,557,1,6,0.9999999999999996,0.10419867445122748
tess2019107181902-prf-4-3-row0513-col0557.fits,4,3,513,557,1,7,0.9999999999999996,0.10023809792375063
tess2019107181902-prf-4-3-row0513-col0557.fits,4,3,513,557,1,8,0.9999999999999998,0.10173896837337494
tess2019107181902-prf-4-3-row0513-col0557.fits,4,3,513,557,2,0,1.0000000000000007,0.10232100641152264
tess2019107181902-prf-4-3-row0513-col0557.fits,4,3,513,557,2,1,1.0000000000000007,0.11269004127880838
tess2019107181902-prf-4-3-row0513-col0557.fits,4,3,513,557,2,2,0.9999999999999998,0.10732770024968524
tess2019107181902-prf-4-3-row0513-col0557.fits,4,3,513,557,2,3,0.9999999999999996,0.1045131073359075
tess2019107181902-prf-4-3-row0513-col0557.fits,4,3,513,557,2,4,1.0,0.10300434220964985
tess2019107181902-prf-4-3-row0513-col0557.fits,4,3,513,557,2,5,0.9999999999999996,0.09764408539155546
tess2019107181902-prf-4-3-row0513-col0557.fits,4,3,513,557,2,6,1.0000000000000007,0.10951228569648218
tess2019107181902-prf-4-3-row0513-col0557.fits,4,3,513,557,2,7,1.0000000000000002,0.1055859330042709
tess2019107181902-prf-4-3-row0513-col0557.fits,4,3,513,557,2,8,1.0000000000000004,0.10258279617318114
tess2019107181902-prf-4-3-row0513-col0557.fits,4,3,513,557,3,0,0.9999999999999996,0.101104768018353
tess2019107181902-prf-4-3-row0513-col0557.fits,4,3,513,557,3,1,1.0,0.1030790737461114
tess2019107181902-prf-4-3-row0513-col0557.fits,4,3,513,557,3,2,1.0000000000000002,0.10423546974331667
tess2019107181902-prf-4-3-row0513-col0557.fits,4,3,513,557,3,3,1.0000000000000007,0.10564489753480114
tess2019107181902-prf-4-3-row0513-col0557.fits,4,3,513,557,3,4,1.0000000000000002,0.10248384827640714
tess2019107181902-prf-4-3-row0513-col0557.fits,4,3,513,557,3,5,1.0000000000000002,0.09848315660908041
tess2019107181902-prf-4-3-row0513-col0557.fits,4,3,513,557,3,6,1.0,0.10993836448174851
tess2019107181902-prf-4-3-row0513-col0557.fits,4,3,513,557,3,7,1.0000000000000004,0.10077254058875165
tess2019107181902-prf-4-3-row0513-col0557.fits,4,3,513,557,3,8,0.9999999999999998,0.10666354604464988
tess2019107181902-prf-4-3-row0513-col0557.fits,4,3,513,557,4,0,1.0,0.11063730580268605
tess2019107181902-prf-4-3-row0513-col0557.fits,4,3,513,557,4,1,1.0000000000000007,0.10632608033262692
tess2019107181902-prf-4-3-row0513-col0557.fits,4,3,513,557,4,2,1.0000000000000004,0.10116783039636242
tess2019107181902-prf-4-3-row0513-col0557.fits,4,3,513,557,4,3,0.9999999999999998,0.11641441011377403
tess2019107181902-prf-4-3-row0513-col0557.fits,4,3,513,557,4,4,1.0000000000000004,0.11724858920807878
tess2019107181902-prf-4-3-row0513-col0557.fits,4,3,513,557,4,5,1.0000000000000007,0.10831602182381427
tess2019107181902-prf-4-3-row0513-col0557.fits,4,3,513,557,4,6,1.0,0.11246781714398607
tess2019107181902-prf-4-3-row0513-col0557.fits,4,3,513,557,4,7,1.0000000000000004,0.10548207126494577
tess2019107181902-prf-4-3-row0513-col0557.fits,4,3,513,557,4,8,1.0,0.11095804962942792
tess2019107181902-prf-4-3-row0513-col0557.fits,4,3,513,557,5,0,0.9999999999999997,0.10710028174595171
tess2019107181902-prf-4-3-row0513-col0557.fits,4,3,513,557,5,1,1.0000000000000004,0.11680443950034672
tess2019107181902-prf-4-3-row0513-col0557.fits,4,3,513,557,5,2,1.0,0.11655740248764601
tess2019107181902-prf-4-3-row0513-col0557.fits,4,3,513,557,5,3,1.0,0.12488551572840212
tess2019107181902-prf-4-3-row0513-col0557.fits,4,3,513,557,5,4,0.9999999999999996,0.11191612729401368
tess2019107181902-prf-4-3-row0513-col0557.fits,4,3,513,557,5,5,1.0,0.11044665638804688
tess2019107181902-prf-4-3-row0513-col0557.fits,4,3,513,557,5,6,0.9999999999999999,0.1238371372925558
tess2019107181902-prf-4-3-row0513-col0557.fits,4,3,513,557,5,7,1.0,0.11898627430596727
tess2019107181902-prf-4-3-row0513-col0557.fits,4,3,513,557,5,8,0.9999999999999998,0.12500415923832844
tess2019107181902-prf-4-3-row0513-col0557.fits,4,3,513,557,6,0,0.9999999999999993,0.11685948785560436
tess2019107181902-prf-4-3-row0513-col0557.fits,4,3,513,557,6,1,1.0,0.11524924237639739
tess2019107181902-prf-4-3-row0513-col0557.fits,4,3,513,557,6,2,1.0,0.11510692141579681
tess2019107181902-prf-4-3-row0513-col0557.fits,4,3,513,557,6,3,0.9999999999999998,0.13246462864394923
tess2019107181902-prf-4-3-row0513-col0557.fits,4,3,513,557,6,4,1.0,0.12438074397122947
tess2019107181902-prf-4-3-row0513-col0557.fits,4,3,513,557,6,5,0.9999999999999991,0.11563657543706116
tess2019107181902-prf-4-3-row0513-col0557.fits,4,3,513,557,6,6,0.9999999999999999,0.12235017993052953
tess2019107181902-prf-4-3-row0513-col0557.fits,4,3,513,557,6,7,1.0,0.11836114630099595
tess2019107181902-prf-4-3-row0513-col0557.fits,4,3,513,557,6,8,1.0000000000000002,0.12215199295192625
tess2019107181902-prf-4-3-row0513-col0557.fits,4,3,513,557,7,0,0.9999999999999998,0.12089695765222569
tess2019107181902-prf-4-3-row0513-col0557.fits,4,3,513,557,7,1,0.9999999999999998,0.1127476846701125
tess2019107181902-prf-4-3-row0513-col0557.fits,4,3,513,557,7,2,1.0000000000000007,0.12350603951867165
tess2019107181902-prf-4-3-row0513-col0557.fits,4,3,513,557,7,3,1.0,0.12532086762101452
tess2019107181902-prf-4-3-row0513-col0557.fits,4,3,513,557,7,4,1.0000000000000004,0.1183417824814492
tess2019107181902-prf-4-3-row0513-col0557.fits,4,3,513,557,7,5,0.9999999999999996,0.11882263408746492
tess2019107181902-prf-4-3-row0513-col0557.fits,4,3,513,557,7,6,1.0,0.11285626495106865
tess2019107181902-prf-4-3-row0513-col0557.fits,4,3,513,557,7,7,1.0000000000000002,0.11338821551143971
tess2019107181902-prf-4-3-row0513-col0557.fits,4,3,513,557,7,8,1.0,0.12859819245851206
tess2019107181902-prf-4-3-row0513-col0557.fits,4,3,513,557,8,0,1.0,0.12236379377652087
tess2019107181902-prf-4-3-row0513-col0557.fits,4,3,513,557,8,1,0.9999999999999993,0.12205624371782461
tess2019107181902-prf-4-3-row0513-col0557.fits,4,3,513,557,8,2,1.0000000000000002,0.1181069616404507
tess2019107181902-prf-4-3-row0513-col0557.fits,4,3,513,557,8,3,0.9999999999999999,0.12752625314422283
tess2019107181902-prf-4-3-row0513-col0557.fits,4,3,513,557,8,4,0.9999999999999996,0.12155203133337483
tess2019107181902-prf-4-3-row0513-col0557.fits,4,3,513,557,8,5,1.0000000000000004,0.11541764494620271
tess2019107181902-prf-4-3-row0513-col0557.fits,4,3,513,557,8,6,1.0000000000000002,0.11438787580941143
tess2019107181902-prf-4-3-row0513-col0557.fits,4,3,513,557,8,7,0.9999999999999998,0.11745624445214845
tess2019107181902-prf-4-3-row0513-col0557.fits,4,3,513,557,8,8,1.0,0.13473246383619308
tess2019107181902-prf-4-3-row0513-col1069.fits,4,3,513,1069,0,0,1.0,0.08899183565473422
tess2019107181902-prf-4-3-row0513-col1069.fits,4,3,513,1069,0,1,1.0,0.08843608000835096
tess2019107181902-prf-4-3-row0513-col1069.fits,4,3,513,1069,0,2,1.0000000000000002,0.08861066032098698
tess2019107181902-prf-4-3-row0513-col1069.fits,4,3,513,1069,0,3,0.9999999999999997,0.08151600318805166
tess2019107181902-prf-4-3-row0513-col1069.fits,4,3,513,1069,0,4,1.0000000000000004,0.09610679498231137
tess2019107181902-prf-4-3-row0513-col1069.fits,4,3,513,1069,0,5,1.0,0.09213127699868207
tess2019107181902-prf-4-3-row0513-col1069.fits,4,3,513,1069,0,6,0.9999999999999997,0.09528822518768945
tess2019107181902-prf-4-3-row0513-col1069.fits,4,3,513,1069,0,7,0.9999999999999998,0.09310945488934615
tess2019107181902-prf-4-3-row0513-col1069.fits,4,3,513,1069,0,8,1.0000000000000002,0.09164181489870651
tess2019107181902-prf-4-3-row0513-col1069.fits,4,3,513,1069,1,0,0.9999999999999997,0.08266014637780729
tess2019107181902-prf-4-3-row0513-col1069.fits,4,3,513,1069,1,1,1.0000000000000004,0.08217044352625352
tess2019107181902-prf-4-3-row0513-col1069.fits,4,3,513,1069,1,2,1.0000000000000009,0.09296196100965405
tess2019107181902-prf-4-3-row0513-col1069.fits,4,3,513,1069,1,3,0.9999999999999998,0.08147859040681582
tess2019107181902-prf-4-3-row0513-col1069.fits,4,3,513,1069,1,4,1.0,0.09799757836601125
tess2019107181902-prf-4-3-row0513-col1069.fits,4,3,513,1069,1,5,1.0,0.09370296382075649
tess2019107181902-prf-4-3-row0513-col1069.fits,4,3,513,1069,1,6,0.9999999999999996,0.09006674256696377
tess2019107181902-prf-4-3-row0513-col1069.fits,4,3,513,1069,1,7,1.0000000000000002,0.08865598408626899
tess2019107181902-prf-4-3-row0513-col1069.fits,4,3,513,1069,1,8,1.0,0.08565050788867182
tess2019107181902-prf-4-3-row0513-col1069.fits,4,3,513,1069,2,0,0.9999999999999993,0.08122300234194621
tess2019107181902-prf-4-3-row0513-col1069.fits,4,3,513,1069,2,1,1.0,0.0798399186075011
tess2019107181902-prf-4-3-row0513-col1069.fits,4,3,513,1069,2,2,1.0000000000000002,0.08449874841026547
tess2019107181902-prf-4-3-row0513-col1069.fits,4,3,513,1069,2,3,1.0000000000000002,0.08552893102899128
tess2019107181902-prf-4-3-row0513-col1069.fits,4,3,513,1069,2,4,1.0000000000000004,0.0962980765681457
tess2019107181902-prf-4-3-row0513-col1069.fits,4,3,513,1069,2,5,1.0,0.0897536763266454
tess2019107181902-prf-4-3-row0513-col1069.fits,4,3,513,1069,2,6,0.9999999999999997,0.08750733667970283
tess2019107181902-prf-4-3-row0513-col1069.fits,4,3,513,1069,2,7,0.9999999999999992,0.09192594175080099
tess2019107181902-prf-4-3-row0513-col1069.fits,4,3,513,1069,2,8,1.0000000000000007,0.08949228294645477
tess2019107181902-prf-4-3-row0513-col1069.fits,4,3,513,1069,3,0,1.0000000000000007,0.08825359971461742
tess2019107181902-prf-4-3-row0513-col1069.fits,4,3,513,1069,3,1,1.0000000000000004,0.07947047322920367
tess2019107181902-prf-4-3-row0513-col1069.fits,4,3,513,1069,3,2,0.9999999999999999,0.08834676200166619
tess2019107181902-prf-4-3-row0513-col1069.fits,4,3,513,1069,3,3,0.9999999999999998,0.07978875139306639
tess2019107181902-prf-4-3-row0513-col1069.fits,4,3,513,1069,3,4,0.9999999999999999,0.0932630587571904
tess2019107181902-prf-4-3-row0513-col1069.fits,4,3,513,1069,3,5,1.0,0.09314580260425932
tess2019107181902-prf-4-3-row0513-col1069.fits,4,3,513,1069,3,6,1.0,0.09513319048750572
tess2019107181902-prf-4-3-row0513-col1069.fits,4,3,513,1069,3,7,1.0,0.0927548423365522
tess2019107181902-prf-4-3-row0513-col1069.fits,4,3,513,1069,3,8,1.0,0.0878856315028971
tess2019107181902-prf-4-3-row0513-col1069.fits,4,3,513,1069,4,0,0.9999999999999993,0.09183540654648731
tess2019107181902-prf-4-3-row0513-col1069.fits,4,3,513,1069,4,1,0.9999999999999998,0.08426695124992475
tess2019107181902-prf-4-3-row0513-col1069.fits,4,3,513,1069,4,2,0.9999999999999992,0.08733459875030841
tess2019107181902-prf-4-3-row0513-col1069.fits,4,3,513,1069,4,3,0.9999999999999998,0.08550767528816104
tess2019107181902-prf-4-3-row0513-col1069.fits,4,3,513,1069,4,4,1.0,0.09299683363629846
tess2019107181902-prf-4-3-row0513-col1069.fits,4,3,513,1069,4,5,0.9999999999999998,0.08944648069856628
tess2019107181902-prf-4-3-row0513-col1069.fits,4,3,513,1069,4,6,1.0,0.09665234145129395
tess2019107181902-prf-4-3-row0513-col1069.fits,4,3,513,1069,4,7,0.999999999999999,0.08956414567571966
tess2019107181902-prf-4-3-row0513-col1069.fits,4,3,513,1069,4,8,1.0,0.09076519471230937
tess2019107181902-prf-4-3-row0513-col1069.fits,4,3,513,1069,5,0,0.9999999999999994,0.08385386784612409
tess2019107181902-prf-4-3-row0513-col1069.fits,4,3,513,1069,5,1,0.9999999999999992,0.08497763164401399
tess2019107181902-prf-4-3-row0513-col1069.fits,4,3,513,1069,5,2,1.0000000000000009,0.07990096053968815
tess2019107181902-prf-4-3-row0513-col1069.fits,4,3,513,1069,5,3,1.0000000000000004,0.0862452048464831
tess2019107181902-prf-4-3-row0513-col1069.fits,4,3,513,1069,5,4,0.9999999999999998,0.08753167614218306
tess2019107181902-prf-4-3-row0513-col1069.fits,4,3,513,1069,5,5,1.0000000000000004,0.0899840323501149
tess2019107181902-prf-4-3-row0513-col1069.fits,4,3,513,1069,5,6,0.9999999999999991,0.09460017151533101
tess2019107181902-prf-4-3-row0513-col1069.fits,4,3,513,1069,5,7,0.9999999999999993,0.08878170445534928
tess2019107181902-prf-4-3-row0513-col1069.fits,4,3,513,1069,5,8,1.0000000000000004,0.08588304775054398
tess2019107181902-prf-4-3-row0513-col1069.fits,4,3,513,1069,6,0,1.0000000000000004,0.08294903729509348
tess2019107181902-prf-4-3-row0513-col1069.fits,4,3,513,1069,6,1,1.0000000000000002,0.08112781813749681
tess2019107181902-prf-4-3-row0513-col1069.fits,4,3,513,1069,6,2,0.9999999999999996,0.08201588941648151
tess2019107181902-prf-4-3-row0513-col1069.fits,4,3,513,1069,6,3,1.0000000000000002,0.08543220116469892
tess2019107181902-prf-4-3-row0513-col1069.fits,4,3,513,1069,6,4,1.0,0.09085113299105302
tess2019107181902-prf-4-3-row0513-col1069.fits,4,3,513,1069,6,5,1.0,0.08600925316925664
tess2019107181902-prf-4-3-row0513-col1069.fits,4,3,513,1069,6,6,0.9999999999999996,0.09118314668330119
tess2019107181902-prf-4-3-row0513-col1069.fits,4,3,513,1069,6,7,0.9999999999999988,0.08649072225785298
tess2019107181902-prf-4-3-row0513-col1069.fits,4,3,513,1069,6,8,0.9999999999999993,0.08595031691528812
tess2019107181902-prf-4-3-row0513-col1069.fits,4,3,513,1069,7,0,1.0000000000000004,0.08290769458428002
tess2019107181902-prf-4-3-row0513-col1069.fits,4,3,513,1069,7,1,1.0000000000000002,0.08472463831556182
tess2019107181902-prf-4-3-row0513-col1069.fits,4,3,513,1069,7,2,1.0000000000000002,0.08457259287355665
tess2019107181902-prf-4-3-row0513-col1069.fits,4,3,513,1069,7,3,1.0,0.08359659488222697
tess2019107181902-prf-4-3-row0513-col1069.fits,4,3,513,1069,7,4,1.0,0.09068278230059838
tess2019107181902-prf-4-3-row0513-col1069.fits,4,3,513,1069,7,5,0.9999999999999996,0.09163708443827784
tess2019107181902-prf-4-3-row0513-col1069.fits,4,3,513,1069,7,6,0.9999999999999998,0.09372432083360227
tess2019107181902-prf-4-3-row0513-col1069.fits,4,3,513,1069,7,7,1.0000000000000004,0.09071908181149739
tess2019107181902-prf-4-3-row0513-col1069.fits,4,3,513,1069,7,8,1.0000000000000004,0.08772269519521851
tess2019107181902-prf-4-3-row0513-col1069.fits,4,3,513,1069,8,0,1.0000000000000004,0.08772800954165866
tess2019107181902-prf-4-3-row0513-col1069.fits,4,3,513,1069,8,1,0.9999999999999991,0.08532410475241992
tess2019107181902-prf-4-3-row0513-col1069.fits,4,3,513,1069,8,2,1.0000000000000009,0.08491552583960359
tess2019107181902-prf-4-3-row0513-col1069.fits,4,3,513,1069,8,3,0.9999999999999992,0.08033027636633183
tess2019107181902-prf-4-3-row0513-col1069.fits,4,3,513,1069,8,4,0.9999999999999996,0.09364312248829927
tess2019107181902-prf-4-3-row0513-col1069.fits,4,3,513,1069,8,5,1.0,0.09073217187987853
tess2019107181902-prf-4-3-row0513-col1069.fits,4,3,513,1069,8,6,0.9999999999999998,0.09305541499866163
tess2019107181902-prf-4-3-row0513-col1069.fits,4,3,513,1069,8,7,1.0000000000000004,0.09106718216595287
tess2019107181902-prf-4-3-row0513-col1069.fits,4,3,513,1069,8,8,1.0000000000000002,0.08578173588049838
tess2019107181902-prf-4-3-row0513-col1580.fits,4,3,513,1580,0,0,0.9999999999999996,0.10542502676073545
tess2019107181902-prf-4-3-row0513-col1580.fits,4,3,513,1580,0,1,0.9999999999999993,0.10825895533617214
tess2019107181902-prf-4-3-row0513-col1580.fits,4,3,513,1580,0,2,0.9999999999999996,0.108657522332682
tess2019107181902-prf-4-3-row0513-col1580.fits,4,3,513,1580,0,3,1.0,0.10312250896171425
tess2019107181902-prf-4-3-row0513-col1580.fits,4,3,513,1580,0,4,0.9999999999999998,0.10817812580659958
tess2019107181902-prf-4-3-row0513-col1580.fits,4,3,513,1580,0,5,1.0000000000000004,0.10193261712281716
tess2019107181902-prf-4-3-row0513-col1580.fits,4,3,513,1580,0,6,1.0000000000000002,0.10180212015676132
tess2019107181902-prf-4-3-row0513-col1580.fits,4,3,513,1580,0,7,0.9999999999999994,0.10570369659392491
tess2019107181902-prf-4-3-row0513-col1580.fits,4,3,513,1580,0,8,0.9999999999999993,0.11218862318479993
tess2019107181902-prf-4-3-row0513-col1580.fits,4,3,513,1580,1,0,0.9999999999999996,0.10873806368239085
tess2019107181902-prf-4-3-row0513-col1580.fits,4,3,513,1580,1,1,0.9999999999999993,0.10961410889922134
tess2019107181902-prf-4-3-row0513-col1580.fits,4,3,513,1580,1,2,1.0000000000000002,0.12539559355084545
tess2019107181902-prf-4-3-row0513-col1580.fits,4,3,513,1580,1,3,1.0,0.10539914540083928
tess2019107181902-prf-4-3-row0513-col1580.fits,4,3,513,1580,1,4,1.0,0.1098917597647942
tess2019107181902-prf-4-3-row0513-col1580.fits,4,3,513,1580,1,5,0.9999999999999996,0.1072615045436503
tess2019107181902-prf-4-3-row0513-col1580.fits,4,3,513,1580,1,6,1.0000000000000002,0.10678358055188435
tess2019107181902-prf-4-3-row0513-col1580.fits,4,3,513,1580,1,7,0.9999999999999999,0.10722653449140448
tess2019107181902-prf-4-3-row0513-col1580.fits,4,3,513,1580,1,8,0.9999999999999999,0.11356325964067807
tess2019107181902-prf-4-3-row0513-col1580.fits,4,3,513,1580,2,0,0.9999999999999997,0.10887821278492825
tess2019107181902-prf-4-3-row0513-col1580.fits,4,3,513,1580,2,1,1.0000000000000004,0.12014221020129182
tess2019107181902-prf-4-3-row0513-col1580.fits,4,3,513,1580,2,2,1.0000000000000004,0.1285930083614519
tess2019107181902-prf-4-3-row0513-col1580.fits,4,3,513,1580,2,3,1.0,0.1113956248154849
tess2019107181902-prf-4-3-row0513-col1580.fits,4,3,513,1580,2,4,1.0000000000000002,0.11113314819796385
tess2019107181902-prf-4-3-row0513-col1580.fits,4,3,513,1580,2,5,0.9999999999999996,0.11903751854553213
tess2019107181902-prf-4-3-row0513-col1580.fits,4,3,513,1580,2,6,1.0000000000000004,0.11358580216646556
tess2019107181902-prf-4-3-row0513-col1580.fits,4,3,513,1580,2,7,0.9999999999999998,0.10659854299111897
tess2019107181902-prf-4-3-row0513-col1580.fits,4,3,513,1580,2,8,0.9999999999999997,0.12308841781331292
tess2019107181902-prf-4-3-row0513-col1580.fits,4,3,513,1580,3,0,0.9999999999999999,0.11141132855505138
tess2019107181902-prf-4-3-row0513-col1580.fits,4,3,513,1580,3,1,1.0000000000000002,0.11257818709571699
tess2019107181902-prf-4-3-row0513-col1580.fits,4,3,513,1580,3,2,0.9999999999999998,0.11713134962028672
tess2019107181902-prf-4-3-row0513-col1580.fits,4,3,513,1580,3,3,1.0000000000000002,0.1030124578594671
tess2019107181902-prf-4-3-row0513-col1580.fits,4,3,513,1580,3,4,0.9999999999999993,0.11171319124683098
tess2019107181902-prf-4-3-row0513-col1580.fits,4,3,513,1580,3,5,0.9999999999999999,0.10914340885434985
tess2019107181902-prf-4-3-row0513-col1580.fits,4,3,513,1580,3,6,0.9999999999999997,0.1086107518905459
tess2019107181902-prf-4-3-row0513-col1580.fits,4,3,513,1580,3,7,1.0,0.10820140869071186
tess2019107181902-prf-4-3-row0513-col1580.fits,4,3,513,1580,3,8,1.0000000000000002,0.11434010581434115
tess2019107181902-prf-4-3-row0513-col1580.fits,4,3,513,1580,4,0,0.9999999999999998,0.10315655945920928
tess2019107181902-prf-4-3-row0513-col1580.fits,4,3,513,1580,4,1,1.0000000000000004,0.10894410473881389
tess2019107181902-prf-4-3-row0513-col1580.fits,4,3,513,1580,4,2,1.0,0.11450745715770935
tess2019107181902-prf-4-3-row0513-col1580.fits,4,3,513,1580,4,3,1.0000000000000007,0.10242196121270075
tess2019107181902-prf-4-3-row0513-col1580.fits,4,3,513,1580,4,4,1.0000000000000004,0.10118381951376001
tess2019107181902-prf-4-3-row0513-col1580.fits,4,3,513,1580,4,5,1.0000000000000002,0.10128495444499469
tess2019107181902-prf-4-3-row0513-col1580.fits,4,3,513,1580,4,6,1.0,0.10205622295954511
tess2019107181902-prf-4-3-row0513-col1580.fits,4,3,513,1580,4,7,0.9999999999999996,0.10789256574206615
tess2019107181902-prf-4-3-row0513-col1580.fits,4,3,513,1580,4,8,1.0,0.10602810141066474
tess2019107181902-prf-4-3-row0513-col1580.fits,4,3,513,1580,5,0,1.0000000000000002,0.0993286447023061
tess2019107181902-prf-4-3-row0513-col1580.fits,4,3,513,1580,5,1,1.0000000000000004,0.10301080179807502
tess2019107181902-prf-4-3-row0513-col1580.fits,4,3,513,1580,5,2,0.9999999999999998,0.11447664418291247
tess2019107181902-prf-4-3-row0513-col1580.fits,4,3,513,1580,5,3,1.0000000000000009,0.0967237608855736
tess2019107181902-prf-4-3-row0513-col1580.fits,4,3,513,1580,5,4,1.0,0.09487426936764483
tess2019107181902-prf-4-3-row0513-col1580.fits,4,3,513,1580,5,5,0.9999999999999993,0.10008972163121332
tess2019107181902-prf-4-3-row0513-col1580.fits,4,3,513,1580,5,6,0.9999999999999996,0.09676377108143608
tess2019107181902-prf-4-3-row0513-col1580.fits,4,3,513,1580,5,7,1.0,0.10292047441878577
tess2019107181902-prf-4-3-row0513-col1580.fits,4,3,513,1580,5,8,0.9999999999999998,0.10197531185996665
tess2019107181902-prf-4-3-row0513-col1580.fits,4,3,513,1580,6,0,1.0,0.10254668504653658
tess2019107181902-prf-4-3-row0513-col1580.fits,4,3,513,1580,6,1,1.0000000000000004,0.10784003962909744
tess2019107181902-prf-4-3-row0513-col1580.fits,4,3,513,1580,6,2,1.0,0.11501364234282437
tess2019107181902-prf-4-3-row0513-col1580.fits,4,3,513,1580,6,3,0.9999999999999999,0.09864485249199625
tess2019107181902-prf-4-3-row0513-col1580.fits,4,3,513,1580,6,4,1.0000000000000002,0.10223749643180438
tess2019107181902-prf-4-3-row0513-col1580.fits,4,3,513,1580,6,5,1.0000000000000007,0.10284668162125885
tess2019107181902-prf-4-3-row0513-col1580.fits,4,3,513,1580,6,6,1.0,0.10150129833454748
tess2019107181902-prf-4-3-row0513-col1580.fits,4,3,513,1580,6,7,1.0,0.10722978601867418
tess2019107181902-prf-4-3-row0513-col1580.fits,4,3,513,1580,6,8,1.0000000000000004,0.10175738402021962
tess2019107181902-prf-4-3-row0513-col1580.fits,4,3,513,1580,7,0,1.0000000000000002,0.1139111780148861
tess2019107181902-prf-4-3-row0513-col1580.fits,4,3,513,1580,7,1,0.9999999999999998,0.11853561534907549
tess2019107181902-prf-4-3-row0513-col1580.fits,4,3,513,1580,7,2,0.9999999999999998,0.12568876464230602
tess2019107181902-prf-4-3-row0513-col1580.fits,4,3,513,1580,7,3,1.0000000000000009,0.10748343605926577
tess2019107181902-prf-4-3-row0513-col1580.fits,4,3,513,1580,7,4,0.9999999999999993,0.11044850347458393
tess2019107181902-prf-4-3-row0513-col1580.fits,4,3,513,1580,7,5,0.9999999999999993,0.10965628588082635
tess2019107181902-prf-4-3-row0513-col1580.fits,4,3,513,1580,7,6,1.0,0.11150714488394496
tess2019107181902-prf-4-3-row0513-col1580.fits,4,3,513,1580,7,7,1.0000000000000002,0.1130605513274915
tess2019107181902-prf-4-3-row0513-col1580.fits,4,3,513,1580,7,8,1.0,0.11169267148782035
tess2019107181902-prf-4-3-row0513-col1580.fits,4,3,513,1580,8,0,1.0000000000000004,0.12522954290463256
tess2019107181902-prf-4-3-row0513-col1580.fits,4,3,513,1580,8,1,1.0000000000000004,0.11785807272033025
tess2019107181902-prf-4-3-row0513-col1580.fits,4,3,513,1580,8,2,1.0000000000000007,0.12197161115093307
tess2019107181902-prf-4-3-row0513-col1580.fits,4,3,513,1580,8,3,0.9999999999999998,0.10965061276871682
tess2019107181902-prf-4-3-row0513-col1580.fits,4,3,513,1580,8,4,0.9999999999999999,0.10992354943591935
tess2019107181902-prf-4-3-row0513-col1580.fits,4,3,513,1580,8,5,0.9999999999999998,0.11651563322455014
tess2019107181902-prf-4-3-row0513-col1580.fits,4,3,513,1580,8,6,0.9999999999999998,0.11111272524342014
tess2019107181902-prf-4-3-row0513-col1580.fits,4,3,513,1580,8,7,0.9999999999999998,0.11333860061066242
tess2019107181902-prf-4-3-row0513-col1580.fits,4,3,513,1580,8,8,1.0,0.11932519995242585
tess2019107181902-prf-4-3-row0513-col2092.fits,4,3,513,2092,0,0,0.9999999999999998,0.12333988064394369
tess2019107181902-prf-4-3-row0513-col2092.fits,4,3,513,2092,0,1,1.0000000000000009,0.12480726802622466
tess2019107181902-prf-4-3-row0513-col2092.fits,4,3,513,2092,0,2,1.0,0.12422539618916842
tess2019107181902-prf-4-3-row0513-col2092.fits,4,3,513,2092,0,3,0.9999999999999999,0.13685110059349465
tess2019107181902-prf-4-3-row0513-col2092.fits,4,3,513,2092,0,4,1.0,0.12288146937892683
tess2019107181902-prf-4-3-row0513-col2092.fits,4,3,513,2092,0,5,1.0,0.12772126172779227
tess2019107181902-prf-4-3-row0513-col2092.fits,4,3,513,2092,0,6,1.0000000000000002,0.12851771280774735
tess2019107181902-prf-4-3-row0513-col2092.fits,4,3,513,2092,0,7,1.0000000000000007,0.1346687581643533
tess2019107181902-prf-4-3-row0513-col2092.fits,4,3,513,2092,0,8,1.0000000000000002,0.13120663972827207
tess2019107181902-prf-4-3-row0513-col2092.fits,4,3,513,2092,1,0,1.0000000000000002,0.12637129826492546
tess2019107181902-prf-4-3-row0513-col2092.fits,4,3,513,2092,1,1,0.9999999999999999,0.12483849040959019
tess2019107181902-prf-4-3-row0513-col2092.fits,4,3,513,2092,1,2,1.0000000000000004,0.1284180316850293
tess2019107181902-prf-4-3-row0513-col2092.fits,4,3,513,2092,1,3,1.0000000000000007,0.13449244253240858
tess2019107181902-prf-4-3-row0513-col2092.fits,4,3,513,2092,1,4,0.9999999999999996,0.1313485425285552
tess2019107181902-prf-4-3-row0513-col2092.fits,4,3,513,2092,1,5,0.9999999999999996,0.12569542527058677
tess2019107181902-prf-4-3-row0513-col2092.fits,4,3,513,2092,1,6,1.0,0.13847378222020515
tess2019107181902-prf-4-3-row0513-col2092.fits,4,3,513,2092,1,7,1.0000000000000004,0.1313669375578753
tess2019107181902-prf-4-3-row0513-col2092.fits,4,3,513,2092,1,8,0.9999999999999997,0.13527868405836552
tess2019107181902-prf-4-3-row0513-col2092.fits,4,3,513,2092,2,0,1.0000000000000007,0.1281470420618519
tess2019107181902-prf-4-3-row0513-col2092.fits,4,3,513,2092,2,1,1.0000000000000002,0.12498931448050618
tess2019107181902-prf-4-3-row0513-col2092.fits,4,3,513,2092,2,2,1.0000000000000002,0.12605430187581435
tess2019107181902-prf-4-3-row0513-col2092.fits,4,3,513,2092,2,3,1.0,0.14103450808370346
tess2019107181902-prf-4-3-row0513-col2092.fits,4,3,513,2092,2,4,1.0,0.1282274564998144
tess2019107181902-prf-4-3-row0513-col2092.fits,4,3,513,2092,2,5,0.9999999999999996,0.12564401611524856
tess2019107181902-prf-4-3-row0513-col2092.fits,4,3,513,2092,2,6,1.0000000000000007,0.12795016413088472
tess2019107181902-prf-4-3-row0513-col2092.fits,4,3,513,2092,2,7,1.0000000000000004,0.13575112592576968
tess2019107181902-prf-4-3-row0513-col2092.fits,4,3,513,2092,2,8,1.0000000000000004,0.12440446054852611
tess2019107181902-prf-4-3-row0513-col2092.fits,4,3,513,2092,3,0,1.0000000000000007,0.12043153634999837
tess2019107181902-prf-4-3-row0513-col2092.fits,4,3,513,2092,3,1,0.9999999999999993,0.11834337550635823
tess2019107181902-prf-4-3-row0513-col2092.fits,4,3,513,2092,3,2,1.0,0.12422185829741747
tess2019107181902-prf-4-3-row0513-col2092.fits,4,3,513,2092,3,3,1.0000000000000004,0.1252067917009361
tess2019107181902-prf-4-3-row0513-col2092.fits,4,3,513,2092,3,4,1.0000000000000009,0.11968090682151343
tess2019107181902-prf-4-3-row0513-col2092.fits,4,3,513,2092,3,5,1.0000000000000004,0.1151080543664651
tess2019107181902-prf-4-3-row0513-col2092.fits,4,3,513,2092,3,6,1.0000000000000009,0.12086236200145295
tess2019107181902-prf-4-3-row0513-col2092.fits,4,3,513,2092,3,7,0.9999999999999998,0.1242797995871407
tess2019107181902-prf-4-3-row0513-col2092.fits,4,3,513,2092,3,8,0.9999999999999993,0.12138149700366069
tess2019107181902-prf-4-3-row0513-col2092.fits,4,3,513,2092,4,0,1.0000000000000002,0.11922914758503834
tess2019107181902-prf-4-3-row0513-col2092.fits,4,3,513,2092,4,1,0.9999999999999996,0.11549113589589154
tess2019107181902-prf-4-3-row0513-col2092.fits,4,3,513,2092,4,2,0.9999999999999999,0.12170457352772379
tess2019107181902-prf-4-3-row0513-col2092.fits,4,3,513,2092,4,3,1.0000000000000007,0.12450641710593366
tess2019107181902-prf-4-3-row0513-col2092.fits,4,3,513,2092,4,4,1.0000000000000002,0.11658445630346836
tess2019107181902-prf-4-3-row0513-col2092.fits,4,3,513,2092,4,5,1.0,0.11823805933634664
tess2019107181902-prf-4-3-row0513-col2092.fits,4,3,513,2092,4,6,1.0000000000000002,0.11297952360483594
tess2019107181902-prf-4-3-row0513-col2092.fits,4,3,513,2092,4,7,0.9999999999999999,0.1195486269907996
tess2019107181902-prf-4-3-row0513-col2092.fits,4,3,513,2092,4,8,0.9999999999999997,0.1239540288439286
tess2019107181902-prf-4-3-row0513-col2092.fits,4,3,513,2092,5,0,1.0000000000000004,0.13113597145072947
tess2019107181902-prf-4-3-row0513-col2092.fits,4,3,513,2092,5,1,1.0000000000000004,0.12707213614357862
tess2019107181902-prf-4-3-row0513-col2092.fits,4,3,513,2092,5,2,1.0000000000000002,0.12709177873907207
tess2019107181902-prf-4-3-row0513-col2092.fits,4,3,513,2092,5,3,1.0,0.12955407245802775
tess2019107181902-prf-4-3-row0513-col2092.fits,4,3,513,2092,5,4,0.9999999999999998,0.12422811038484494
tess2019107181902-prf-4-3-row0513-col2092.fits,4,3,513,2092,5,5,1.0,0.12813617356257662
tess2019107181902-prf-4-3-row0513-col2092.fits,4,3,513,2092,5,6,1.0000000000000004,0.13269451090173537
tess2019107181902-prf-4-3-row0513-col2092.fits,4,3,513,2092,5,7,1.0000000000000007,0.1284557331459769
tess2019107181902-prf-4-3-row0513-col2092.fits,4,3,513,2092,5,8,1.0000000000000002,0.13519754580498483
tess2019107181902-prf-4-3-row0513-col2092.fits,4,3,513,2092,6,0,1.0000000000000004,0.13058714568553115
tess2019107181902-prf-4-3-row0513-col2092.fits,4,3,513,2092,6,1,0.9999999999999993,0.1300885177460323
tess2019107181902-prf-4-3-row0513-col2092.fits,4,3,513,2092,6,2,0.9999999999999996,0.13259994617318152
tess2019107181902-prf-4-3-row0513-col2092.fits,4,3,513,2092,6,3,0.9999999999999998,0.13989727416842343
tess2019107181902-prf-4-3-row0513-col2092.fits,4,3,513,2092,6,4,1.0,0.13510465106843383
tess2019107181902-prf-4-3-row0513-col2092.fits,4,3,513,2092,6,5,0.9999999999999998,0.1274417613003317
tess2019107181902-prf-4-3-row0513-col2092.fits,4,3,513,2092,6,6,1.0000000000000002,0.1414106047784226
tess2019107181902-prf-4-3-row0513-col2092.fits,4,3,513,2092,6,7,0.9999999999999999,0.12664641063548962
tess2019107181902-prf-4-3-row0513-col2092.fits,4,3,513,2092,6,8,1.0000000000000002,0.1291741012964844
tess2019107181902-prf-4-3-row0513-col2092.fits,4,3,513,2092,7,0,1.0000000000000002,0.12996801394006385
tess2019107181902-prf-4-3-row0513-col2092.fits,4,3,513,2092,7,1,1.0000000000000004,0.12220911024212845
tess2019107181902-prf-4-3-row0513-col2092.fits,4,3,513,2092,7,2,1.0000000000000004,0.12644939937360336
tess2019107181902-prf-4-3-row0513-col2092.fits,4,3,513,2092,7,3,1.000000000000001,0.13172633276287352
tess2019107181902-prf-4-3-row0513-col2092.fits,4,3,513,2092,7,4,0.9999999999999998,0.1273049250895999
tess2019107181902-prf-4-3-row0513-col2092.fits,4,3,513,2092,7,5,0.9999999999999996,0.12940047266281018
tess2019107181902-prf-4-3-row0513-col2092.fits,4,3,513,2092,7,6,0.9999999999999999,0.12988417062986987
tess2019107181902-prf-4-3-row0513-col2092.fits,4,3,513,2092,7,7,1.0000000000000004,0.1330324326026658
tess2019107181902-prf-4-3-row0513-col2092.fits,4,3,513,2092,7,8,1.0,0.12425754486617738
tess2019107181902-prf-4-3-row0513-col2092.fits,4,3,513,2092,8,0,1.0,0.1256213941367999
tess2019107181902-prf-4-3-row0513-col2092.fits,4,3,513,2092,8,1,0.9999999999999993,0.12016106141119068
tess2019107181902-prf-4-3-row0513-col2092.fits,4,3,513,2092,8,2,1.0000000000000009,0.12407046181172424
tess2019107181902-prf-4-3-row0513-col2092.fits,4,3,513,2092,8,3,1.0000000000000007,0.13064609473969305
tess2019107181902-prf-4-3-row0513-col2092.fits,4,3,513,2092,8,4,0.9999999999999999,0.11965337605843872
tess2019107181902-prf-4-3-row0513-col2092.fits,4,3,513,2092,8,5,1.0,0.12475862215402801
tess2019107181902-prf-4-3-row0513-col2092.fits,4,3,513,2092,8,6,1.0000000000000002,0.12210618824823474
tess2019107181902-prf-4-3-row0513-col2092.fits,4,3,513,2092,8,7,1.0000000000000004,0.13537221166599145
tess2019107181902-prf-4-3-row0513-col2092.fits,4,3,513,2092,8,8,1.000000000000001,0.11956405507587813
tess2019107181902-prf-4-3-row1025-col0045.fits,4,3,1025,45,0,0,1.0000000000000002,0.08244291106455505
tess2019107181902-prf-4-3-row1025-col0045.fits,4,3,1025,45,0,1,0.9999999999999999,0.08339405312690196
tess2019107181902-prf-4-3-row1025-col0045.fits,4,3,1025,45,0,2,1.0000000000000002,0.09146981365014667
tess2019107181902-prf-4-3-row1025-col0045.fits,4,3,1025,45,0,3,0.9999999999999996,0.09077027448145424
tess2019107181902-prf-4-3-row1025-col0045.fits,4,3,1025,45,0,4,1.0,0.0830690249505669
tess2019107181902-prf-4-3-row1025-col0045.fits,4,3,1025,45,0,5,0.9999999999999992,0.0782222777856967
tess2019107181902-prf-4-3-row1025-col0045.fits,4,3,1025,45,0,6,1.0,0.07843687347927587
tess2019107181902-prf-4-3-row1025-col0045.fits,4,3,1025,45,0,7,0.9999999999999996,0.0833373467683241
tess2019107181902-prf-4-3-row1025-col0045.fits,4,3,1025,45,0,8,1.0,0.08815857384491255
tess2019107181902-prf-4-3-row1025-col0045.fits,4,3,1025,45,1,0,0.9999999999999996,0.08145634907449943
tess2019107181902-prf-4-3-row1025-col0045.fits,4,3,1025,45,1,1,0.9999999999999994,0.08325792752351051
tess2019107181902-prf-4-3-row1025-col0045.fits,4,3,1025,45,1,2,1.0000000000000002,0.08837503984533963
tess2019107181902-prf-4-3-row1025-col0045.fits,4,3,1025,45,1,3,1.0,0.09250715857149128
tess2019107181902-prf-4-3-row1025-col0045.fits,4,3,1025,45,1,4,0.9999999999999996,0.0856507725855562
tess2019107181902-prf-4-3-row1025-col0045.fits,4,3,1025,45,1,5,0.9999999999999994,0.08820353386135905
tess2019107181902-prf-4-3-row1025-col0045.fits,4,3,1025,45,1,6,0.9999999999999997,0.07890920208473567
tess2019107181902-prf-4-3-row1025-col0045.fits,4,3,1025,45,1,7,0.9999999999999996,0.0851177642583685
tess2019107181902-prf-4-3-row1025-col0045.fits,4,3,1025,45,1,8,0.9999999999999997,0.0871155631910035
tess2019107181902-prf-4-3-row1025-col0045.fits,4,3,1025,45,2,0,1.0000000000000002,0.08066922016770253
tess2019107181902-prf-4-3-row1025-col0045.fits,4,3,1025,45,2,1,1.0000000000000002,0.0837598452895977
tess2019107181902-prf-4-3-row1025-col0045.fits,4,3,1025,45,2,2,1.0,0.08947959616170537
tess2019107181902-prf-4-3-row1025-col0045.fits,4,3,1025,45,2,3,1.0000000000000002,0.08909339591679048
tess2019107181902-prf-4-3-row1025-col0045.fits,4,3,1025,45,2,4,0.9999999999999996,0.09168911355162418
tess2019107181902-prf-4-3-row1025-col0045.fits,4,3,1025,45,2,5,1.0,0.0869028978531641
tess2019107181902-prf-4-3-row1025-col0045.fits,4,3,1025,45,2,6,0.9999999999999998,0.08057404517083479
tess2019107181902-prf-4-3-row1025-col0045.fits,4,3,1025,45,2,7,0.9999999999999993,0.08352838346624497
tess2019107181902-prf-4-3-row1025-col0045.fits,4,3,1025,45,2,8,1.0000000000000002,0.08385244809468845
tess2019107181902-prf-4-3-row1025-col0045.fits,4,3,1025,45,3,0,1.0000000000000004,0.08162737562104382
tess2019107181902-prf-4-3-row1025-col0045.fits,4,3,1025,45,3,1,1.0,0.08757254224869442
tess2019107181902-prf-4-3-row1025-col0045.fits,4,3,1025,45,3,2,1.0,0.08571197165402082
tess2019107181902-prf-4-3-row1025-col0045.fits,4,3,1025,45,3,3,1.0000000000000002,0.0912220826577298
tess2019107181902-prf-4-3-row1025-col0045.fits,4,3,1025,45,3,4,0.9999999999999996,0.08718602743815479
tess2019107181902-prf-4-3-row1025-col0045.fits,4,3,1025,45,3,5,1.0,0.07965252963503533
tess2019107181902-prf-4-3-row1025-col0045.fits,4,3,1025,45,3,6,0.9999999999999998,0.08233947334380085
tess2019107181902-prf-4-3-row1025-col0045.fits,4,3,1025,45,3,7,0.9999999999999993,0.08708413311056037
tess2019107181902-prf-4-3-row1025-col0045.fits,4,3,1025,45,3,8,1.0000000000000004,0.09283216784851053
tess2019107181902-prf-4-3-row1025-col0045.fits,4,3,1025,45,4,0,0.9999999999999999,0.08418824477372625
tess2019107181902-prf-4-3-row1025-col0045.fits,4,3,1025,45,4,1,0.9999999999999998,0.09012290254009055
tess2019107181902-prf-4-3-row1025-col0045.fits,4,3,1025,45,4,2,0.9999999999999998,0.08940479947056905
tess2019107181902-prf-4-3-row1025-col0045.fits,4,3,1025,45,4,3,1.0,0.08998732234798953
tess2019107181902-prf-4-3-row1025-col0045.fits,4,3,1025,45,4,4,0.9999999999999998,0.09054881993593838
tess2019107181902-prf-4-3-row1025-col0045.fits,4,3,1025,45,4,5,1.0000000000000004,0.08564490803023925
tess2019107181902-prf-4-3-row1025-col0045.fits,4,3,1025,45,4,6,1.0000000000000002,0.08253145404441985
tess2019107181902-prf-4-3-row1025-col0045.fits,4,3,1025,45,4,7,0.9999999999999997,0.09170960149945975
tess2019107181902-prf-4-3-row1025-col0045.fits,4,3,1025,45,4,8,0.9999999999999998,0.09052924465853465
tess2019107181902-prf-4-3-row1025-col0045.fits,4,3,1025,45,5,0,0.9999999999999997,0.08231355343379687
tess2019107181902-prf-4-3-row1025-col0045.fits,4,3,1025,45,5,1,0.9999999999999999,0.08523836201239993
tess2019107181902-prf-4-3-row1025-col0045.fits,4,3,1025,45,5,2,1.0000000000000002,0.09078429816803016
tess2019107181902-prf-4-3-row1025-col0045.fits,4,3,1025,45,5,3,1.0000000000000002,0.09598082886966082
tess2019107181902-prf-4-3-row1025-col0045.fits,4,3,1025,45,5,4,1.0000000000000009,0.08735119024666141
tess2019107181902-prf-4-3-row1025-col0045.fits,4,3,1025,45,5,5,1.0000000000000004,0.08586563519405808
tess2019107181902-prf-4-3-row1025-col0045.fits,4,3,1025,45,5,6,1.0,0.07636829132080561
tess2019107181902-prf-4-3-row1025-col0045.fits,4,3,1025,45,5,7,0.9999999999999994,0.0825195691228035
tess2019107181902-prf-4-3-row1025-col0045.fits,4,3,1025,45,5,8,1.0,0.08223399601282035
tess2019107181902-prf-4-3-row1025-col0045.fits,4,3,1025,45,6,0,0.9999999999999999,0.08796070294174664
tess2019107181902-prf-4-3-row1025-col0045.fits,4,3,1025,45,6,1,1.0000000000000004,0.07703373850023428
tess2019107181902-prf-4-3-row1025-col0045.fits,4,3,1025,45,6,2,1.0,0.0909572626713138
tess2019107181902-prf-4-3-row1025-col0045.fits,4,3,1025,45,6,3,0.9999999999999996,0.09612317301950613
tess2019107181902-prf-4-3-row1025-col0045.fits,4,3,1025,45,6,4,0.9999999999999996,0.09111705483734786
tess2019107181902-prf-4-3-row1025-col0045.fits,4,3,1025,45,6,5,0.9999999999999996,0.09539990590541081
tess2019107181902-prf-4-3-row1025-col0045.fits,4,3,1025,45,6,6,0.9999999999999996,0.08252035210260988
tess2019107181902-prf-4-3-row1025-col0045.fits,4,3,1025,45,6,7,1.0000000000000009,0.08804053644071705
tess2019107181902-prf-4-3-row1025-col0045.fits,4,3,1025,45,6,8,1.0000000000000002,0.08712850227692673
tess2019107181902-prf-4-3-row1025-col0045.fits,4,3,1025,45,7,0,0.9999999999999996,0.07698725054777548
tess2019107181902-prf-4-3-row1025-col0045.fits,4,3,1025,45,7,1,0.9999999999999997,0.08082322995478372
tess2019107181902-prf-4-3-row1025-col0045.fits,4,3,1025,45,7,2,0.9999999999999998,0.09180515959758179
tess2019107181902-prf-4-3-row1025-col0045.fits,4,3,1025,45,7,3,1.0,0.09328658817152971
tess2019107181902-prf-4-3-row1025-col0045.fits,4,3,1025,45,7,4,1.0000000000000007,0.08924016064296819
tess2019107181902-prf-4-3-row1025-col0045.fits,4,3,1025,45,7,5,1.0000000000000002,0.09530265252768193
tess2019107181902-prf-4-3-row1025-col0045.fits,4,3,1025,45,7,6,0.9999999999999996,0.08251287838069601
tess2019107181902-prf-4-3-row1025-col0045.fits,4,3,1025,45,7,7,0.9999999999999993,0.09345458231352095
tess2019107181902-prf-4-3-row1025-col0045.fits,4,3,1025,45,7,8,1.0000000000000004,0.08598985725951455
tess2019107181902-prf-4-3-row1025-col0045.fits,4,3,1025,45,8,0,1.0000000000000002,0.07869250201391723
tess2019107181902-prf-4-3-row1025-col0045.fits,4,3,1025,45,8,1,0.9999999999999998,0.08375831797026492
tess2019107181902-prf-4-3-row1025-col0045.fits,4,3,1025,45,8,2,1.0000000000000002,0.09449081922847719
tess2019107181902-prf-4-3-row1025-col0045.fits,4,3,1025,45,8,3,0.9999999999999999,0.09715247347812908
tess2019107181902-prf-4-3-row1025-col0045.fits,4,3,1025,45,8,4,1.0,0.08489608956818699
tess2019107181902-prf-4-3-row1025-col0045.fits,4,3,1025,45,8,5,1.0000000000000004,0.0875331879355154
tess2019107181902-prf-4-3-row1025-col0045.fits,4,3,1025,45,8,6,1.0000000000000007,0.07823009554274428
tess2019107181902-prf-4-3-row1025-col0045.fits,4,3,1025,45,8,7,0.9999999999999991,0.08324746127931487
tess2019107181902-prf-4-3-row1025-col0045.fits,4,3,1025,45,8,8,0.9999999999999994,0.08795428227135718
tess2019107181902-prf-4-3-row1025-col0557.fits,4,3,1025,557,0,0,1.0000000000000002,0.10186533749340337
tess2019107181902-prf-4-3-row1025-col0557.fits,4,3,1025,557,0,1,0.9999999999999998,0.09895283520666673
tess2019107181902-prf-4-3-row1025-col0557.fits,4,3,1025,557,0,2,1.0,0.10414848216081617
tess2019107181902-prf-4-3-row1025-col0557.fits,4,3,1025,557,0,3,0.9999999999999999,0.10276321913312264
tess2019107181902-prf-4-3-row1025-col0557.fits,4,3,1025,557,0,4,1.0,0.10466091674225689
tess2019107181902-prf-4-3-row1025-col0557.fits,4,3,1025,557,0,5,1.0000000000000002,0.0998990762262061
tess2019107181902-prf-4-3-row1025-col0557.fits,4,3,1025,557,0,6,1.000000000000001,0.10109594429097044
tess2019107181902-prf-4-3-row1025-col0557.fits,4,3,1025,557,0,7,1.0000000000000007,0.10188057084937428
tess2019107181902-prf-4-3-row1025-col0557.fits,4,3,1025,557,0,8,0.9999999999999996,0.1042508807105572
tess2019107181902-prf-4-3-row1025-col0557.fits,4,3,1025,557,1,0,1.0000000000000002,0.10357506815682113
tess2019107181902-prf-4-3-row1025-col0557.fits,4,3,1025,557,1,1,1.0,0.10721074821349894
tess2019107181902-prf-4-3-row1025-col0557.fits,4,3,1025,557,1,2,1.0000000000000007,0.10942089338034641
tess2019107181902-prf-4-3-row1025-col0557.fits,4,3,1025,557,1,3,1.0000000000000002,0.10939582375246515
tess2019107181902-prf-4-3-row1025-col0557.fits,4,3,1025,557,1,4,0.9999999999999999,0.10755303055798655
tess2019107181902-prf-4-3-row1025-col0557.fits,4,3,1025,557,1,5,1.0,0.11283609426395844
tess2019107181902-prf-4-3-row1025-col0557.fits,4,3,1025,557,1,6,1.0,0.10401830708063158
tess2019107181902-prf-4-3-row1025-col0557.fits,4,3,1025,557,1,7,0.9999999999999997,0.10154317353932947
tess2019107181902-prf-4-3-row1025-col0557.fits,4,3,1025,557,1,8,1.0000000000000004,0.1069676463910712
tess2019107181902-prf-4-3-row1025-col0557.fits,4,3,1025,557,2,0,1.0000000000000002,0.1137801405697556
tess2019107181902-prf-4-3-row1025-col0557.fits,4,3,1025,557,2,1,1.0000000000000002,0.10871252039651681
tess2019107181902-prf-4-3-row1025-col0557.fits,4,3,1025,557,2,2,1.0000000000000009,0.11466020963189436
tess2019107181902-prf-4-3-row1025-col0557.fits,4,3,1025,557,2,3,1.0000000000000004,0.10282435340454538
tess2019107181902-prf-4-3-row1025-col0557.fits,4,3,1025,557,2,4,1.000000000000001,0.10393317008137658
tess2019107181902-prf-4-3-row1025-col0557.fits,4,3,1025,557,2,5,0.9999999999999998,0.1068687710937721
tess2019107181902-prf-4-3-row1025-col0557.fits,4,3,1025,557,2,6,0.9999999999999999,0.10432288316383292
tess2019107181902-prf-4-3-row1025-col0557.fits,4,3,1025,557,2,7,0.9999999999999994,0.0991589617717931
tess2019107181902-prf-4-3-row1025-col0557.fits,4,3,1025,557,2,8,0.9999999999999997,0.11214603058150374
tess2019107181902-prf-4-3-row1025-col0557.fits,4,3,1025,557,3,0,0.9999999999999999,0.11266456060036431
tess2019107181902-prf-4-3-row1025-col0557.fits,4,3,1025,557,3,1,1.0000000000000004,0.10974362277597212
tess2019107181902-prf-4-3-row1025-col0557.fits,4,3,1025,557,3,2,0.9999999999999996,0.11245930136979991
tess2019107181902-prf-4-3-row1025-col0557.fits,4,3,1025,557,3,3,0.9999999999999996,0.0984400375272699
tess2019107181902-prf-4-3-row1025-col0557.fits,4,3,1025,557,3,4,1.0000000000000007,0.10320266221848362
tess2019107181902-prf-4-3-row1025-col0557.fits,4,3,1025,557,3,5,1.0000000000000004,0.10592509325395666
tess2019107181902-prf-4-3-row1025-col0557.fits,4,3,1025,557,3,6,1.0,0.09408678352500138
tess2019107181902-prf-4-3-row1025-col0557.fits,4,3,1025,557,3,7,1.0000000000000007,0.09738673693712367
tess2019107181902-prf-4-3-row1025-col0557.fits,4,3,1025,557,3,8,1.0000000000000004,0.10801285301148791
tess2019107181902-prf-4-3-row1025-col0557.fits,4,3,1025,557,4,0,0.999999999999999,0.11322045710201414
tess2019107181902-prf-4-3-row1025-col0557.fits,4,3,1025,557,4,1,1.0,0.10815783124648672
tess2019107181902-prf-4-3-row1025-col0557.fits,4,3,1025,557,4,2,1.0,0.11077091307707125
tess2019107181902-prf-4-3-row1025-col0557.fits,4,3,1025,557,4,3,1.0,0.10281298628767044
tess2019107181902-prf-4-3-row1025-col0557.fits,4,3,1025,557,4,4,0.9999999999999996,0.10399137581567128
tess2019107181902-prf-4-3-row1025-col0557.fits,4,3,1025,557,4,5,1.0000000000000002,0.11420564985149298
tess2019107181902-prf-4-3-row1025-col0557.fits,4,3,1025,557,4,6,0.9999999999999994,0.09920517682514354
tess2019107181902-prf-4-3-row1025-col0557.fits,4,3,1025,557,4,7,0.9999999999999998,0.10762255039162939
tess2019107181902-prf-4-3-row1025-col0557.fits,4,3,1025,557,4,8,0.9999999999999996,0.11019404389850777
tess2019107181902-prf-4-3-row1025-col0557.fits,4,3,1025,557,5,0,1.0000000000000004,0.11412405537410943
tess2019107181902-prf-4-3-row1025-col0557.fits,4,3,1025,557,5,1,0.9999999999999993,0.11202700095814577
tess2019107181902-prf-4-3-row1025-col0557.fits,4,3,1025,557,5,2,0.9999999999999997,0.10768844147029853
tess2019107181902-prf-4-3-row1025-col0557.fits,4,3,1025,557,5,3,1.0000000000000002,0.11154243125475372
tess2019107181902-prf-4-3-row1025-col0557.fits,4,3,1025,557,5,4,0.9999999999999999,0.10682038706706815
tess2019107181902-prf-4-3-row1025-col0557.fits,4,3,1025,557,5,5,1.0000000000000002,0.10843597126509384
tess2019107181902-prf-4-3-row1025-col0557.fits,4,3,1025,557,5,6,1.0,0.10579819776691399
tess2019107181902-prf-4-3-row1025-col0557.fits,4,3,1025,557,5,7,1.0000000000000002,0.10983406202533755
tess2019107181902-prf-4-3-row1025-col0557.fits,4,3,1025,557,5,8,0.9999999999999999,0.1119406655034411
tess2019107181902-prf-4-3-row1025-col0557.fits,4,3,1025,557,6,0,0.9999999999999998,0.11455480828134748
tess2019107181902-prf-4-3-row1025-col0557.fits,4,3,1025,557,6,1,0.9999999999999993,0.11101562236882205
tess2019107181902-prf-4-3-row1025-col0557.fits,4,3,1025,557,6,2,1.0000000000000007,0.10937530228179812
tess2019107181902-prf-4-3-row1025-col0557.fits,4,3,1025,557,6,3,1.0,0.11349650266927783
tess2019107181902-prf-4-3-row1025-col0557.fits,4,3,1025,557,6,4,0.9999999999999998,0.11056510398802748
tess2019107181902-prf-4-3-row1025-col0557.fits,4,3,1025,557,6,5,0.9999999999999998,0.11795751535928414
tess2019107181902-prf-4-3-row1025-col0557.fits,4,3,1025,557,6,6,1.0000000000000007,0.09958443408781054
tess2019107181902-prf-4-3-row1025-col0557.fits,4,3,1025,557,6,7,1.0000000000000007,0.11196017380770189
tess2019107181902-prf-4-3-row1025-col0557.fits,4,3,1025,557,6,8,1.0,0.11058390306118418
tess2019107181902-prf-4-3-row1025-col0557.fits,4,3,1025,557,7,0,0.9999999999999997,0.11014971463651525
tess2019107181902-prf-4-3-row1025-col0557.fits,4,3,1025,557,7,1,0.9999999999999997,0.10361667829373226
tess2019107181902-prf-4-3-row1025-col0557.fits,4,3,1025,557,7,2,0.9999999999999998,0.10740300824205942
tess2019107181902-prf-4-3-row1025-col0557.fits,4,3,1025,557,7,3,1.0,0.106912061691021
tess2019107181902-prf-4-3-row1025-col0557.fits,4,3,1025,557,7,4,1.0000000000000002,0.10718033803509823
tess2019107181902-prf-4-3-row1025-col0557.fits,4,3,1025,557,7,5,0.9999999999999994,0.10197979484802099
tess2019107181902-prf-4-3-row1025-col0557.fits,4,3,1025,557,7,6,0.9999999999999998,0.09535587270729814
tess2019107181902-prf-4-3-row1025-col0557.fits,4,3,1025,557,7,7,1.0,0.09810262587295135
tess2019107181902-prf-4-3-row1025-col0557.fits,4,3,1025,557,7,8,1.0000000000000002,0.11727944970155627
tess2019107181902-prf-4-3-row1025-col0557.fits,4,3,1025,557,8,0,1.0000000000000004,0.10622293897955534
tess2019107181902-prf-4-3-row1025-col0557.fits,4,3,1025,557,8,1,0.9999999999999997,0.09935048616812281
tess2019107181902-prf-4-3-row1025-col0557.fits,4,3,1025,557,8,2,1.0000000000000004,0.11001938708990718
tess2019107181902-prf-4-3-row1025-col0557.fits,4,3,1025,557,8,3,1.0,0.09603979999506002
tess2019107181902-prf-4-3-row1025-col0557.fits,4,3,1025,557,8,4,0.9999999999999994,0.09632072836785237
tess2019107181902-prf-4-3-row1025-col0557.fits,4,3,1025,557,8,5,0.9999999999999997,0.09548197851822438
tess2019107181902-prf-4-3-row1025-col0557.fits,4,3,1025,557,8,6,0.9999999999999998,0.09244133731675203
tess2019107181902-prf-4-3-row1025-col0557.fits,4,3,1025,557,8,7,0.9999999999999999,0.09973051628656251
tess2019107181902-prf-4-3-row1025-col0557.fits,4,3,1025,557,8,8,1.0000000000000002,0.10511509520760479
tess2019107181902-prf-4-3-row1025-col1069.fits,4,3,1025,1069,0,0,1.0,0.09205685668436536
tess2019107181902-prf-4-3-row1025-col1069.fits,4,3,1025,1069,0,1,1.0000000000000007,0.08409737196735868
tess2019107181902-prf-4-3-row1025-col1069.fits,4,3,1025,1069,0,2,1.0000000000000004,0.0790696085637787
tess2019107181902-prf-4-3-row1025-col1069.fits,4,3,1025,1069,0,3,1.0,0.0760045881147362
tess2019107181902-prf-4-3-row1025-col1069.fits,4,3,1025,1069,0,4,0.9999999999999996,0.07798859002709586
tess2019107181902-prf-4-3-row1025-col1069.fits,4,3,1025,1069,0,5,0.9999999999999991,0.08968613566368953
tess2019107181902-prf-4-3-row1025-col1069.fits,4,3,1025,1069,0,6,0.9999999999999996,0.09254921615068241
tess2019107181902-prf-4-3-row1025-col1069.fits,4,3,1025,1069,0,7,1.0,0.0888527587375027
tess2019107181902-prf-4-3-row1025-col1069.fits,4,3,1025,1069,0,8,1.0,0.0859475882743007
tess2019107181902-prf-4-3-row1025-col1069.fits,4,3,1025,1069,1,0,0.9999999999999999,0.09619242630513652
tess2019107181902-prf-4-3-row1025-col1069.fits,4,3,1025,1069,1,1,1.0000000000000002,0.08587856480194199
tess2019107181902-prf-4-3-row1025-col1069.fits,4,3,1025,1069,1,2,1.0000000000000007,0.08468075463686597
tess2019107181902-prf-4-3-row1025-col1069.fits,4,3,1025,1069,1,3,1.0000000000000002,0.08218564692925209
tess2019107181902-prf-4-3-row1025-col1069.fits,4,3,1025,1069,1,4,1.0,0.08021815390693865
tess2019107181902-prf-4-3-row1025-col1069.fits,4,3,1025,1069,1,5,1.0,0.09590729914490805
tess2019107181902-prf-4-3-row1025-col1069.fits,4,3,1025,1069,1,6,0.9999999999999996,0.0924440539811059
tess2019107181902-prf-4-3-row1025-col1069.fits,4,3,1025,1069,1,7,0.9999999999999998,0.0879509962634554
tess2019107181902-prf-4-3-row1025-col1069.fits,4,3,1025,1069,1,8,1.0000000000000004,0.08985496436350808
tess2019107181902-prf-4-3-row1025-col1069.fits,4,3,1025,1069,2,0,1.0,0.09793502422796943
tess2019107181902-prf-4-3-row1025-col1069.fits,4,3,1025,1069,2,1,0.9999999999999997,0.09082425188079138
tess2019107181902-prf-4-3-row1025-col1069.fits,4,3,1025,1069,2,2,1.0,0.08815675751642929
tess2019107181902-prf-4-3-row1025-col1069.fits,4,3,1025,1069,2,3,0.9999999999999993,0.08264759091129757
tess2019107181902-prf-4-3-row1025-col1069.fits,4,3,1025,1069,2,4,1.0000000000000007,0.08655709250343421
tess2019107181902-prf-4-3-row1025-col1069.fits,4,3,1025,1069,2,5,0.9999999999999996,0.09782246393036767
tess2019107181902-prf-4-3-row1025-col1069.fits,4,3,1025,1069,2,6,1.0000000000000004,0.09412139565661695
tess2019107181902-prf-4-3-row1025-col1069.fits,4,3,1025,1069,2,7,0.9999999999999996,0.08952781510614419
tess2019107181902-prf-4-3-row1025-col1069.fits,4,3,1025,1069,2,8,0.9999999999999998,0.0906404943657596
tess2019107181902-prf-4-3-row1025-col1069.fits,4,3,1025,1069,3,0,1.0,0.09464160216909406
tess2019107181902-prf-4-3-row1025-col1069.fits,4,3,1025,1069,3,1,0.9999999999999994,0.08977859463050636
tess2019107181902-prf-4-3-row1025-col1069.fits,4,3,1025,1069,3,2,0.9999999999999998,0.09063900257511384
tess2019107181902-prf-4-3-row1025-col1069.fits,4,3,1025,1069,3,3,1.0000000000000004,0.08489478788346083
tess2019107181902-prf-4-3-row1025-col1069.fits,4,3,1025,1069,3,4,1.0000000000000007,0.08480891603660518
tess2019107181902-prf-4-3-row1025-col1069.fits,4,3,1025,1069,3,5,0.9999999999999999,0.0986191951829781
tess2019107181902-prf-4-3-row1025-col1069.fits,4,3,1025,1069,3,6,1.0,0.08887006728616295
tess2019107181902-prf-4-3-row1025-col1069.fits,4,3,1025,1069,3,7,1.0000000000000004,0.08481154945694411
tess2019107181902-prf-4-3-row1025-col1069.fits,4,3,1025,1069,3,8,1.0,0.08848126313518523
tess2019107181902-prf-4-3-row1025-col1069.fits,4,3,1025,1069,4,0,1.0000000000000004,0.09710470922872735
tess2019107181902-prf-4-3-row1025-col1069.fits,4,3,1025,1069,4,1,1.0000000000000004,0.08757416878523056
tess2019107181902-prf-4-3-row1025-col1069.fits,4,3,1025,1069,4,2,1.0,0.0905692824697997
tess2019107181902-prf-4-3-row1025-col1069.fits,4,3,1025,1069,4,3,0.9999999999999999,0.07886082999409029
tess2019107181902-prf-4-3-row1025-col1069.fits,4,3,1025,1069,4,4,1.0000000000000013,0.08256225197970773
tess2019107181902-prf-4-3-row1025-col1069.fits,4,3,1025,1069,4,5,0.9999999999999998,0.09371969620302498
tess2019107181902-prf-4-3-row1025-col1069.fits,4,3,1025,1069,4,6,0.9999999999999988,0.08808685756695026
tess2019107181902-prf-4-3-row1025-col1069.fits,4,3,1025,1069,4,7,0.9999999999999993,0.08286121571426719
tess2019107181902-prf-4-3-row1025-col1069.fits,4,3,1025,1069,4,8,1.0000000000000007,0.08390874533062206
tess2019107181902-prf-4-3-row1025-col1069.fits,4,3,1025,1069,5,0,0.9999999999999998,0.09432812993342979
tess2019107181902-prf-4-3-row1025-col1069.fits,4,3,1025,1069,5,1,1.0,0.08983491415713635
tess2019107181902-prf-4-3-row1025-col1069.fits,4,3,1025,1069,5,2,1.0000000000000002,0.08737634720541965
tess2019107181902-prf-4-3-row1025-col1069.fits,4,3,1025,1069,5,3,0.9999999999999996,0.08308468635923866
tess2019107181902-prf-4-3-row1025-col1069.fits,4,3,1025,1069,5,4,0.9999999999999996,0.08564999379906287
tess2019107181902-prf-4-3-row1025-col1069.fits,4,3,1025,1069,5,5,1.0000000000000002,0.09956441999021104
tess2019107181902-prf-4-3-row1025-col1069.fits,4,3,1025,1069,5,6,1.0,0.09354714551533272
tess2019107181902-prf-4-3-row1025-col1069.fits,4,3,1025,1069,5,7,1.0,0.0850808120080507
tess2019107181902-prf-4-3-row1025-col1069.fits,4,3,1025,1069,5,8,1.0000000000000004,0.08336836948164089
tess2019107181902-prf-4-3-row1025-col1069.fits,4,3,1025,1069,6,0,0.9999999999999999,0.09132904787624714
tess2019107181902-prf-4-3-row1025-col1069.fits,4,3,1025,1069,6,1,0.9999999999999998,0.09173505931393072
tess2019107181902-prf-4-3-row1025-col1069.fits,4,3,1025,1069,6,2,0.9999999999999998,0.09183711661302717
tess2019107181902-prf-4-3-row1025-col1069.fits,4,3,1025,1069,6,3,0.9999999999999996,0.08545137320343857
tess2019107181902-prf-4-3-row1025-col1069.fits,4,3,1025,1069,6,4,0.9999999999999998,0.08974025236617586
tess2019107181902-prf-4-3-row1025-col1069.fits,4,3,1025,1069,6,5,1.0,0.09902979416765939
tess2019107181902-prf-4-3-row1025-col1069.fits,4,3,1025,1069,6,6,0.9999999999999991,0.09461902481659876
tess2019107181902-prf-4-3-row1025-col1069.fits,4,3,1025,1069,6,7,1.0000000000000007,0.08812493507140111
tess2019107181902-prf-4-3-row1025-col1069.fits,4,3,1025,1069,6,8,0.9999999999999996,0.09095716247451757
tess2019107181902-prf-4-3-row1025-col1069.fits,4,3,1025,1069,7,0,0.9999999999999998,0.09522558212822152
tess2019107181902-prf-4-3-row1025-col1069.fits,4,3,1025,1069,7,1,1.0,0.09087314688614867
tess2019107181902-prf-4-3-row1025-col1069.fits,4,3,1025,1069,7,2,1.0000000000000004,0.08750245963256827
tess2019107181902-prf-4-3-row1025-col1069.fits,4,3,1025,1069,7,3,0.9999999999999999,0.08210142101881905
tess2019107181902-prf-4-3-row1025-col1069.fits,4,3,1025,1069,7,4,0.9999999999999998,0.08127035264506192
tess2019107181902-prf-4-3-row1025-col1069.fits,4,3,1025,1069,7,5,1.0000000000000004,0.0991168275827384
tess2019107181902-prf-4-3-row1025-col1069.fits,4,3,1025,1069,7,6,1.0000000000000004,0.09343345437514256
tess2019107181902-prf-4-3-row1025-col1069.fits,4,3,1025,1069,7,7,0.9999999999999996,0.09002570516935061
tess2019107181902-prf-4-3-row1025-col1069.fits,4,3,1025,1069,7,8,1.0,0.08422031661692474
tess2019107181902-prf-4-3-row1025-col1069.fits,4,3,1025,1069,8,0,1.0,0.08716932867468333
tess2019107181902-prf-4-3-row1025-col1069.fits,4,3,1025,1069,8,1,0.9999999999999993,0.08483747959608243
tess2019107181902-prf-4-3-row1025-col1069.fits,4,3,1025,1069,8,2,1.0000000000000002,0.0808832591202472
tess2019107181902-prf-4-3-row1025-col1069.fits,4,3,1025,1069,8,3,1.0000000000000004,0.07566598455177506
tess2019107181902-prf-4-3-row1025-col1069.fits,4,3,1025,1069,8,4,0.9999999999999998,0.07717269202321944
tess2019107181902-prf-4-3-row1025-col1069.fits,4,3,1025,1069,8,5,1.0000000000000002,0.09048773777981586
tess2019107181902-prf-4-3-row1025-col1069.fits,4,3,1025,1069,8,6,0.9999999999999998,0.09323320542757874
tess2019107181902-prf-4-3-row1025-col1069.fits,4,3,1025,1069,8,7,0.9999999999999998,0.08655230552528916
tess2019107181902-prf-4-3-row1025-col1069.fits,4,3,1025,1069,8,8,0.9999999999999996,0.08552171538068677
tess2019107181902-prf-4-3-row1025-col1580.fits,4,3,1025,1580,0,0,1.0000000000000004,0.1142842204382573
tess2019107181902-prf-4-3-row1025-col1580.fits,4,3,1025,1580,0,1,0.9999999999999997,0.11088419672397222
tess2019107181902-prf-4-3-row1025-col1580.fits,4,3,1025,1580,0,2,1.0000000000000002,0.10838194675109505
tess2019107181902-prf-4-3-row1025-col1580.fits,4,3,1025,1580,0,3,0.9999999999999998,0.1195703895376293
tess2019107181902-prf-4-3-row1025-col1580.fits,4,3,1025,1580,0,4,1.0000000000000002,0.10573136668839553
tess2019107181902-prf-4-3-row1025-col1580.fits,4,3,1025,1580,0,5,1.0000000000000004,0.10532631470205446
tess2019107181902-prf-4-3-row1025-col1580.fits,4,3,1025,1580,0,6,0.9999999999999999,0.10427862141499118
tess2019107181902-prf-4-3-row1025-col1580.fits,4,3,1025,1580,0,7,1.0,0.10766651315264462
tess2019107181902-prf-4-3-row1025-col1580.fits,4,3,1025,1580,0,8,0.9999999999999991,0.10812678816708235
tess2019107181902-prf-4-3-row1025-col1580.fits,4,3,1025,1580,1,0,0.9999999999999997,0.11256148914358079
tess2019107181902-prf-4-3-row1025-col1580.fits,4,3,1025,1580,1,1,1.0,0.10590285970050793
tess2019107181902-prf-4-3-row1025-col1580.fits,4,3,1025,1580,1,2,1.0,0.10604140080380972
tess2019107181902-prf-4-3-row1025-col1580.fits,4,3,1025,1580,1,3,1.0000000000000002,0.11719403070962231
tess2019107181902-prf-4-3-row1025-col1580.fits,4,3,1025,1580,1,4,0.9999999999999998,0.10669545281131942
tess2019107181902-prf-4-3-row1025-col1580.fits,4,3,1025,1580,1,5,0.9999999999999994,0.1021594990579179
tess2019107181902-prf-4-3-row1025-col1580.fits,4,3,1025,1580,1,6,0.9999999999999993,0.10453289219244508
tess2019107181902-prf-4-3-row1025-col1580.fits,4,3,1025,1580,1,7,1.0,0.10719882726625826
tess2019107181902-prf-4-3-row1025-col1580.fits,4,3,1025,1580,1,8,0.9999999999999997,0.10494682772219893
tess2019107181902-prf-4-3-row1025-col1580.fits,4,3,1025,1580,2,0,1.0000000000000007,0.1102090415609169
tess2019107181902-prf-4-3-row1025-col1580.fits,4,3,1025,1580,2,1,0.9999999999999998,0.11248285172395037
tess2019107181902-prf-4-3-row1025-col1580.fits,4,3,1025,1580,2,2,0.9999999999999993,0.10940143830810944
tess2019107181902-prf-4-3-row1025-col1580.fits,4,3,1025,1580,2,3,0.9999999999999997,0.11085482958284404
tess2019107181902-prf-4-3-row1025-col1580.fits,4,3,1025,1580,2,4,1.0,0.1042654165963606
tess2019107181902-prf-4-3-row1025-col1580.fits,4,3,1025,1580,2,5,0.9999999999999997,0.09969752052811229
tess2019107181902-prf-4-3-row1025-col1580.fits,4,3,1025,1580,2,6,0.9999999999999993,0.10565858519429085
tess2019107181902-prf-4-3-row1025-col1580.fits,4,3,1025,1580,2,7,1.0000000000000004,0.1036500347062322
tess2019107181902-prf-4-3-row1025-col1580.fits,4,3,1025,1580,2,8,1.0000000000000002,0.1074310031008191
tess2019107181902-prf-4-3-row1025-col1580.fits,4,3,1025,1580,3,0,0.9999999999999998,0.11052838924089875
tess2019107181902-prf-4-3-row1025-col1580.fits,4,3,1025,1580,3,1,0.9999999999999998,0.10693307932174051
tess2019107181902-prf-4-3-row1025-col1580.fits,4,3,1025,1580,3,2,1.0000000000000002,0.11112201595682858
tess2019107181902-prf-4-3-row1025-col1580.fits,4,3,1025,1580,3,3,1.0000000000000004,0.11174329815834601
tess2019107181902-prf-4-3-row1025-col1580.fits,4,3,1025,1580,3,4,0.9999999999999996,0.10046751054564138
tess2019107181902-prf-4-3-row1025-col1580.fits,4,3,1025,1580,3,5,1.0,0.10109228447824246
tess2019107181902-prf-4-3-row1025-col1580.fits,4,3,1025,1580,3,6,0.9999999999999994,0.10359132364761217
tess2019107181902-prf-4-3-row1025-col1580.fits,4,3,1025,1580,3,7,1.0000000000000004,0.10481291956499064
tess2019107181902-prf-4-3-row1025-col1580.fits,4,3,1025,1580,3,8,0.9999999999999998,0.10996871128752964
tess2019107181902-prf-4-3-row1025-col1580.fits,4,3,1025,1580,4,0,0.999999999999999,0.10565095970197044
tess2019107181902-prf-4-3-row1025-col1580.fits,4,3,1025,1580,4,1,1.0,0.10186981341454983
tess2019107181902-prf-4-3-row1025-col1580.fits,4,3,1025,1580,4,2,1.0000000000000004,0.10627689816890218
tess2019107181902-prf-4-3-row1025-col1580.fits,4,3,1025,1580,4,3,1.0000000000000002,0.11894246306008602
tess2019107181902-prf-4-3-row1025-col1580.fits,4,3,1025,1580,4,4,1.0,0.10350713993107313
tess2019107181902-prf-4-3-row1025-col1580.fits,4,3,1025,1580,4,5,1.0,0.09679869980603466
tess2019107181902-prf-4-3-row1025-col1580.fits,4,3,1025,1580,4,6,1.0,0.10079722579419825
tess2019107181902-prf-4-3-row1025-col1580.fits,4,3,1025,1580,4,7,1.0,0.09786172506777228
tess2019107181902-prf-4-3-row1025-col1580.fits,4,3,1025,1580,4,8,1.0000000000000007,0.11067892176242473
tess2019107181902-prf-4-3-row1025-col1580.fits,4,3,1025,1580,5,0,1.0,0.10210017116469168
tess2019107181902-prf-4-3-row1025-col1580.fits,4,3,1025,1580,5,1,1.0000000000000004,0.10588333781889957
tess2019107181902-prf-4-3-row1025-col1580.fits,4,3,1025,1580,5,2,1.0000000000000007,0.10590702507400436
tess2019107181902-prf-4-3-row1025-col1580.fits,4,3,1025,1580,5,3,1.0000000000000007,0.10532767681695616
tess2019107181902-prf-4-3-row1025-col1580.fits,4,3,1025,1580,5,4,0.9999999999999997,0.09783132969477619
tess2019107181902-prf-4-3-row1025-col1580.fits,4,3,1025,1580,5,5,1.0,0.09265287803961053
tess2019107181902-prf-4-3-row1025-col1580.fits,4,3,1025,1580,5,6,1.0,0.09923718879856468
tess2019107181902-prf-4-3-row1025-col1580.fits,4,3,1025,1580,5,7,1.0000000000000002,0.10147800123795173
tess2019107181902-prf-4-3-row1025-col1580.fits,4,3,1025,1580,5,8,1.0000000000000002,0.10960636609116552
tess2019107181902-prf-4-3-row1025-col1580.fits,4,3,1025,1580,6,0,1.0000000000000004,0.1017064635302333
tess2019107181902-prf-4-3-row1025-col1580.fits,4,3,1025,1580,6,1,0.9999999999999996,0.10979637999789486
tess2019107181902-prf-4-3-row1025-col1580.fits,4,3,1025,1580,6,2,0.9999999999999997,0.10923188659310859
tess2019107181902-prf-4-3-row1025-col1580.fits,4,3,1025,1580,6,3,1.0,0.11141206525603821
tess2019107181902-prf-4-3-row1025-col1580.fits,4,3,1025,1580,6,4,1.0,0.0995063187818375
tess2019107181902-prf-4-3-row1025-col1580.fits,4,3,1025,1580,6,5,0.9999999999999998,0.09822116263912692
tess2019107181902-prf-4-3-row1025-col1580.fits,4,3,1025,1580,6,6,1.0,0.1001636361625155
tess2019107181902-prf-4-3-row1025-col1580.fits,4,3,1025,1580,6,7,1.0000000000000004,0.10443283102957572
tess2019107181902-prf-4-3-row1025-col1580.fits,4,3,1025,1580,6,8,1.0000000000000009,0.11175280666162882
tess2019107181902-prf-4-3-row1025-col1580.fits,4,3,1025,1580,7,0,0.9999999999999997,0.11327952327171502
tess2019107181902-prf-4-3-row1025-col1580.fits,4,3,1025,1580,7,1,0.9999999999999996,0.110499616538588
tess2019107181902-prf-4-3-row1025-col1580.fits,4,3,1025,1580,7,2,0.9999999999999999,0.1085457435652758
tess2019107181902-prf-4-3-row1025-col1580.fits,4,3,1025,1580,7,3,1.0000000000000004,0.1171521891762811
tess2019107181902-prf-4-3-row1025-col1580.fits,4,3,1025,1580,7,4,1.0,0.10350782015969645
tess2019107181902-prf-4-3-row1025-col1580.fits,4,3,1025,1580,7,5,1.0000000000000002,0.10813217920256536
tess2019107181902-prf-4-3-row1025-col1580.fits,4,3,1025,1580,7,6,1.0,0.102684292088893
tess2019107181902-prf-4-3-row1025-col1580.fits,4,3,1025,1580,7,7,1.0,0.10688667751202453
tess2019107181902-prf-4-3-row1025-col1580.fits,4,3,1025,1580,7,8,1.0000000000000004,0.11557288776361849
tess2019107181902-prf-4-3-row1025-col1580.fits,4,3,1025,1580,8,0,0.9999999999999997,0.10410449500791685
tess2019107181902-prf-4-3-row1025-col1580.fits,4,3,1025,1580,8,1,0.9999999999999996,0.10375565455278109
tess2019107181902-prf-4-3-row1025-col1580.fits,4,3,1025,1580,8,2,0.9999999999999998,0.10679214303662231
tess2019107181902-prf-4-3-row1025-col1580.fits,4,3,1025,1580,8,3,0.9999999999999994,0.1143088027085991
tess2019107181902-prf-4-3-row1025-col1580.fits,4,3,1025,1580,8,4,1.0,0.10184000718482925
tess2019107181902-prf-4-3-row1025-col1580.fits,4,3,1025,1580,8,5,1.0,0.10170194383160039
tess2019107181902-prf-4-3-row1025-col1580.fits,4,3,1025,1580,8,6,0.9999999999999993,0.10106715623013199
tess2019107181902-prf-4-3-row1025-col1580.fits,4,3,1025,1580,8,7,0.9999999999999998,0.10506216157867279
tess2019107181902-prf-4-3-row1025-col1580.fits,4,3,1025,1580,8,8,0.9999999999999998,0.11185938269820923
tess2019107181902-prf-4-3-row1025-col2092.fits,4,3,1025,2092,0,0,1.0,0.09135462358013319
tess2019107181902-prf-4-3-row1025-col2092.fits,4,3,1025,2092,0,1,1.0000000000000004,0.10499962468650333
tess2019107181902-prf-4-3-row1025-col2092.fits,4,3,1025,2092,0,2,1.0000000000000002,0.1012974911048393
tess2019107181902-prf-4-3-row1025-col2092.fits,4,3,1025,2092,0,3,1.0,0.08884876933501476
tess2019107181902-prf-4-3-row1025-col2092.fits,4,3,1025,2092,0,4,1.0000000000000004,0.09925215370029561
tess2019107181902-prf-4-3-row1025-col2092.fits,4,3,1025,2092,0,5,1.0000000000000004,0.09615438443786857
tess2019107181902-prf-4-3-row1025-col2092.fits,4,3,1025,2092,0,6,1.0,0.09059931595187162
tess2019107181902-prf-4-3-row1025-col2092.fits,4,3,1025,2092,0,7,0.9999999999999999,0.09200236037293347
tess2019107181902-prf-4-3-row1025-col2092.fits,4,3,1025,2092,0,8,0.9999999999999999,0.09967407405060838
tess2019107181902-prf-4-3-row1025-col2092.fits,4,3,1025,2092,1,0,1.0000000000000007,0.09954176776494249
tess2019107181902-prf-4-3-row1025-col2092.fits,4,3,1025,2092,1,1,0.9999999999999998,0.10712522940066686
tess2019107181902-prf-4-3-row1025-col2092.fits,4,3,1025,2092,1,2,0.9999999999999998,0.10579551405485974
tess2019107181902-prf-4-3-row1025-col2092.fits,4,3,1025,2092,1,3,1.0000000000000009,0.10155145638188653
tess2019107181902-prf-4-3-row1025-col2092.fits,4,3,1025,2092,1,4,0.9999999999999997,0.10476825714434801
tess2019107181902-prf-4-3-row1025-col2092.fits,4,3,1025,2092,1,5,1.0,0.09969697621262127
tess2019107181902-prf-4-3-row1025-col2092.fits,4,3,1025,2092,1,6,0.9999999999999998,0.09899706228029939
tess2019107181902-prf-4-3-row1025-col2092.fits,4,3,1025,2092,1,7,0.9999999999999998,0.10243900758714061
tess2019107181902-prf-4-3-row1025-col2092.fits,4,3,1025,2092,1,8,1.0000000000000004,0.10419459331687594
tess2019107181902-prf-4-3-row1025-col2092.fits,4,3,1025,2092,2,0,0.9999999999999994,0.09648551759331492
tess2019107181902-prf-4-3-row1025-col2092.fits,4,3,1025,2092,2,1,1.0,0.10928893317083038
tess2019107181902-prf-4-3-row1025-col2092.fits,4,3,1025,2092,2,2,1.0000000000000002,0.10071545479548658
tess2019107181902-prf-4-3-row1025-col2092.fits,4,3,1025,2092,2,3,0.9999999999999993,0.09937682910499823
tess2019107181902-prf-4-3-row1025-col2092.fits,4,3,1025,2092,2,4,1.0,0.09668924769393318
tess2019107181902-prf-4-3-row1025-col2092.fits,4,3,1025,2092,2,5,1.0,0.09683790171075
tess2019107181902-prf-4-3-row1025-col2092.fits,4,3,1025,2092,2,6,0.9999999999999996,0.09187069240281354
tess2019107181902-prf-4-3-row1025-col2092.fits,4,3,1025,2092,2,7,1.0000000000000004,0.09909753235310634
tess2019107181902-prf-4-3-row1025-col2092.fits,4,3,1025,2092,2,8,1.0,0.1057500646860242
tess2019107181902-prf-4-3-row1025-col2092.fits,4,3,1025,2092,3,0,1.0000000000000002,0.08685489821772532
tess2019107181902-prf-4-3-row1025-col2092.fits,4,3,1025,2092,3,1,0.9999999999999999,0.10185707337994218
tess2019107181902-prf-4-3-row1025-col2092.fits,4,3,1025,2092,3,2,0.9999999999999991,0.09802509961821174
tess2019107181902-prf-4-3-row1025-col2092.fits,4,3,1025,2092,3,3,0.9999999999999998,0.09783740133862147
tess2019107181902-prf-4-3-row1025-col2092.fits,4,3,1025,2092,3,4,0.9999999999999993,0.10210822418547004
tess2019107181902-prf-4-3-row1025-col2092.fits,4,3,1025,2092,3,5,0.9999999999999996,0.09738529721977357
tess2019107181902-prf-4-3-row1025-col2092.fits,4,3,1025,2092,3,6,1.0,0.08888043955216549
tess2019107181902-prf-4-3-row1025-col2092.fits,4,3,1025,2092,3,7,0.9999999999999997,0.09193379234375278
tess2019107181902-prf-4-3-row1025-col2092.fits,4,3,1025,2092,3,8,1.0000000000000007,0.09579717609187408
tess2019107181902-prf-4-3-row1025-col2092.fits,4,3,1025,2092,4,0,1.0000000000000004,0.09082034162530292
tess2019107181902-prf-4-3-row1025-col2092.fits,4,3,1025,2092,4,1,0.9999999999999996,0.0994907284249565
tess2019107181902-prf-4-3-row1025-col2092.fits,4,3,1025,2092,4,2,1.0000000000000002,0.09674312936494128
tess2019107181902-prf-4-3-row1025-col2092.fits,4,3,1025,2092,4,3,0.9999999999999999,0.09088366145739722
tess2019107181902-prf-4-3-row1025-col2092.fits,4,3,1025,2092,4,4,1.0000000000000007,0.09433799595314202
tess2019107181902-prf-4-3-row1025-col2092.fits,4,3,1025,2092,4,5,1.0000000000000004,0.08878317703250663
tess2019107181902-prf-4-3-row1025-col2092.fits,4,3,1025,2092,4,6,0.9999999999999996,0.08316015226490442
tess2019107181902-prf-4-3-row1025-col2092.fits,4,3,1025,2092,4,7,0.9999999999999998,0.08899690575109925
tess2019107181902-prf-4-3-row1025-col2092.fits,4,3,1025,2092,4,8,0.9999999999999999,0.09657426998359377
tess2019107181902-prf-4-3-row1025-col2092.fits,4,3,1025,2092,5,0,1.0,0.08924845229395782
tess2019107181902-prf-4-3-row1025-col2092.fits,4,3,1025,2092,5,1,0.9999999999999998,0.10140083887670014
tess2019107181902-prf-4-3-row1025-col2092.fits,4,3,1025,2092,5,2,1.0000000000000002,0.09103488287794019
tess2019107181902-prf-4-3-row1025-col2092.fits,4,3,1025,2092,5,3,0.9999999999999998,0.09261314516592696
tess2019107181902-prf-4-3-row1025-col2092.fits,4,3,1025,2092,5,4,1.0000000000000004,0.09208080529887863
tess2019107181902-prf-4-3-row1025-col2092.fits,4,3,1025,2092,5,5,1.0,0.0893330761454218
tess2019107181902-prf-4-3-row1025-col2092.fits,4,3,1025,2092,5,6,1.0000000000000002,0.07988996252617853
tess2019107181902-prf-4-3-row1025-col2092.fits,4,3,1025,2092,5,7,0.9999999999999996,0.09419029785537515
tess2019107181902-prf-4-3-row1025-col2092.fits,4,3,1025,2092,5,8,1.0,0.09989520973572467
tess2019107181902-prf-4-3-row1025-col2092.fits,4,3,1025,2092,6,0,0.9999999999999999,0.09651276461161121
tess2019107181902-prf-4-3-row1025-col2092.fits,4,3,1025,2092,6,1,1.0000000000000002,0.09631472954050538
tess2019107181902-prf-4-3-row1025-col2092.fits,4,3,1025,2092,6,2,1.0000000000000004,0.09716893898540198
tess2019107181902-prf-4-3-row1025-col2092.fits,4,3,1025,2092,6,3,0.9999999999999999,0.09320249124109013
tess2019107181902-prf-4-3-row1025-col2092.fits,4,3,1025,2092,6,4,0.9999999999999997,0.09315846078072307
tess2019107181902-prf-4-3-row1025-col2092.fits,4,3,1025,2092,6,5,1.0,0.0912217052387531
tess2019107181902-prf-4-3-row1025-col2092.fits,4,3,1025,2092,6,6,0.9999999999999999,0.08176829021571788
tess2019107181902-prf-4-3-row1025-col2092.fits,4,3,1025,2092,6,7,1.0000000000000007,0.09581154778918863
tess2019107181902-prf-4-3-row1025-col2092.fits,4,3,1025,2092,6,8,0.9999999999999998,0.09906668584197588
tess2019107181902-prf-4-3-row1025-col2092.fits,4,3,1025,2092,7,0,0.9999999999999997,0.09496619688688525
tess2019107181902-prf-4-3-row1025-col2092.fits,4,3,1025,2092,7,1,1.0,0.09654163624165506
tess2019107181902-prf-4-3-row1025-col2092.fits,4,3,1025,2092,7,2,1.0,0.09756305079040323
tess2019107181902-prf-4-3-row1025-col2092.fits,4,3,1025,2092,7,3,0.9999999999999996,0.08953236074461057
tess2019107181902-prf-4-3-row1025-col2092.fits,4,3,1025,2092,7,4,0.9999999999999999,0.0933341153340205
tess2019107181902-prf-4-3-row1025-col2092.fits,4,3,1025,2092,7,5,0.9999999999999996,0.09074934554893303
tess2019107181902-prf-4-3-row1025-col2092.fits,4,3,1025,2092,7,6,1.0,0.08454794145697875
tess2019107181902-prf-4-3-row1025-col2092.fits,4,3,1025,2092,7,7,1.0,0.09375417628790078
tess2019107181902-prf-4-3-row1025-col2092.fits,4,3,1025,2092,7,8,1.0,0.09479732063507987
tess2019107181902-prf-4-3-row1025-col2092.fits,4,3,1025,2092,8,0,0.9999999999999996,0.08234285883646947
tess2019107181902-prf-4-3-row1025-col2092.fits,4,3,1025,2092,8,1,1.0000000000000009,0.09833927591108427
tess2019107181902-prf-4-3-row1025-col2092.fits,4,3,1025,2092,8,2,1.0,0.09756103266663675
tess2019107181902-prf-4-3-row1025-col2092.fits,4,3,1025,2092,8,3,0.9999999999999993,0.0897081404520225
tess2019107181902-prf-4-3-row1025-col2092.fits,4,3,1025,2092,8,4,1.0000000000000004,0.09272218457487505
tess2019107181902-prf-4-3-row1025-col2092.fits,4,3,1025,2092,8,5,1.0,0.09017757948689423
tess2019107181902-prf-4-3-row1025-col2092.fits,4,3,1025,2092,8,6,1.0000000000000004,0.08742958081791205
tess2019107181902-prf-4-3-row1025-col2092.fits,4,3,1025,2092,8,7,1.0000000000000004,0.09203935113762507
tess2019107181902-prf-4-3-row1025-col2092.fits,4,3,1025,2092,8,8,1.0,0.09720238223144248
tess2019107181902-prf-4-3-row1536-col0045.fits,4,3,1536,45,0,0,1.0000000000000002,0.07278359275359075
tess2019107181902-prf-4-3-row1536-col0045.fits,4,3,1536,45,0,1,1.0,0.07306431052634837
tess2019107181902-prf-4-3-row1536-col0045.fits,4,3,1536,45,0,2,1.0000000000000004,0.06632405832605065
tess2019107181902-prf-4-3-row1536-col0045.fits,4,3,1536,45,0,3,1.0000000000000007,0.07149419833305107
tess2019107181902-prf-4-3-row1536-col0045.fits,4,3,1536,45,0,4,1.0000000000000002,0.07552496061453211
tess2019107181902-prf-4-3-row1536-col0045.fits,4,3,1536,45,0,5,0.9999999999999997,0.07932064258471952
tess2019107181902-prf-4-3-row1536-col0045.fits,4,3,1536,45,0,6,0.9999999999999996,0.08562510263544003
tess2019107181902-prf-4-3-row1536-col0045.fits,4,3,1536,45,0,7,1.0000000000000004,0.09207306301827929
tess2019107181902-prf-4-3-row1536-col0045.fits,4,3,1536,45,0,8,1.0000000000000004,0.07443621837510891
tess2019107181902-prf-4-3-row1536-col0045.fits,4,3,1536,45,1,0,1.0,0.07754289601289992
tess2019107181902-prf-4-3-row1536-col0045.fits,4,3,1536,45,1,1,1.0000000000000004,0.08446382834308361
tess2019107181902-prf-4-3-row1536-col0045.fits,4,3,1536,45,1,2,0.9999999999999998,0.0712499991373638
tess2019107181902-prf-4-3-row1536-col0045.fits,4,3,1536,45,1,3,1.0,0.07572065676086184
tess2019107181902-prf-4-3-row1536-col0045.fits,4,3,1536,45,1,4,0.9999999999999997,0.07693621726073434
tess2019107181902-prf-4-3-row1536-col0045.fits,4,3,1536,45,1,5,1.0000000000000009,0.08236974190294816
tess2019107181902-prf-4-3-row1536-col0045.fits,4,3,1536,45,1,6,1.0,0.08558546327917692
tess2019107181902-prf-4-3-row1536-col0045.fits,4,3,1536,45,1,7,1.0000000000000004,0.0885776660613869
tess2019107181902-prf-4-3-row1536-col0045.fits,4,3,1536,45,1,8,1.0000000000000002,0.07924349104090242
tess2019107181902-prf-4-3-row1536-col0045.fits,4,3,1536,45,2,0,0.9999999999999996,0.08121130807301578
tess2019107181902-prf-4-3-row1536-col0045.fits,4,3,1536,45,2,1,1.0000000000000004,0.08269071059569139
tess2019107181902-prf-4-3-row1536-col0045.fits,4,3,1536,45,2,2,1.0000000000000007,0.07318133397139637
tess2019107181902-prf-4-3-row1536-col0045.fits,4,3,1536,45,2,3,0.9999999999999998,0.07322102112162371
tess2019107181902-prf-4-3-row1536-col0045.fits,4,3,1536,45,2,4,1.0,0.08057592707400946
tess2019107181902-prf-4-3-row1536-col0045.fits,4,3,1536,45,2,5,1.0000000000000002,0.08488846366108099
tess2019107181902-prf-4-3-row1536-col0045.fits,4,3,1536,45,2,6,1.0,0.08647977922277687
tess2019107181902-prf-4-3-row1536-col0045.fits,4,3,1536,45,2,7,0.9999999999999998,0.0887414379355391
tess2019107181902-prf-4-3-row1536-col0045.fits,4,3,1536,45,2,8,0.9999999999999999,0.07882319951171221
tess2019107181902-prf-4-3-row1536-col0045.fits,4,3,1536,45,3,0,1.0,0.07550603850282611
tess2019107181902-prf-4-3-row1536-col0045.fits,4,3,1536,45,3,1,0.9999999999999994,0.07656663788178192
tess2019107181902-prf-4-3-row1536-col0045.fits,4,3,1536,45,3,2,0.9999999999999997,0.07077112475687171
tess2019107181902-prf-4-3-row1536-col0045.fits,4,3,1536,45,3,3,0.9999999999999996,0.07837768734216395
tess2019107181902-prf-4-3-row1536-col0045.fits,4,3,1536,45,3,4,1.0,0.08012296969993771
tess2019107181902-prf-4-3-row1536-col0045.fits,4,3,1536,45,3,5,0.9999999999999996,0.08036721357319018
tess2019107181902-prf-4-3-row1536-col0045.fits,4,3,1536,45,3,6,1.0,0.07989396512061206
tess2019107181902-prf-4-3-row1536-col0045.fits,4,3,1536,45,3,7,0.9999999999999996,0.08419637774417457
tess2019107181902-prf-4-3-row1536-col0045.fits,4,3,1536,45,3,8,1.0000000000000007,0.07584710050965268
tess2019107181902-prf-4-3-row1536-col0045.fits,4,3,1536,45,4,0,0.9999999999999999,0.07854182547264524
tess2019107181902-prf-4-3-row1536-col0045.fits,4,3,1536,45,4,1,1.0000000000000004,0.07723297424538254
tess2019107181902-prf-4-3-row1536-col0045.fits,4,3,1536,45,4,2,1.0,0.07554659928940012
tess2019107181902-prf-4-3-row1536-col0045.fits,4,3,1536,45,4,3,1.0000000000000002,0.08042653763365
tess2019107181902-prf-4-3-row1536-col0045.fits,4,3,1536,45,4,4,0.9999999999999998,0.0812364068984633
tess2019107181902-prf-4-3-row1536-col0045.fits,4,3,1536,45,4,5,0.9999999999999998,0.08479422019276249
tess2019107181902-prf-4-3-row1536-col0045.fits,4,3,1536,45,4,6,0.9999999999999997,0.08602447577265912
tess2019107181902-prf-4-3-row1536-col0045.fits,4,3,1536,45,4,7,1.0,0.08920738276341719
tess2019107181902-prf-4-3-row1536-col0045.fits,4,3,1536,45,4,8,0.9999999999999994,0.07614355167898888
tess2019107181902-prf-4-3-row1536-col0045.fits,4,3,1536,45,5,0,1.0,0.08065654834140576
tess2019107181902-prf-4-3-row1536-col0045.fits,4,3,1536,45,5,1,0.9999999999999998,0.08598154763493246
tess2019107181902-prf-4-3-row1536-col0045.fits,4,3,1536,45,5,2,1.0000000000000007,0.07829884323896155
tess2019107181902-prf-4-3-row1536-col0045.fits,4,3,1536,45,5,3,0.9999999999999993,0.08049395465414286
tess2019107181902-prf-4-3-row1536-col0045.fits,4,3,1536,45,5,4,0.9999999999999996,0.08565052659694769
tess2019107181902-prf-4-3-row1536-col0045.fits,4,3,1536,45,5,5,0.9999999999999996,0.08573144726184172
tess2019107181902-prf-4-3-row1536-col0045.fits,4,3,1536,45,5,6,1.0,0.0913985924635074
tess2019107181902-prf-4-3-row1536-col0045.fits,4,3,1536,45,5,7,1.0000000000000007,0.09457920678046068
tess2019107181902-prf-4-3-row1536-col0045.fits,4,3,1536,45,5,8,1.0000000000000004,0.08068528464086458
tess2019107181902-prf-4-3-row1536-col0045.fits,4,3,1536,45,6,0,1.0,0.07583374827162323
tess2019107181902-prf-4-3-row1536-col0045.fits,4,3,1536,45,6,1,0.9999999999999998,0.08395119078643812
tess2019107181902-prf-4-3-row1536-col0045.fits,4,3,1536,45,6,2,1.0000000000000002,0.08188167325236405
tess2019107181902-prf-4-3-row1536-col0045.fits,4,3,1536,45,6,3,0.9999999999999992,0.0829638324900171
tess2019107181902-prf-4-3-row1536-col0045.fits,4,3,1536,45,6,4,0.9999999999999998,0.08462066297661255
tess2019107181902-prf-4-3-row1536-col0045.fits,4,3,1536,45,6,5,1.0,0.09107727997505488
tess2019107181902-prf-4-3-row1536-col0045.fits,4,3,1536,45,6,6,0.9999999999999998,0.08997632637198769
tess2019107181902-prf-4-3-row1536-col0045.fits,4,3,1536,45,6,7,0.9999999999999994,0.09434283682820926
tess2019107181902-prf-4-3-row1536-col0045.fits,4,3,1536,45,6,8,0.9999999999999998,0.08211703078929483
tess2019107181902-prf-4-3-row1536-col0045.fits,4,3,1536,45,7,0,1.0,0.076002505141805
tess2019107181902-prf-4-3-row1536-col0045.fits,4,3,1536,45,7,1,1.0,0.08172405464657617
tess2019107181902-prf-4-3-row1536-col0045.fits,4,3,1536,45,7,2,1.0,0.07670034018016997
tess2019107181902-prf-4-3-row1536-col0045.fits,4,3,1536,45,7,3,0.9999999999999991,0.07655655338583514
tess2019107181902-prf-4-3-row1536-col0045.fits,4,3,1536,45,7,4,1.0000000000000004,0.07956186330286819
tess2019107181902-prf-4-3-row1536-col0045.fits,4,3,1536,45,7,5,0.9999999999999999,0.08552540310307807
tess2019107181902-prf-4-3-row1536-col0045.fits,4,3,1536,45,7,6,1.0000000000000004,0.08493700344406205
tess2019107181902-prf-4-3-row1536-col0045.fits,4,3,1536,45,7,7,1.0,0.08845082537909636
tess2019107181902-prf-4-3-row1536-col0045.fits,4,3,1536,45,7,8,1.0000000000000004,0.07339432115316195
tess2019107181902-prf-4-3-row1536-col0045.fits,4,3,1536,45,8,0,0.9999999999999999,0.0706864812518147
tess2019107181902-prf-4-3-row1536-col0045.fits,4,3,1536,45,8,1,0.9999999999999998,0.07419146061235536
tess2019107181902-prf-4-3-row1536-col0045.fits,4,3,1536,45,8,2,0.9999999999999998,0.06938889008201538
tess2019107181902-prf-4-3-row1536-col0045.fits,4,3,1536,45,8,3,1.0000000000000004,0.07302818380907489
tess2019107181902-prf-4-3-row1536-col0045.fits,4,3,1536,45,8,4,1.0,0.07460844219772289
tess2019107181902-prf-4-3-row1536-col0045.fits,4,3,1536,45,8,5,0.9999999999999996,0.08175630487192448
tess2019107181902-prf-4-3-row1536-col0045.fits,4,3,1536,45,8,6,1.0,0.08622942530312121
tess2019107181902-prf-4-3-row1536-col0045.fits,4,3,1536,45,8,7,1.0,0.0831143132740768
tess2019107181902-prf-4-3-row1536-col0045.fits,4,3,1536,45,8,8,0.9999999999999997,0.07351778975819892
tess2019107181902-prf-4-3-row1536-col0557.fits,4,3,1536,557,0,0,0.9999999999999997,0.09069147601729334
tess2019107181902-prf-4-3-row1536-col0557.fits,4,3,1536,557,0,1,1.0000000000000002,0.09173999680574219
tess2019107181902-prf-4-3-row1536-col0557.fits,4,3,1536,557,0,2,0.9999999999999997,0.09251986857208289
tess2019107181902-prf-4-3-row1536-col0557.fits,4,3,1536,557,0,3,1.0000000000000002,0.09566459093279818
tess2019107181902-prf-4-3-row1536-col0557.fits,4,3,1536,557,0,4,1.0000000000000002,0.09681103621340992
tess2019107181902-prf-4-3-row1536-col0557.fits,4,3,1536,557,0,5,0.9999999999999999,0.09337509544614338
tess2019107181902-prf-4-3-row1536-col0557.fits,4,3,1536,557,0,6,1.0000000000000007,0.09505829035353225
tess2019107181902-prf-4-3-row1536-col0557.fits,4,3,1536,557,0,7,0.9999999999999999,0.09591971074585287
tess2019107181902-prf-4-3-row1536-col0557.fits,4,3,1536,557,0,8,0.9999999999999996,0.0940161892026841
tess2019107181902-prf-4-3-row1536-col0557.fits,4,3,1536,557,1,0,1.0000000000000002,0.08752011331085002
tess2019107181902-prf-4-3-row1536-col0557.fits,4,3,1536,557,1,1,0.9999999999999999,0.09259382155849105
tess2019107181902-prf-4-3-row1536-col0557.fits,4,3,1536,557,1,2,1.0,0.09565024327173667
tess2019107181902-prf-4-3-row1536-col0557.fits,4,3,1536,557,1,3,0.9999999999999996,0.0948386585436445
tess2019107181902-prf-4-3-row1536-col0557.fits,4,3,1536,557,1,4,1.0000000000000004,0.09558251171572357
tess2019107181902-prf-4-3-row1536-col0557.fits,4,3,1536,557,1,5,1.0000000000000002,0.09336102824606285
tess2019107181902-prf-4-3-row1536-col0557.fits,4,3,1536,557,1,6,0.9999999999999998,0.09852099673214049
tess2019107181902-prf-4-3-row1536-col0557.fits,4,3,1536,557,1,7,0.9999999999999999,0.09711548297407405
tess2019107181902-prf-4-3-row1536-col0557.fits,4,3,1536,557,1,8,0.9999999999999999,0.10414903841068865
tess2019107181902-prf-4-3-row1536-col0557.fits,4,3,1536,557,2,0,1.0000000000000002,0.09336064085824755
tess2019107181902-prf-4-3-row1536-col0557.fits,4,3,1536,557,2,1,0.9999999999999999,0.09590734840282808
tess2019107181902-prf-4-3-row1536-col0557.fits,4,3,1536,557,2,2,1.0,0.09286628713940942
tess2019107181902-prf-4-3-row1536-col0557.fits,4,3,1536,557,2,3,1.0000000000000002,0.09694899254432907
tess2019107181902-prf-4-3-row1536-col0557.fits,4,3,1536,557,2,4,0.9999999999999993,0.10076447030177081
tess2019107181902-prf-4-3-row1536-col0557.fits,4,3,1536,557,2,5,1.0000000000000009,0.09325400580022698
tess2019107181902-prf-4-3-row1536-col0557.fits,4,3,1536,557,2,6,1.0000000000000004,0.09171844269200731
tess2019107181902-prf-4-3-row1536-col0557.fits,4,3,1536,557,2,7,1.0000000000000004,0.09932789038092663
tess2019107181902-prf-4-3-row1536-col0557.fits,4,3,1536,557,2,8,0.999999999999999,0.10211295902182353
tess2019107181902-prf-4-3-row1536-col0557.fits,4,3,1536,557,3,0,0.9999999999999998,0.0973531218141133
tess2019107181902-prf-4-3-row1536-col0557.fits,4,3,1536,557,3,1,1.0,0.09768567354190565
tess2019107181902-prf-4-3-row1536-col0557.fits,4,3,1536,557,3,2,1.0000000000000002,0.09740934929859914
tess2019107181902-prf-4-3-row1536-col0557.fits,4,3,1536,557,3,3,1.0,0.10014927390206868
tess2019107181902-prf-4-3-row1536-col0557.fits,4,3,1536,557,3,4,1.0000000000000004,0.09542306130574588
tess2019107181902-prf-4-3-row1536-col0557.fits,4,3,1536,557,3,5,0.9999999999999999,0.09390176489997172
tess2019107181902-prf-4-3-row1536-col0557.fits,4,3,1536,557,3,6,0.9999999999999994,0.09347938287637819
tess2019107181902-prf-4-3-row1536-col0557.fits,4,3,1536,557,3,7,0.9999999999999996,0.0954955524186043
tess2019107181902-prf-4-3-row1536-col0557.fits,4,3,1536,557,3,8,0.9999999999999997,0.11007598494232256
tess2019107181902-prf-4-3-row1536-col0557.fits,4,3,1536,557,4,0,0.9999999999999993,0.09584257107739774
tess2019107181902-prf-4-3-row1536-col0557.fits,4,3,1536,557,4,1,1.0000000000000009,0.09595569740931673
tess2019107181902-prf-4-3-row1536-col0557.fits,4,3,1536,557,4,2,1.0000000000000002,0.09876500928143214
tess2019107181902-prf-4-3-row1536-col0557.fits,4,3,1536,557,4,3,0.9999999999999998,0.09593830077427182
tess2019107181902-prf-4-3-row1536-col0557.fits,4,3,1536,557,4,4,0.9999999999999998,0.09854375603874099
tess2019107181902-prf-4-3-row1536-col0557.fits,4,3,1536,557,4,5,0.9999999999999996,0.1027801378768957
tess2019107181902-prf-4-3-row1536-col0557.fits,4,3,1536,557,4,6,0.9999999999999997,0.0982089630047535
tess2019107181902-prf-4-3-row1536-col0557.fits,4,3,1536,557,4,7,1.0,0.09546744435658579
tess2019107181902-prf-4-3-row1536-col0557.fits,4,3,1536,557,4,8,1.0,0.10195618508282142
tess2019107181902-prf-4-3-row1536-col0557.fits,4,3,1536,557,5,0,0.9999999999999997,0.08674612719617536
tess2019107181902-prf-4-3-row1536-col0557.fits,4,3,1536,557,5,1,0.9999999999999997,0.09534063199386424
tess2019107181902-prf-4-3-row1536-col0557.fits,4,3,1536,557,5,2,0.9999999999999998,0.09619806623061014
tess2019107181902-prf-4-3-row1536-col0557.fits,4,3,1536,557,5,3,0.9999999999999997,0.09621202381294847
tess2019107181902-prf-4-3-row1536-col0557.fits,4,3,1536,557,5,4,0.9999999999999992,0.10624353563128716
tess2019107181902-prf-4-3-row1536-col0557.fits,4,3,1536,557,5,5,0.9999999999999996,0.10291034772295113
tess2019107181902-prf-4-3-row1536-col0557.fits,4,3,1536,557,5,6,1.0,0.0997864182158602
tess2019107181902-prf-4-3-row1536-col0557.fits,4,3,1536,557,5,7,0.9999999999999998,0.097625131589138
tess2019107181902-prf-4-3-row1536-col0557.fits,4,3,1536,557,5,8,0.9999999999999993,0.10129231264164418
tess2019107181902-prf-4-3-row1536-col0557.fits,4,3,1536,557,6,0,1.0,0.09251403806803268
tess2019107181902-prf-4-3-row1536-col0557.fits,4,3,1536,557,6,1,1.0,0.09598071347588613
tess2019107181902-prf-4-3-row1536-col0557.fits,4,3,1536,557,6,2,0.9999999999999996,0.1033172196746356
tess2019107181902-prf-4-3-row1536-col0557.fits,4,3,1536,557,6,3,1.0,0.10464910237241751
tess2019107181902-prf-4-3-row1536-col0557.fits,4,3,1536,557,6,4,1.0,0.10920491614338289
tess2019107181902-prf-4-3-row1536-col0557.fits,4,3,1536,557,6,5,1.0000000000000004,0.09632710993085815
tess2019107181902-prf-4-3-row1536-col0557.fits,4,3,1536,557,6,6,0.9999999999999998,0.10164010618016986
tess2019107181902-prf-4-3-row1536-col0557.fits,4,3,1536,557,6,7,1.0,0.09784975482274386
tess2019107181902-prf-4-3-row1536-col0557.fits,4,3,1536,557,6,8,1.0,0.10217569748834586
tess2019107181902-prf-4-3-row1536-col0557.fits,4,3,1536,557,7,0,1.0,0.09722195211850601
tess2019107181902-prf-4-3-row1536-col0557.fits,4,3,1536,557,7,1,0.9999999999999997,0.09998788094331269
tess2019107181902-prf-4-3-row1536-col0557.fits,4,3,1536,557,7,2,1.0000000000000002,0.09920626863359218
tess2019107181902-prf-4-3-row1536-col0557.fits,4,3,1536,557,7,3,1.0,0.101357361939887
tess2019107181902-prf-4-3-row1536-col0557.fits,4,3,1536,557,7,4,0.9999999999999999,0.10413738270131226
tess2019107181902-prf-4-3-row1536-col0557.fits,4,3,1536,557,7,5,1.0000000000000009,0.09588493309049215
tess2019107181902-prf-4-3-row1536-col0557.fits,4,3,1536,557,7,6,0.9999999999999999,0.10259036700788796
tess2019107181902-prf-4-3-row1536-col0557.fits,4,3,1536,557,7,7,1.0000000000000007,0.10307841265935513
tess2019107181902-prf-4-3-row1536-col0557.fits,4,3,1536,557,7,8,0.9999999999999993,0.1130666799129984
tess2019107181902-prf-4-3-row1536-col0557.fits,4,3,1536,557,8,0,0.9999999999999998,0.09275061106180088
tess2019107181902-prf-4-3-row1536-col0557.fits,4,3,1536,557,8,1,0.9999999999999996,0.0964342193793035
tess2019107181902-prf-4-3-row1536-col0557.fits,4,3,1536,557,8,2,0.9999999999999999,0.09751549607055361
tess2019107181902-prf-4-3-row1536-col0557.fits,4,3,1536,557,8,3,1.0,0.09955256878704608
tess2019107181902-prf-4-3-row1536-col0557.fits,4,3,1536,557,8,4,1.0000000000000004,0.10173895328163968
tess2019107181902-prf-4-3-row1536-col0557.fits,4,3,1536,557,8,5,1.0000000000000004,0.09476752481827527
tess2019107181902-prf-4-3-row1536-col0557.fits,4,3,1536,557,8,6,1.0,0.10228959313487078
tess2019107181902-prf-4-3-row1536-col0557.fits,4,3,1536,557,8,7,1.000000000000001,0.10625747475264632
tess2019107181902-prf-4-3-row1536-col0557.fits,4,3,1536,557,8,8,0.9999999999999999,0.10071442137635628
tess2019107181902-prf-4-3-row1536-col1069.fits,4,3,1536,1069,0,0,1.0000000000000007,0.09374124441713375
tess2019107181902-prf-4-3-row1536-col1069.fits,4,3,1536,1069,0,1,1.0000000000000002,0.09523298167842364
tess2019107181902-prf-4-3-row1536-col1069.fits,4,3,1536,1069,0,2,1.0,0.10532628160034536
tess2019107181902-prf-4-3-row1536-col1069.fits,4,3,1536,1069,0,3,0.9999999999999999,0.09709286628544496
tess2019107181902-prf-4-3-row1536-col1069.fits,4,3,1536,1069,0,4,0.9999999999999994,0.10839416566657582
tess2019107181902-prf-4-3-row1536-col1069.fits,4,3,1536,1069,0,5,0.9999999999999999,0.11401476011361694
tess2019107181902-prf-4-3-row1536-col1069.fits,4,3,1536,1069,0,6,0.9999999999999999,0.0925698450885058
tess2019107181902-prf-4-3-row1536-col1069.fits,4,3,1536,1069,0,7,0.9999999999999994,0.0881955829064855
tess2019107181902-prf-4-3-row1536-col1069.fits,4,3,1536,1069,0,8,1.0,0.09422203563492747
tess2019107181902-prf-4-3-row1536-col1069.fits,4,3,1536,1069,1,0,1.0000000000000002,0.09554103592758965
tess2019107181902-prf-4-3-row1536-col1069.fits,4,3,1536,1069,1,1,1.0000000000000002,0.09711646175006297
tess2019107181902-prf-4-3-row1536-col1069.fits,4,3,1536,1069,1,2,0.9999999999999989,0.09928901840336986
tess2019107181902-prf-4-3-row1536-col1069.fits,4,3,1536,1069,1,3,1.0000000000000002,0.09804845646027524
tess2019107181902-prf-4-3-row1536-col1069.fits,4,3,1536,1069,1,4,0.9999999999999998,0.10821713515158282
tess2019107181902-prf-4-3-row1536-col1069.fits,4,3,1536,1069,1,5,1.0000000000000004,0.10938571526456141
tess2019107181902-prf-4-3-row1536-col1069.fits,4,3,1536,1069,1,6,0.9999999999999996,0.09810645084809823
tess2019107181902-prf-4-3-row1536-col1069.fits,4,3,1536,1069,1,7,1.0000000000000004,0.09123051872812123
tess2019107181902-prf-4-3-row1536-col1069.fits,4,3,1536,1069,1,8,1.0,0.09989165370081043
tess2019107181902-prf-4-3-row1536-col1069.fits,4,3,1536,1069,2,0,1.0,0.09282501517728241
tess2019107181902-prf-4-3-row1536-col1069.fits,4,3,1536,1069,2,1,0.9999999999999999,0.0958568782017947
tess2019107181902-prf-4-3-row1536-col1069.fits,4,3,1536,1069,2,2,0.9999999999999998,0.09696649612714345
tess2019107181902-prf-4-3-row1536-col1069.fits,4,3,1536,1069,2,3,0.9999999999999998,0.08890890140336126
tess2019107181902-prf-4-3-row1536-col1069.fits,4,3,1536,1069,2,4,0.9999999999999996,0.10522485244372529
tess2019107181902-prf-4-3-row1536-col1069.fits,4,3,1536,1069,2,5,0.9999999999999999,0.10133066253785492
tess2019107181902-prf-4-3-row1536-col1069.fits,4,3,1536,1069,2,6,0.9999999999999996,0.0866056867739983
tess2019107181902-prf-4-3-row1536-col1069.fits,4,3,1536,1069,2,7,0.9999999999999998,0.08899855708551624
tess2019107181902-prf-4-3-row1536-col1069.fits,4,3,1536,1069,2,8,1.0,0.0912887612995519
tess2019107181902-prf-4-3-row1536-col1069.fits,4,3,1536,1069,3,0,1.0000000000000004,0.09304528428831366
tess2019107181902-prf-4-3-row1536-col1069.fits,4,3,1536,1069,3,1,0.9999999999999993,0.09683960610320735
tess2019107181902-prf-4-3-row1536-col1069.fits,4,3,1536,1069,3,2,0.9999999999999999,0.09676425465850857
tess2019107181902-prf-4-3-row1536-col1069.fits,4,3,1536,1069,3,3,0.9999999999999999,0.09043799872803088
tess2019107181902-prf-4-3-row1536-col1069.fits,4,3,1536,1069,3,4,0.9999999999999998,0.10111921780649902
tess2019107181902-prf-4-3-row1536-col1069.fits,4,3,1536,1069,3,5,1.0,0.08874185932882994
tess2019107181902-prf-4-3-row1536-col1069.fits,4,3,1536,1069,3,6,0.9999999999999999,0.08209379618657635
tess2019107181902-prf-4-3-row1536-col1069.fits,4,3,1536,1069,3,7,1.0000000000000004,0.08440589460360126
tess2019107181902-prf-4-3-row1536-col1069.fits,4,3,1536,1069,3,8,0.9999999999999996,0.08653715886242846
tess2019107181902-prf-4-3-row1536-col1069.fits,4,3,1536,1069,4,0,1.0000000000000004,0.08922731522615351
tess2019107181902-prf-4-3-row1536-col1069.fits,4,3,1536,1069,4,1,0.9999999999999996,0.09149250245962301
tess2019107181902-prf-4-3-row1536-col1069.fits,4,3,1536,1069,4,2,1.0,0.09768321011218423
tess2019107181902-prf-4-3-row1536-col1069.fits,4,3,1536,1069,4,3,0.9999999999999998,0.08686922681656797
tess2019107181902-prf-4-3-row1536-col1069.fits,4,3,1536,1069,4,4,1.0000000000000004,0.09747686956687487
tess2019107181902-prf-4-3-row1536-col1069.fits,4,3,1536,1069,4,5,1.0000000000000004,0.08600385648418063
tess2019107181902-prf-4-3-row1536-col1069.fits,4,3,1536,1069,4,6,0.9999999999999996,0.08973540731924003
tess2019107181902-prf-4-3-row1536-col1069.fits,4,3,1536,1069,4,7,0.9999999999999996,0.08385803473159395
tess2019107181902-prf-4-3-row1536-col1069.fits,4,3,1536,1069,4,8,0.9999999999999998,0.08767672592473476
tess2019107181902-prf-4-3-row1536-col1069.fits,4,3,1536,1069,5,0,1.0,0.08658559035504068
tess2019107181902-prf-4-3-row1536-col1069.fits,4,3,1536,1069,5,1,0.9999999999999998,0.09161787859480236
tess2019107181902-prf-4-3-row1536-col1069.fits,4,3,1536,1069,5,2,1.0000000000000004,0.09495181963801942
tess2019107181902-prf-4-3-row1536-col1069.fits,4,3,1536,1069,5,3,0.9999999999999999,0.0900284786456601
tess2019107181902-prf-4-3-row1536-col1069.fits,4,3,1536,1069,5,4,1.0000000000000004,0.10498165731590145
tess2019107181902-prf-4-3-row1536-col1069.fits,4,3,1536,1069,5,5,0.9999999999999992,0.09115100382625527
tess2019107181902-prf-4-3-row1536-col1069.fits,4,3,1536,1069,5,6,0.9999999999999998,0.08531900047800561
tess2019107181902-prf-4-3-row1536-col1069.fits,4,3,1536,1069,5,7,1.0000000000000002,0.08125100583223957
tess2019107181902-prf-4-3-row1536-col1069.fits,4,3,1536,1069,5,8,0.9999999999999994,0.09372433960831636
tess2019107181902-prf-4-3-row1536-col1069.fits,4,3,1536,1069,6,0,0.9999999999999997,0.09209813379587692
tess2019107181902-prf-4-3-row1536-col1069.fits,4,3,1536,1069,6,1,0.9999999999999996,0.09159010630046008
tess2019107181902-prf-4-3-row1536-col1069.fits,4,3,1536,1069,6,2,0.9999999999999999,0.09887660461678063
tess2019107181902-prf-4-3-row1536-col1069.fits,4,3,1536,1069,6,3,1.0000000000000009,0.0942603028617767
tess2019107181902-prf-4-3-row1536-col1069.fits,4,3,1536,1069,6,4,1.0000000000000007,0.10499806542654609
tess2019107181902-prf-4-3-row1536-col1069.fits,4,3,1536,1069,6,5,0.9999999999999996,0.10208114389003584
tess2019107181902-prf-4-3-row1536-col1069.fits,4,3,1536,1069,6,6,1.0000000000000007,0.09123629445716741
tess2019107181902-prf-4-3-row1536-col1069.fits,4,3,1536,1069,6,7,0.9999999999999998,0.09223831403539674
tess2019107181902-prf-4-3-row1536-col1069.fits,4,3,1536,1069,6,8,1.0000000000000002,0.09745482912076672
tess2019107181902-prf-4-3-row1536-col1069.fits,4,3,1536,1069,7,0,0.9999999999999994,0.09603840510676957
tess2019107181902-prf-4-3-row1536-col1069.fits,4,3,1536,1069,7,1,0.9999999999999998,0.10246569793987217
tess2019107181902-prf-4-3-row1536-col1069.fits,4,3,1536,1069,7,2,0.9999999999999997,0.10805474483887431
tess2019107181902-prf-4-3-row1536-col1069.fits,4,3,1536,1069,7,3,1.0000000000000004,0.10420459184430253
tess2019107181902-prf-4-3-row1536-col1069.fits,4,3,1536,1069,7,4,0.9999999999999998,0.11262294469795411
tess2019107181902-prf-4-3-row1536-col1069.fits,4,3,1536,1069,7,5,0.9999999999999996,0.10705742956730162
tess2019107181902-prf-4-3-row1536-col1069.fits,4,3,1536,1069,7,6,1.0000000000000002,0.09350439438525104
tess2019107181902-prf-4-3-row1536-col1069.fits,4,3,1536,1069,7,7,1.0000000000000002,0.08798230121889032
tess2019107181902-prf-4-3-row1536-col1069.fits,4,3,1536,1069,7,8,0.9999999999999998,0.10055098219609551
tess2019107181902-prf-4-3-row1536-col1069.fits,4,3,1536,1069,8,0,0.9999999999999999,0.09773209741723211
tess2019107181902-prf-4-3-row1536-col1069.fits,4,3,1536,1069,8,1,0.9999999999999996,0.09834179920251963
tess2019107181902-prf-4-3-row1536-col1069.fits,4,3,1536,1069,8,2,0.9999999999999993,0.10471866894272078
tess2019107181902-prf-4-3-row1536-col1069.fits,4,3,1536,1069,8,3,0.9999999999999999,0.10052379867562916
tess2019107181902-prf-4-3-row1536-col1069.fits,4,3,1536,1069,8,4,0.9999999999999996,0.10751927860329172
tess2019107181902-prf-4-3-row1536-col1069.fits,4,3,1536,1069,8,5,1.0,0.10750201649563142
tess2019107181902-prf-4-3-row1536-col1069.fits,4,3,1536,1069,8,6,1.0,0.089225938220243
tess2019107181902-prf-4-3-row1536-col1069.fits,4,3,1536,1069,8,7,0.9999999999999997,0.08729362569318165
tess2019107181902-prf-4-3-row1536-col1069.fits,4,3,1536,1069,8,8,0.9999999999999998,0.09583549061596543
tess2019107181902-prf-4-3-row1536-col1580.fits,4,3,1536,1580,0,0,0.9999999999999997,0.10280465151401086
tess2019107181902-prf-4-3-row1536-col1580.fits,4,3,1536,1580,0,1,0.9999999999999998,0.09066802770249231
tess2019107181902-prf-4-3-row1536-col1580.fits,4,3,1536,1580,0,2,0.9999999999999998,0.0896545875410364
tess2019107181902-prf-4-3-row1536-col1580.fits,4,3,1536,1580,0,3,1.0,0.08446790784907571
tess2019107181902-prf-4-3-row1536-col1580.fits,4,3,1536,1580,0,4,1.0000000000000002,0.08279375634221553
tess2019107181902-prf-4-3-row1536-col1580.fits,4,3,1536,1580,0,5,0.9999999999999996,0.08182160508376767
tess2019107181902-prf-4-3-row1536-col1580.fits,4,3,1536,1580,0,6,0.9999999999999994,0.0903480322761058
tess2019107181902-prf-4-3-row1536-col1580.fits,4,3,1536,1580,0,7,1.0000000000000007,0.0822346656801402
tess2019107181902-prf-4-3-row1536-col1580.fits,4,3,1536,1580,0,8,1.0000000000000002,0.09443707990790341
tess2019107181902-prf-4-3-row1536-col1580.fits,4,3,1536,1580,1,0,0.9999999999999997,0.10404452654356325
tess2019107181902-prf-4-3-row1536-col1580.fits,4,3,1536,1580,1,1,1.0000000000000007,0.08896398613148548
tess2019107181902-prf-4-3-row1536-col1580.fits,4,3,1536,1580,1,2,1.0000000000000002,0.08532359159831052
tess2019107181902-prf-4-3-row1536-col1580.fits,4,3,1536,1580,1,3,0.9999999999999999,0.0857335827711922
tess2019107181902-prf-4-3-row1536-col1580.fits,4,3,1536,1580,1,4,0.9999999999999996,0.08026688743186802
tess2019107181902-prf-4-3-row1536-col1580.fits,4,3,1536,1580,1,5,1.0000000000000002,0.08533480553534806
tess2019107181902-prf-4-3-row1536-col1580.fits,4,3,1536,1580,1,6,1.0000000000000002,0.09193121565374093
tess2019107181902-prf-4-3-row1536-col1580.fits,4,3,1536,1580,1,7,1.0000000000000002,0.08650492218607284
tess2019107181902-prf-4-3-row1536-col1580.fits,4,3,1536,1580,1,8,0.9999999999999998,0.09232718246004268
tess2019107181902-prf-4-3-row1536-col1580.fits,4,3,1536,1580,2,0,1.0,0.10622242830134393
tess2019107181902-prf-4-3-row1536-col1580.fits,4,3,1536,1580,2,1,0.9999999999999997,0.08677488925528806
tess2019107181902-prf-4-3-row1536-col1580.fits,4,3,1536,1580,2,2,0.9999999999999997,0.08469559243412049
tess2019107181902-prf-4-3-row1536-col1580.fits,4,3,1536,1580,2,3,0.9999999999999996,0.08286697659680281
tess2019107181902-prf-4-3-row1536-col1580.fits,4,3,1536,1580,2,4,1.0000000000000002,0.08128081319684471
tess2019107181902-prf-4-3-row1536-col1580.fits,4,3,1536,1580,2,5,1.0000000000000002,0.08425073036909296
tess2019107181902-prf-4-3-row1536-col1580.fits,4,3,1536,1580,2,6,0.9999999999999996,0.08915130896122161
tess2019107181902-prf-4-3-row1536-col1580.fits,4,3,1536,1580,2,7,1.0000000000000002,0.08412076580977457
tess2019107181902-prf-4-3-row1536-col1580.fits,4,3,1536,1580,2,8,0.9999999999999992,0.09108371918373329
tess2019107181902-prf-4-3-row1536-col1580.fits,4,3,1536,1580,3,0,1.0,0.10759943321857184
tess2019107181902-prf-4-3-row1536-col1580.fits,4,3,1536,1580,3,1,1.0,0.08094143064592713
tess2019107181902-prf-4-3-row1536-col1580.fits,4,3,1536,1580,3,2,0.9999999999999996,0.08226476086269319
tess2019107181902-prf-4-3-row1536-col1580.fits,4,3,1536,1580,3,3,1.0,0.08835068007922618
tess2019107181902-prf-4-3-row1536-col1580.fits,4,3,1536,1580,3,4,1.0000000000000007,0.08732627557186651
tess2019107181902-prf-4-3-row1536-col1580.fits,4,3,1536,1580,3,5,1.0000000000000004,0.08185907302906717
tess2019107181902-prf-4-3-row1536-col1580.fits,4,3,1536,1580,3,6,1.0000000000000002,0.07850050846254555
tess2019107181902-prf-4-3-row1536-col1580.fits,4,3,1536,1580,3,7,1.0,0.08132531123032533
tess2019107181902-prf-4-3-row1536-col1580.fits,4,3,1536,1580,3,8,0.9999999999999996,0.08984039282270526
tess2019107181902-prf-4-3-row1536-col1580.fits,4,3,1536,1580,4,0,0.9999999999999994,0.10156299483794602
tess2019107181902-prf-4-3-row1536-col1580.fits,4,3,1536,1580,4,1,0.9999999999999999,0.08711677295303798
tess2019107181902-prf-4-3-row1536-col1580.fits,4,3,1536,1580,4,2,0.9999999999999994,0.07906724973816087
tess2019107181902-prf-4-3-row1536-col1580.fits,4,3,1536,1580,4,3,0.9999999999999999,0.07805433475246672
tess2019107181902-prf-4-3-row1536-col1580.fits,4,3,1536,1580,4,4,1.0000000000000002,0.0795977257112431
tess2019107181902-prf-4-3-row1536-col1580.fits,4,3,1536,1580,4,5,1.0,0.08237480188268079
tess2019107181902-prf-4-3-row1536-col1580.fits,4,3,1536,1580,4,6,0.9999999999999988,0.08321700719917968
tess2019107181902-prf-4-3-row1536-col1580.fits,4,3,1536,1580,4,7,1.0,0.08485020187967017
tess2019107181902-prf-4-3-row1536-col1580.fits,4,3,1536,1580,4,8,1.0,0.09465263369068712
tess2019107181902-prf-4-3-row1536-col1580.fits,4,3,1536,1580,5,0,1.0000000000000002,0.09714944817094152
tess2019107181902-prf-4-3-row1536-col1580.fits,4,3,1536,1580,5,1,0.9999999999999998,0.08721370279448286
tess2019107181902-prf-4-3-row1536-col1580.fits,4,3,1536,1580,5,2,0.9999999999999998,0.08361074677086237
tess2019107181902-prf-4-3-row1536-col1580.fits,4,3,1536,1580,5,3,0.9999999999999999,0.0819743451978838
tess2019107181902-prf-4-3-row1536-col1580.fits,4,3,1536,1580,5,4,0.9999999999999998,0.08913300357555907
tess2019107181902-prf-4-3-row1536-col1580.fits,4,3,1536,1580,5,5,0.9999999999999998,0.0788780793702249
tess2019107181902-prf-4-3-row1536-col1580.fits,4,3,1536,1580,5,6,1.0000000000000013,0.0833495248944863
tess2019107181902-prf-4-3-row1536-col1580.fits,4,3,1536,1580,5,7,1.0000000000000002,0.08729382161661152
tess2019107181902-prf-4-3-row1536-col1580.fits,4,3,1536,1580,5,8,1.0,0.09359884137551717
tess2019107181902-prf-4-3-row1536-col1580.fits,4,3,1536,1580,6,0,0.9999999999999996,0.0970141528984127
tess2019107181902-prf-4-3-row1536-col1580.fits,4,3,1536,1580,6,1,1.0000000000000002,0.0941104632564002
tess2019107181902-prf-4-3-row1536-col1580.fits,4,3,1536,1580,6,2,0.9999999999999997,0.08195685193089203
tess2019107181902-prf-4-3-row1536-col1580.fits,4,3,1536,1580,6,3,1.0,0.08892397489586931
tess2019107181902-prf-4-3-row1536-col1580.fits,4,3,1536,1580,6,4,1.0000000000000002,0.08065132900845888
tess2019107181902-prf-4-3-row1536-col1580.fits,4,3,1536,1580,6,5,1.0000000000000004,0.08313908284779331
tess2019107181902-prf-4-3-row1536-col1580.fits,4,3,1536,1580,6,6,0.9999999999999997,0.08618551478304318
tess2019107181902-prf-4-3-row1536-col1580.fits,4,3,1536,1580,6,7,1.0,0.0879330515690119
tess2019107181902-prf-4-3-row1536-col1580.fits,4,3,1536,1580,6,8,0.9999999999999997,0.09076685654472272
tess2019107181902-prf-4-3-row1536-col1580.fits,4,3,1536,1580,7,0,1.0000000000000004,0.10130799536764123
tess2019107181902-prf-4-3-row1536-col1580.fits,4,3,1536,1580,7,1,0.9999999999999999,0.09929362817449519
tess2019107181902-prf-4-3-row1536-col1580.fits,4,3,1536,1580,7,2,0.9999999999999998,0.08840368094255452
tess2019107181902-prf-4-3-row1536-col1580.fits,4,3,1536,1580,7,3,1.0,0.09023789681756772
tess2019107181902-prf-4-3-row1536-col1580.fits,4,3,1536,1580,7,4,1.0000000000000007,0.08764573003039838
tess2019107181902-prf-4-3-row1536-col1580.fits,4,3,1536,1580,7,5,1.0,0.08793954344600943
tess2019107181902-prf-4-3-row1536-col1580.fits,4,3,1536,1580,7,6,0.9999999999999993,0.08197428114701953
tess2019107181902-prf-4-3-row1536-col1580.fits,4,3,1536,1580,7,7,1.0000000000000002,0.08488723303905141
tess2019107181902-prf-4-3-row1536-col1580.fits,4,3,1536,1580,7,8,1.0000000000000004,0.0914008458319277
tess2019107181902-prf-4-3-row1536-col1580.fits,4,3,1536,1580,8,0,1.0,0.10208839202390232
tess2019107181902-prf-4-3-row1536-col1580.fits,4,3,1536,1580,8,1,0.9999999999999991,0.0892024410383291
tess2019107181902-prf-4-3-row1536-col1580.fits,4,3,1536,1580,8,2,1.0000000000000004,0.08670126121759685
tess2019107181902-prf-4-3-row1536-col1580.fits,4,3,1536,1580,8,3,1.0000000000000002,0.08811164637681675
tess2019107181902-prf-4-3-row1536-col1580.fits,4,3,1536,1580,8,4,1.0000000000000004,0.08318658985805633
tess2019107181902-prf-4-3-row1536-col1580.fits,4,3,1536,1580,8,5,0.9999999999999999,0.08781039215471458
tess2019107181902-prf-4-3-row1536-col1580.fits,4,3,1536,1580,8,6,1.0000000000000007,0.08437125646860004
tess2019107181902-prf-4-3-row1536-col1580.fits,4,3,1536,1580,8,7,1.0000000000000002,0.08745069256313948
tess2019107181902-prf-4-3-row1536-col1580.fits,4,3,1536,1580,8,8,0.9999999999999998,0.08948300759511113
tess2019107181902-prf-4-3-row1536-col2092.fits,4,3,1536,2092,0,0,0.9999999999999996,0.09345622297392818
tess2019107181902-prf-4-3-row1536-col2092.fits,4,3,1536,2092,0,1,1.0,0.09085000253955094
tess2019107181902-prf-4-3-row1536-col2092.fits,4,3,1536,2092,0,2,0.9999999999999994,0.08665482397963292
tess2019107181902-prf-4-3-row1536-col2092.fits,4,3,1536,2092,0,3,0.9999999999999993,0.07939437646409178
tess2019107181902-prf-4-3-row1536-col2092.fits,4,3,1536,2092,0,4,0.9999999999999998,0.08061755904559162
tess2019107181902-prf-4-3-row1536-col2092.fits,4,3,1536,2092,0,5,0.9999999999999996,0.07633540969062243
tess2019107181902-prf-4-3-row1536-col2092.fits,4,3,1536,2092,0,6,1.0000000000000004,0.08021599851489905
tess2019107181902-prf-4-3-row1536-col2092.fits,4,3,1536,2092,0,7,1.0000000000000007,0.08054393251481753
tess2019107181902-prf-4-3-row1536-col2092.fits,4,3,1536,2092,0,8,1.0000000000000002,0.07983419729265893
tess2019107181902-prf-4-3-row1536-col2092.fits,4,3,1536,2092,1,0,1.0000000000000002,0.0880321816261833
tess2019107181902-prf-4-3-row1536-col2092.fits,4,3,1536,2092,1,1,0.9999999999999996,0.09024461715598538
tess2019107181902-prf-4-3-row1536-col2092.fits,4,3,1536,2092,1,2,0.9999999999999998,0.08269730975450518
tess2019107181902-prf-4-3-row1536-col2092.fits,4,3,1536,2092,1,3,1.0000000000000007,0.0728443904021841
tess2019107181902-prf-4-3-row1536-col2092.fits,4,3,1536,2092,1,4,1.0,0.07326550940833584
tess2019107181902-prf-4-3-row1536-col2092.fits,4,3,1536,2092,1,5,1.0,0.0735910076308521
tess2019107181902-prf-4-3-row1536-col2092.fits,4,3,1536,2092,1,6,0.9999999999999997,0.07522788132519216
tess2019107181902-prf-4-3-row1536-col2092.fits,4,3,1536,2092,1,7,1.0000000000000002,0.0762096543752538
tess2019107181902-prf-4-3-row1536-col2092.fits,4,3,1536,2092,1,8,0.9999999999999996,0.08121042660164221
tess2019107181902-prf-4-3-row1536-col2092.fits,4,3,1536,2092,2,0,0.9999999999999998,0.08214168878508228
tess2019107181902-prf-4-3-row1536-col2092.fits,4,3,1536,2092,2,1,0.9999999999999998,0.09245428830599053
tess2019107181902-prf-4-3-row1536-col2092.fits,4,3,1536,2092,2,2,1.0000000000000002,0.07709874175613589
tess2019107181902-prf-4-3-row1536-col2092.fits,4,3,1536,2092,2,3,1.0000000000000004,0.06925312400887232
tess2019107181902-prf-4-3-row1536-col2092.fits,4,3,1536,2092,2,4,0.9999999999999993,0.07257416767400687
tess2019107181902-prf-4-3-row1536-col2092.fits,4,3,1536,2092,2,5,1.0000000000000004,0.07161493578359703
tess2019107181902-prf-4-3-row1536-col2092.fits,4,3,1536,2092,2,6,1.0,0.07636498062283459
tess2019107181902-prf-4-3-row1536-col2092.fits,4,3,1536,2092,2,7,0.9999999999999999,0.07060867308544788
tess2019107181902-prf-4-3-row1536-col2092.fits,4,3,1536,2092,2,8,1.0000000000000007,0.07869953482180056
tess2019107181902-prf-4-3-row1536-col2092.fits,4,3,1536,2092,3,0,1.0000000000000002,0.08564006843705892
tess2019107181902-prf-4-3-row1536-col2092.fits,4,3,1536,2092,3,1,0.9999999999999997,0.09699756796537642
tess2019107181902-prf-4-3-row1536-col2092.fits,4,3,1536,2092,3,2,0.9999999999999999,0.08464552885676477
tess2019107181902-prf-4-3-row1536-col2092.fits,4,3,1536,2092,3,3,0.9999999999999993,0.07340924577560602
tess2019107181902-prf-4-3-row1536-col2092.fits,4,3,1536,2092,3,4,1.0000000000000007,0.07768622336919824
tess2019107181902-prf-4-3-row1536-col2092.fits,4,3,1536,2092,3,5,1.0000000000000004,0.07789230590567407
tess2019107181902-prf-4-3-row1536-col2092.fits,4,3,1536,2092,3,6,1.0000000000000002,0.08131195424267981
tess2019107181902-prf-4-3-row1536-col2092.fits,4,3,1536,2092,3,7,1.0000000000000004,0.08203576037023969
tess2019107181902-prf-4-3-row1536-col2092.fits,4,3,1536,2092,3,8,1.0000000000000004,0.081448536213859
tess2019107181902-prf-4-3-row1536-col2092.fits,4,3,1536,2092,4,0,0.9999999999999998,0.08998466985954985
tess2019107181902-prf-4-3-row1536-col2092.fits,4,3,1536,2092,4,1,1.0000000000000004,0.0928692953746391
tess2019107181902-prf-4-3-row1536-col2092.fits,4,3,1536,2092,4,2,1.0000000000000002,0.0799973242251391
tess2019107181902-prf-4-3-row1536-col2092.fits,4,3,1536,2092,4,3,1.0,0.07235123897721159
tess2019107181902-prf-4-3-row1536-col2092.fits,4,3,1536,2092,4,4,0.9999999999999993,0.07764691571993121
tess2019107181902-prf-4-3-row1536-col2092.fits,4,3,1536,2092,4,5,0.9999999999999998,0.07613680079873232
tess2019107181902-prf-4-3-row1536-col2092.fits,4,3,1536,2092,4,6,1.0000000000000002,0.08305103984779443
tess2019107181902-prf-4-3-row1536-col2092.fits,4,3,1536,2092,4,7,1.0,0.07708094522874585
tess2019107181902-prf-4-3-row1536-col2092.fits,4,3,1536,2092,4,8,1.0,0.07820550935115711
tess2019107181902-prf-4-3-row1536-col2092.fits,4,3,1536,2092,5,0,1.0000000000000002,0.08888985652896773
tess2019107181902-prf-4-3-row1536-col2092.fits,4,3,1536,2092,5,1,0.9999999999999998,0.08880463736073116
tess2019107181902-prf-4-3-row1536-col2092.fits,4,3,1536,2092,5,2,1.0,0.08523863723462836
tess2019107181902-prf-4-3-row1536-col2092.fits,4,3,1536,2092,5,3,1.0,0.07664851767085028
tess2019107181902-prf-4-3-row1536-col2092.fits,4,3,1536,2092,5,4,1.0000000000000002,0.07413773560658239
tess2019107181902-prf-4-3-row1536-col2092.fits,4,3,1536,2092,5,5,0.9999999999999998,0.07269554234110635
tess2019107181902-prf-4-3-row1536-col2092.fits,4,3,1536,2092,5,6,1.0,0.07668791038600963
tess2019107181902-prf-4-3-row1536-col2092.fits,4,3,1536,2092,5,7,0.9999999999999997,0.0763862812311297
tess2019107181902-prf-4-3-row1536-col2092.fits,4,3,1536,2092,5,8,0.9999999999999999,0.07802886826782782
tess2019107181902-prf-4-3-row1536-col2092.fits,4,3,1536,2092,6,0,0.9999999999999998,0.08979401137504277
tess2019107181902-prf-4-3-row1536-col2092.fits,4,3,1536,2092,6,1,0.9999999999999999,0.08749122632893669
tess2019107181902-prf-4-3-row1536-col2092.fits,4,3,1536,2092,6,2,0.9999999999999996,0.07923165909203309
tess2019107181902-prf-4-3-row1536-col2092.fits,4,3,1536,2092,6,3,1.0000000000000004,0.0792275477260534
tess2019107181902-prf-4-3-row1536-col2092.fits,4,3,1536,2092,6,4,1.0000000000000002,0.07648161503005306
tess2019107181902-prf-4-3-row1536-col2092.fits,4,3,1536,2092,6,5,0.9999999999999998,0.06995827650899061
tess2019107181902-prf-4-3-row1536-col2092.fits,4,3,1536,2092,6,6,0.9999999999999998,0.07430834807508734
tess2019107181902-prf-4-3-row1536-col2092.fits,4,3,1536,2092,6,7,0.9999999999999996,0.07675542375390004
tess2019107181902-prf-4-3-row1536-col2092.fits,4,3,1536,2092,6,8,0.9999999999999993,0.07682585247030195
tess2019107181902-prf-4-3-row1536-col2092.fits,4,3,1536,2092,7,0,0.9999999999999993,0.0959881536834115
tess2019107181902-prf-4-3-row1536-col2092.fits,4,3,1536,2092,7,1,0.9999999999999998,0.09465750847400557
tess2019107181902-prf-4-3-row1536-col2092.fits,4,3,1536,2092,7,2,1.0000000000000004,0.08246483807726501
tess2019107181902-prf-4-3-row1536-col2092.fits,4,3,1536,2092,7,3,1.0000000000000002,0.0797586667974294
tess2019107181902-prf-4-3-row1536-col2092.fits,4,3,1536,2092,7,4,0.9999999999999997,0.08229753773821528
tess2019107181902-prf-4-3-row1536-col2092.fits,4,3,1536,2092,7,5,0.9999999999999993,0.08434245142270612
tess2019107181902-prf-4-3-row1536-col2092.fits,4,3,1536,2092,7,6,1.0000000000000004,0.08215418602893403
tess2019107181902-prf-4-3-row1536-col2092.fits,4,3,1536,2092,7,7,1.0,0.0805506344795939
tess2019107181902-prf-4-3-row1536-col2092.fits,4,3,1536,2092,7,8,0.9999999999999996,0.08607917499477777
tess2019107181902-prf-4-3-row1536-col2092.fits,4,3,1536,2092,8,0,0.9999999999999997,0.09647917538938654
tess2019107181902-prf-4-3-row1536-col2092.fits,4,3,1536,2092,8,1,0.9999999999999999,0.09570179227896383
tess2019107181902-prf-4-3-row1536-col2092.fits,4,3,1536,2092,8,2,0.9999999999999993,0.09112418561270882
tess2019107181902-prf-4-3-row1536-col2092.fits,4,3,1536,2092,8,3,0.9999999999999997,0.08207640722928478
tess2019107181902-prf-4-3-row1536-col2092.fits,4,3,1536,2092,8,4,0.9999999999999992,0.08373765915370343
tess2019107181902-prf-4-3-row1536-col2092.fits,4,3,1536,2092,8,5,1.0,0.08360826438517088
tess2019107181902-prf-4-3-row1536-col2092.fits,4,3,1536,2092,8,6,0.9999999999999997,0.08261528457643255
tess2019107181902-prf-4-3-row1536-col2092.fits,4,3,1536,2092,8,7,0.9999999999999997,0.08690012788203014
tess2019107181902-prf-4-3-row1536-col2092.fits,4,3,1536,2092,8,8,0.9999999999999994,0.08812709124453741
tess2019107181902-prf-4-3-row2048-col0045.fits,4,3,2048,45,0,0,0.9999999999999998,0.0863337191210487
tess2019107181902-prf-4-3-row2048-col0045.fits,4,3,2048,45,0,1,1.0000000000000004,0.08172550760128162
tess2019107181902-prf-4-3-row2048-col0045.fits,4,3,2048,45,0,2,0.9999999999999994,0.08549387446136872
tess2019107181902-prf-4-3-row2048-col0045.fits,4,3,2048,45,0,3,0.9999999999999999,0.08445323350226427
tess2019107181902-prf-4-3-row2048-col0045.fits,4,3,2048,45,0,4,0.9999999999999998,0.08879643168066212
tess2019107181902-prf-4-3-row2048-col0045.fits,4,3,2048,45,0,5,1.0000000000000004,0.08283997954712607
tess2019107181902-prf-4-3-row2048-col0045.fits,4,3,2048,45,0,6,0.9999999999999996,0.0885693026579096
tess2019107181902-prf-4-3-row2048-col0045.fits,4,3,2048,45,0,7,1.0000000000000002,0.0870354934612243
tess2019107181902-prf-4-3-row2048-col0045.fits,4,3,2048,45,0,8,1.0000000000000002,0.09110197749299473
tess2019107181902-prf-4-3-row2048-col0045.fits,4,3,2048,45,1,0,1.0000000000000002,0.0809985473242813
tess2019107181902-prf-4-3-row2048-col0045.fits,4,3,2048,45,1,1,0.9999999999999998,0.08317966545331441
tess2019107181902-prf-4-3-row2048-col0045.fits,4,3,2048,45,1,2,0.9999999999999993,0.08110038465535073
tess2019107181902-prf-4-3-row2048-col0045.fits,4,3,2048,45,1,3,0.9999999999999998,0.07697957020043683
tess2019107181902-prf-4-3-row2048-col0045.fits,4,3,2048,45,1,4,1.0,0.07622151452288645
tess2019107181902-prf-4-3-row2048-col0045.fits,4,3,2048,45,1,5,0.9999999999999994,0.08107193214811209
tess2019107181902-prf-4-3-row2048-col0045.fits,4,3,2048,45,1,6,1.0000000000000004,0.08049344447879361
tess2019107181902-prf-4-3-row2048-col0045.fits,4,3,2048,45,1,7,0.9999999999999999,0.08563796662584777
tess2019107181902-prf-4-3-row2048-col0045.fits,4,3,2048,45,1,8,0.9999999999999991,0.09068364518425798
tess2019107181902-prf-4-3-row2048-col0045.fits,4,3,2048,45,2,0,1.0,0.07719018332459118
tess2019107181902-prf-4-3-row2048-col0045.fits,4,3,2048,45,2,1,1.0000000000000004,0.07719421402237378
tess2019107181902-prf-4-3-row2048-col0045.fits,4,3,2048,45,2,2,0.9999999999999996,0.08137786970848578
tess2019107181902-prf-4-3-row2048-col0045.fits,4,3,2048,45,2,3,1.0000000000000004,0.07241972328266533
tess2019107181902-prf-4-3-row2048-col0045.fits,4,3,2048,45,2,4,1.0000000000000007,0.07299472270124033
tess2019107181902-prf-4-3-row2048-col0045.fits,4,3,2048,45,2,5,1.0000000000000002,0.07570205157599756
tess2019107181902-prf-4-3-row2048-col0045.fits,4,3,2048,45,2,6,0.9999999999999994,0.07828691257737788
tess2019107181902-prf-4-3-row2048-col0045.fits,4,3,2048,45,2,7,0.9999999999999997,0.08520388884425427
tess2019107181902-prf-4-3-row2048-col0045.fits,4,3,2048,45,2,8,1.0000000000000004,0.0848404911462554
tess2019107181902-prf-4-3-row2048-col0045.fits,4,3,2048,45,3,0,1.0000000000000004,0.08179910258030512
tess2019107181902-prf-4-3-row2048-col0045.fits,4,3,2048,45,3,1,1.0000000000000009,0.0819524609000706
tess2019107181902-prf-4-3-row2048-col0045.fits,4,3,2048,45,3,2,0.9999999999999998,0.08794725057809766
tess2019107181902-prf-4-3-row2048-col0045.fits,4,3,2048,45,3,3,0.9999999999999998,0.08299507529284833
tess2019107181902-prf-4-3-row2048-col0045.fits,4,3,2048,45,3,4,1.0,0.0797767293750957
tess2019107181902-prf-4-3-row2048-col0045.fits,4,3,2048,45,3,5,0.9999999999999999,0.08633192801071395
tess2019107181902-prf-4-3-row2048-col0045.fits,4,3,2048,45,3,6,1.0000000000000004,0.08476918976992537
tess2019107181902-prf-4-3-row2048-col0045.fits,4,3,2048,45,3,7,1.0000000000000004,0.08747106361121332
tess2019107181902-prf-4-3-row2048-col0045.fits,4,3,2048,45,3,8,0.9999999999999999,0.08707058907929739
tess2019107181902-prf-4-3-row2048-col0045.fits,4,3,2048,45,4,0,1.0000000000000002,0.09165873925841565
tess2019107181902-prf-4-3-row2048-col0045.fits,4,3,2048,45,4,1,0.9999999999999991,0.09147122605526822
tess2019107181902-prf-4-3-row2048-col0045.fits,4,3,2048,45,4,2,0.9999999999999998,0.08754764926919387
tess2019107181902-prf-4-3-row2048-col0045.fits,4,3,2048,45,4,3,1.0000000000000002,0.08120137708681918
tess2019107181902-prf-4-3-row2048-col0045.fits,4,3,2048,45,4,4,0.9999999999999993,0.09013487441920626
tess2019107181902-prf-4-3-row2048-col0045.fits,4,3,2048,45,4,5,0.9999999999999998,0.08472492472468629
tess2019107181902-prf-4-3-row2048-col0045.fits,4,3,2048,45,4,6,1.0000000000000004,0.08409473400291616
tess2019107181902-prf-4-3-row2048-col0045.fits,4,3,2048,45,4,7,0.9999999999999996,0.09128513684374367
tess2019107181902-prf-4-3-row2048-col0045.fits,4,3,2048,45,4,8,0.9999999999999989,0.095529681334897
tess2019107181902-prf-4-3-row2048-col0045.fits,4,3,2048,45,5,0,0.9999999999999998,0.09215713726533531
tess2019107181902-prf-4-3-row2048-col0045.fits,4,3,2048,45,5,1,1.0000000000000007,0.08409673622071202
tess2019107181902-prf-4-3-row2048-col0045.fits,4,3,2048,45,5,2,0.9999999999999993,0.08250190525524935
tess2019107181902-prf-4-3-row2048-col0045.fits,4,3,2048,45,5,3,1.0000000000000004,0.08301922686565828
tess2019107181902-prf-4-3-row2048-col0045.fits,4,3,2048,45,5,4,1.0000000000000004,0.08478885032167113
tess2019107181902-prf-4-3-row2048-col0045.fits,4,3,2048,45,5,5,1.0000000000000004,0.08254814731528524
tess2019107181902-prf-4-3-row2048-col0045.fits,4,3,2048,45,5,6,0.9999999999999996,0.08278321118735935
tess2019107181902-prf-4-3-row2048-col0045.fits,4,3,2048,45,5,7,1.0000000000000002,0.09039756397127599
tess2019107181902-prf-4-3-row2048-col0045.fits,4,3,2048,45,5,8,1.0000000000000009,0.08950665962372753
tess2019107181902-prf-4-3-row2048-col0045.fits,4,3,2048,45,6,0,0.9999999999999993,0.0835172884162294
tess2019107181902-prf-4-3-row2048-col0045.fits,4,3,2048,45,6,1,0.9999999999999996,0.08346351142896198
tess2019107181902-prf-4-3-row2048-col0045.fits,4,3,2048,45,6,2,0.9999999999999998,0.08153533704932123
tess2019107181902-prf-4-3-row2048-col0045.fits,4,3,2048,45,6,3,1.0000000000000004,0.07745981808868951
tess2019107181902-prf-4-3-row2048-col0045.fits,4,3,2048,45,6,4,1.0000000000000004,0.08090716151474542
tess2019107181902-prf-4-3-row2048-col0045.fits,4,3,2048,45,6,5,0.9999999999999996,0.08060132910174257
tess2019107181902-prf-4-3-row2048-col0045.fits,4,3,2048,45,6,6,1.0,0.08420622000584284
tess2019107181902-prf-4-3-row2048-col0045.fits,4,3,2048,45,6,7,0.9999999999999999,0.08780299184441295
tess2019107181902-prf-4-3-row2048-col0045.fits,4,3,2048,45,6,8,1.0000000000000007,0.09019685576074586
tess2019107181902-prf-4-3-row2048-col0045.fits,4,3,2048,45,7,0,0.9999999999999999,0.09237683885381079
tess2019107181902-prf-4-3-row2048-col0045.fits,4,3,2048,45,7,1,1.0,0.08295141751700799
tess2019107181902-prf-4-3-row2048-col0045.fits,4,3,2048,45,7,2,1.0000000000000009,0.0821754173041793
tess2019107181902-prf-4-3-row2048-col0045.fits,4,3,2048,45,7,3,1.0000000000000004,0.07996092230451335
tess2019107181902-prf-4-3-row2048-col0045.fits,4,3,2048,45,7,4,1.0000000000000004,0.08119060917452237
tess2019107181902-prf-4-3-row2048-col0045.fits,4,3,2048,45,7,5,1.0000000000000004,0.07898562219204286
tess2019107181902-prf-4-3-row2048-col0045.fits,4,3,2048,45,7,6,1.0,0.08269744716896395
tess2019107181902-prf-4-3-row2048-col0045.fits,4,3,2048,45,7,7,1.0000000000000002,0.08572107265359555
tess2019107181902-prf-4-3-row2048-col0045.fits,4,3,2048,45,7,8,1.0,0.08749209668508728
tess2019107181902-prf-4-3-row2048-col0045.fits,4,3,2048,45,8,0,0.9999999999999998,0.09242848031911374
tess2019107181902-prf-4-3-row2048-col0045.fits,4,3,2048,45,8,1,1.0000000000000004,0.08789626635740622
tess2019107181902-prf-4-3-row2048-col0045.fits,4,3,2048,45,8,2,1.0,0.08356246330065245
tess2019107181902-prf-4-3-row2048-col0045.fits,4,3,2048,45,8,3,0.9999999999999993,0.08598855016573509
tess2019107181902-prf-4-3-row2048-col0045.fits,4,3,2048,45,8,4,0.9999999999999996,0.08790671102065628
tess2019107181902-prf-4-3-row2048-col0045.fits,4,3,2048,45,8,5,1.0,0.08452434340659123
tess2019107181902-prf-4-3-row2048-col0045.fits,4,3,2048,45,8,6,1.0000000000000002,0.08748712120456244
tess2019107181902-prf-4-3-row2048-col0045.fits,4,3,2048,45,8,7,0.9999999999999999,0.08385501091862621
tess2019107181902-prf-4-3-row2048-col0045.fits,4,3,2048,45,8,8,0.9999999999999999,0.09194484193938393
tess2019107181902-prf-4-3-row2048-col0557.fits,4,3,2048,557,0,0,1.0000000000000004,0.07890373684910726
tess2019107181902-prf-4-3-row2048-col0557.fits,4,3,2048,557,0,1,1.0,0.07694152608499133
tess2019107181902-prf-4-3-row2048-col0557.fits,4,3,2048,557,0,2,0.9999999999999994,0.07928665459230853
tess2019107181902-prf-4-3-row2048-col0557.fits,4,3,2048,557,0,3,1.0000000000000007,0.08330774257755202
tess2019107181902-prf-4-3-row2048-col0557.fits,4,3,2048,557,0,4,0.9999999999999999,0.0818246271484963
tess2019107181902-prf-4-3-row2048-col0557.fits,4,3,2048,557,0,5,1.0000000000000002,0.07592585719148298
tess2019107181902-prf-4-3-row2048-col0557.fits,4,3,2048,557,0,6,1.0,0.07320722376275819
tess2019107181902-prf-4-3-row2048-col0557.fits,4,3,2048,557,0,7,0.9999999999999999,0.07566456147116456
tess2019107181902-prf-4-3-row2048-col0557.fits,4,3,2048,557,0,8,1.0000000000000007,0.0768822369154785
tess2019107181902-prf-4-3-row2048-col0557.fits,4,3,2048,557,1,0,1.0000000000000009,0.08209925656892794
tess2019107181902-prf-4-3-row2048-col0557.fits,4,3,2048,557,1,1,0.9999999999999997,0.07835250779566418
tess2019107181902-prf-4-3-row2048-col0557.fits,4,3,2048,557,1,2,1.0,0.07522315316798697
tess2019107181902-prf-4-3-row2048-col0557.fits,4,3,2048,557,1,3,0.9999999999999999,0.08242565769993251
tess2019107181902-prf-4-3-row2048-col0557.fits,4,3,2048,557,1,4,0.9999999999999996,0.08186297653859052
tess2019107181902-prf-4-3-row2048-col0557.fits,4,3,2048,557,1,5,1.0000000000000002,0.0724078795723486
tess2019107181902-prf-4-3-row2048-col0557.fits,4,3,2048,557,1,6,1.0000000000000002,0.07573355986819613
tess2019107181902-prf-4-3-row2048-col0557.fits,4,3,2048,557,1,7,1.0000000000000004,0.07949258430639727
tess2019107181902-prf-4-3-row2048-col0557.fits,4,3,2048,557,1,8,0.9999999999999996,0.07960609862780066
tess2019107181902-prf-4-3-row2048-col0557.fits,4,3,2048,557,2,0,0.9999999999999997,0.08057486316741977
tess2019107181902-prf-4-3-row2048-col0557.fits,4,3,2048,557,2,1,1.0000000000000002,0.07654620683113056
tess2019107181902-prf-4-3-row2048-col0557.fits,4,3,2048,557,2,2,1.0000000000000007,0.0785971402192161
tess2019107181902-prf-4-3-row2048-col0557.fits,4,3,2048,557,2,3,0.9999999999999997,0.08079611903945091
tess2019107181902-prf-4-3-row2048-col0557.fits,4,3,2048,557,2,4,1.0,0.07991857363805731
tess2019107181902-prf-4-3-row2048-col0557.fits,4,3,2048,557,2,5,0.9999999999999998,0.07732274342223218
tess2019107181902-prf-4-3-row2048-col0557.fits,4,3,2048,557,2,6,0.9999999999999997,0.07676100459082205
tess2019107181902-prf-4-3-row2048-col0557.fits,4,3,2048,557,2,7,1.0000000000000004,0.07844985307509929
tess2019107181902-prf-4-3-row2048-col0557.fits,4,3,2048,557,2,8,1.0,0.07409061992141676
tess2019107181902-prf-4-3-row2048-col0557.fits,4,3,2048,557,3,0,1.0000000000000002,0.08497815035803934
tess2019107181902-prf-4-3-row2048-col0557.fits,4,3,2048,557,3,1,1.0000000000000002,0.07948339198775878
tess2019107181902-prf-4-3-row2048-col0557.fits,4,3,2048,557,3,2,0.9999999999999998,0.0821446447813821
tess2019107181902-prf-4-3-row2048-col0557.fits,4,3,2048,557,3,3,1.0,0.08749216220007122
tess2019107181902-prf-4-3-row2048-col0557.fits,4,3,2048,557,3,4,0.9999999999999993,0.08640287050223908
tess2019107181902-prf-4-3-row2048-col0557.fits,4,3,2048,557,3,5,1.0000000000000004,0.08072829289621786
tess2019107181902-prf-4-3-row2048-col0557.fits,4,3,2048,557,3,6,0.9999999999999998,0.08096364897420569
tess2019107181902-prf-4-3-row2048-col0557.fits,4,3,2048,557,3,7,1.0000000000000004,0.07652962168092355
tess2019107181902-prf-4-3-row2048-col0557.fits,4,3,2048,557,3,8,0.9999999999999993,0.0799115588221638
tess2019107181902-prf-4-3-row2048-col0557.fits,4,3,2048,557,4,0,1.0000000000000002,0.08113762636028402
tess2019107181902-prf-4-3-row2048-col0557.fits,4,3,2048,557,4,1,1.0,0.07364992057691665
tess2019107181902-prf-4-3-row2048-col0557.fits,4,3,2048,557,4,2,0.9999999999999994,0.0790146380346248
tess2019107181902-prf-4-3-row2048-col0557.fits,4,3,2048,557,4,3,1.0000000000000002,0.08554264125266928
tess2019107181902-prf-4-3-row2048-col0557.fits,4,3,2048,557,4,4,1.0000000000000004,0.08504793877848038
tess2019107181902-prf-4-3-row2048-col0557.fits,4,3,2048,557,4,5,0.9999999999999996,0.08081631255092553
tess2019107181902-prf-4-3-row2048-col0557.fits,4,3,2048,557,4,6,1.0000000000000002,0.07987331961167071
tess2019107181902-prf-4-3-row2048-col0557.fits,4,3,2048,557,4,7,1.0000000000000002,0.07879674705314127
tess2019107181902-prf-4-3-row2048-col0557.fits,4,3,2048,557,4,8,0.9999999999999998,0.08196725546717046
tess2019107181902-prf-4-3-row2048-col0557.fits,4,3,2048,557,5,0,0.9999999999999997,0.07823946202006532
tess2019107181902-prf-4-3-row2048-col0557.fits,4,3,2048,557,5,1,1.0000000000000004,0.07726655918531306
tess2019107181902-prf-4-3-row2048-col0557.fits,4,3,2048,557,5,2,1.0000000000000002,0.08123821880260362
tess2019107181902-prf-4-3-row2048-col0557.fits,4,3,2048,557,5,3,0.9999999999999998,0.08195174086273205
tess2019107181902-prf-4-3-row2048-col0557.fits,4,3,2048,557,5,4,0.9999999999999999,0.08328131059007557
tess2019107181902-prf-4-3-row2048-col0557.fits,4,3,2048,557,5,5,1.0,0.0790822247722818
tess2019107181902-prf-4-3-row2048-col0557.fits,4,3,2048,557,5,6,1.0000000000000009,0.08031295669501679
tess2019107181902-prf-4-3-row2048-col0557.fits,4,3,2048,557,5,7,0.9999999999999998,0.07177367609083687
tess2019107181902-prf-4-3-row2048-col0557.fits,4,3,2048,557,5,8,0.9999999999999996,0.0780823540429748
tess2019107181902-prf-4-3-row2048-col0557.fits,4,3,2048,557,6,0,1.0000000000000004,0.08026326311466359
tess2019107181902-prf-4-3-row2048-col0557.fits,4,3,2048,557,6,1,1.0000000000000004,0.07740741363796791
tess2019107181902-prf-4-3-row2048-col0557.fits,4,3,2048,557,6,2,1.0000000000000004,0.07785015004500356
tess2019107181902-prf-4-3-row2048-col0557.fits,4,3,2048,557,6,3,1.0000000000000002,0.08400475698643398
tess2019107181902-prf-4-3-row2048-col0557.fits,4,3,2048,557,6,4,0.9999999999999994,0.08451337690481772
tess2019107181902-prf-4-3-row2048-col0557.fits,4,3,2048,557,6,5,0.9999999999999999,0.07460185115697719
tess2019107181902-prf-4-3-row2048-col0557.fits,4,3,2048,557,6,6,0.9999999999999993,0.08156674668028452
tess2019107181902-prf-4-3-row2048-col0557.fits,4,3,2048,557,6,7,1.0000000000000004,0.07993248767796687
tess2019107181902-prf-4-3-row2048-col0557.fits,4,3,2048,557,6,8,0.9999999999999998,0.0801272120375498
tess2019107181902-prf-4-3-row2048-col0557.fits,4,3,2048,557,7,0,1.0000000000000009,0.08383971664615
tess2019107181902-prf-4-3-row2048-col0557.fits,4,3,2048,557,7,1,0.9999999999999998,0.08113143473397275
tess2019107181902-prf-4-3-row2048-col0557.fits,4,3,2048,557,7,2,1.0000000000000004,0.0831426064438529
tess2019107181902-prf-4-3-row2048-col0557.fits,4,3,2048,557,7,3,1.0000000000000004,0.0894616454815644
tess2019107181902-prf-4-3-row2048-col0557.fits,4,3,2048,557,7,4,0.9999999999999998,0.09086173310575259
tess2019107181902-prf-4-3-row2048-col0557.fits,4,3,2048,557,7,5,1.0,0.07688326710645717
tess2019107181902-prf-4-3-row2048-col0557.fits,4,3,2048,557,7,6,1.0000000000000007,0.07999269310460455
tess2019107181902-prf-4-3-row2048-col0557.fits,4,3,2048,557,7,7,0.9999999999999991,0.07929317465591533
tess2019107181902-prf-4-3-row2048-col0557.fits,4,3,2048,557,7,8,0.9999999999999996,0.0850716109577361
tess2019107181902-prf-4-3-row2048-col0557.fits,4,3,2048,557,8,0,1.0000000000000004,0.08616278240858401
tess2019107181902-prf-4-3-row2048-col0557.fits,4,3,2048,557,8,1,0.9999999999999999,0.08030300916700717
tess2019107181902-prf-4-3-row2048-col0557.fits,4,3,2048,557,8,2,1.0,0.08251566160660229
tess2019107181902-prf-4-3-row2048-col0557.fits,4,3,2048,557,8,3,0.9999999999999996,0.08428268898021885
tess2019107181902-prf-4-3-row2048-col0557.fits,4,3,2048,557,8,4,1.0000000000000004,0.08858743147297962
tess2019107181902-prf-4-3-row2048-col0557.fits,4,3,2048,557,8,5,0.9999999999999998,0.07571281243270236
tess2019107181902-prf-4-3-row2048-col0557.fits,4,3,2048,557,8,6,1.0000000000000004,0.07744829035043019
tess2019107181902-prf-4-3-row2048-col0557.fits,4,3,2048,557,8,7,0.9999999999999998,0.07753498136586084
tess2019107181902-prf-4-3-row2048-col0557.fits,4,3,2048,557,8,8,1.0000000000000004,0.07567669238874822
tess2019107181902-prf-4-3-row2048-col1069.fits,4,3,2048,1069,0,0,1.0,0.09491538761295477
tess2019107181902-prf-4-3-row2048-col1069.fits,4,3,2048,1069,0,1,0.9999999999999999,0.09547515768393047
tess2019107181902-prf-4-3-row2048-col1069.fits,4,3,2048,1069,0,2,1.0000000000000002,0.0889347469663451
tess2019107181902-prf-4-3-row2048-col1069.fits,4,3,2048,1069,0,3,0.999999999999999,0.1008491866392463
tess2019107181902-prf-4-3-row2048-col1069.fits,4,3,2048,1069,0,4,0.9999999999999999,0.11263632372014092
tess2019107181902-prf-4-3-row2048-col1069.fits,4,3,2048,1069,0,5,1.0000000000000004,0.10492518707561124
tess2019107181902-prf-4-3-row2048-col1069.fits,4,3,2048,1069,0,6,0.9999999999999997,0.09083943445454276
tess2019107181902-prf-4-3-row2048-col1069.fits,4,3,2048,1069,0,7,1.0000000000000002,0.09828952600613694
tess2019107181902-prf-4-3-row2048-col1069.fits,4,3,2048,1069,0,8,0.9999999999999994,0.09359511180970823
tess2019107181902-prf-4-3-row2048-col1069.fits,4,3,2048,1069,1,0,0.9999999999999999,0.09614316947599819
tess2019107181902-prf-4-3-row2048-col1069.fits,4,3,2048,1069,1,1,0.9999999999999999,0.09094711933392616
tess2019107181902-prf-4-3-row2048-col1069.fits,4,3,2048,1069,1,2,1.0000000000000002,0.0921311543182297
tess2019107181902-prf-4-3-row2048-col1069.fits,4,3,2048,1069,1,3,1.0000000000000002,0.08843153179621083
tess2019107181902-prf-4-3-row2048-col1069.fits,4,3,2048,1069,1,4,1.0000000000000002,0.1063742260401044
tess2019107181902-prf-4-3-row2048-col1069.fits,4,3,2048,1069,1,5,0.9999999999999992,0.1043057449419281
tess2019107181902-prf-4-3-row2048-col1069.fits,4,3,2048,1069,1,6,1.0000000000000004,0.09569077659583955
tess2019107181902-prf-4-3-row2048-col1069.fits,4,3,2048,1069,1,7,0.9999999999999998,0.09961099713992004
tess2019107181902-prf-4-3-row2048-col1069.fits,4,3,2048,1069,1,8,1.0000000000000002,0.1006713016689643
tess2019107181902-prf-4-3-row2048-col1069.fits,4,3,2048,1069,2,0,0.9999999999999998,0.0957558317246506
tess2019107181902-prf-4-3-row2048-col1069.fits,4,3,2048,1069,2,1,1.0,0.09302573531360758
tess2019107181902-prf-4-3-row2048-col1069.fits,4,3,2048,1069,2,2,1.0000000000000002,0.08062294323952798
tess2019107181902-prf-4-3-row2048-col1069.fits,4,3,2048,1069,2,3,0.9999999999999999,0.08703714635047702
tess2019107181902-prf-4-3-row2048-col1069.fits,4,3,2048,1069,2,4,1.0000000000000004,0.09606814477326336
tess2019107181902-prf-4-3-row2048-col1069.fits,4,3,2048,1069,2,5,0.9999999999999996,0.09919206956447796
tess2019107181902-prf-4-3-row2048-col1069.fits,4,3,2048,1069,2,6,0.9999999999999997,0.09755363567191469
tess2019107181902-prf-4-3-row2048-col1069.fits,4,3,2048,1069,2,7,0.9999999999999996,0.097377653453333
tess2019107181902-prf-4-3-row2048-col1069.fits,4,3,2048,1069,2,8,0.9999999999999997,0.10068282159744027
tess2019107181902-prf-4-3-row2048-col1069.fits,4,3,2048,1069,3,0,1.0,0.0964070007626011
tess2019107181902-prf-4-3-row2048-col1069.fits,4,3,2048,1069,3,1,0.9999999999999996,0.08759487038323874
tess2019107181902-prf-4-3-row2048-col1069.fits,4,3,2048,1069,3,2,1.0000000000000002,0.08019446609086484
tess2019107181902-prf-4-3-row2048-col1069.fits,4,3,2048,1069,3,3,0.9999999999999999,0.08430624786176683
tess2019107181902-prf-4-3-row2048-col1069.fits,4,3,2048,1069,3,4,1.0000000000000007,0.09663265744646551
tess2019107181902-prf-4-3-row2048-col1069.fits,4,3,2048,1069,3,5,1.0,0.09664068300598047
tess2019107181902-prf-4-3-row2048-col1069.fits,4,3,2048,1069,3,6,1.0000000000000004,0.09426462001901756
tess2019107181902-prf-4-3-row2048-col1069.fits,4,3,2048,1069,3,7,0.9999999999999996,0.09488536544107107
tess2019107181902-prf-4-3-row2048-col1069.fits,4,3,2048,1069,3,8,0.9999999999999999,0.09496665574108956
tess2019107181902-prf-4-3-row2048-col1069.fits,4,3,2048,1069,4,0,0.9999999999999998,0.09408021594105934
tess2019107181902-prf-4-3-row2048-col1069.fits,4,3,2048,1069,4,1,0.9999999999999999,0.0837726892079147
tess2019107181902-prf-4-3-row2048-col1069.fits,4,3,2048,1069,4,2,0.9999999999999997,0.08176663623466623
tess2019107181902-prf-4-3-row2048-col1069.fits,4,3,2048,1069,4,3,0.9999999999999997,0.0821150572007937
tess2019107181902-prf-4-3-row2048-col1069.fits,4,3,2048,1069,4,4,0.9999999999999996,0.09476367663739978
tess2019107181902-prf-4-3-row2048-col1069.fits,4,3,2048,1069,4,5,1.0000000000000004,0.09141621663299171
tess2019107181902-prf-4-3-row2048-col1069.fits,4,3,2048,1069,4,6,0.9999999999999999,0.09310817358925838
tess2019107181902-prf-4-3-row2048-col1069.fits,4,3,2048,1069,4,7,1.0000000000000004,0.09999069030629207
tess2019107181902-prf-4-3-row2048-col1069.fits,4,3,2048,1069,4,8,0.9999999999999992,0.09636499534118151
tess2019107181902-prf-4-3-row2048-col1069.fits,4,3,2048,1069,5,0,1.0,0.09208869000771522
tess2019107181902-prf-4-3-row2048-col1069.fits,4,3,2048,1069,5,1,1.0000000000000002,0.08584822793568694
tess2019107181902-prf-4-3-row2048-col1069.fits,4,3,2048,1069,5,2,0.9999999999999998,0.08780804152301348
tess2019107181902-prf-4-3-row2048-col1069.fits,4,3,2048,1069,5,3,1.0000000000000009,0.08963312533410958
tess2019107181902-prf-4-3-row2048-col1069.fits,4,3,2048,1069,5,4,0.9999999999999996,0.09844163450474529
tess2019107181902-prf-4-3-row2048-col1069.fits,4,3,2048,1069,5,5,0.9999999999999993,0.09362989220503318
tess2019107181902-prf-4-3-row2048-col1069.fits,4,3,2048,1069,5,6,1.0,0.09420039140115524
tess2019107181902-prf-4-3-row2048-col1069.fits,4,3,2048,1069,5,7,0.9999999999999993,0.0904061383748119
tess2019107181902-prf-4-3-row2048-col1069.fits,4,3,2048,1069,5,8,0.9999999999999996,0.09041023189733818
tess2019107181902-prf-4-3-row2048-col1069.fits,4,3,2048,1069,6,0,1.0,0.09733601226703682
tess2019107181902-prf-4-3-row2048-col1069.fits,4,3,2048,1069,6,1,0.9999999999999994,0.0838068327282837
tess2019107181902-prf-4-3-row2048-col1069.fits,4,3,2048,1069,6,2,1.0000000000000009,0.08160115426775194
tess2019107181902-prf-4-3-row2048-col1069.fits,4,3,2048,1069,6,3,0.9999999999999997,0.0914138211737987
tess2019107181902-prf-4-3-row2048-col1069.fits,4,3,2048,1069,6,4,0.9999999999999996,0.10446380427929255
tess2019107181902-prf-4-3-row2048-col1069.fits,4,3,2048,1069,6,5,1.0000000000000004,0.10027799560428025
tess2019107181902-prf-4-3-row2048-col1069.fits,4,3,2048,1069,6,6,1.0000000000000004,0.10129114148062573
tess2019107181902-prf-4-3-row2048-col1069.fits,4,3,2048,1069,6,7,0.9999999999999998,0.09625759927711891
tess2019107181902-prf-4-3-row2048-col1069.fits,4,3,2048,1069,6,8,0.9999999999999997,0.09292160580361261
tess2019107181902-prf-4-3-row2048-col1069.fits,4,3,2048,1069,7,0,1.0000000000000002,0.09395120797304249
tess2019107181902-prf-4-3-row2048-col1069.fits,4,3,2048,1069,7,1,0.9999999999999996,0.08999561599214759
tess2019107181902-prf-4-3-row2048-col1069.fits,4,3,2048,1069,7,2,0.9999999999999998,0.0846596842187343
tess2019107181902-prf-4-3-row2048-col1069.fits,4,3,2048,1069,7,3,1.0000000000000002,0.0978011952801278
tess2019107181902-prf-4-3-row2048-col1069.fits,4,3,2048,1069,7,4,0.9999999999999996,0.11127768830847494
tess2019107181902-prf-4-3-row2048-col1069.fits,4,3,2048,1069,7,5,1.0000000000000002,0.10390462391696738
tess2019107181902-prf-4-3-row2048-col1069.fits,4,3,2048,1069,7,6,1.0000000000000004,0.09732488124040507
tess2019107181902-prf-4-3-row2048-col1069.fits,4,3,2048,1069,7,7,1.0000000000000007,0.09517839630382299
tess2019107181902-prf-4-3-row2048-col1069.fits,4,3,2048,1069,7,8,1.0000000000000004,0.0899778202066085
tess2019107181902-prf-4-3-row2048-col1069.fits,4,3,2048,1069,8,0,0.9999999999999996,0.09088613115824792
tess2019107181902-prf-4-3-row2048-col1069.fits,4,3,2048,1069,8,1,0.9999999999999999,0.09132522237613612
tess2019107181902-prf-4-3-row2048-col1069.fits,4,3,2048,1069,8,2,0.9999999999999997,0.09250289652410854
tess2019107181902-prf-4-3-row2048-col1069.fits,4,3,2048,1069,8,3,0.9999999999999996,0.10221119600336051
tess2019107181902-prf-4-3-row2048-col1069.fits,4,3,2048,1069,8,4,1.0000000000000004,0.11542276933619555
tess2019107181902-prf-4-3-row2048-col1069.fits,4,3,2048,1069,8,5,0.9999999999999998,0.10654864059598426
tess2019107181902-prf-4-3-row2048-col1069.fits,4,3,2048,1069,8,6,1.0000000000000004,0.08788044945115892
tess2019107181902-prf-4-3-row2048-col1069.fits,4,3,2048,1069,8,7,0.9999999999999999,0.09549546585023713
tess2019107181902-prf-4-3-row2048-col1069.fits,4,3,2048,1069,8,8,0.9999999999999996,0.09616464195329283
tess2019107181902-prf-4-3-row2048-col1580.fits,4,3,2048,1580,0,0,1.0000000000000002,0.10260293862714223
tess2019107181902-prf-4-3-row2048-col1580.fits,4,3,2048,1580,0,1,1.0,0.09467939910310313
tess2019107181902-prf-4-3-row2048-col1580.fits,4,3,2048,1580,0,2,1.0,0.09689331524886552
tess2019107181902-prf-4-3-row2048-col1580.fits,4,3,2048,1580,0,3,0.9999999999999997,0.09872083505110578
tess2019107181902-prf-4-3-row2048-col1580.fits,4,3,2048,1580,0,4,0.9999999999999998,0.10173716399657473
tess2019107181902-prf-4-3-row2048-col1580.fits,4,3,2048,1580,0,5,1.0,0.10010834602004767
tess2019107181902-prf-4-3-row2048-col1580.fits,4,3,2048,1580,0,6,0.9999999999999998,0.09477342662675474
tess2019107181902-prf-4-3-row2048-col1580.fits,4,3,2048,1580,0,7,0.9999999999999999,0.09897507065648009
tess2019107181902-prf-4-3-row2048-col1580.fits,4,3,2048,1580,0,8,0.9999999999999996,0.10909868216177418
tess2019107181902-prf-4-3-row2048-col1580.fits,4,3,2048,1580,1,0,1.0000000000000007,0.10295927090493853
tess2019107181902-prf-4-3-row2048-col1580.fits,4,3,2048,1580,1,1,0.9999999999999996,0.0946328514871868
tess2019107181902-prf-4-3-row2048-col1580.fits,4,3,2048,1580,1,2,1.0000000000000002,0.09930432574906178
tess2019107181902-prf-4-3-row2048-col1580.fits,4,3,2048,1580,1,3,0.9999999999999998,0.09873336421641883
tess2019107181902-prf-4-3-row2048-col1580.fits,4,3,2048,1580,1,4,0.9999999999999994,0.09676111487836336
tess2019107181902-prf-4-3-row2048-col1580.fits,4,3,2048,1580,1,5,0.9999999999999998,0.10082032637569131
tess2019107181902-prf-4-3-row2048-col1580.fits,4,3,2048,1580,1,6,1.0000000000000002,0.09023091679707741
tess2019107181902-prf-4-3-row2048-col1580.fits,4,3,2048,1580,1,7,1.0000000000000009,0.10021767916741472
tess2019107181902-prf-4-3-row2048-col1580.fits,4,3,2048,1580,1,8,1.0000000000000004,0.10174035859279837
tess2019107181902-prf-4-3-row2048-col1580.fits,4,3,2048,1580,2,0,1.0000000000000007,0.10022111230178157
tess2019107181902-prf-4-3-row2048-col1580.fits,4,3,2048,1580,2,1,1.0000000000000007,0.0984330470853636
tess2019107181902-prf-4-3-row2048-col1580.fits,4,3,2048,1580,2,2,0.9999999999999998,0.09931593293998778
tess2019107181902-prf-4-3-row2048-col1580.fits,4,3,2048,1580,2,3,0.9999999999999998,0.09929583544258674
tess2019107181902-prf-4-3-row2048-col1580.fits,4,3,2048,1580,2,4,1.0,0.0969132046292441
tess2019107181902-prf-4-3-row2048-col1580.fits,4,3,2048,1580,2,5,1.0,0.0951995901600925
tess2019107181902-prf-4-3-row2048-col1580.fits,4,3,2048,1580,2,6,0.9999999999999999,0.08995845846849637
tess2019107181902-prf-4-3-row2048-col1580.fits,4,3,2048,1580,2,7,0.9999999999999999,0.09607697853745378
tess2019107181902-prf-4-3-row2048-col1580.fits,4,3,2048,1580,2,8,1.0000000000000007,0.10165805124602212
tess2019107181902-prf-4-3-row2048-col1580.fits,4,3,2048,1580,3,0,1.0000000000000009,0.09514067686680006
tess2019107181902-prf-4-3-row2048-col1580.fits,4,3,2048,1580,3,1,0.9999999999999998,0.09213266810346947
tess2019107181902-prf-4-3-row2048-col1580.fits,4,3,2048,1580,3,2,1.0000000000000002,0.09240200922601376
tess2019107181902-prf-4-3-row2048-col1580.fits,4,3,2048,1580,3,3,1.0,0.09578417861063776
tess2019107181902-prf-4-3-row2048-col1580.fits,4,3,2048,1580,3,4,0.9999999999999998,0.08628059953983516
tess2019107181902-prf-4-3-row2048-col1580.fits,4,3,2048,1580,3,5,0.9999999999999993,0.08811487835699318
tess2019107181902-prf-4-3-row2048-col1580.fits,4,3,2048,1580,3,6,1.0000000000000002,0.08171103617608257
tess2019107181902-prf-4-3-row2048-col1580.fits,4,3,2048,1580,3,7,0.9999999999999992,0.08643203146733472
tess2019107181902-prf-4-3-row2048-col1580.fits,4,3,2048,1580,3,8,1.0000000000000002,0.0895390529629822
tess2019107181902-prf-4-3-row2048-col1580.fits,4,3,2048,1580,4,0,0.9999999999999996,0.09834176526067781
tess2019107181902-prf-4-3-row2048-col1580.fits,4,3,2048,1580,4,1,1.0000000000000004,0.09024313891134245
tess2019107181902-prf-4-3-row2048-col1580.fits,4,3,2048,1580,4,2,0.9999999999999997,0.09290589900581815
tess2019107181902-prf-4-3-row2048-col1580.fits,4,3,2048,1580,4,3,0.9999999999999993,0.09173835007327105
tess2019107181902-prf-4-3-row2048-col1580.fits,4,3,2048,1580,4,4,0.9999999999999998,0.08514110170571287
tess2019107181902-prf-4-3-row2048-col1580.fits,4,3,2048,1580,4,5,1.0000000000000002,0.0885198257901508
tess2019107181902-prf-4-3-row2048-col1580.fits,4,3,2048,1580,4,6,0.9999999999999999,0.0836394940167238
tess2019107181902-prf-4-3-row2048-col1580.fits,4,3,2048,1580,4,7,1.000000000000001,0.08775487212539695
tess2019107181902-prf-4-3-row2048-col1580.fits,4,3,2048,1580,4,8,1.0000000000000002,0.09671449074995331
tess2019107181902-prf-4-3-row2048-col1580.fits,4,3,2048,1580,5,0,1.0000000000000004,0.0992836122586634
tess2019107181902-prf-4-3-row2048-col1580.fits,4,3,2048,1580,5,1,1.0,0.0937408044602017
tess2019107181902-prf-4-3-row2048-col1580.fits,4,3,2048,1580,5,2,1.0000000000000002,0.09671546645490794
tess2019107181902-prf-4-3-row2048-col1580.fits,4,3,2048,1580,5,3,0.9999999999999998,0.093724411206324
tess2019107181902-prf-4-3-row2048-col1580.fits,4,3,2048,1580,5,4,0.9999999999999997,0.0941018760742067
tess2019107181902-prf-4-3-row2048-col1580.fits,4,3,2048,1580,5,5,1.0000000000000002,0.09713246422172059
tess2019107181902-prf-4-3-row2048-col1580.fits,4,3,2048,1580,5,6,1.0000000000000004,0.0858999004714885
tess2019107181902-prf-4-3-row2048-col1580.fits,4,3,2048,1580,5,7,1.0000000000000002,0.09558865071256467
tess2019107181902-prf-4-3-row2048-col1580.fits,4,3,2048,1580,5,8,0.9999999999999998,0.1049596999422382
tess2019107181902-prf-4-3-row2048-col1580.fits,4,3,2048,1580,6,0,1.0000000000000007,0.09652471742820261
tess2019107181902-prf-4-3-row2048-col1580.fits,4,3,2048,1580,6,1,0.9999999999999993,0.09834616751403036
tess2019107181902-prf-4-3-row2048-col1580.fits,4,3,2048,1580,6,2,0.9999999999999998,0.0966945261897999
tess2019107181902-prf-4-3-row2048-col1580.fits,4,3,2048,1580,6,3,0.9999999999999999,0.09129843418134043
tess2019107181902-prf-4-3-row2048-col1580.fits,4,3,2048,1580,6,4,1.0,0.09579048242447134
tess2019107181902-prf-4-3-row2048-col1580.fits,4,3,2048,1580,6,5,1.0000000000000002,0.10091599587349646
tess2019107181902-prf-4-3-row2048-col1580.fits,4,3,2048,1580,6,6,1.0000000000000002,0.09407402343535992
tess2019107181902-prf-4-3-row2048-col1580.fits,4,3,2048,1580,6,7,1.0000000000000004,0.09582005592038886
tess2019107181902-prf-4-3-row2048-col1580.fits,4,3,2048,1580,6,8,1.0,0.10329855667437818
tess2019107181902-prf-4-3-row2048-col1580.fits,4,3,2048,1580,7,0,1.0000000000000004,0.10096668223754426
tess2019107181902-prf-4-3-row2048-col1580.fits,4,3,2048,1580,7,1,0.9999999999999994,0.09774586726886085
tess2019107181902-prf-4-3-row2048-col1580.fits,4,3,2048,1580,7,2,0.9999999999999998,0.09264199092711883
tess2019107181902-prf-4-3-row2048-col1580.fits,4,3,2048,1580,7,3,0.9999999999999998,0.0931064316268194
tess2019107181902-prf-4-3-row2048-col1580.fits,4,3,2048,1580,7,4,1.0,0.09731075309533932
tess2019107181902-prf-4-3-row2048-col1580.fits,4,3,2048,1580,7,5,0.9999999999999998,0.10011295901819653
tess2019107181902-prf-4-3-row2048-col1580.fits,4,3,2048,1580,7,6,0.9999999999999997,0.09518051994975825
tess2019107181902-prf-4-3-row2048-col1580.fits,4,3,2048,1580,7,7,1.0000000000000004,0.10166315232144668
tess2019107181902-prf-4-3-row2048-col1580.fits,4,3,2048,1580,7,8,1.0,0.10255602115576187
tess2019107181902-prf-4-3-row2048-col1580.fits,4,3,2048,1580,8,0,1.0000000000000009,0.09992733453868681
tess2019107181902-prf-4-3-row2048-col1580.fits,4,3,2048,1580,8,1,1.0000000000000002,0.09536942909227697
tess2019107181902-prf-4-3-row2048-col1580.fits,4,3,2048,1580,8,2,0.9999999999999999,0.09981896172400179
tess2019107181902-prf-4-3-row2048-col1580.fits,4,3,2048,1580,8,3,1.0000000000000004,0.08879686964112687
tess2019107181902-prf-4-3-row2048-col1580.fits,4,3,2048,1580,8,4,1.0000000000000004,0.09715230690739607
tess2019107181902-prf-4-3-row2048-col1580.fits,4,3,2048,1580,8,5,0.9999999999999998,0.10224110167785691
tess2019107181902-prf-4-3-row2048-col1580.fits,4,3,2048,1580,8,6,1.0000000000000004,0.09670049930260444
tess2019107181902-prf-4-3-row2048-col1580.fits,4,3,2048,1580,8,7,1.0000000000000004,0.0992960537015235
tess2019107181902-prf-4-3-row2048-col1580.fits,4,3,2048,1580,8,8,0.9999999999999998,0.10744892262235296
tess2019107181902-prf-4-3-row2048-col2092.fits,4,3,2048,2092,0,0,1.0,0.10170899368853888
tess2019107181902-prf-4-3-row2048-col2092.fits,4,3,2048,2092,0,1,1.0000000000000004,0.10273567672546399
tess2019107181902-prf-4-3-row2048-col2092.fits,4,3,2048,2092,0,2,1.0000000000000002,0.09774697057365378
tess2019107181902-prf-4-3-row2048-col2092.fits,4,3,2048,2092,0,3,1.0000000000000002,0.0967176841848528
tess2019107181902-prf-4-3-row2048-col2092.fits,4,3,2048,2092,0,4,1.0,0.09603850675122805
tess2019107181902-prf-4-3-row2048-col2092.fits,4,3,2048,2092,0,5,0.9999999999999994,0.0881226570038722
tess2019107181902-prf-4-3-row2048-col2092.fits,4,3,2048,2092,0,6,0.9999999999999991,0.09326688660307009
tess2019107181902-prf-4-3-row2048-col2092.fits,4,3,2048,2092,0,7,1.0000000000000002,0.09510753984412315
tess2019107181902-prf-4-3-row2048-col2092.fits,4,3,2048,2092,0,8,0.9999999999999996,0.09266060915871
tess2019107181902-prf-4-3-row2048-col2092.fits,4,3,2048,2092,1,0,1.0000000000000002,0.10358106591877099
tess2019107181902-prf-4-3-row2048-col2092.fits,4,3,2048,2092,1,1,0.9999999999999996,0.0984659886835347
tess2019107181902-prf-4-3-row2048-col2092.fits,4,3,2048,2092,1,2,1.0000000000000004,0.09976195795041017
tess2019107181902-prf-4-3-row2048-col2092.fits,4,3,2048,2092,1,3,1.0000000000000004,0.09219202831624057
tess2019107181902-prf-4-3-row2048-col2092.fits,4,3,2048,2092,1,4,1.0000000000000002,0.09565033692332174
tess2019107181902-prf-4-3-row2048-col2092.fits,4,3,2048,2092,1,5,1.0,0.08750671137684245
tess2019107181902-prf-4-3-row2048-col2092.fits,4,3,2048,2092,1,6,1.0,0.08844752954922486
tess2019107181902-prf-4-3-row2048-col2092.fits,4,3,2048,2092,1,7,1.0,0.09458979163248754
tess2019107181902-prf-4-3-row2048-col2092.fits,4,3,2048,2092,1,8,1.0000000000000004,0.0951195715581877
tess2019107181902-prf-4-3-row2048-col2092.fits,4,3,2048,2092,2,0,0.9999999999999998,0.09804455596311529
tess2019107181902-prf-4-3-row2048-col2092.fits,4,3,2048,2092,2,1,1.0000000000000002,0.09784443126165637
tess2019107181902-prf-4-3-row2048-col2092.fits,4,3,2048,2092,2,2,1.0000000000000007,0.09396288424143462
tess2019107181902-prf-4-3-row2048-col2092.fits,4,3,2048,2092,2,3,0.9999999999999993,0.0906229486176427
tess2019107181902-prf-4-3-row2048-col2092.fits,4,3,2048,2092,2,4,1.0,0.0833300716869671
tess2019107181902-prf-4-3-row2048-col2092.fits,4,3,2048,2092,2,5,1.0,0.08206769487112756
tess2019107181902-prf-4-3-row2048-col2092.fits,4,3,2048,2092,2,6,1.0000000000000009,0.08313293752644657
tess2019107181902-prf-4-3-row2048-col2092.fits,4,3,2048,2092,2,7,0.9999999999999994,0.08753746677365992
tess2019107181902-prf-4-3-row2048-col2092.fits,4,3,2048,2092,2,8,1.0,0.09217149055734822
tess2019107181902-prf-4-3-row2048-col2092.fits,4,3,2048,2092,3,0,1.0,0.09879755866170481
tess2019107181902-prf-4-3-row2048-col2092.fits,4,3,2048,2092,3,1,1.0000000000000004,0.09418576918475323
tess2019107181902-prf-4-3-row2048-col2092.fits,4,3,2048,2092,3,2,1.0000000000000004,0.08567727387475776
tess2019107181902-prf-4-3-row2048-col2092.fits,4,3,2048,2092,3,3,1.0000000000000007,0.08488079221761372
tess2019107181902-prf-4-3-row2048-col2092.fits,4,3,2048,2092,3,4,1.0,0.08087792937170114
tess2019107181902-prf-4-3-row2048-col2092.fits,4,3,2048,2092,3,5,1.0,0.07767646814737898
tess2019107181902-prf-4-3-row2048-col2092.fits,4,3,2048,2092,3,6,1.0,0.07749984702150617
tess2019107181902-prf-4-3-row2048-col2092.fits,4,3,2048,2092,3,7,0.9999999999999993,0.08089096243519116
tess2019107181902-prf-4-3-row2048-col2092.fits,4,3,2048,2092,3,8,0.9999999999999993,0.08801946212669087
tess2019107181902-prf-4-3-row2048-col2092.fits,4,3,2048,2092,4,0,0.9999999999999998,0.09808789064220301
tess2019107181902-prf-4-3-row2048-col2092.fits,4,3,2048,2092,4,1,0.9999999999999996,0.09470685482581241
tess2019107181902-prf-4-3-row2048-col2092.fits,4,3,2048,2092,4,2,0.9999999999999993,0.08812687679025566
tess2019107181902-prf-4-3-row2048-col2092.fits,4,3,2048,2092,4,3,1.0,0.08491766425267447
tess2019107181902-prf-4-3-row2048-col2092.fits,4,3,2048,2092,4,4,1.0000000000000002,0.0795807790618674
tess2019107181902-prf-4-3-row2048-col2092.fits,4,3,2048,2092,4,5,1.0000000000000009,0.07923362957323296
tess2019107181902-prf-4-3-row2048-col2092.fits,4,3,2048,2092,4,6,0.9999999999999999,0.08203747439257382
tess2019107181902-prf-4-3-row2048-col2092.fits,4,3,2048,2092,4,7,0.9999999999999991,0.07987834650868468
tess2019107181902-prf-4-3-row2048-col2092.fits,4,3,2048,2092,4,8,1.0,0.09032128671571771
tess2019107181902-prf-4-3-row2048-col2092.fits,4,3,2048,2092,5,0,1.0000000000000007,0.10047118749851175
tess2019107181902-prf-4-3-row2048-col2092.fits,4,3,2048,2092,5,1,0.9999999999999998,0.09609440296147087
tess2019107181902-prf-4-3-row2048-col2092.fits,4,3,2048,2092,5,2,1.0,0.09036155530475098
tess2019107181902-prf-4-3-row2048-col2092.fits,4,3,2048,2092,5,3,0.9999999999999996,0.08781064304612257
tess2019107181902-prf-4-3-row2048-col2092.fits,4,3,2048,2092,5,4,0.9999999999999997,0.08023506910115676
tess2019107181902-prf-4-3-row2048-col2092.fits,4,3,2048,2092,5,5,0.9999999999999997,0.07456614740597811
tess2019107181902-prf-4-3-row2048-col2092.fits,4,3,2048,2092,5,6,0.9999999999999998,0.0784152517448168
tess2019107181902-prf-4-3-row2048-col2092.fits,4,3,2048,2092,5,7,1.0,0.08173112314796935
tess2019107181902-prf-4-3-row2048-col2092.fits,4,3,2048,2092,5,8,0.9999999999999998,0.09187788903368417
tess2019107181902-prf-4-3-row2048-col2092.fits,4,3,2048,2092,6,0,0.9999999999999998,0.10153785256617807
tess2019107181902-prf-4-3-row2048-col2092.fits,4,3,2048,2092,6,1,1.0000000000000004,0.10199806189473862
tess2019107181902-prf-4-3-row2048-col2092.fits,4,3,2048,2092,6,2,1.0000000000000004,0.0884192916117468
tess2019107181902-prf-4-3-row2048-col2092.fits,4,3,2048,2092,6,3,1.0,0.0953722454295518
tess2019107181902-prf-4-3-row2048-col2092.fits,4,3,2048,2092,6,4,1.0000000000000002,0.08465821509264596
tess2019107181902-prf-4-3-row2048-col2092.fits,4,3,2048,2092,6,5,0.9999999999999998,0.0820770926830327
tess2019107181902-prf-4-3-row2048-col2092.fits,4,3,2048,2092,6,6,0.9999999999999998,0.09026427207297916
tess2019107181902-prf-4-3-row2048-col2092.fits,4,3,2048,2092,6,7,1.0,0.08301932203754282
tess2019107181902-prf-4-3-row2048-col2092.fits,4,3,2048,2092,6,8,0.9999999999999996,0.09384057935909086
tess2019107181902-prf-4-3-row2048-col2092.fits,4,3,2048,2092,7,0,1.0,0.09970934822728195
tess2019107181902-prf-4-3-row2048-col2092.fits,4,3,2048,2092,7,1,0.9999999999999996,0.10243578047546884
tess2019107181902-prf-4-3-row2048-col2092.fits,4,3,2048,2092,7,2,0.9999999999999996,0.09249895217330059
tess2019107181902-prf-4-3-row2048-col2092.fits,4,3,2048,2092,7,3,1.0,0.09286141470078935
tess2019107181902-prf-4-3-row2048-col2092.fits,4,3,2048,2092,7,4,0.9999999999999999,0.0872635534586185
tess2019107181902-prf-4-3-row2048-col2092.fits,4,3,2048,2092,7,5,0.9999999999999998,0.08527087855076644
tess2019107181902-prf-4-3-row2048-col2092.fits,4,3,2048,2092,7,6,1.0000000000000007,0.0872722852721424
tess2019107181902-prf-4-3-row2048-col2092.fits,4,3,2048,2092,7,7,1.0,0.09421726199843025
tess2019107181902-prf-4-3-row2048-col2092.fits,4,3,2048,2092,7,8,1.0000000000000004,0.09308337637626116
tess2019107181902-prf-4-3-row2048-col2092.fits,4,3,2048,2092,8,0,1.0000000000000004,0.0999595273484157
tess2019107181902-prf-4-3-row2048-col2092.fits,4,3,2048,2092,8,1,0.9999999999999999,0.10510704544947547
tess2019107181902-prf-4-3-row2048-col2092.fits,4,3,2048,2092,8,2,1.0000000000000002,0.0988552656165483
tess2019107181902-prf-4-3-row2048-col2092.fits,4,3,2048,2092,8,3,1.0000000000000009,0.09266274053347942
tess2019107181902-prf-4-3-row2048-col2092.fits,4,3,2048,2092,8,4,0.9999999999999998,0.0896328546502756
tess2019107181902-prf-4-3-row2048-col2092.fits,4,3,2048,2092,8,5,0.9999999999999991,0.0891540833330646
tess2019107181902-prf-4-3-row2048-col2092.fits,4,3,2048,2092,8,6,0.9999999999999998,0.09357378977007495
tess2019107181902-prf-4-3-row2048-col2092.fits,4,3,2048,2092,8,7,1.0,0.09747424284661965
tess2019107181902-prf-4-3-row2048-col2092.fits,4,3,2048,2092,8,8,0.9999999999999993,0.09912651188086975
tess2019107181902-prf-4-4-row0001-col0045.fits,4,4,1,45,0,0,0.9963774757985439,0.09320811446403336
tess2019107181902-prf-4-4-row0001-col0045.fits,4,4,1,45,0,1,0.9969405657577782,0.11076210577338255
tess2019107181902-prf-4-4-row0001-col0045.fits,4,4,1,45,0,2,0.9968167936001944,0.09768297325372094
tess2019107181902-prf-4-4-row0001-col0045.fits,4,4,1,45,0,3,0.9968480248028198,0.10882427499163576
tess2019107181902-prf-4-4-row0001-col0045.fits,4,4,1,45,0,4,0.996746791491836,0.10618890034259615
tess2019107181902-prf-4-4-row0001-col0045.fits,4,4,1,45,0,5,0.996443703118807,0.1025270875806754
tess2019107181902-prf-4-4-row0001-col0045.fits,4,4,1,45,0,6,0.9969861678511815,0.10672368687382058
tess2019107181902-prf-4-4-row0001-col0045.fits,4,4,1,45,0,7,0.9965201353404373,0.10303939615018691
tess2019107181902-prf-4-4-row0001-col0045.fits,4,4,1,45,0,8,0.9962277384337503,0.09557451270432472
tess2019107181902-prf-4-4-row0001-col0045.fits,4,4,1,45,1,0,0.9999999999999993,0.09440264589604755
tess2019107181902-prf-4-4-row0001-col0045.fits,4,4,1,45,1,1,1.0000000000000002,0.11555320314278737
tess2019107181902-prf-4-4-row0001-col0045.fits,4,4,1,45,1,2,0.9999999999999999,0.08943434230281377
tess2019107181902-prf-4-4-row0001-col0045.fits,4,4,1,45,1,3,0.9999999999999999,0.1061940315925353
tess2019107181902-prf-4-4-row0001-col0045.fits,4,4,1,45,1,4,1.0000000000000002,0.10775484693380613
tess2019107181902-prf-4-4-row0001-col0045.fits,4,4,1,45,1,5,0.9999999999999998,0.09772220581808216
tess2019107181902-prf-4-4-row0001-col0045.fits,4,4,1,45,1,6,1.0,0.10043215792064203
tess2019107181902-prf-4-4-row0001-col0045.fits,4,4,1,45,1,7,1.0000000000000004,0.10785919800777374
tess2019107181902-prf-4-4-row0001-col0045.fits,4,4,1,45,1,8,0.9999999999999998,0.0946894409199979
tess2019107181902-prf-4-4-row0001-col0045.fits,4,4,1,45,2,0,1.0000000000000004,0.08985913724164749
tess2019107181902-prf-4-4-row0001-col0045.fits,4,4,1,45,2,1,1.0000000000000007,0.1025684646272728
tess2019107181902-prf-4-4-row0001-col0045.fits,4,4,1,45,2,2,0.9999999999999998,0.0877527596517789
tess2019107181902-prf-4-4-row0001-col0045.fits,4,4,1,45,2,3,0.9999999999999997,0.10306154898163476
tess2019107181902-prf-4-4-row0001-col0045.fits,4,4,1,45,2,4,1.0000000000000002,0.0976661305049383
tess2019107181902-prf-4-4-row0001-col0045.fits,4,4,1,45,2,5,0.9999999999999997,0.09286210138221934
tess2019107181902-prf-4-4-row0001-col0045.fits,4,4,1,45,2,6,1.0000000000000004,0.09225669545453713
tess2019107181902-prf-4-4-row0001-col0045.fits,4,4,1,45,2,7,1.0000000000000002,0.09665743933667126
tess2019107181902-prf-4-4-row0001-col0045.fits,4,4,1,45,2,8,1.0000000000000002,0.08887870099958636
tess2019107181902-prf-4-4-row0001-col0045.fits,4,4,1,45,3,0,0.9999999999999994,0.08812752471171037
tess2019107181902-prf-4-4-row0001-col0045.fits,4,4,1,45,3,1,1.0000000000000002,0.10040505185445293
tess2019107181902-prf-4-4-row0001-col0045.fits,4,4,1,45,3,2,1.0000000000000002,0.09431250197988664
tess2019107181902-prf-4-4-row0001-col0045.fits,4,4,1,45,3,3,1.0000000000000002,0.10224073770466743
tess2019107181902-prf-4-4-row0001-col0045.fits,4,4,1,45,3,4,1.0,0.10447778503192115
tess2019107181902-prf-4-4-row0001-col0045.fits,4,4,1,45,3,5,0.9999999999999996,0.09624642215642332
tess2019107181902-prf-4-4-row0001-col0045.fits,4,4,1,45,3,6,0.9999999999999998,0.09133294069001652
tess2019107181902-prf-4-4-row0001-col0045.fits,4,4,1,45,3,7,1.0000000000000007,0.09854863303274342
tess2019107181902-prf-4-4-row0001-col0045.fits,4,4,1,45,3,8,1.0000000000000007,0.08696127628394557
tess2019107181902-prf-4-4-row0001-col0045.fits,4,4,1,45,4,0,0.9999999999999998,0.09580681216458264
tess2019107181902-prf-4-4-row0001-col0045.fits,4,4,1,45,4,1,1.0000000000000007,0.09610330215004413
tess2019107181902-prf-4-4-row0001-col0045.fits,4,4,1,45,4,2,1.0,0.10091790521546169
tess2019107181902-prf-4-4-row0001-col0045.fits,4,4,1,45,4,3,0.9999999999999994,0.10749329128761484
tess2019107181902-prf-4-4-row0001-col0045.fits,4,4,1,45,4,4,1.0,0.10024500961026189
tess2019107181902-prf-4-4-row0001-col0045.fits,4,4,1,45,4,5,0.9999999999999993,0.09991418644592136
tess2019107181902-prf-4-4-row0001-col0045.fits,4,4,1,45,4,6,1.0000000000000002,0.08943650397610431
tess2019107181902-prf-4-4-row0001-col0045.fits,4,4,1,45,4,7,1.0000000000000002,0.09895209863322713
tess2019107181902-prf-4-4-row0001-col0045.fits,4,4,1,45,4,8,1.0000000000000002,0.08995840471025353
tess2019107181902-prf-4-4-row0001-col0045.fits,4,4,1,45,5,0,1.0000000000000002,0.09355337798136312
tess2019107181902-prf-4-4-row0001-col0045.fits,4,4,1,45,5,1,1.0000000000000007,0.09683277738513865
tess2019107181902-prf-4-4-row0001-col0045.fits,4,4,1,45,5,2,0.9999999999999993,0.09566741334750375
tess2019107181902-prf-4-4-row0001-col0045.fits,4,4,1,45,5,3,0.9999999999999999,0.09457932968114174
tess2019107181902-prf-4-4-row0001-col0045.fits,4,4,1,45,5,4,1.0000000000000002,0.10642614582868476
tess2019107181902-prf-4-4-row0001-col0045.fits,4,4,1,45,5,5,1.0000000000000004,0.09527218561849893
tess2019107181902-prf-4-4-row0001-col0045.fits,4,4,1,45,5,6,1.0000000000000013,0.09427545721091943
tess2019107181902-prf-4-4-row0001-col0045.fits,4,4,1,45,5,7,1.0000000000000004,0.09238185746482327
tess2019107181902-prf-4-4-row0001-col0045.fits,4,4,1,45,5,8,1.0000000000000004,0.08551896049971941
tess2019107181902-prf-4-4-row0001-col0045.fits,4,4,1,45,6,0,1.0000000000000004,0.09882953069659661
tess2019107181902-prf-4-4-row0001-col0045.fits,4,4,1,45,6,1,0.9999999999999997,0.10517753607528967
tess2019107181902-prf-4-4-row0001-col0045.fits,4,4,1,45,6,2,0.9999999999999994,0.1079882488918304
tess2019107181902-prf-4-4-row0001-col0045.fits,4,4,1,45,6,3,0.9999999999999996,0.10996448849931233
tess2019107181902-prf-4-4-row0001-col0045.fits,4,4,1,45,6,4,1.0000000000000002,0.11109393715197123
tess2019107181902-prf-4-4-row0001-col0045.fits,4,4,1,45,6,5,1.0000000000000007,0.10876560995854855
tess2019107181902-prf-4-4-row0001-col0045.fits,4,4,1,45,6,6,1.0,0.10962296110500347
tess2019107181902-prf-4-4-row0001-col0045.fits,4,4,1,45,6,7,0.9999999999999994,0.10485909520026704
tess2019107181902-prf-4-4-row0001-col0045.fits,4,4,1,45,6,8,0.9999999999999997,0.1012900828248644
tess2019107181902-prf-4-4-row0001-col0045.fits,4,4,1,45,7,0,1.0000000000000007,0.09979385947872972
tess2019107181902-prf-4-4-row0001-col0045.fits,4,4,1,45,7,1,0.9999999999999998,0.10778584721419793
tess2019107181902-prf-4-4-row0001-col0045.fits,4,4,1,45,7,2,0.9999999999999994,0.1003370121593775
tess2019107181902-prf-4-4-row0001-col0045.fits,4,4,1,45,7,3,1.0000000000000002,0.1203564028536987
tess2019107181902-prf-4-4-row0001-col0045.fits,4,4,1,45,7,4,1.0000000000000004,0.11106062115801624
tess2019107181902-prf-4-4-row0001-col0045.fits,4,4,1,45,7,5,0.9999999999999999,0.1099958876043283
tess2019107181902-prf-4-4-row0001-col0045.fits,4,4,1,45,7,6,0.9999999999999999,0.11668040503775622
tess2019107181902-prf-4-4-row0001-col0045.fits,4,4,1,45,7,7,0.9999999999999996,0.10741477988850556
tess2019107181902-prf-4-4-row0001-col0045.fits,4,4,1,45,7,8,1.0000000000000002,0.09690322549908895
tess2019107181902-prf-4-4-row0001-col0045.fits,4,4,1,45,8,0,0.9999999999999997,0.11141112404808151
tess2019107181902-prf-4-4-row0001-col0045.fits,4,4,1,45,8,1,1.0000000000000004,0.10801572229014343
tess2019107181902-prf-4-4-row0001-col0045.fits,4,4,1,45,8,2,1.0000000000000002,0.10959406727805046
tess2019107181902-prf-4-4-row0001-col0045.fits,4,4,1,45,8,3,1.0000000000000002,0.11314152154353976
tess2019107181902-prf-4-4-row0001-col0045.fits,4,4,1,45,8,4,1.0000000000000002,0.11326143395883216
tess2019107181902-prf-4-4-row0001-col0045.fits,4,4,1,45,8,5,0.9999999999999998,0.10623012167673869
tess2019107181902-prf-4-4-row0001-col0045.fits,4,4,1,45,8,6,0.9999999999999998,0.11264237950378739
tess2019107181902-prf-4-4-row0001-col0045.fits,4,4,1,45,8,7,0.9999999999999998,0.11008878968132063
tess2019107181902-prf-4-4-row0001-col0045.fits,4,4,1,45,8,8,0.9999999999999998,0.10407514526589441
tess2019107181902-prf-4-4-row0001-col0557.fits,4,4,1,557,0,0,0.9961262572875328,0.11933137931817385
tess2019107181902-prf-4-4-row0001-col0557.fits,4,4,1,557,0,1,0.9959479495714939,0.12855233437775257
tess2019107181902-prf-4-4-row0001-col0557.fits,4,4,1,557,0,2,0.9961444073129807,0.14119642340782612
tess2019107181902-prf-4-4-row0001-col0557.fits,4,4,1,557,0,3,0.9963079448267571,0.129755854076747
tess2019107181902-prf-4-4-row0001-col0557.fits,4,4,1,557,0,4,0.9960578841580916,0.14590544423439858
tess2019107181902-prf-4-4-row0001-col0557.fits,4,4,1,557,0,5,0.9963134856374474,0.14263359606680698
tess2019107181902-prf-4-4-row0001-col0557.fits,4,4,1,557,0,6,0.9961029684955152,0.12489486142441385
tess2019107181902-prf-4-4-row0001-col0557.fits,4,4,1,557,0,7,0.9959770806513988,0.13103543421733593
tess2019107181902-prf-4-4-row0001-col0557.fits,4,4,1,557,0,8,0.996019582368591,0.13345653105474506
tess2019107181902-prf-4-4-row0001-col0557.fits,4,4,1,557,1,0,0.9999999999999994,0.12925633248793716
tess2019107181902-prf-4-4-row0001-col0557.fits,4,4,1,557,1,1,1.000000000000001,0.130966181938615
tess2019107181902-prf-4-4-row0001-col0557.fits,4,4,1,557,1,2,1.0000000000000004,0.1320503582121346
tess2019107181902-prf-4-4-row0001-col0557.fits,4,4,1,557,1,3,1.0000000000000002,0.13867042590159556
tess2019107181902-prf-4-4-row0001-col0557.fits,4,4,1,557,1,4,1.0,0.1378862404647585
tess2019107181902-prf-4-4-row0001-col0557.fits,4,4,1,557,1,5,1.0,0.13913151428333287
tess2019107181902-prf-4-4-row0001-col0557.fits,4,4,1,557,1,6,1.0,0.13173932889878745
tess2019107181902-prf-4-4-row0001-col0557.fits,4,4,1,557,1,7,1.0000000000000004,0.13152448266565497
tess2019107181902-prf-4-4-row0001-col0557.fits,4,4,1,557,1,8,0.9999999999999999,0.12888764492490928
tess2019107181902-prf-4-4-row0001-col0557.fits,4,4,1,557,2,0,0.9999999999999997,0.14156250761284034
tess2019107181902-prf-4-4-row0001-col0557.fits,4,4,1,557,2,1,1.0000000000000002,0.13688857179874545
tess2019107181902-prf-4-4-row0001-col0557.fits,4,4,1,557,2,2,0.9999999999999993,0.13624262242899984
tess2019107181902-prf-4-4-row0001-col0557.fits,4,4,1,557,2,3,1.0,0.1380954446559653
tess2019107181902-prf-4-4-row0001-col0557.fits,4,4,1,557,2,4,1.0,0.1354999685569215
tess2019107181902-prf-4-4-row0001-col0557.fits,4,4,1,557,2,5,1.0000000000000002,0.12819498369874543
tess2019107181902-prf-4-4-row0001-col0557.fits,4,4,1,557,2,6,0.9999999999999999,0.1228518159622409
tess2019107181902-prf-4-4-row0001-col0557.fits,4,4,1,557,2,7,1.0000000000000007,0.12324904735586079
tess2019107181902-prf-4-4-row0001-col0557.fits,4,4,1,557,2,8,0.9999999999999993,0.13321154958998732
tess2019107181902-prf-4-4-row0001-col0557.fits,4,4,1,557,3,0,0.9999999999999999,0.12824465683827932
tess2019107181902-prf-4-4-row0001-col0557.fits,4,4,1,557,3,1,0.9999999999999998,0.13107965474277478
tess2019107181902-prf-4-4-row0001-col0557.fits,4,4,1,557,3,2,0.9999999999999998,0.1286091500143573
tess2019107181902-prf-4-4-row0001-col0557.fits,4,4,1,557,3,3,1.0000000000000002,0.1298560570639714
tess2019107181902-prf-4-4-row0001-col0557.fits,4,4,1,557,3,4,0.9999999999999998,0.13424616104889184
tess2019107181902-prf-4-4-row0001-col0557.fits,4,4,1,557,3,5,0.9999999999999999,0.12741750810051397
tess2019107181902-prf-4-4-row0001-col0557.fits,4,4,1,557,3,6,1.000000000000001,0.12025952402642678
tess2019107181902-prf-4-4-row0001-col0557.fits,4,4,1,557,3,7,0.9999999999999998,0.11780258538377075
tess2019107181902-prf-4-4-row0001-col0557.fits,4,4,1,557,3,8,0.9999999999999996,0.12573596970709905
tess2019107181902-prf-4-4-row0001-col0557.fits,4,4,1,557,4,0,0.9999999999999999,0.1364476080578753
tess2019107181902-prf-4-4-row0001-col0557.fits,4,4,1,557,4,1,1.0000000000000004,0.13204367025852848
tess2019107181902-prf-4-4-row0001-col0557.fits,4,4,1,557,4,2,0.9999999999999997,0.13094007975325822
tess2019107181902-prf-4-4-row0001-col0557.fits,4,4,1,557,4,3,0.9999999999999996,0.12760048923229694
tess2019107181902-prf-4-4-row0001-col0557.fits,4,4,1,557,4,4,0.9999999999999993,0.13909799014297863
tess2019107181902-prf-4-4-row0001-col0557.fits,4,4,1,557,4,5,1.0000000000000002,0.12160564770535989
tess2019107181902-prf-4-4-row0001-col0557.fits,4,4,1,557,4,6,1.0000000000000007,0.13086206362678032
tess2019107181902-prf-4-4-row0001-col0557.fits,4,4,1,557,4,7,0.9999999999999986,0.12786141472064322
tess2019107181902-prf-4-4-row0001-col0557.fits,4,4,1,557,4,8,0.9999999999999998,0.14171196914168194
tess2019107181902-prf-4-4-row0001-col0557.fits,4,4,1,557,5,0,0.9999999999999991,0.12562860399961828
tess2019107181902-prf-4-4-row0001-col0557.fits,4,4,1,557,5,1,1.0,0.13804819943081434
tess2019107181902-prf-4-4-row0001-col0557.fits,4,4,1,557,5,2,0.9999999999999999,0.12374440528819267
tess2019107181902-prf-4-4-row0001-col0557.fits,4,4,1,557,5,3,1.0,0.13154463730077462
tess2019107181902-prf-4-4-row0001-col0557.fits,4,4,1,557,5,4,1.0000000000000004,0.1290763065515093
tess2019107181902-prf-4-4-row0001-col0557.fits,4,4,1,557,5,5,1.0,0.11801323280733726
tess2019107181902-prf-4-4-row0001-col0557.fits,4,4,1,557,5,6,0.9999999999999998,0.12441294499179373
tess2019107181902-prf-4-4-row0001-col0557.fits,4,4,1,557,5,7,0.9999999999999998,0.13158575944107104
tess2019107181902-prf-4-4-row0001-col0557.fits,4,4,1,557,5,8,0.9999999999999994,0.12748338765780337
tess2019107181902-prf-4-4-row0001-col0557.fits,4,4,1,557,6,0,1.0000000000000004,0.13387315664696786
tess2019107181902-prf-4-4-row0001-col0557.fits,4,4,1,557,6,1,1.0,0.1367397236859278
tess2019107181902-prf-4-4-row0001-col0557.fits,4,4,1,557,6,2,0.9999999999999996,0.1420024223183864
tess2019107181902-prf-4-4-row0001-col0557.fits,4,4,1,557,6,3,1.0000000000000002,0.12690889198375982
tess2019107181902-prf-4-4-row0001-col0557.fits,4,4,1,557,6,4,0.9999999999999999,0.13649484929563094
tess2019107181902-prf-4-4-row0001-col0557.fits,4,4,1,557,6,5,1.0000000000000004,0.13420086494801464
tess2019107181902-prf-4-4-row0001-col0557.fits,4,4,1,557,6,6,1.0000000000000004,0.11995271868723854
tess2019107181902-prf-4-4-row0001-col0557.fits,4,4,1,557,6,7,1.0000000000000002,0.1180252439927873
tess2019107181902-prf-4-4-row0001-col0557.fits,4,4,1,557,6,8,1.0,0.13007194447274817
tess2019107181902-prf-4-4-row0001-col0557.fits,4,4,1,557,7,0,0.9999999999999999,0.13304835059233433
tess2019107181902-prf-4-4-row0001-col0557.fits,4,4,1,557,7,1,0.9999999999999996,0.1366525182738999
tess2019107181902-prf-4-4-row0001-col0557.fits,4,4,1,557,7,2,1.0000000000000004,0.14776401706431597
tess2019107181902-prf-4-4-row0001-col0557.fits,4,4,1,557,7,3,0.9999999999999997,0.14485805543405567
tess2019107181902-prf-4-4-row0001-col0557.fits,4,4,1,557,7,4,1.0000000000000002,0.14402931045982906
tess2019107181902-prf-4-4-row0001-col0557.fits,4,4,1,557,7,5,1.0000000000000013,0.13796923149867135
tess2019107181902-prf-4-4-row0001-col0557.fits,4,4,1,557,7,6,1.0,0.1411431643897299
tess2019107181902-prf-4-4-row0001-col0557.fits,4,4,1,557,7,7,1.0000000000000004,0.1418257514449904
tess2019107181902-prf-4-4-row0001-col0557.fits,4,4,1,557,7,8,0.9999999999999993,0.13904638165461553
tess2019107181902-prf-4-4-row0001-col0557.fits,4,4,1,557,8,0,1.0000000000000004,0.12094400785408298
tess2019107181902-prf-4-4-row0001-col0557.fits,4,4,1,557,8,1,1.0000000000000002,0.13339917733867146
tess2019107181902-prf-4-4-row0001-col0557.fits,4,4,1,557,8,2,0.9999999999999991,0.13252952777798924
tess2019107181902-prf-4-4-row0001-col0557.fits,4,4,1,557,8,3,0.9999999999999991,0.12996648105245898
tess2019107181902-prf-4-4-row0001-col0557.fits,4,4,1,557,8,4,1.0000000000000009,0.1280758828550287
tess2019107181902-prf-4-4-row0001-col0557.fits,4,4,1,557,8,5,1.0000000000000007,0.13434219332510813
tess2019107181902-prf-4-4-row0001-col0557.fits,4,4,1,557,8,6,1.0,0.12915985216887893
tess2019107181902-prf-4-4-row0001-col0557.fits,4,4,1,557,8,7,0.9999999999999996,0.13058733528642003
tess2019107181902-prf-4-4-row0001-col0557.fits,4,4,1,557,8,8,1.0,0.13441820335807397
tess2019107181902-prf-4-4-row0001-col1069.fits,4,4,1,1069,0,0,1.0000000000000004,0.12356252984024947
tess2019107181902-prf-4-4-row0001-col1069.fits,4,4,1,1069,0,1,1.0,0.1349711769608157
tess2019107181902-prf-4-4-row0001-col1069.fits,4,4,1,1069,0,2,0.9999999999999999,0.12714243256293015
tess2019107181902-prf-4-4-row0001-col1069.fits,4,4,1,1069,0,3,1.0000000000000002,0.14137805442890716
tess2019107181902-prf-4-4-row0001-col1069.fits,4,4,1,1069,0,4,1.0,0.1286914833201339
tess2019107181902-prf-4-4-row0001-col1069.fits,4,4,1,1069,0,5,0.9999999999999993,0.1284118034360646
tess2019107181902-prf-4-4-row0001-col1069.fits,4,4,1,1069,0,6,1.0,0.12241086263745533
tess2019107181902-prf-4-4-row0001-col1069.fits,4,4,1,1069,0,7,1.0000000000000002,0.14298537686052154
tess2019107181902-prf-4-4-row0001-col1069.fits,4,4,1,1069,0,8,1.0000000000000007,0.12065080725471448
tess2019107181902-prf-4-4-row0001-col1069.fits,4,4,1,1069,1,0,0.9999999999999999,0.14050686804218293
tess2019107181902-prf-4-4-row0001-col1069.fits,4,4,1,1069,1,1,0.9999999999999998,0.14215045309490537
tess2019107181902-prf-4-4-row0001-col1069.fits,4,4,1,1069,1,2,1.0000000000000002,0.13696585351918064
tess2019107181902-prf-4-4-row0001-col1069.fits,4,4,1,1069,1,3,1.0000000000000002,0.15102784832771118
tess2019107181902-prf-4-4-row0001-col1069.fits,4,4,1,1069,1,4,1.0000000000000002,0.13414324041311723
tess2019107181902-prf-4-4-row0001-col1069.fits,4,4,1,1069,1,5,0.9999999999999998,0.13535416152117985
tess2019107181902-prf-4-4-row0001-col1069.fits,4,4,1,1069,1,6,1.0000000000000002,0.12061534158749437
tess2019107181902-prf-4-4-row0001-col1069.fits,4,4,1,1069,1,7,0.9999999999999997,0.1249713613499041
tess2019107181902-prf-4-4-row0001-col1069.fits,4,4,1,1069,1,8,1.0,0.12231298758683568
tess2019107181902-prf-4-4-row0001-col1069.fits,4,4,1,1069,2,0,1.0,0.12264715838604949
tess2019107181902-prf-4-4-row0001-col1069.fits,4,4,1,1069,2,1,1.0000000000000002,0.13888290109973503
tess2019107181902-prf-4-4-row0001-col1069.fits,4,4,1,1069,2,2,1.0000000000000002,0.13985153074616258
tess2019107181902-prf-4-4-row0001-col1069.fits,4,4,1,1069,2,3,0.9999999999999997,0.13554243188089338
tess2019107181902-prf-4-4-row0001-col1069.fits,4,4,1,1069,2,4,1.0000000000000007,0.1297449186686117
tess2019107181902-prf-4-4-row0001-col1069.fits,4,4,1,1069,2,5,1.0,0.1318525549242203
tess2019107181902-prf-4-4-row0001-col1069.fits,4,4,1,1069,2,6,1.0000000000000004,0.1200888471845469
tess2019107181902-prf-4-4-row0001-col1069.fits,4,4,1,1069,2,7,0.9999999999999998,0.13992841499475459
tess2019107181902-prf-4-4-row0001-col1069.fits,4,4,1,1069,2,8,1.0,0.12725431571428056
tess2019107181902-prf-4-4-row0001-col1069.fits,4,4,1,1069,3,0,1.0000000000000002,0.11984363735761264
tess2019107181902-prf-4-4-row0001-col1069.fits,4,4,1,1069,3,1,1.0000000000000009,0.14266466710702475
tess2019107181902-prf-4-4-row0001-col1069.fits,4,4,1,1069,3,2,1.0,0.13094206449436602
tess2019107181902-prf-4-4-row0001-col1069.fits,4,4,1,1069,3,3,0.9999999999999998,0.13946008876565158
tess2019107181902-prf-4-4-row0001-col1069.fits,4,4,1,1069,3,4,1.0000000000000004,0.11082097959881544
tess2019107181902-prf-4-4-row0001-col1069.fits,4,4,1,1069,3,5,0.9999999999999997,0.12983678957726086
tess2019107181902-prf-4-4-row0001-col1069.fits,4,4,1,1069,3,6,1.0000000000000002,0.12103896788045107
tess2019107181902-prf-4-4-row0001-col1069.fits,4,4,1,1069,3,7,1.0000000000000004,0.12993122123367937
tess2019107181902-prf-4-4-row0001-col1069.fits,4,4,1,1069,3,8,1.0000000000000002,0.1297010016370171
tess2019107181902-prf-4-4-row0001-col1069.fits,4,4,1,1069,4,0,0.9999999999999999,0.11916528828887327
tess2019107181902-prf-4-4-row0001-col1069.fits,4,4,1,1069,4,1,0.9999999999999998,0.12032207485014935
tess2019107181902-prf-4-4-row0001-col1069.fits,4,4,1,1069,4,2,0.9999999999999996,0.12708064032930683
tess2019107181902-prf-4-4-row0001-col1069.fits,4,4,1,1069,4,3,1.0000000000000007,0.1291888179764515
tess2019107181902-prf-4-4-row0001-col1069.fits,4,4,1,1069,4,4,1.0000000000000002,0.12946437681200113
tess2019107181902-prf-4-4-row0001-col1069.fits,4,4,1,1069,4,5,1.0000000000000004,0.12665650066905873
tess2019107181902-prf-4-4-row0001-col1069.fits,4,4,1,1069,4,6,0.9999999999999998,0.1264849220059603
tess2019107181902-prf-4-4-row0001-col1069.fits,4,4,1,1069,4,7,0.9999999999999999,0.12254968761500172
tess2019107181902-prf-4-4-row0001-col1069.fits,4,4,1,1069,4,8,1.0000000000000004,0.1221546593317129
tess2019107181902-prf-4-4-row0001-col1069.fits,4,4,1,1069,5,0,1.0000000000000002,0.1195730006299809
tess2019107181902-prf-4-4-row0001-col1069.fits,4,4,1,1069,5,1,0.9999999999999997,0.12438494453765754
tess2019107181902-prf-4-4-row0001-col1069.fits,4,4,1,1069,5,2,1.0,0.13209592888725033
tess2019107181902-prf-4-4-row0001-col1069.fits,4,4,1,1069,5,3,1.0,0.1293893770330146
tess2019107181902-prf-4-4-row0001-col1069.fits,4,4,1,1069,5,4,0.9999999999999993,0.1340842748904812
tess2019107181902-prf-4-4-row0001-col1069.fits,4,4,1,1069,5,5,1.0000000000000002,0.1331715517200687
tess2019107181902-prf-4-4-row0001-col1069.fits,4,4,1,1069,5,6,1.0,0.1187314798003632
tess2019107181902-prf-4-4-row0001-col1069.fits,4,4,1,1069,5,7,0.9999999999999992,0.12279368014681576
tess2019107181902-prf-4-4-row0001-col1069.fits,4,4,1,1069,5,8,1.0000000000000002,0.13053123407046435
tess2019107181902-prf-4-4-row0001-col1069.fits,4,4,1,1069,6,0,1.0000000000000004,0.11247094553963907
tess2019107181902-prf-4-4-row0001-col1069.fits,4,4,1,1069,6,1,0.9999999999999998,0.12458532561250076
tess2019107181902-prf-4-4-row0001-col1069.fits,4,4,1,1069,6,2,1.0000000000000002,0.12937782664461717
tess2019107181902-prf-4-4-row0001-col1069.fits,4,4,1,1069,6,3,1.0,0.1239007899622957
tess2019107181902-prf-4-4-row0001-col1069.fits,4,4,1,1069,6,4,1.0000000000000004,0.13761126003809576
tess2019107181902-prf-4-4-row0001-col1069.fits,4,4,1,1069,6,5,1.0000000000000004,0.12668795207563227
tess2019107181902-prf-4-4-row0001-col1069.fits,4,4,1,1069,6,6,0.9999999999999993,0.10865154223724732
tess2019107181902-prf-4-4-row0001-col1069.fits,4,4,1,1069,6,7,0.9999999999999998,0.1258959024006753
tess2019107181902-prf-4-4-row0001-col1069.fits,4,4,1,1069,6,8,0.9999999999999999,0.11526308903293792
tess2019107181902-prf-4-4-row0001-col1069.fits,4,4,1,1069,7,0,0.9999999999999994,0.12319534145437189
tess2019107181902-prf-4-4-row0001-col1069.fits,4,4,1,1069,7,1,0.9999999999999993,0.12072782277884818
tess2019107181902-prf-4-4-row0001-col1069.fits,4,4,1,1069,7,2,0.9999999999999998,0.12300754896782093
tess2019107181902-prf-4-4-row0001-col1069.fits,4,4,1,1069,7,3,1.0,0.128718639852124
tess2019107181902-prf-4-4-row0001-col1069.fits,4,4,1,1069,7,4,1.0,0.14236599303070696
tess2019107181902-prf-4-4-row0001-col1069.fits,4,4,1,1069,7,5,1.0000000000000002,0.1296656853063634
tess2019107181902-prf-4-4-row0001-col1069.fits,4,4,1,1069,7,6,1.0,0.12649342207993536
tess2019107181902-prf-4-4-row0001-col1069.fits,4,4,1,1069,7,7,1.0000000000000004,0.14509817649476153
tess2019107181902-prf-4-4-row0001-col1069.fits,4,4,1,1069,7,8,1.0000000000000004,0.11988859613797685
tess2019107181902-prf-4-4-row0001-col1069.fits,4,4,1,1069,8,0,1.0,0.1287247214369627
tess2019107181902-prf-4-4-row0001-col1069.fits,4,4,1,1069,8,1,0.9999999999999999,0.13099699443123952
tess2019107181902-prf-4-4-row0001-col1069.fits,4,4,1,1069,8,2,1.000000000000001,0.12693419431604955
tess2019107181902-prf-4-4-row0001-col1069.fits,4,4,1,1069,8,3,1.0000000000000004,0.12253406651565296
tess2019107181902-prf-4-4-row0001-col1069.fits,4,4,1,1069,8,4,0.9999999999999998,0.14417323818568056
tess2019107181902-prf-4-4-row0001-col1069.fits,4,4,1,1069,8,5,0.9999999999999994,0.12657496463425422
tess2019107181902-prf-4-4-row0001-col1069.fits,4,4,1,1069,8,6,0.9999999999999996,0.10908135749163753
tess2019107181902-prf-4-4-row0001-col1069.fits,4,4,1,1069,8,7,0.9999999999999997,0.14519818426707481
tess2019107181902-prf-4-4-row0001-col1069.fits,4,4,1,1069,8,8,1.0000000000000002,0.11985251969553712
tess2019107181902-prf-4-4-row0001-col1580.fits,4,4,1,1580,0,0,1.0,0.11846719673073156
tess2019107181902-prf-4-4-row0001-col1580.fits,4,4,1,1580,0,1,1.0,0.10599309969978554
tess2019107181902-prf-4-4-row0001-col1580.fits,4,4,1,1580,0,2,0.9999999999999999,0.11362370183809614
tess2019107181902-prf-4-4-row0001-col1580.fits,4,4,1,1580,0,3,0.9999999999999999,0.13076634907542425
tess2019107181902-prf-4-4-row0001-col1580.fits,4,4,1,1580,0,4,0.9999999999999998,0.12421025719416695
tess2019107181902-prf-4-4-row0001-col1580.fits,4,4,1,1580,0,5,0.9999999999999992,0.1386302939104514
tess2019107181902-prf-4-4-row0001-col1580.fits,4,4,1,1580,0,6,1.0000000000000002,0.13654984853082294
tess2019107181902-prf-4-4-row0001-col1580.fits,4,4,1,1580,0,7,1.0000000000000002,0.1299924024236516
tess2019107181902-prf-4-4-row0001-col1580.fits,4,4,1,1580,0,8,1.0000000000000002,0.12005586683290308
tess2019107181902-prf-4-4-row0001-col1580.fits,4,4,1,1580,1,0,0.9999999999999999,0.1275074550962091
tess2019107181902-prf-4-4-row0001-col1580.fits,4,4,1,1580,1,1,1.0,0.11876630928674782
tess2019107181902-prf-4-4-row0001-col1580.fits,4,4,1,1580,1,2,0.9999999999999998,0.11963585214157985
tess2019107181902-prf-4-4-row0001-col1580.fits,4,4,1,1580,1,3,0.9999999999999994,0.11802054399682492
tess2019107181902-prf-4-4-row0001-col1580.fits,4,4,1,1580,1,4,1.0000000000000002,0.13094610314506594
tess2019107181902-prf-4-4-row0001-col1580.fits,4,4,1,1580,1,5,1.0,0.13392937718682513
tess2019107181902-prf-4-4-row0001-col1580.fits,4,4,1,1580,1,6,0.9999999999999994,0.12960213955251587
tess2019107181902-prf-4-4-row0001-col1580.fits,4,4,1,1580,1,7,0.9999999999999999,0.1236289983030967
tess2019107181902-prf-4-4-row0001-col1580.fits,4,4,1,1580,1,8,1.0,0.12483328099956381
tess2019107181902-prf-4-4-row0001-col1580.fits,4,4,1,1580,2,0,1.0000000000000002,0.1267911482729322
tess2019107181902-prf-4-4-row0001-col1580.fits,4,4,1,1580,2,1,1.0,0.13225450194595154
tess2019107181902-prf-4-4-row0001-col1580.fits,4,4,1,1580,2,2,1.0000000000000002,0.12105110253867912
tess2019107181902-prf-4-4-row0001-col1580.fits,4,4,1,1580,2,3,0.9999999999999993,0.12230097631414248
tess2019107181902-prf-4-4-row0001-col1580.fits,4,4,1,1580,2,4,1.0000000000000002,0.1281348054265412
tess2019107181902-prf-4-4-row0001-col1580.fits,4,4,1,1580,2,5,1.0,0.12862479029553328
tess2019107181902-prf-4-4-row0001-col1580.fits,4,4,1,1580,2,6,0.9999999999999996,0.12722371315779893
tess2019107181902-prf-4-4-row0001-col1580.fits,4,4,1,1580,2,7,1.0000000000000004,0.1251152890394034
tess2019107181902-prf-4-4-row0001-col1580.fits,4,4,1,1580,2,8,1.0,0.14090005845952286
tess2019107181902-prf-4-4-row0001-col1580.fits,4,4,1,1580,3,0,0.9999999999999996,0.12905624398356041
tess2019107181902-prf-4-4-row0001-col1580.fits,4,4,1,1580,3,1,1.0000000000000004,0.13848701967845797
tess2019107181902-prf-4-4-row0001-col1580.fits,4,4,1,1580,3,2,1.0000000000000004,0.12232161940617498
tess2019107181902-prf-4-4-row0001-col1580.fits,4,4,1,1580,3,3,0.9999999999999999,0.1210627167812486
tess2019107181902-prf-4-4-row0001-col1580.fits,4,4,1,1580,3,4,1.0000000000000002,0.11539716505017732
tess2019107181902-prf-4-4-row0001-col1580.fits,4,4,1,1580,3,5,1.0,0.12551988543122353
tess2019107181902-prf-4-4-row0001-col1580.fits,4,4,1,1580,3,6,1.0000000000000009,0.13465638115584777
tess2019107181902-prf-4-4-row0001-col1580.fits,4,4,1,1580,3,7,1.0,0.13343040195590145
tess2019107181902-prf-4-4-row0001-col1580.fits,4,4,1,1580,3,8,0.9999999999999998,0.13075567730004542
tess2019107181902-prf-4-4-row0001-col1580.fits,4,4,1,1580,4,0,1.0000000000000004,0.12555074479730016
tess2019107181902-prf-4-4-row0001-col1580.fits,4,4,1,1580,4,1,0.9999999999999997,0.1271962605729393
tess2019107181902-prf-4-4-row0001-col1580.fits,4,4,1,1580,4,2,1.0000000000000004,0.1229560308514376
tess2019107181902-prf-4-4-row0001-col1580.fits,4,4,1,1580,4,3,1.0000000000000004,0.12247220608243373
tess2019107181902-prf-4-4-row0001-col1580.fits,4,4,1,1580,4,4,1.0000000000000002,0.132653142386025
tess2019107181902-prf-4-4-row0001-col1580.fits,4,4,1,1580,4,5,0.9999999999999998,0.12475475608324565
tess2019107181902-prf-4-4-row0001-col1580.fits,4,4,1,1580,4,6,0.9999999999999998,0.12232020402856195
tess2019107181902-prf-4-4-row0001-col1580.fits,4,4,1,1580,4,7,1.0000000000000004,0.11369778326494806
tess2019107181902-prf-4-4-row0001-col1580.fits,4,4,1,1580,4,8,1.0,0.12321130520237238
tess2019107181902-prf-4-4-row0001-col1580.fits,4,4,1,1580,5,0,0.9999999999999996,0.12497991346708397
tess2019107181902-prf-4-4-row0001-col1580.fits,4,4,1,1580,5,1,1.0000000000000004,0.13524953311529614
tess2019107181902-prf-4-4-row0001-col1580.fits,4,4,1,1580,5,2,1.0,0.1296166251537946
tess2019107181902-prf-4-4-row0001-col1580.fits,4,4,1,1580,5,3,0.9999999999999998,0.11977118712841901
tess2019107181902-prf-4-4-row0001-col1580.fits,4,4,1,1580,5,4,1.0000000000000002,0.13758283216854483
tess2019107181902-prf-4-4-row0001-col1580.fits,4,4,1,1580,5,5,0.9999999999999998,0.1091002034506123
tess2019107181902-prf-4-4-row0001-col1580.fits,4,4,1,1580,5,6,1.0000000000000004,0.11946509945405578
tess2019107181902-prf-4-4-row0001-col1580.fits,4,4,1,1580,5,7,0.9999999999999996,0.11675613553300992
tess2019107181902-prf-4-4-row0001-col1580.fits,4,4,1,1580,5,8,0.9999999999999997,0.1272853818796344
tess2019107181902-prf-4-4-row0001-col1580.fits,4,4,1,1580,6,0,1.0000000000000004,0.12187770292370433
tess2019107181902-prf-4-4-row0001-col1580.fits,4,4,1,1580,6,1,1.0,0.13018333546734775
tess2019107181902-prf-4-4-row0001-col1580.fits,4,4,1,1580,6,2,1.0,0.11998088344554614
tess2019107181902-prf-4-4-row0001-col1580.fits,4,4,1,1580,6,3,1.0000000000000004,0.12115672717527223
tess2019107181902-prf-4-4-row0001-col1580.fits,4,4,1,1580,6,4,0.9999999999999998,0.1350996348318244
tess2019107181902-prf-4-4-row0001-col1580.fits,4,4,1,1580,6,5,1.0000000000000002,0.12566163347405007
tess2019107181902-prf-4-4-row0001-col1580.fits,4,4,1,1580,6,6,1.0000000000000004,0.12766241355150632
tess2019107181902-prf-4-4-row0001-col1580.fits,4,4,1,1580,6,7,0.9999999999999998,0.12531700657466505
tess2019107181902-prf-4-4-row0001-col1580.fits,4,4,1,1580,6,8,0.9999999999999999,0.10706162987560937
tess2019107181902-prf-4-4-row0001-col1580.fits,4,4,1,1580,7,0,1.0000000000000002,0.1365645660377323
tess2019107181902-prf-4-4-row0001-col1580.fits,4,4,1,1580,7,1,0.9999999999999997,0.12044120195875851
tess2019107181902-prf-4-4-row0001-col1580.fits,4,4,1,1580,7,2,1.0000000000000007,0.1299325249406893
tess2019107181902-prf-4-4-row0001-col1580.fits,4,4,1,1580,7,3,0.9999999999999996,0.1263761784575978
tess2019107181902-prf-4-4-row0001-col1580.fits,4,4,1,1580,7,4,0.9999999999999998,0.12560562279579324
tess2019107181902-prf-4-4-row0001-col1580.fits,4,4,1,1580,7,5,0.9999999999999991,0.13265525768518163
tess2019107181902-prf-4-4-row0001-col1580.fits,4,4,1,1580,7,6,0.9999999999999998,0.13673010939045643
tess2019107181902-prf-4-4-row0001-col1580.fits,4,4,1,1580,7,7,1.0000000000000002,0.12489811501393276
tess2019107181902-prf-4-4-row0001-col1580.fits,4,4,1,1580,7,8,1.0,0.11546574100677855
tess2019107181902-prf-4-4-row0001-col1580.fits,4,4,1,1580,8,0,0.9999999999999998,0.12000484596721529
tess2019107181902-prf-4-4-row0001-col1580.fits,4,4,1,1580,8,1,0.9999999999999997,0.10946452065212225
tess2019107181902-prf-4-4-row0001-col1580.fits,4,4,1,1580,8,2,0.9999999999999998,0.12834647752669304
tess2019107181902-prf-4-4-row0001-col1580.fits,4,4,1,1580,8,3,1.0000000000000002,0.13823054756029773
tess2019107181902-prf-4-4-row0001-col1580.fits,4,4,1,1580,8,4,1.0000000000000002,0.12475154708137283
tess2019107181902-prf-4-4-row0001-col1580.fits,4,4,1,1580,8,5,0.9999999999999997,0.12030032384139974
tess2019107181902-prf-4-4-row0001-col1580.fits,4,4,1,1580,8,6,1.0,0.13798796676180763
tess2019107181902-prf-4-4-row0001-col1580.fits,4,4,1,1580,8,7,1.0000000000000004,0.1316487178542714
tess2019107181902-prf-4-4-row0001-col1580.fits,4,4,1,1580,8,8,1.0,0.12773952558287532
tess2019107181902-prf-4-4-row0001-col2092.fits,4,4,1,2092,0,0,0.9999999999999998,0.1252398196247889
tess2019107181902-prf-4-4-row0001-col2092.fits,4,4,1,2092,0,1,0.9999999999999996,0.12586630796555243
tess2019107181902-prf-4-4-row0001-col2092.fits,4,4,1,2092,0,2,0.9999999999999996,0.12373353344874052
tess2019107181902-prf-4-4-row0001-col2092.fits,4,4,1,2092,0,3,0.9999999999999997,0.12169542298583994
tess2019107181902-prf-4-4-row0001-col2092.fits,4,4,1,2092,0,4,1.0000000000000002,0.12733419283523983
tess2019107181902-prf-4-4-row0001-col2092.fits,4,4,1,2092,0,5,0.9999999999999999,0.12642155105950775
tess2019107181902-prf-4-4-row0001-col2092.fits,4,4,1,2092,0,6,1.0000000000000004,0.11281394347743198
tess2019107181902-prf-4-4-row0001-col2092.fits,4,4,1,2092,0,7,1.0000000000000007,0.11566211718337926
tess2019107181902-prf-4-4-row0001-col2092.fits,4,4,1,2092,0,8,1.0,0.1233676097226353
tess2019107181902-prf-4-4-row0001-col2092.fits,4,4,1,2092,1,0,0.9999999999999997,0.13101342901225418
tess2019107181902-prf-4-4-row0001-col2092.fits,4,4,1,2092,1,1,1.0000000000000002,0.11341498591551535
tess2019107181902-prf-4-4-row0001-col2092.fits,4,4,1,2092,1,2,0.9999999999999998,0.11440142776830847
tess2019107181902-prf-4-4-row0001-col2092.fits,4,4,1,2092,1,3,0.9999999999999997,0.12572089993910301
tess2019107181902-prf-4-4-row0001-col2092.fits,4,4,1,2092,1,4,1.0000000000000004,0.11897363479085225
tess2019107181902-prf-4-4-row0001-col2092.fits,4,4,1,2092,1,5,0.9999999999999994,0.10896185501527428
tess2019107181902-prf-4-4-row0001-col2092.fits,4,4,1,2092,1,6,1.0000000000000004,0.11608828793615333
tess2019107181902-prf-4-4-row0001-col2092.fits,4,4,1,2092,1,7,0.9999999999999993,0.11956555327234945
tess2019107181902-prf-4-4-row0001-col2092.fits,4,4,1,2092,1,8,0.9999999999999997,0.12686636709802135
tess2019107181902-prf-4-4-row0001-col2092.fits,4,4,1,2092,2,0,1.0,0.11778436813785563
tess2019107181902-prf-4-4-row0001-col2092.fits,4,4,1,2092,2,1,1.0000000000000002,0.1128718530838213
tess2019107181902-prf-4-4-row0001-col2092.fits,4,4,1,2092,2,2,1.0,0.12474184850252254
tess2019107181902-prf-4-4-row0001-col2092.fits,4,4,1,2092,2,3,0.9999999999999997,0.12377951049817675
tess2019107181902-prf-4-4-row0001-col2092.fits,4,4,1,2092,2,4,0.9999999999999999,0.12008737024197963
tess2019107181902-prf-4-4-row0001-col2092.fits,4,4,1,2092,2,5,0.9999999999999997,0.11634866542686931
tess2019107181902-prf-4-4-row0001-col2092.fits,4,4,1,2092,2,6,0.9999999999999996,0.11823846188458435
tess2019107181902-prf-4-4-row0001-col2092.fits,4,4,1,2092,2,7,1.0000000000000002,0.1229802816535098
tess2019107181902-prf-4-4-row0001-col2092.fits,4,4,1,2092,2,8,1.0000000000000007,0.119446160107973
tess2019107181902-prf-4-4-row0001-col2092.fits,4,4,1,2092,3,0,1.0000000000000007,0.12440843639846515
tess2019107181902-prf-4-4-row0001-col2092.fits,4,4,1,2092,3,1,0.9999999999999993,0.11352213230987042
tess2019107181902-prf-4-4-row0001-col2092.fits,4,4,1,2092,3,2,1.0000000000000002,0.13156707645965723
tess2019107181902-prf-4-4-row0001-col2092.fits,4,4,1,2092,3,3,0.9999999999999998,0.12009153653653067
tess2019107181902-prf-4-4-row0001-col2092.fits,4,4,1,2092,3,4,1.0,0.11390489913872681
tess2019107181902-prf-4-4-row0001-col2092.fits,4,4,1,2092,3,5,0.9999999999999996,0.12392419287702824
tess2019107181902-prf-4-4-row0001-col2092.fits,4,4,1,2092,3,6,1.0000000000000004,0.1116429855065988
tess2019107181902-prf-4-4-row0001-col2092.fits,4,4,1,2092,3,7,1.000000000000001,0.11731615952107753
tess2019107181902-prf-4-4-row0001-col2092.fits,4,4,1,2092,3,8,1.0000000000000004,0.12091715252288995
tess2019107181902-prf-4-4-row0001-col2092.fits,4,4,1,2092,4,0,0.9999999999999999,0.12472921388805797
tess2019107181902-prf-4-4-row0001-col2092.fits,4,4,1,2092,4,1,1.0000000000000007,0.13530110639359572
tess2019107181902-prf-4-4-row0001-col2092.fits,4,4,1,2092,4,2,1.0000000000000002,0.12171669717432995
tess2019107181902-prf-4-4-row0001-col2092.fits,4,4,1,2092,4,3,0.9999999999999998,0.1280202872526895
tess2019107181902-prf-4-4-row0001-col2092.fits,4,4,1,2092,4,4,0.9999999999999999,0.1311250796922293
tess2019107181902-prf-4-4-row0001-col2092.fits,4,4,1,2092,4,5,1.0000000000000004,0.13641455678641887
tess2019107181902-prf-4-4-row0001-col2092.fits,4,4,1,2092,4,6,1.0,0.10979762452379133
tess2019107181902-prf-4-4-row0001-col2092.fits,4,4,1,2092,4,7,0.9999999999999993,0.11979790118771505
tess2019107181902-prf-4-4-row0001-col2092.fits,4,4,1,2092,4,8,1.0,0.11910659276396146
tess2019107181902-prf-4-4-row0001-col2092.fits,4,4,1,2092,5,0,0.9999999999999998,0.13482571182184777
tess2019107181902-prf-4-4-row0001-col2092.fits,4,4,1,2092,5,1,1.0000000000000002,0.13964454250754965
tess2019107181902-prf-4-4-row0001-col2092.fits,4,4,1,2092,5,2,0.9999999999999992,0.11457136603399164
tess2019107181902-prf-4-4-row0001-col2092.fits,4,4,1,2092,5,3,1.0,0.11754776389036818
tess2019107181902-prf-4-4-row0001-col2092.fits,4,4,1,2092,5,4,0.9999999999999996,0.11825079636976267
tess2019107181902-prf-4-4-row0001-col2092.fits,4,4,1,2092,5,5,1.0,0.12568966485821526
tess2019107181902-prf-4-4-row0001-col2092.fits,4,4,1,2092,5,6,0.999999999999999,0.12549035340319403
tess2019107181902-prf-4-4-row0001-col2092.fits,4,4,1,2092,5,7,1.0000000000000004,0.12045624784590556
tess2019107181902-prf-4-4-row0001-col2092.fits,4,4,1,2092,5,8,1.0000000000000004,0.12020643417264412
tess2019107181902-prf-4-4-row0001-col2092.fits,4,4,1,2092,6,0,0.9999999999999998,0.1255969578932532
tess2019107181902-prf-4-4-row0001-col2092.fits,4,4,1,2092,6,1,0.9999999999999996,0.13074898094923934
tess2019107181902-prf-4-4-row0001-col2092.fits,4,4,1,2092,6,2,1.0,0.11169806117981373
tess2019107181902-prf-4-4-row0001-col2092.fits,4,4,1,2092,6,3,1.0000000000000002,0.11126086206111557
tess2019107181902-prf-4-4-row0001-col2092.fits,4,4,1,2092,6,4,0.9999999999999996,0.12625867148812225
tess2019107181902-prf-4-4-row0001-col2092.fits,4,4,1,2092,6,5,1.0000000000000004,0.11664628135951607
tess2019107181902-prf-4-4-row0001-col2092.fits,4,4,1,2092,6,6,0.9999999999999991,0.12432580159698096
tess2019107181902-prf-4-4-row0001-col2092.fits,4,4,1,2092,6,7,1.0,0.11936567554532779
tess2019107181902-prf-4-4-row0001-col2092.fits,4,4,1,2092,6,8,0.9999999999999994,0.1281011496522089
tess2019107181902-prf-4-4-row0001-col2092.fits,4,4,1,2092,7,0,1.0,0.11521996497552493
tess2019107181902-prf-4-4-row0001-col2092.fits,4,4,1,2092,7,1,0.9999999999999996,0.1205488171184818
tess2019107181902-prf-4-4-row0001-col2092.fits,4,4,1,2092,7,2,0.9999999999999997,0.11123757184566418
tess2019107181902-prf-4-4-row0001-col2092.fits,4,4,1,2092,7,3,1.0,0.10798493155811284
tess2019107181902-prf-4-4-row0001-col2092.fits,4,4,1,2092,7,4,1.0,0.12455757169233772
tess2019107181902-prf-4-4-row0001-col2092.fits,4,4,1,2092,7,5,0.9999999999999997,0.12475549240696128
tess2019107181902-prf-4-4-row0001-col2092.fits,4,4,1,2092,7,6,1.0000000000000004,0.1244689097389422
tess2019107181902-prf-4-4-row0001-col2092.fits,4,4,1,2092,7,7,0.9999999999999998,0.11692091825875861
tess2019107181902-prf-4-4-row0001-col2092.fits,4,4,1,2092,7,8,0.9999999999999999,0.12333475208810002
tess2019107181902-prf-4-4-row0001-col2092.fits,4,4,1,2092,8,0,0.9999999999999999,0.12041219391343587
tess2019107181902-prf-4-4-row0001-col2092.fits,4,4,1,2092,8,1,1.0000000000000004,0.11269268735516226
tess2019107181902-prf-4-4-row0001-col2092.fits,4,4,1,2092,8,2,1.0,0.11728917748383744
tess2019107181902-prf-4-4-row0001-col2092.fits,4,4,1,2092,8,3,1.0000000000000002,0.12053918602046026
tess2019107181902-prf-4-4-row0001-col2092.fits,4,4,1,2092,8,4,1.0000000000000002,0.13105531942280882
tess2019107181902-prf-4-4-row0001-col2092.fits,4,4,1,2092,8,5,1.0000000000000004,0.11974111372995297
tess2019107181902-prf-4-4-row0001-col2092.fits,4,4,1,2092,8,6,1.0000000000000009,0.12099267225824695
tess2019107181902-prf-4-4-row0001-col2092.fits,4,4,1,2092,8,7,1.0,0.11940829887257967
tess2019107181902-prf-4-4-row0001-col2092.fits,4,4,1,2092,8,8,0.9999999999999996,0.11217042170579025
tess2019107181902-prf-4-4-row0513-col0045.fits,4,4,513,45,0,0,1.0000000000000002,0.10021937623431046
tess2019107181902-prf-4-4-row0513-col0045.fits,4,4,513,45,0,1,1.0000000000000004,0.09832680079302869
tess2019107181902-prf-4-4-row0513-col0045.fits,4,4,513,45,0,2,1.0,0.09598613165463923
tess2019107181902-prf-4-4-row0513-col0045.fits,4,4,513,45,0,3,0.9999999999999999,0.10175097943326715
tess2019107181902-prf-4-4-row0513-col0045.fits,4,4,513,45,0,4,0.9999999999999999,0.09600152480436647
tess2019107181902-prf-4-4-row0513-col0045.fits,4,4,513,45,0,5,1.0,0.09218473955766186
tess2019107181902-prf-4-4-row0513-col0045.fits,4,4,513,45,0,6,0.9999999999999998,0.10655271244583671
tess2019107181902-prf-4-4-row0513-col0045.fits,4,4,513,45,0,7,1.0000000000000004,0.10271114421035438
tess2019107181902-prf-4-4-row0513-col0045.fits,4,4,513,45,0,8,0.9999999999999993,0.09625722716513141
tess2019107181902-prf-4-4-row0513-col0045.fits,4,4,513,45,1,0,1.0000000000000002,0.10068026851127057
tess2019107181902-prf-4-4-row0513-col0045.fits,4,4,513,45,1,1,1.0,0.10442619204647957
tess2019107181902-prf-4-4-row0513-col0045.fits,4,4,513,45,1,2,0.9999999999999999,0.09647162569368715
tess2019107181902-prf-4-4-row0513-col0045.fits,4,4,513,45,1,3,1.0000000000000002,0.10217743061499884
tess2019107181902-prf-4-4-row0513-col0045.fits,4,4,513,45,1,4,1.0,0.09704358729997853
tess2019107181902-prf-4-4-row0513-col0045.fits,4,4,513,45,1,5,0.9999999999999996,0.09564202665001893
tess2019107181902-prf-4-4-row0513-col0045.fits,4,4,513,45,1,6,0.9999999999999998,0.10634760819737421
tess2019107181902-prf-4-4-row0513-col0045.fits,4,4,513,45,1,7,1.0000000000000004,0.09850716368147731
tess2019107181902-prf-4-4-row0513-col0045.fits,4,4,513,45,1,8,1.0000000000000002,0.10001507880747876
tess2019107181902-prf-4-4-row0513-col0045.fits,4,4,513,45,2,0,0.9999999999999998,0.10071482546403383
tess2019107181902-prf-4-4-row0513-col0045.fits,4,4,513,45,2,1,1.0000000000000002,0.09564568380756232
tess2019107181902-prf-4-4-row0513-col0045.fits,4,4,513,45,2,2,0.9999999999999998,0.09808694365855264
tess2019107181902-prf-4-4-row0513-col0045.fits,4,4,513,45,2,3,0.9999999999999997,0.103697770796078
tess2019107181902-prf-4-4-row0513-col0045.fits,4,4,513,45,2,4,1.0,0.0957137851279587
tess2019107181902-prf-4-4-row0513-col0045.fits,4,4,513,45,2,5,1.0,0.09492406982865814
tess2019107181902-prf-4-4-row0513-col0045.fits,4,4,513,45,2,6,1.0000000000000004,0.10442250012647364
tess2019107181902-prf-4-4-row0513-col0045.fits,4,4,513,45,2,7,1.0,0.09502919508932631
tess2019107181902-prf-4-4-row0513-col0045.fits,4,4,513,45,2,8,0.9999999999999996,0.09321831199357451
tess2019107181902-prf-4-4-row0513-col0045.fits,4,4,513,45,3,0,0.9999999999999997,0.1052450950865224
tess2019107181902-prf-4-4-row0513-col0045.fits,4,4,513,45,3,1,1.0,0.099010173251801
tess2019107181902-prf-4-4-row0513-col0045.fits,4,4,513,45,3,2,0.9999999999999996,0.10478231674539415
tess2019107181902-prf-4-4-row0513-col0045.fits,4,4,513,45,3,3,0.9999999999999992,0.10858070146476527
tess2019107181902-prf-4-4-row0513-col0045.fits,4,4,513,45,3,4,0.9999999999999997,0.10631154301622991
tess2019107181902-prf-4-4-row0513-col0045.fits,4,4,513,45,3,5,0.9999999999999994,0.10622536947764563
tess2019107181902-prf-4-4-row0513-col0045.fits,4,4,513,45,3,6,0.9999999999999991,0.10773830451529856
tess2019107181902-prf-4-4-row0513-col0045.fits,4,4,513,45,3,7,0.9999999999999991,0.1015465963798013
tess2019107181902-prf-4-4-row0513-col0045.fits,4,4,513,45,3,8,1.0000000000000002,0.0976546919477569
tess2019107181902-prf-4-4-row0513-col0045.fits,4,4,513,45,4,0,0.9999999999999993,0.10669333627907682
tess2019107181902-prf-4-4-row0513-col0045.fits,4,4,513,45,4,1,0.9999999999999999,0.10444349857274517
tess2019107181902-prf-4-4-row0513-col0045.fits,4,4,513,45,4,2,0.9999999999999999,0.11314695035260638
tess2019107181902-prf-4-4-row0513-col0045.fits,4,4,513,45,4,3,0.9999999999999998,0.11053573966952568
tess2019107181902-prf-4-4-row0513-col0045.fits,4,4,513,45,4,4,1.0,0.11142220721806326
tess2019107181902-prf-4-4-row0513-col0045.fits,4,4,513,45,4,5,1.0,0.10515387163217604
tess2019107181902-prf-4-4-row0513-col0045.fits,4,4,513,45,4,6,0.9999999999999996,0.10718926342456184
tess2019107181902-prf-4-4-row0513-col0045.fits,4,4,513,45,4,7,1.0000000000000002,0.10886774376284905
tess2019107181902-prf-4-4-row0513-col0045.fits,4,4,513,45,4,8,1.0,0.09685753450425354
tess2019107181902-prf-4-4-row0513-col0045.fits,4,4,513,45,5,0,1.0000000000000002,0.09967273234465354
tess2019107181902-prf-4-4-row0513-col0045.fits,4,4,513,45,5,1,1.0,0.09533261724045652
tess2019107181902-prf-4-4-row0513-col0045.fits,4,4,513,45,5,2,0.9999999999999998,0.10176395610588204
tess2019107181902-prf-4-4-row0513-col0045.fits,4,4,513,45,5,3,1.0000000000000004,0.10226034683119851
tess2019107181902-prf-4-4-row0513-col0045.fits,4,4,513,45,5,4,1.0,0.09911897397125045
tess2019107181902-prf-4-4-row0513-col0045.fits,4,4,513,45,5,5,1.0,0.10210127799390951
tess2019107181902-prf-4-4-row0513-col0045.fits,4,4,513,45,5,6,0.9999999999999997,0.09935940093292625
tess2019107181902-prf-4-4-row0513-col0045.fits,4,4,513,45,5,7,1.0,0.10220816902732047
tess2019107181902-prf-4-4-row0513-col0045.fits,4,4,513,45,5,8,0.9999999999999999,0.09433551854471187
tess2019107181902-prf-4-4-row0513-col0045.fits,4,4,513,45,6,0,0.9999999999999996,0.10362481674025925
tess2019107181902-prf-4-4-row0513-col0045.fits,4,4,513,45,6,1,1.0000000000000002,0.10276117512150523
tess2019107181902-prf-4-4-row0513-col0045.fits,4,4,513,45,6,2,0.9999999999999999,0.10389773916197699
tess2019107181902-prf-4-4-row0513-col0045.fits,4,4,513,45,6,3,1.0000000000000002,0.10559810024461536
tess2019107181902-prf-4-4-row0513-col0045.fits,4,4,513,45,6,4,0.9999999999999998,0.10247777755447124
tess2019107181902-prf-4-4-row0513-col0045.fits,4,4,513,45,6,5,0.9999999999999993,0.09881664394758582
tess2019107181902-prf-4-4-row0513-col0045.fits,4,4,513,45,6,6,0.9999999999999996,0.10444766338958619
tess2019107181902-prf-4-4-row0513-col0045.fits,4,4,513,45,6,7,1.0000000000000004,0.10587036662594616
tess2019107181902-prf-4-4-row0513-col0045.fits,4,4,513,45,6,8,1.0000000000000004,0.10033480779596426
tess2019107181902-prf-4-4-row0513-col0045.fits,4,4,513,45,7,0,1.0,0.10931678380523539
tess2019107181902-prf-4-4-row0513-col0045.fits,4,4,513,45,7,1,1.0,0.10922693098843736
tess2019107181902-prf-4-4-row0513-col0045.fits,4,4,513,45,7,2,0.9999999999999997,0.10428350839268226
tess2019107181902-prf-4-4-row0513-col0045.fits,4,4,513,45,7,3,1.0,0.11040530646841991
tess2019107181902-prf-4-4-row0513-col0045.fits,4,4,513,45,7,4,1.0000000000000004,0.09999209063474976
tess2019107181902-prf-4-4-row0513-col0045.fits,4,4,513,45,7,5,0.9999999999999998,0.10219481332986573
tess2019107181902-prf-4-4-row0513-col0045.fits,4,4,513,45,7,6,0.9999999999999996,0.10926081310596919
tess2019107181902-prf-4-4-row0513-col0045.fits,4,4,513,45,7,7,1.0000000000000009,0.1082496881425766
tess2019107181902-prf-4-4-row0513-col0045.fits,4,4,513,45,7,8,1.0,0.10265689821576449
tess2019107181902-prf-4-4-row0513-col0045.fits,4,4,513,45,8,0,1.0000000000000007,0.10649086592067789
tess2019107181902-prf-4-4-row0513-col0045.fits,4,4,513,45,8,1,1.0000000000000009,0.10097864034429235
tess2019107181902-prf-4-4-row0513-col0045.fits,4,4,513,45,8,2,0.9999999999999992,0.10275702102001101
tess2019107181902-prf-4-4-row0513-col0045.fits,4,4,513,45,8,3,1.0,0.10381720769113575
tess2019107181902-prf-4-4-row0513-col0045.fits,4,4,513,45,8,4,1.0000000000000004,0.09721292589710646
tess2019107181902-prf-4-4-row0513-col0045.fits,4,4,513,45,8,5,1.0000000000000004,0.0937073682549437
tess2019107181902-prf-4-4-row0513-col0045.fits,4,4,513,45,8,6,0.9999999999999998,0.10638287814883587
tess2019107181902-prf-4-4-row0513-col0045.fits,4,4,513,45,8,7,0.9999999999999999,0.10716892968327568
tess2019107181902-prf-4-4-row0513-col0045.fits,4,4,513,45,8,8,0.9999999999999999,0.09755512345596681
tess2019107181902-prf-4-4-row0513-col0557.fits,4,4,513,557,0,0,1.0000000000000007,0.12629440118981242
tess2019107181902-prf-4-4-row0513-col0557.fits,4,4,513,557,0,1,0.9999999999999997,0.12760436723743324
tess2019107181902-prf-4-4-row0513-col0557.fits,4,4,513,557,0,2,0.9999999999999991,0.13036841368034321
tess2019107181902-prf-4-4-row0513-col0557.fits,4,4,513,557,0,3,1.0000000000000004,0.13250845052951526
tess2019107181902-prf-4-4-row0513-col0557.fits,4,4,513,557,0,4,0.9999999999999998,0.13226079081579856
tess2019107181902-prf-4-4-row0513-col0557.fits,4,4,513,557,0,5,1.0,0.13424145809053778
tess2019107181902-prf-4-4-row0513-col0557.fits,4,4,513,557,0,6,0.9999999999999998,0.12946254882333505
tess2019107181902-prf-4-4-row0513-col0557.fits,4,4,513,557,0,7,0.9999999999999998,0.12897620755218447
tess2019107181902-prf-4-4-row0513-col0557.fits,4,4,513,557,0,8,1.0000000000000004,0.127892394645012
tess2019107181902-prf-4-4-row0513-col0557.fits,4,4,513,557,1,0,1.0000000000000002,0.13472241706965746
tess2019107181902-prf-4-4-row0513-col0557.fits,4,4,513,557,1,1,1.0,0.12166469371721661
tess2019107181902-prf-4-4-row0513-col0557.fits,4,4,513,557,1,2,0.9999999999999999,0.12428257320596317
tess2019107181902-prf-4-4-row0513-col0557.fits,4,4,513,557,1,3,0.9999999999999999,0.1349901677764238
tess2019107181902-prf-4-4-row0513-col0557.fits,4,4,513,557,1,4,1.0000000000000004,0.12702123753846262
tess2019107181902-prf-4-4-row0513-col0557.fits,4,4,513,557,1,5,1.0,0.13909306191953447
tess2019107181902-prf-4-4-row0513-col0557.fits,4,4,513,557,1,6,0.9999999999999996,0.13329791814106198
tess2019107181902-prf-4-4-row0513-col0557.fits,4,4,513,557,1,7,1.0,0.13520719248700325
tess2019107181902-prf-4-4-row0513-col0557.fits,4,4,513,557,1,8,1.0000000000000004,0.12683927254566654
tess2019107181902-prf-4-4-row0513-col0557.fits,4,4,513,557,2,0,1.0,0.1369481735475231
tess2019107181902-prf-4-4-row0513-col0557.fits,4,4,513,557,2,1,1.0,0.12364163925399693
tess2019107181902-prf-4-4-row0513-col0557.fits,4,4,513,557,2,2,0.9999999999999996,0.12599216042390307
tess2019107181902-prf-4-4-row0513-col0557.fits,4,4,513,557,2,3,0.9999999999999997,0.12754496417859584
tess2019107181902-prf-4-4-row0513-col0557.fits,4,4,513,557,2,4,1.0000000000000002,0.11651174925816578
tess2019107181902-prf-4-4-row0513-col0557.fits,4,4,513,557,2,5,1.0,0.1381596829937206
tess2019107181902-prf-4-4-row0513-col0557.fits,4,4,513,557,2,6,1.0000000000000002,0.12966905248977365
tess2019107181902-prf-4-4-row0513-col0557.fits,4,4,513,557,2,7,0.9999999999999998,0.1276090851776815
tess2019107181902-prf-4-4-row0513-col0557.fits,4,4,513,557,2,8,0.9999999999999994,0.12666003222749686
tess2019107181902-prf-4-4-row0513-col0557.fits,4,4,513,557,3,0,1.0000000000000002,0.12398109962685143
tess2019107181902-prf-4-4-row0513-col0557.fits,4,4,513,557,3,1,0.9999999999999994,0.12428600744175443
tess2019107181902-prf-4-4-row0513-col0557.fits,4,4,513,557,3,2,0.9999999999999997,0.1258467396349467
tess2019107181902-prf-4-4-row0513-col0557.fits,4,4,513,557,3,3,0.9999999999999999,0.13189904665465507
tess2019107181902-prf-4-4-row0513-col0557.fits,4,4,513,557,3,4,1.0000000000000002,0.12429735484425247
tess2019107181902-prf-4-4-row0513-col0557.fits,4,4,513,557,3,5,0.9999999999999998,0.13059311769576015
tess2019107181902-prf-4-4-row0513-col0557.fits,4,4,513,557,3,6,1.0,0.12491332770307156
tess2019107181902-prf-4-4-row0513-col0557.fits,4,4,513,557,3,7,0.9999999999999998,0.12305985101850872
tess2019107181902-prf-4-4-row0513-col0557.fits,4,4,513,557,3,8,0.9999999999999999,0.1259719448237948
tess2019107181902-prf-4-4-row0513-col0557.fits,4,4,513,557,4,0,0.9999999999999993,0.1201647350101835
tess2019107181902-prf-4-4-row0513-col0557.fits,4,4,513,557,4,1,0.9999999999999998,0.13170658529462953
tess2019107181902-prf-4-4-row0513-col0557.fits,4,4,513,557,4,2,1.0000000000000004,0.1258329798152668
tess2019107181902-prf-4-4-row0513-col0557.fits,4,4,513,557,4,3,1.0,0.1284214234312478
tess2019107181902-prf-4-4-row0513-col0557.fits,4,4,513,557,4,4,1.0000000000000002,0.12491596291066073
tess2019107181902-prf-4-4-row0513-col0557.fits,4,4,513,557,4,5,1.0,0.12947060882691416
tess2019107181902-prf-4-4-row0513-col0557.fits,4,4,513,557,4,6,0.9999999999999993,0.1280683452729201
tess2019107181902-prf-4-4-row0513-col0557.fits,4,4,513,557,4,7,1.0000000000000007,0.12129409718166041
tess2019107181902-prf-4-4-row0513-col0557.fits,4,4,513,557,4,8,1.0000000000000009,0.12737495759862663
tess2019107181902-prf-4-4-row0513-col0557.fits,4,4,513,557,5,0,1.0000000000000004,0.12513376156972802
tess2019107181902-prf-4-4-row0513-col0557.fits,4,4,513,557,5,1,1.0000000000000007,0.1403450133792383
tess2019107181902-prf-4-4-row0513-col0557.fits,4,4,513,557,5,2,1.0000000000000004,0.13270055988242485
tess2019107181902-prf-4-4-row0513-col0557.fits,4,4,513,557,5,3,0.9999999999999998,0.13633317561141983
tess2019107181902-prf-4-4-row0513-col0557.fits,4,4,513,557,5,4,0.9999999999999999,0.12964110319801844
tess2019107181902-prf-4-4-row0513-col0557.fits,4,4,513,557,5,5,1.0000000000000007,0.13192756620108126
tess2019107181902-prf-4-4-row0513-col0557.fits,4,4,513,557,5,6,1.0000000000000004,0.13615134630336329
tess2019107181902-prf-4-4-row0513-col0557.fits,4,4,513,557,5,7,0.9999999999999997,0.12989296567085268
tess2019107181902-prf-4-4-row0513-col0557.fits,4,4,513,557,5,8,1.0000000000000002,0.13430798543665945
tess2019107181902-prf-4-4-row0513-col0557.fits,4,4,513,557,6,0,1.0000000000000004,0.13058965384289378
tess2019107181902-prf-4-4-row0513-col0557.fits,4,4,513,557,6,1,1.0000000000000004,0.12825296849616613
tess2019107181902-prf-4-4-row0513-col0557.fits,4,4,513,557,6,2,1.0,0.13500392968774147
tess2019107181902-prf-4-4-row0513-col0557.fits,4,4,513,557,6,3,1.0000000000000002,0.1283502464559842
tess2019107181902-prf-4-4-row0513-col0557.fits,4,4,513,557,6,4,0.9999999999999999,0.1360929171854552
tess2019107181902-prf-4-4-row0513-col0557.fits,4,4,513,557,6,5,1.0,0.12820953525851655
tess2019107181902-prf-4-4-row0513-col0557.fits,4,4,513,557,6,6,0.9999999999999997,0.132405817348485
tess2019107181902-prf-4-4-row0513-col0557.fits,4,4,513,557,6,7,1.0000000000000002,0.13318118987109304
tess2019107181902-prf-4-4-row0513-col0557.fits,4,4,513,557,6,8,1.0,0.13900627456356632
tess2019107181902-prf-4-4-row0513-col0557.fits,4,4,513,557,7,0,0.9999999999999997,0.1262278328669956
tess2019107181902-prf-4-4-row0513-col0557.fits,4,4,513,557,7,1,0.9999999999999997,0.12788969742457612
tess2019107181902-prf-4-4-row0513-col0557.fits,4,4,513,557,7,2,1.0000000000000004,0.1264542266288448
tess2019107181902-prf-4-4-row0513-col0557.fits,4,4,513,557,7,3,0.9999999999999994,0.12777710837820988
tess2019107181902-prf-4-4-row0513-col0557.fits,4,4,513,557,7,4,0.9999999999999993,0.12796916950650344
tess2019107181902-prf-4-4-row0513-col0557.fits,4,4,513,557,7,5,1.0000000000000009,0.13568916218821625
tess2019107181902-prf-4-4-row0513-col0557.fits,4,4,513,557,7,6,1.0000000000000007,0.13215375130684706
tess2019107181902-prf-4-4-row0513-col0557.fits,4,4,513,557,7,7,0.9999999999999998,0.1267684012451957
tess2019107181902-prf-4-4-row0513-col0557.fits,4,4,513,557,7,8,0.9999999999999996,0.13288646135979798
tess2019107181902-prf-4-4-row0513-col0557.fits,4,4,513,557,8,0,0.9999999999999999,0.1429479803672801
tess2019107181902-prf-4-4-row0513-col0557.fits,4,4,513,557,8,1,1.0,0.13074097802448098
tess2019107181902-prf-4-4-row0513-col0557.fits,4,4,513,557,8,2,1.0000000000000004,0.11976790186444596
tess2019107181902-prf-4-4-row0513-col0557.fits,4,4,513,557,8,3,1.0000000000000013,0.11798866905760699
tess2019107181902-prf-4-4-row0513-col0557.fits,4,4,513,557,8,4,1.0000000000000004,0.12144908492536557
tess2019107181902-prf-4-4-row0513-col0557.fits,4,4,513,557,8,5,0.9999999999999994,0.1299904558166017
tess2019107181902-prf-4-4-row0513-col0557.fits,4,4,513,557,8,6,1.0000000000000004,0.12002853265576979
tess2019107181902-prf-4-4-row0513-col0557.fits,4,4,513,557,8,7,0.9999999999999997,0.12523620712445044
tess2019107181902-prf-4-4-row0513-col0557.fits,4,4,513,557,8,8,1.0000000000000002,0.13087086616526647
tess2019107181902-prf-4-4-row0513-col1069.fits,4,4,513,1069,0,0,1.0000000000000004,0.1036875698780684
tess2019107181902-prf-4-4-row0513-col1069.fits,4,4,513,1069,0,1,1.0000000000000002,0.1036039779283503
tess2019107181902-prf-4-4-row0513-col1069.fits,4,4,513,1069,0,2,0.9999999999999996,0.09668076660253602
tess2019107181902-prf-4-4-row0513-col1069.fits,4,4,513,1069,0,3,1.0000000000000007,0.10903832455802873
tess2019107181902-prf-4-4-row0513-col1069.fits,4,4,513,1069,0,4,1.0000000000000002,0.09980563094487607
tess2019107181902-prf-4-4-row0513-col1069.fits,4,4,513,1069,0,5,1.0000000000000007,0.11244374236808297
tess2019107181902-prf-4-4-row0513-col1069.fits,4,4,513,1069,0,6,0.9999999999999999,0.11416663282086387
tess2019107181902-prf-4-4-row0513-col1069.fits,4,4,513,1069,0,7,1.0000000000000004,0.10502558090588915
tess2019107181902-prf-4-4-row0513-col1069.fits,4,4,513,1069,0,8,1.0,0.11173957848160926
tess2019107181902-prf-4-4-row0513-col1069.fits,4,4,513,1069,1,0,0.9999999999999998,0.09793262583023726
tess2019107181902-prf-4-4-row0513-col1069.fits,4,4,513,1069,1,1,0.9999999999999992,0.10218407204846253
tess2019107181902-prf-4-4-row0513-col1069.fits,4,4,513,1069,1,2,0.9999999999999996,0.0981809717086192
tess2019107181902-prf-4-4-row0513-col1069.fits,4,4,513,1069,1,3,1.0,0.1116755330345524
tess2019107181902-prf-4-4-row0513-col1069.fits,4,4,513,1069,1,4,0.9999999999999999,0.10584000409905586
tess2019107181902-prf-4-4-row0513-col1069.fits,4,4,513,1069,1,5,1.0000000000000002,0.10816979724554177
tess2019107181902-prf-4-4-row0513-col1069.fits,4,4,513,1069,1,6,0.9999999999999996,0.109055979060873
tess2019107181902-prf-4-4-row0513-col1069.fits,4,4,513,1069,1,7,1.0000000000000002,0.10301903241284817
tess2019107181902-prf-4-4-row0513-col1069.fits,4,4,513,1069,1,8,0.9999999999999998,0.10526230136910525
tess2019107181902-prf-4-4-row0513-col1069.fits,4,4,513,1069,2,0,0.9999999999999991,0.10210721373264686
tess2019107181902-prf-4-4-row0513-col1069.fits,4,4,513,1069,2,1,1.0000000000000004,0.1008369754810355
tess2019107181902-prf-4-4-row0513-col1069.fits,4,4,513,1069,2,2,1.0,0.09790586670287793
tess2019107181902-prf-4-4-row0513-col1069.fits,4,4,513,1069,2,3,1.0000000000000002,0.10789869263016513
tess2019107181902-prf-4-4-row0513-col1069.fits,4,4,513,1069,2,4,1.0,0.10217274196726295
tess2019107181902-prf-4-4-row0513-col1069.fits,4,4,513,1069,2,5,1.0000000000000007,0.10152744085049137
tess2019107181902-prf-4-4-row0513-col1069.fits,4,4,513,1069,2,6,0.9999999999999998,0.11151859748107289
tess2019107181902-prf-4-4-row0513-col1069.fits,4,4,513,1069,2,7,0.9999999999999993,0.107567348585863
tess2019107181902-prf-4-4-row0513-col1069.fits,4,4,513,1069,2,8,1.0000000000000007,0.10026893675920176
tess2019107181902-prf-4-4-row0513-col1069.fits,4,4,513,1069,3,0,1.0,0.10528981182407467
tess2019107181902-prf-4-4-row0513-col1069.fits,4,4,513,1069,3,1,1.0,0.0977756917900653
tess2019107181902-prf-4-4-row0513-col1069.fits,4,4,513,1069,3,2,1.0000000000000002,0.10748417166833837
tess2019107181902-prf-4-4-row0513-col1069.fits,4,4,513,1069,3,3,1.0000000000000004,0.10142172964529093
tess2019107181902-prf-4-4-row0513-col1069.fits,4,4,513,1069,3,4,1.0000000000000007,0.10313091871233176
tess2019107181902-prf-4-4-row0513-col1069.fits,4,4,513,1069,3,5,1.0,0.09464081614618251
tess2019107181902-prf-4-4-row0513-col1069.fits,4,4,513,1069,3,6,1.000000000000001,0.10808871002225857
tess2019107181902-prf-4-4-row0513-col1069.fits,4,4,513,1069,3,7,0.9999999999999996,0.1103505033626517
tess2019107181902-prf-4-4-row0513-col1069.fits,4,4,513,1069,3,8,0.9999999999999997,0.09920882442408888
tess2019107181902-prf-4-4-row0513-col1069.fits,4,4,513,1069,4,0,1.0,0.10390080816477142
tess2019107181902-prf-4-4-row0513-col1069.fits,4,4,513,1069,4,1,0.9999999999999994,0.10028376363449922
tess2019107181902-prf-4-4-row0513-col1069.fits,4,4,513,1069,4,2,0.9999999999999998,0.10687375531036311
tess2019107181902-prf-4-4-row0513-col1069.fits,4,4,513,1069,4,3,0.9999999999999999,0.10215351883677143
tess2019107181902-prf-4-4-row0513-col1069.fits,4,4,513,1069,4,4,0.9999999999999996,0.11208081988450386
tess2019107181902-prf-4-4-row0513-col1069.fits,4,4,513,1069,4,5,1.0000000000000002,0.10541993706526684
tess2019107181902-prf-4-4-row0513-col1069.fits,4,4,513,1069,4,6,1.0000000000000002,0.11019588388091447
tess2019107181902-prf-4-4-row0513-col1069.fits,4,4,513,1069,4,7,0.9999999999999996,0.11095675451787858
tess2019107181902-prf-4-4-row0513-col1069.fits,4,4,513,1069,4,8,1.0,0.11029843912497558
tess2019107181902-prf-4-4-row0513-col1069.fits,4,4,513,1069,5,0,0.9999999999999997,0.10006783987996767
tess2019107181902-prf-4-4-row0513-col1069.fits,4,4,513,1069,5,1,0.9999999999999999,0.10494757455984814
tess2019107181902-prf-4-4-row0513-col1069.fits,4,4,513,1069,5,2,1.0000000000000002,0.1038700222797734
tess2019107181902-prf-4-4-row0513-col1069.fits,4,4,513,1069,5,3,1.0000000000000004,0.09613628449264909
tess2019107181902-prf-4-4-row0513-col1069.fits,4,4,513,1069,5,4,1.0000000000000004,0.1159322044410383
tess2019107181902-prf-4-4-row0513-col1069.fits,4,4,513,1069,5,5,1.0,0.10389390708027876
tess2019107181902-prf-4-4-row0513-col1069.fits,4,4,513,1069,5,6,0.9999999999999997,0.10965129927511719
tess2019107181902-prf-4-4-row0513-col1069.fits,4,4,513,1069,5,7,1.0,0.10713156415029217
tess2019107181902-prf-4-4-row0513-col1069.fits,4,4,513,1069,5,8,1.0000000000000002,0.098662572931621
tess2019107181902-prf-4-4-row0513-col1069.fits,4,4,513,1069,6,0,1.0000000000000004,0.09989825072697746
tess2019107181902-prf-4-4-row0513-col1069.fits,4,4,513,1069,6,1,0.9999999999999998,0.11281420983734666
tess2019107181902-prf-4-4-row0513-col1069.fits,4,4,513,1069,6,2,1.0000000000000004,0.09835526349594688
tess2019107181902-prf-4-4-row0513-col1069.fits,4,4,513,1069,6,3,1.0,0.10038310240452121
tess2019107181902-prf-4-4-row0513-col1069.fits,4,4,513,1069,6,4,0.9999999999999998,0.11444740172026496
tess2019107181902-prf-4-4-row0513-col1069.fits,4,4,513,1069,6,5,1.0000000000000004,0.10764509171476375
tess2019107181902-prf-4-4-row0513-col1069.fits,4,4,513,1069,6,6,0.9999999999999998,0.10978916044063022
tess2019107181902-prf-4-4-row0513-col1069.fits,4,4,513,1069,6,7,1.0000000000000002,0.1098858871644114
tess2019107181902-prf-4-4-row0513-col1069.fits,4,4,513,1069,6,8,1.0,0.097422142184113
tess2019107181902-prf-4-4-row0513-col1069.fits,4,4,513,1069,7,0,1.0000000000000004,0.1110976782196034
tess2019107181902-prf-4-4-row0513-col1069.fits,4,4,513,1069,7,1,1.0,0.11230467648611997
tess2019107181902-prf-4-4-row0513-col1069.fits,4,4,513,1069,7,2,1.0,0.09707924417452134
tess2019107181902-prf-4-4-row0513-col1069.fits,4,4,513,1069,7,3,1.0000000000000009,0.10673828538676561
tess2019107181902-prf-4-4-row0513-col1069.fits,4,4,513,1069,7,4,0.9999999999999998,0.11246404161485142
tess2019107181902-prf-4-4-row0513-col1069.fits,4,4,513,1069,7,5,1.0,0.1108608957415812
tess2019107181902-prf-4-4-row0513-col1069.fits,4,4,513,1069,7,6,0.9999999999999996,0.11456886484879948
tess2019107181902-prf-4-4-row0513-col1069.fits,4,4,513,1069,7,7,1.0000000000000002,0.11246088892886819
tess2019107181902-prf-4-4-row0513-col1069.fits,4,4,513,1069,7,8,0.9999999999999996,0.11006124407605924
tess2019107181902-prf-4-4-row0513-col1069.fits,4,4,513,1069,8,0,1.0,0.10689666519573424
tess2019107181902-prf-4-4-row0513-col1069.fits,4,4,513,1069,8,1,1.0000000000000004,0.10924662170723028
tess2019107181902-prf-4-4-row0513-col1069.fits,4,4,513,1069,8,2,0.9999999999999998,0.09894460009511194
tess2019107181902-prf-4-4-row0513-col1069.fits,4,4,513,1069,8,3,1.0000000000000009,0.10737567010350207
tess2019107181902-prf-4-4-row0513-col1069.fits,4,4,513,1069,8,4,1.0000000000000004,0.10198954898528476
tess2019107181902-prf-4-4-row0513-col1069.fits,4,4,513,1069,8,5,1.0,0.11648480090129197
tess2019107181902-prf-4-4-row0513-col1069.fits,4,4,513,1069,8,6,0.9999999999999997,0.11765344855048576
tess2019107181902-prf-4-4-row0513-col1069.fits,4,4,513,1069,8,7,0.9999999999999999,0.11234998957056022
tess2019107181902-prf-4-4-row0513-col1069.fits,4,4,513,1069,8,8,0.9999999999999991,0.11795271066693724
tess2019107181902-prf-4-4-row0513-col1580.fits,4,4,513,1580,0,0,1.0,0.13279570627362813
tess2019107181902-prf-4-4-row0513-col1580.fits,4,4,513,1580,0,1,1.0000000000000004,0.11822743285987468
tess2019107181902-prf-4-4-row0513-col1580.fits,4,4,513,1580,0,2,0.9999999999999999,0.12747511351991206
tess2019107181902-prf-4-4-row0513-col1580.fits,4,4,513,1580,0,3,1.0000000000000002,0.12249115987486012
tess2019107181902-prf-4-4-row0513-col1580.fits,4,4,513,1580,0,4,1.0,0.12568027785590036
tess2019107181902-prf-4-4-row0513-col1580.fits,4,4,513,1580,0,5,1.0,0.1395398492557596
tess2019107181902-prf-4-4-row0513-col1580.fits,4,4,513,1580,0,6,1.0000000000000002,0.12950430591201517
tess2019107181902-prf-4-4-row0513-col1580.fits,4,4,513,1580,0,7,0.9999999999999993,0.12402212288381383
tess2019107181902-prf-4-4-row0513-col1580.fits,4,4,513,1580,0,8,0.9999999999999996,0.12029878040799255
tess2019107181902-prf-4-4-row0513-col1580.fits,4,4,513,1580,1,0,1.0000000000000002,0.13361775510258067
tess2019107181902-prf-4-4-row0513-col1580.fits,4,4,513,1580,1,1,1.0000000000000002,0.12468005981618516
tess2019107181902-prf-4-4-row0513-col1580.fits,4,4,513,1580,1,2,0.9999999999999998,0.12399151935107176
tess2019107181902-prf-4-4-row0513-col1580.fits,4,4,513,1580,1,3,0.9999999999999997,0.12611887385594722
tess2019107181902-prf-4-4-row0513-col1580.fits,4,4,513,1580,1,4,0.9999999999999997,0.11969631817872277
tess2019107181902-prf-4-4-row0513-col1580.fits,4,4,513,1580,1,5,0.9999999999999998,0.1340339347513356
tess2019107181902-prf-4-4-row0513-col1580.fits,4,4,513,1580,1,6,1.0000000000000002,0.12742261066412658
tess2019107181902-prf-4-4-row0513-col1580.fits,4,4,513,1580,1,7,0.9999999999999989,0.12851473314526532
tess2019107181902-prf-4-4-row0513-col1580.fits,4,4,513,1580,1,8,0.9999999999999998,0.12391055177164959
tess2019107181902-prf-4-4-row0513-col1580.fits,4,4,513,1580,2,0,0.9999999999999993,0.12791628573514918
tess2019107181902-prf-4-4-row0513-col1580.fits,4,4,513,1580,2,1,0.9999999999999993,0.12017730125737
tess2019107181902-prf-4-4-row0513-col1580.fits,4,4,513,1580,2,2,0.9999999999999997,0.12605186993301193
tess2019107181902-prf-4-4-row0513-col1580.fits,4,4,513,1580,2,3,0.9999999999999999,0.1293993790830735
tess2019107181902-prf-4-4-row0513-col1580.fits,4,4,513,1580,2,4,0.9999999999999999,0.12151600152125658
tess2019107181902-prf-4-4-row0513-col1580.fits,4,4,513,1580,2,5,1.0000000000000002,0.13143493468751125
tess2019107181902-prf-4-4-row0513-col1580.fits,4,4,513,1580,2,6,0.9999999999999997,0.1307858508215074
tess2019107181902-prf-4-4-row0513-col1580.fits,4,4,513,1580,2,7,1.0000000000000002,0.13425065728093824
tess2019107181902-prf-4-4-row0513-col1580.fits,4,4,513,1580,2,8,0.9999999999999997,0.13589485953142522
tess2019107181902-prf-4-4-row0513-col1580.fits,4,4,513,1580,3,0,1.0000000000000002,0.12746861475721616
tess2019107181902-prf-4-4-row0513-col1580.fits,4,4,513,1580,3,1,0.9999999999999996,0.13277739555130744
tess2019107181902-prf-4-4-row0513-col1580.fits,4,4,513,1580,3,2,1.0,0.12461589436357107
tess2019107181902-prf-4-4-row0513-col1580.fits,4,4,513,1580,3,3,0.9999999999999996,0.13117316668851164
tess2019107181902-prf-4-4-row0513-col1580.fits,4,4,513,1580,3,4,1.0000000000000004,0.13133562367094773
tess2019107181902-prf-4-4-row0513-col1580.fits,4,4,513,1580,3,5,1.0000000000000004,0.1287204584391962
tess2019107181902-prf-4-4-row0513-col1580.fits,4,4,513,1580,3,6,1.0000000000000002,0.12894472525653616
tess2019107181902-prf-4-4-row0513-col1580.fits,4,4,513,1580,3,7,0.9999999999999999,0.1382994972089295
tess2019107181902-prf-4-4-row0513-col1580.fits,4,4,513,1580,3,8,0.9999999999999998,0.1300822805461127
tess2019107181902-prf-4-4-row0513-col1580.fits,4,4,513,1580,4,0,1.0000000000000007,0.1276225150621535
tess2019107181902-prf-4-4-row0513-col1580.fits,4,4,513,1580,4,1,1.0,0.1337185053372846
tess2019107181902-prf-4-4-row0513-col1580.fits,4,4,513,1580,4,2,1.0000000000000007,0.12556855944198833
tess2019107181902-prf-4-4-row0513-col1580.fits,4,4,513,1580,4,3,0.9999999999999996,0.13380555161179608
tess2019107181902-prf-4-4-row0513-col1580.fits,4,4,513,1580,4,4,1.0,0.13789552603600527
tess2019107181902-prf-4-4-row0513-col1580.fits,4,4,513,1580,4,5,0.9999999999999998,0.13295062619693354
tess2019107181902-prf-4-4-row0513-col1580.fits,4,4,513,1580,4,6,0.9999999999999996,0.130138259762047
tess2019107181902-prf-4-4-row0513-col1580.fits,4,4,513,1580,4,7,1.0000000000000004,0.13728785901651863
tess2019107181902-prf-4-4-row0513-col1580.fits,4,4,513,1580,4,8,0.9999999999999996,0.13452135545767518
tess2019107181902-prf-4-4-row0513-col1580.fits,4,4,513,1580,5,0,1.0,0.12131378535949973
tess2019107181902-prf-4-4-row0513-col1580.fits,4,4,513,1580,5,1,0.9999999999999996,0.12868970988613074
tess2019107181902-prf-4-4-row0513-col1580.fits,4,4,513,1580,5,2,1.0,0.12276547336501283
tess2019107181902-prf-4-4-row0513-col1580.fits,4,4,513,1580,5,3,1.0000000000000002,0.13234299316352288
tess2019107181902-prf-4-4-row0513-col1580.fits,4,4,513,1580,5,4,0.9999999999999998,0.12237491348009777
tess2019107181902-prf-4-4-row0513-col1580.fits,4,4,513,1580,5,5,1.0000000000000004,0.11321612048649855
tess2019107181902-prf-4-4-row0513-col1580.fits,4,4,513,1580,5,6,1.0000000000000002,0.13727422521913446
tess2019107181902-prf-4-4-row0513-col1580.fits,4,4,513,1580,5,7,1.0,0.1345481868158186
tess2019107181902-prf-4-4-row0513-col1580.fits,4,4,513,1580,5,8,1.0000000000000004,0.13147619873488464
tess2019107181902-prf-4-4-row0513-col1580.fits,4,4,513,1580,6,0,1.0000000000000004,0.12892053568239886
tess2019107181902-prf-4-4-row0513-col1580.fits,4,4,513,1580,6,1,0.9999999999999999,0.13357834030779836
tess2019107181902-prf-4-4-row0513-col1580.fits,4,4,513,1580,6,2,0.9999999999999999,0.12239905753245103
tess2019107181902-prf-4-4-row0513-col1580.fits,4,4,513,1580,6,3,1.0000000000000002,0.1227892673770548
tess2019107181902-prf-4-4-row0513-col1580.fits,4,4,513,1580,6,4,1.0000000000000002,0.11900864478326026
tess2019107181902-prf-4-4-row0513-col1580.fits,4,4,513,1580,6,5,0.9999999999999991,0.11486496609248796
tess2019107181902-prf-4-4-row0513-col1580.fits,4,4,513,1580,6,6,0.9999999999999991,0.13533663821420494
tess2019107181902-prf-4-4-row0513-col1580.fits,4,4,513,1580,6,7,0.9999999999999997,0.12795345533858093
tess2019107181902-prf-4-4-row0513-col1580.fits,4,4,513,1580,6,8,0.9999999999999992,0.11675159839447252
tess2019107181902-prf-4-4-row0513-col1580.fits,4,4,513,1580,7,0,1.0000000000000004,0.12705382911976298
tess2019107181902-prf-4-4-row0513-col1580.fits,4,4,513,1580,7,1,1.0000000000000004,0.11758398624751208
tess2019107181902-prf-4-4-row0513-col1580.fits,4,4,513,1580,7,2,1.0,0.11487408089725076
tess2019107181902-prf-4-4-row0513-col1580.fits,4,4,513,1580,7,3,1.0,0.12595110629205372
tess2019107181902-prf-4-4-row0513-col1580.fits,4,4,513,1580,7,4,1.0,0.11857017133630682
tess2019107181902-prf-4-4-row0513-col1580.fits,4,4,513,1580,7,5,0.9999999999999998,0.1324951434221492
tess2019107181902-prf-4-4-row0513-col1580.fits,4,4,513,1580,7,6,1.0000000000000004,0.13661055293677568
tess2019107181902-prf-4-4-row0513-col1580.fits,4,4,513,1580,7,7,1.0,0.12252043418186692
tess2019107181902-prf-4-4-row0513-col1580.fits,4,4,513,1580,7,8,0.9999999999999996,0.12358366034668876
tess2019107181902-prf-4-4-row0513-col1580.fits,4,4,513,1580,8,0,0.9999999999999998,0.12951736796502133
tess2019107181902-prf-4-4-row0513-col1580.fits,4,4,513,1580,8,1,0.9999999999999993,0.11981914990660628
tess2019107181902-prf-4-4-row0513-col1580.fits,4,4,513,1580,8,2,0.9999999999999997,0.1175123256104709
tess2019107181902-prf-4-4-row0513-col1580.fits,4,4,513,1580,8,3,0.9999999999999998,0.12660533956481196
tess2019107181902-prf-4-4-row0513-col1580.fits,4,4,513,1580,8,4,1.0000000000000004,0.12036023475600513
tess2019107181902-prf-4-4-row0513-col1580.fits,4,4,513,1580,8,5,1.0,0.13729977839485558
tess2019107181902-prf-4-4-row0513-col1580.fits,4,4,513,1580,8,6,0.9999999999999996,0.132200302572838
tess2019107181902-prf-4-4-row0513-col1580.fits,4,4,513,1580,8,7,0.9999999999999999,0.12413888852814071
tess2019107181902-prf-4-4-row0513-col1580.fits,4,4,513,1580,8,8,0.9999999999999998,0.11671285292237914
tess2019107181902-prf-4-4-row0513-col2092.fits,4,4,513,2092,0,0,1.0000000000000002,0.13073993584604077
tess2019107181902-prf-4-4-row0513-col2092.fits,4,4,513,2092,0,1,1.0000000000000007,0.12052430511223668
tess2019107181902-prf-4-4-row0513-col2092.fits,4,4,513,2092,0,2,1.0000000000000004,0.11776754520094876
tess2019107181902-prf-4-4-row0513-col2092.fits,4,4,513,2092,0,3,0.9999999999999998,0.11608202817056174
tess2019107181902-prf-4-4-row0513-col2092.fits,4,4,513,2092,0,4,0.9999999999999991,0.1170299543851854
tess2019107181902-prf-4-4-row0513-col2092.fits,4,4,513,2092,0,5,0.9999999999999999,0.12057528351516139
tess2019107181902-prf-4-4-row0513-col2092.fits,4,4,513,2092,0,6,0.9999999999999998,0.11402227961194186
tess2019107181902-prf-4-4-row0513-col2092.fits,4,4,513,2092,0,7,1.0000000000000002,0.12231133839408427
tess2019107181902-prf-4-4-row0513-col2092.fits,4,4,513,2092,0,8,1.0,0.12664839147948956
tess2019107181902-prf-4-4-row0513-col2092.fits,4,4,513,2092,1,0,0.9999999999999998,0.11842214743375053
tess2019107181902-prf-4-4-row0513-col2092.fits,4,4,513,2092,1,1,1.0,0.11869344537177628
tess2019107181902-prf-4-4-row0513-col2092.fits,4,4,513,2092,1,2,1.0,0.1213338496985832
tess2019107181902-prf-4-4-row0513-col2092.fits,4,4,513,2092,1,3,1.0000000000000002,0.12045247653844221
tess2019107181902-prf-4-4-row0513-col2092.fits,4,4,513,2092,1,4,0.9999999999999998,0.12506038589632665
tess2019107181902-prf-4-4-row0513-col2092.fits,4,4,513,2092,1,5,1.0000000000000002,0.12388382217921554
tess2019107181902-prf-4-4-row0513-col2092.fits,4,4,513,2092,1,6,1.0,0.11359635686203078
tess2019107181902-prf-4-4-row0513-col2092.fits,4,4,513,2092,1,7,1.0000000000000004,0.1191742256270921
tess2019107181902-prf-4-4-row0513-col2092.fits,4,4,513,2092,1,8,0.9999999999999991,0.11913466823124003
tess2019107181902-prf-4-4-row0513-col2092.fits,4,4,513,2092,2,0,0.9999999999999993,0.1298108471511027
tess2019107181902-prf-4-4-row0513-col2092.fits,4,4,513,2092,2,1,1.0,0.12626569939196347
tess2019107181902-prf-4-4-row0513-col2092.fits,4,4,513,2092,2,2,0.9999999999999999,0.11856655510627682
tess2019107181902-prf-4-4-row0513-col2092.fits,4,4,513,2092,2,3,1.0,0.12465927239134914
tess2019107181902-prf-4-4-row0513-col2092.fits,4,4,513,2092,2,4,1.0000000000000002,0.1314813191290965
tess2019107181902-prf-4-4-row0513-col2092.fits,4,4,513,2092,2,5,1.0000000000000002,0.12885346531521685
tess2019107181902-prf-4-4-row0513-col2092.fits,4,4,513,2092,2,6,0.9999999999999996,0.11435614137944682
tess2019107181902-prf-4-4-row0513-col2092.fits,4,4,513,2092,2,7,1.0000000000000009,0.1271984395067512
tess2019107181902-prf-4-4-row0513-col2092.fits,4,4,513,2092,2,8,1.0000000000000007,0.12656258479202429
tess2019107181902-prf-4-4-row0513-col2092.fits,4,4,513,2092,3,0,1.0000000000000002,0.1200012894775429
tess2019107181902-prf-4-4-row0513-col2092.fits,4,4,513,2092,3,1,1.0,0.12377196289632605
tess2019107181902-prf-4-4-row0513-col2092.fits,4,4,513,2092,3,2,1.0000000000000002,0.11726283509207674
tess2019107181902-prf-4-4-row0513-col2092.fits,4,4,513,2092,3,3,1.0000000000000002,0.13934845054230607
tess2019107181902-prf-4-4-row0513-col2092.fits,4,4,513,2092,3,4,1.0000000000000013,0.13822476294949987
tess2019107181902-prf-4-4-row0513-col2092.fits,4,4,513,2092,3,5,0.9999999999999996,0.11968046749348292
tess2019107181902-prf-4-4-row0513-col2092.fits,4,4,513,2092,3,6,1.0000000000000002,0.1160841926708443
tess2019107181902-prf-4-4-row0513-col2092.fits,4,4,513,2092,3,7,0.9999999999999996,0.12008181863367737
tess2019107181902-prf-4-4-row0513-col2092.fits,4,4,513,2092,3,8,1.0000000000000004,0.1256131192950094
tess2019107181902-prf-4-4-row0513-col2092.fits,4,4,513,2092,4,0,1.0,0.12062835082117274
tess2019107181902-prf-4-4-row0513-col2092.fits,4,4,513,2092,4,1,1.0000000000000007,0.12769658174265142
tess2019107181902-prf-4-4-row0513-col2092.fits,4,4,513,2092,4,2,1.0000000000000002,0.1079017714723175
tess2019107181902-prf-4-4-row0513-col2092.fits,4,4,513,2092,4,3,0.9999999999999998,0.12274558338418423
tess2019107181902-prf-4-4-row0513-col2092.fits,4,4,513,2092,4,4,1.0,0.1299421159589975
tess2019107181902-prf-4-4-row0513-col2092.fits,4,4,513,2092,4,5,0.9999999999999993,0.12250455260459094
tess2019107181902-prf-4-4-row0513-col2092.fits,4,4,513,2092,4,6,0.9999999999999998,0.12032492643655572
tess2019107181902-prf-4-4-row0513-col2092.fits,4,4,513,2092,4,7,0.9999999999999998,0.12840024264307257
tess2019107181902-prf-4-4-row0513-col2092.fits,4,4,513,2092,4,8,1.0000000000000007,0.11725316060344267
tess2019107181902-prf-4-4-row0513-col2092.fits,4,4,513,2092,5,0,1.0000000000000004,0.1268416016105355
tess2019107181902-prf-4-4-row0513-col2092.fits,4,4,513,2092,5,1,0.9999999999999993,0.12527454959900505
tess2019107181902-prf-4-4-row0513-col2092.fits,4,4,513,2092,5,2,0.9999999999999996,0.11576888721816046
tess2019107181902-prf-4-4-row0513-col2092.fits,4,4,513,2092,5,3,1.0,0.11904260485989615
tess2019107181902-prf-4-4-row0513-col2092.fits,4,4,513,2092,5,4,1.0,0.12561679879506735
tess2019107181902-prf-4-4-row0513-col2092.fits,4,4,513,2092,5,5,1.0,0.11738446597163113
tess2019107181902-prf-4-4-row0513-col2092.fits,4,4,513,2092,5,6,0.9999999999999999,0.11598465562483624
tess2019107181902-prf-4-4-row0513-col2092.fits,4,4,513,2092,5,7,0.9999999999999998,0.12021867129742907
tess2019107181902-prf-4-4-row0513-col2092.fits,4,4,513,2092,5,8,0.9999999999999997,0.1236482348867919
tess2019107181902-prf-4-4-row0513-col2092.fits,4,4,513,2092,6,0,1.0000000000000007,0.11131033367512749
tess2019107181902-prf-4-4-row0513-col2092.fits,4,4,513,2092,6,1,1.0000000000000004,0.12023794281691585
tess2019107181902-prf-4-4-row0513-col2092.fits,4,4,513,2092,6,2,1.0000000000000004,0.11908988052501063
tess2019107181902-prf-4-4-row0513-col2092.fits,4,4,513,2092,6,3,0.9999999999999994,0.1178238027318931
tess2019107181902-prf-4-4-row0513-col2092.fits,4,4,513,2092,6,4,1.0000000000000004,0.12462724982058823
tess2019107181902-prf-4-4-row0513-col2092.fits,4,4,513,2092,6,5,0.9999999999999993,0.11705748366600366
tess2019107181902-prf-4-4-row0513-col2092.fits,4,4,513,2092,6,6,1.0,0.11099393642740554
tess2019107181902-prf-4-4-row0513-col2092.fits,4,4,513,2092,6,7,1.0,0.1163021389810627
tess2019107181902-prf-4-4-row0513-col2092.fits,4,4,513,2092,6,8,1.0000000000000004,0.12229460008981312
tess2019107181902-prf-4-4-row0513-col2092.fits,4,4,513,2092,7,0,1.0000000000000002,0.11262007209273431
tess2019107181902-prf-4-4-row0513-col2092.fits,4,4,513,2092,7,1,1.0000000000000004,0.11560518665856268
tess2019107181902-prf-4-4-row0513-col2092.fits,4,4,513,2092,7,2,1.0,0.1163110483771224
tess2019107181902-prf-4-4-row0513-col2092.fits,4,4,513,2092,7,3,1.0,0.12615524506063422
tess2019107181902-prf-4-4-row0513-col2092.fits,4,4,513,2092,7,4,0.9999999999999998,0.11917737079005367
tess2019107181902-prf-4-4-row0513-col2092.fits,4,4,513,2092,7,5,0.9999999999999999,0.1135298978031884
tess2019107181902-prf-4-4-row0513-col2092.fits,4,4,513,2092,7,6,0.9999999999999993,0.11046617608939267
tess2019107181902-prf-4-4-row0513-col2092.fits,4,4,513,2092,7,7,0.9999999999999993,0.11080192667636155
tess2019107181902-prf-4-4-row0513-col2092.fits,4,4,513,2092,7,8,0.9999999999999994,0.11593950042218373
tess2019107181902-prf-4-4-row0513-col2092.fits,4,4,513,2092,8,0,1.0000000000000002,0.11923896016792476
tess2019107181902-prf-4-4-row0513-col2092.fits,4,4,513,2092,8,1,0.9999999999999999,0.12207932446316525
tess2019107181902-prf-4-4-row0513-col2092.fits,4,4,513,2092,8,2,0.9999999999999996,0.11557959538466464
tess2019107181902-prf-4-4-row0513-col2092.fits,4,4,513,2092,8,3,0.9999999999999996,0.12205531161967918
tess2019107181902-prf-4-4-row0513-col2092.fits,4,4,513,2092,8,4,0.9999999999999997,0.11356853887570396
tess2019107181902-prf-4-4-row0513-col2092.fits,4,4,513,2092,8,5,1.0,0.12264087135450674
tess2019107181902-prf-4-4-row0513-col2092.fits,4,4,513,2092,8,6,0.9999999999999998,0.11284732459408653
tess2019107181902-prf-4-4-row0513-col2092.fits,4,4,513,2092,8,7,0.9999999999999991,0.11648084624467415
tess2019107181902-prf-4-4-row0513-col2092.fits,4,4,513,2092,8,8,0.9999999999999999,0.11319500841886541
tess2019107181902-prf-4-4-row1025-col0045.fits,4,4,1025,45,0,0,0.9999999999999997,0.09557982966058148
tess2019107181902-prf-4-4-row1025-col0045.fits,4,4,1025,45,0,1,0.9999999999999997,0.10254233509706139
tess2019107181902-prf-4-4-row1025-col0045.fits,4,4,1025,45,0,2,1.0000000000000004,0.08859656262151651
tess2019107181902-prf-4-4-row1025-col0045.fits,4,4,1025,45,0,3,1.0,0.09090753010588228
tess2019107181902-prf-4-4-row1025-col0045.fits,4,4,1025,45,0,4,0.9999999999999998,0.0905998173257099
tess2019107181902-prf-4-4-row1025-col0045.fits,4,4,1025,45,0,5,1.0000000000000002,0.09196968317145249
tess2019107181902-prf-4-4-row1025-col0045.fits,4,4,1025,45,0,6,1.0000000000000002,0.08951503643825592
tess2019107181902-prf-4-4-row1025-col0045.fits,4,4,1025,45,0,7,1.0000000000000002,0.08988916576235667
tess2019107181902-prf-4-4-row1025-col0045.fits,4,4,1025,45,0,8,1.0000000000000004,0.09682193388526035
tess2019107181902-prf-4-4-row1025-col0045.fits,4,4,1025,45,1,0,1.0000000000000009,0.10159139266783217
tess2019107181902-prf-4-4-row1025-col0045.fits,4,4,1025,45,1,1,1.0,0.1034861610308791
tess2019107181902-prf-4-4-row1025-col0045.fits,4,4,1025,45,1,2,1.0000000000000004,0.09096065081447156
tess2019107181902-prf-4-4-row1025-col0045.fits,4,4,1025,45,1,3,1.0,0.09921919252406142
tess2019107181902-prf-4-4-row1025-col0045.fits,4,4,1025,45,1,4,0.9999999999999993,0.08974205759856
tess2019107181902-prf-4-4-row1025-col0045.fits,4,4,1025,45,1,5,1.0,0.09340807455400814
tess2019107181902-prf-4-4-row1025-col0045.fits,4,4,1025,45,1,6,0.9999999999999996,0.08636214302431644
tess2019107181902-prf-4-4-row1025-col0045.fits,4,4,1025,45,1,7,1.0000000000000009,0.09217796209768435
tess2019107181902-prf-4-4-row1025-col0045.fits,4,4,1025,45,1,8,0.9999999999999993,0.09970942616938215
tess2019107181902-prf-4-4-row1025-col0045.fits,4,4,1025,45,2,0,0.9999999999999997,0.10691434180081669
tess2019107181902-prf-4-4-row1025-col0045.fits,4,4,1025,45,2,1,1.0000000000000007,0.10469315363061699
tess2019107181902-prf-4-4-row1025-col0045.fits,4,4,1025,45,2,2,0.9999999999999999,0.09136882784700474
tess2019107181902-prf-4-4-row1025-col0045.fits,4,4,1025,45,2,3,1.0,0.0978675805057039
tess2019107181902-prf-4-4-row1025-col0045.fits,4,4,1025,45,2,4,1.0000000000000009,0.09495975070982834
tess2019107181902-prf-4-4-row1025-col0045.fits,4,4,1025,45,2,5,1.0000000000000002,0.09614073962517558
tess2019107181902-prf-4-4-row1025-col0045.fits,4,4,1025,45,2,6,1.0,0.09184598356572782
tess2019107181902-prf-4-4-row1025-col0045.fits,4,4,1025,45,2,7,0.9999999999999998,0.09160906759563181
tess2019107181902-prf-4-4-row1025-col0045.fits,4,4,1025,45,2,8,1.0,0.10259591530882493
tess2019107181902-prf-4-4-row1025-col0045.fits,4,4,1025,45,3,0,1.0000000000000002,0.10908142193997511
tess2019107181902-prf-4-4-row1025-col0045.fits,4,4,1025,45,3,1,0.9999999999999996,0.09886844511420939
tess2019107181902-prf-4-4-row1025-col0045.fits,4,4,1025,45,3,2,0.9999999999999998,0.09334802582490881
tess2019107181902-prf-4-4-row1025-col0045.fits,4,4,1025,45,3,3,0.9999999999999998,0.09844102674623964
tess2019107181902-prf-4-4-row1025-col0045.fits,4,4,1025,45,3,4,1.0,0.09658032646395928
tess2019107181902-prf-4-4-row1025-col0045.fits,4,4,1025,45,3,5,0.9999999999999999,0.09834338194085196
tess2019107181902-prf-4-4-row1025-col0045.fits,4,4,1025,45,3,6,1.0,0.09462856145390089
tess2019107181902-prf-4-4-row1025-col0045.fits,4,4,1025,45,3,7,1.0000000000000004,0.09295851928749065
tess2019107181902-prf-4-4-row1025-col0045.fits,4,4,1025,45,3,8,1.0000000000000004,0.10170295758470148
tess2019107181902-prf-4-4-row1025-col0045.fits,4,4,1025,45,4,0,0.9999999999999996,0.10705791513708823
tess2019107181902-prf-4-4-row1025-col0045.fits,4,4,1025,45,4,1,1.0000000000000002,0.09635140886427526
tess2019107181902-prf-4-4-row1025-col0045.fits,4,4,1025,45,4,2,1.0000000000000004,0.09216338621676805
tess2019107181902-prf-4-4-row1025-col0045.fits,4,4,1025,45,4,3,1.0,0.09637607832401675
tess2019107181902-prf-4-4-row1025-col0045.fits,4,4,1025,45,4,4,0.9999999999999998,0.10047338797103927
tess2019107181902-prf-4-4-row1025-col0045.fits,4,4,1025,45,4,5,0.9999999999999996,0.09424544693973003
tess2019107181902-prf-4-4-row1025-col0045.fits,4,4,1025,45,4,6,1.0,0.09087935971941923
tess2019107181902-prf-4-4-row1025-col0045.fits,4,4,1025,45,4,7,1.0000000000000002,0.09801469019525255
tess2019107181902-prf-4-4-row1025-col0045.fits,4,4,1025,45,4,8,1.0,0.0986568619256702
tess2019107181902-prf-4-4-row1025-col0045.fits,4,4,1025,45,5,0,1.0,0.10949329988024231
tess2019107181902-prf-4-4-row1025-col0045.fits,4,4,1025,45,5,1,1.0000000000000004,0.09561033025171278
tess2019107181902-prf-4-4-row1025-col0045.fits,4,4,1025,45,5,2,1.0,0.09048011349056095
tess2019107181902-prf-4-4-row1025-col0045.fits,4,4,1025,45,5,3,1.0000000000000002,0.09416366449419972
tess2019107181902-prf-4-4-row1025-col0045.fits,4,4,1025,45,5,4,1.0000000000000002,0.09302034100847889
tess2019107181902-prf-4-4-row1025-col0045.fits,4,4,1025,45,5,5,0.9999999999999993,0.09398248975686334
tess2019107181902-prf-4-4-row1025-col0045.fits,4,4,1025,45,5,6,1.0,0.0929656045875002
tess2019107181902-prf-4-4-row1025-col0045.fits,4,4,1025,45,5,7,1.0000000000000002,0.09320553363592561
tess2019107181902-prf-4-4-row1025-col0045.fits,4,4,1025,45,5,8,0.9999999999999998,0.103175409199532
tess2019107181902-prf-4-4-row1025-col0045.fits,4,4,1025,45,6,0,0.9999999999999999,0.1055252653294161
tess2019107181902-prf-4-4-row1025-col0045.fits,4,4,1025,45,6,1,0.9999999999999998,0.09153219967123899
tess2019107181902-prf-4-4-row1025-col0045.fits,4,4,1025,45,6,2,1.0000000000000004,0.09625809844403818
tess2019107181902-prf-4-4-row1025-col0045.fits,4,4,1025,45,6,3,1.0000000000000004,0.09128889853027267
tess2019107181902-prf-4-4-row1025-col0045.fits,4,4,1025,45,6,4,0.9999999999999996,0.09725971034834012
tess2019107181902-prf-4-4-row1025-col0045.fits,4,4,1025,45,6,5,0.9999999999999996,0.09693260764578812
tess2019107181902-prf-4-4-row1025-col0045.fits,4,4,1025,45,6,6,0.9999999999999999,0.08984493165177349
tess2019107181902-prf-4-4-row1025-col0045.fits,4,4,1025,45,6,7,0.9999999999999998,0.09077029702221756
tess2019107181902-prf-4-4-row1025-col0045.fits,4,4,1025,45,6,8,1.0000000000000007,0.0984758751090764
tess2019107181902-prf-4-4-row1025-col0045.fits,4,4,1025,45,7,0,0.9999999999999998,0.10091437184323497
tess2019107181902-prf-4-4-row1025-col0045.fits,4,4,1025,45,7,1,0.9999999999999998,0.09655750660825649
tess2019107181902-prf-4-4-row1025-col0045.fits,4,4,1025,45,7,2,1.0,0.086853121268888
tess2019107181902-prf-4-4-row1025-col0045.fits,4,4,1025,45,7,3,1.0,0.09290284168150838
tess2019107181902-prf-4-4-row1025-col0045.fits,4,4,1025,45,7,4,0.9999999999999998,0.09539592292221408
tess2019107181902-prf-4-4-row1025-col0045.fits,4,4,1025,45,7,5,0.9999999999999998,0.0952960886854885
tess2019107181902-prf-4-4-row1025-col0045.fits,4,4,1025,45,7,6,1.0000000000000004,0.0908953964473996
tess2019107181902-prf-4-4-row1025-col0045.fits,4,4,1025,45,7,7,0.9999999999999997,0.09270475703967859
tess2019107181902-prf-4-4-row1025-col0045.fits,4,4,1025,45,7,8,1.0000000000000007,0.10186457852262845
tess2019107181902-prf-4-4-row1025-col0045.fits,4,4,1025,45,8,0,0.9999999999999996,0.10218136905829399
tess2019107181902-prf-4-4-row1025-col0045.fits,4,4,1025,45,8,1,1.0,0.10105459220773005
tess2019107181902-prf-4-4-row1025-col0045.fits,4,4,1025,45,8,2,0.9999999999999997,0.0967740432080886
tess2019107181902-prf-4-4-row1025-col0045.fits,4,4,1025,45,8,3,1.0000000000000007,0.10056052067049284
tess2019107181902-prf-4-4-row1025-col0045.fits,4,4,1025,45,8,4,0.9999999999999999,0.0985482655085465
tess2019107181902-prf-4-4-row1025-col0045.fits,4,4,1025,45,8,5,1.0000000000000004,0.10081703786500515
tess2019107181902-prf-4-4-row1025-col0045.fits,4,4,1025,45,8,6,1.0,0.09515644471766221
tess2019107181902-prf-4-4-row1025-col0045.fits,4,4,1025,45,8,7,0.9999999999999998,0.09629309616286971
tess2019107181902-prf-4-4-row1025-col0045.fits,4,4,1025,45,8,8,1.0000000000000002,0.10002646917872259
tess2019107181902-prf-4-4-row1025-col0557.fits,4,4,1025,557,0,0,0.9999999999999999,0.08944797736281557
tess2019107181902-prf-4-4-row1025-col0557.fits,4,4,1025,557,0,1,1.0,0.09242147261081632
tess2019107181902-prf-4-4-row1025-col0557.fits,4,4,1025,557,0,2,0.9999999999999996,0.09370616631202419
tess2019107181902-prf-4-4-row1025-col0557.fits,4,4,1025,557,0,3,0.9999999999999996,0.08753752099482207
tess2019107181902-prf-4-4-row1025-col0557.fits,4,4,1025,557,0,4,0.999999999999999,0.08427598402567268
tess2019107181902-prf-4-4-row1025-col0557.fits,4,4,1025,557,0,5,1.0000000000000007,0.08398064943761974
tess2019107181902-prf-4-4-row1025-col0557.fits,4,4,1025,557,0,6,1.0,0.08894950356408696
tess2019107181902-prf-4-4-row1025-col0557.fits,4,4,1025,557,0,7,0.9999999999999994,0.08931684810722633
tess2019107181902-prf-4-4-row1025-col0557.fits,4,4,1025,557,0,8,0.9999999999999998,0.09320813832803887
tess2019107181902-prf-4-4-row1025-col0557.fits,4,4,1025,557,1,0,1.0000000000000002,0.08792208751434069
tess2019107181902-prf-4-4-row1025-col0557.fits,4,4,1025,557,1,1,1.0000000000000004,0.09011007206059582
tess2019107181902-prf-4-4-row1025-col0557.fits,4,4,1025,557,1,2,1.0000000000000004,0.09212568845260377
tess2019107181902-prf-4-4-row1025-col0557.fits,4,4,1025,557,1,3,0.9999999999999999,0.08713159961898354
tess2019107181902-prf-4-4-row1025-col0557.fits,4,4,1025,557,1,4,0.9999999999999998,0.08144108494085155
tess2019107181902-prf-4-4-row1025-col0557.fits,4,4,1025,557,1,5,1.0000000000000002,0.08096807251956192
tess2019107181902-prf-4-4-row1025-col0557.fits,4,4,1025,557,1,6,1.0000000000000007,0.08931447271189569
tess2019107181902-prf-4-4-row1025-col0557.fits,4,4,1025,557,1,7,0.9999999999999999,0.08999242902705971
tess2019107181902-prf-4-4-row1025-col0557.fits,4,4,1025,557,1,8,1.0000000000000004,0.09125426860572358
tess2019107181902-prf-4-4-row1025-col0557.fits,4,4,1025,557,2,0,1.0000000000000004,0.09071700644155835
tess2019107181902-prf-4-4-row1025-col0557.fits,4,4,1025,557,2,1,0.9999999999999998,0.09208967942299301
tess2019107181902-prf-4-4-row1025-col0557.fits,4,4,1025,557,2,2,1.0000000000000002,0.087725949623114
tess2019107181902-prf-4-4-row1025-col0557.fits,4,4,1025,557,2,3,0.9999999999999997,0.08598888593602476
tess2019107181902-prf-4-4-row1025-col0557.fits,4,4,1025,557,2,4,1.0,0.08073290512746276
tess2019107181902-prf-4-4-row1025-col0557.fits,4,4,1025,557,2,5,1.0000000000000002,0.08390702156147024
tess2019107181902-prf-4-4-row1025-col0557.fits,4,4,1025,557,2,6,0.9999999999999996,0.09040892739645147
tess2019107181902-prf-4-4-row1025-col0557.fits,4,4,1025,557,2,7,1.0,0.08916938172974702
tess2019107181902-prf-4-4-row1025-col0557.fits,4,4,1025,557,2,8,0.9999999999999996,0.09325493234711126
tess2019107181902-prf-4-4-row1025-col0557.fits,4,4,1025,557,3,0,1.0000000000000004,0.08895524307833202
tess2019107181902-prf-4-4-row1025-col0557.fits,4,4,1025,557,3,1,1.0,0.08791518812420189
tess2019107181902-prf-4-4-row1025-col0557.fits,4,4,1025,557,3,2,0.9999999999999998,0.08973000050153193
tess2019107181902-prf-4-4-row1025-col0557.fits,4,4,1025,557,3,3,0.9999999999999993,0.0800200789371309
tess2019107181902-prf-4-4-row1025-col0557.fits,4,4,1025,557,3,4,0.9999999999999999,0.07897997912239357
tess2019107181902-prf-4-4-row1025-col0557.fits,4,4,1025,557,3,5,0.9999999999999993,0.08020264894495203
tess2019107181902-prf-4-4-row1025-col0557.fits,4,4,1025,557,3,6,1.0000000000000002,0.08525093142257016
tess2019107181902-prf-4-4-row1025-col0557.fits,4,4,1025,557,3,7,0.9999999999999993,0.09134754171329727
tess2019107181902-prf-4-4-row1025-col0557.fits,4,4,1025,557,3,8,0.9999999999999996,0.09063956540003357
tess2019107181902-prf-4-4-row1025-col0557.fits,4,4,1025,557,4,0,0.9999999999999999,0.08595436492998759
tess2019107181902-prf-4-4-row1025-col0557.fits,4,4,1025,557,4,1,0.9999999999999997,0.08738103506843659
tess2019107181902-prf-4-4-row1025-col0557.fits,4,4,1025,557,4,2,1.0000000000000002,0.08703017067886533
tess2019107181902-prf-4-4-row1025-col0557.fits,4,4,1025,557,4,3,0.9999999999999996,0.07983217712540694
tess2019107181902-prf-4-4-row1025-col0557.fits,4,4,1025,557,4,4,1.0,0.076438943022308
tess2019107181902-prf-4-4-row1025-col0557.fits,4,4,1025,557,4,5,0.9999999999999997,0.08206000128331306
tess2019107181902-prf-4-4-row1025-col0557.fits,4,4,1025,557,4,6,0.9999999999999998,0.08582801921258143
tess2019107181902-prf-4-4-row1025-col0557.fits,4,4,1025,557,4,7,1.0000000000000004,0.08675543268151273
tess2019107181902-prf-4-4-row1025-col0557.fits,4,4,1025,557,4,8,1.0,0.0876565949488474
tess2019107181902-prf-4-4-row1025-col0557.fits,4,4,1025,557,5,0,0.9999999999999999,0.08848358412767023
tess2019107181902-prf-4-4-row1025-col0557.fits,4,4,1025,557,5,1,0.9999999999999997,0.09488772959102122
tess2019107181902-prf-4-4-row1025-col0557.fits,4,4,1025,557,5,2,1.0000000000000004,0.08815856009288568
tess2019107181902-prf-4-4-row1025-col0557.fits,4,4,1025,557,5,3,1.0,0.08393127906465928
tess2019107181902-prf-4-4-row1025-col0557.fits,4,4,1025,557,5,4,1.0,0.08203433293054413
tess2019107181902-prf-4-4-row1025-col0557.fits,4,4,1025,557,5,5,0.9999999999999997,0.08199211918760882
tess2019107181902-prf-4-4-row1025-col0557.fits,4,4,1025,557,5,6,0.9999999999999998,0.08409312466842134
tess2019107181902-prf-4-4-row1025-col0557.fits,4,4,1025,557,5,7,1.0000000000000002,0.08856390379132706
tess2019107181902-prf-4-4-row1025-col0557.fits,4,4,1025,557,5,8,1.0,0.08742562719326875
tess2019107181902-prf-4-4-row1025-col0557.fits,4,4,1025,557,6,0,0.9999999999999999,0.09452519804444473
tess2019107181902-prf-4-4-row1025-col0557.fits,4,4,1025,557,6,1,1.0000000000000004,0.10112713811620314
tess2019107181902-prf-4-4-row1025-col0557.fits,4,4,1025,557,6,2,0.9999999999999994,0.0957206148894151
tess2019107181902-prf-4-4-row1025-col0557.fits,4,4,1025,557,6,3,1.0000000000000007,0.09284273166110954
tess2019107181902-prf-4-4-row1025-col0557.fits,4,4,1025,557,6,4,1.0,0.08576262366804709
tess2019107181902-prf-4-4-row1025-col0557.fits,4,4,1025,557,6,5,1.0000000000000002,0.08802118343787083
tess2019107181902-prf-4-4-row1025-col0557.fits,4,4,1025,557,6,6,1.0000000000000002,0.08932205226121605
tess2019107181902-prf-4-4-row1025-col0557.fits,4,4,1025,557,6,7,0.9999999999999998,0.09430945022172083
tess2019107181902-prf-4-4-row1025-col0557.fits,4,4,1025,557,6,8,0.9999999999999999,0.09120580164659382
tess2019107181902-prf-4-4-row1025-col0557.fits,4,4,1025,557,7,0,0.9999999999999993,0.09598772251507054
tess2019107181902-prf-4-4-row1025-col0557.fits,4,4,1025,557,7,1,0.9999999999999999,0.09718093957250815
tess2019107181902-prf-4-4-row1025-col0557.fits,4,4,1025,557,7,2,0.9999999999999992,0.09606058143205928
tess2019107181902-prf-4-4-row1025-col0557.fits,4,4,1025,557,7,3,1.0000000000000004,0.09102902186874455
tess2019107181902-prf-4-4-row1025-col0557.fits,4,4,1025,557,7,4,1.0000000000000002,0.09051648480778204
tess2019107181902-prf-4-4-row1025-col0557.fits,4,4,1025,557,7,5,0.9999999999999999,0.08863483219886657
tess2019107181902-prf-4-4-row1025-col0557.fits,4,4,1025,557,7,6,0.9999999999999999,0.08746837501511438
tess2019107181902-prf-4-4-row1025-col0557.fits,4,4,1025,557,7,7,0.9999999999999998,0.0949960441075419
tess2019107181902-prf-4-4-row1025-col0557.fits,4,4,1025,557,7,8,1.0000000000000004,0.09399592947851809
tess2019107181902-prf-4-4-row1025-col0557.fits,4,4,1025,557,8,0,0.9999999999999997,0.09717445887433249
tess2019107181902-prf-4-4-row1025-col0557.fits,4,4,1025,557,8,1,1.0,0.09796105039882382
tess2019107181902-prf-4-4-row1025-col0557.fits,4,4,1025,557,8,2,1.0,0.09609762094444989
tess2019107181902-prf-4-4-row1025-col0557.fits,4,4,1025,557,8,3,1.0000000000000007,0.08604301631552615
tess2019107181902-prf-4-4-row1025-col0557.fits,4,4,1025,557,8,4,1.0000000000000002,0.08745429801595485
tess2019107181902-prf-4-4-row1025-col0557.fits,4,4,1025,557,8,5,1.0,0.08566149836068317
tess2019107181902-prf-4-4-row1025-col0557.fits,4,4,1025,557,8,6,1.0,0.08770282306556965
tess2019107181902-prf-4-4-row1025-col0557.fits,4,4,1025,557,8,7,0.9999999999999998,0.09349694208260646
tess2019107181902-prf-4-4-row1025-col0557.fits,4,4,1025,557,8,8,1.0,0.09225183493143746
tess2019107181902-prf-4-4-row1025-col1069.fits,4,4,1025,1069,0,0,1.0,0.13427288001981416
tess2019107181902-prf-4-4-row1025-col1069.fits,4,4,1025,1069,0,1,1.0,0.13129179468141194
tess2019107181902-prf-4-4-row1025-col1069.fits,4,4,1025,1069,0,2,1.0,0.1393589515927687
tess2019107181902-prf-4-4-row1025-col1069.fits,4,4,1025,1069,0,3,0.9999999999999998,0.12884094579927294
tess2019107181902-prf-4-4-row1025-col1069.fits,4,4,1025,1069,0,4,0.9999999999999998,0.13180525332342596
tess2019107181902-prf-4-4-row1025-col1069.fits,4,4,1025,1069,0,5,1.0,0.12465499283382613
tess2019107181902-prf-4-4-row1025-col1069.fits,4,4,1025,1069,0,6,0.9999999999999999,0.1322761292288536
tess2019107181902-prf-4-4-row1025-col1069.fits,4,4,1025,1069,0,7,1.0,0.14220272452229377
tess2019107181902-prf-4-4-row1025-col1069.fits,4,4,1025,1069,0,8,0.9999999999999997,0.13843191312320285
tess2019107181902-prf-4-4-row1025-col1069.fits,4,4,1025,1069,1,0,1.0,0.13891988334593663
tess2019107181902-prf-4-4-row1025-col1069.fits,4,4,1025,1069,1,1,0.9999999999999998,0.13670379276722627
tess2019107181902-prf-4-4-row1025-col1069.fits,4,4,1025,1069,1,2,1.0000000000000002,0.14999322795558928
tess2019107181902-prf-4-4-row1025-col1069.fits,4,4,1025,1069,1,3,0.9999999999999997,0.13338279846266546
tess2019107181902-prf-4-4-row1025-col1069.fits,4,4,1025,1069,1,4,0.9999999999999999,0.13014659627632633
tess2019107181902-prf-4-4-row1025-col1069.fits,4,4,1025,1069,1,5,0.9999999999999998,0.1343500197698253
tess2019107181902-prf-4-4-row1025-col1069.fits,4,4,1025,1069,1,6,1.0000000000000004,0.14010349358394758
tess2019107181902-prf-4-4-row1025-col1069.fits,4,4,1025,1069,1,7,1.0000000000000002,0.1398719661142223
tess2019107181902-prf-4-4-row1025-col1069.fits,4,4,1025,1069,1,8,0.9999999999999998,0.1384906266964749
tess2019107181902-prf-4-4-row1025-col1069.fits,4,4,1025,1069,2,0,0.9999999999999996,0.14142434002406842
tess2019107181902-prf-4-4-row1025-col1069.fits,4,4,1025,1069,2,1,0.9999999999999998,0.14111218634121384
tess2019107181902-prf-4-4-row1025-col1069.fits,4,4,1025,1069,2,2,1.0000000000000007,0.1450497675491524
tess2019107181902-prf-4-4-row1025-col1069.fits,4,4,1025,1069,2,3,0.9999999999999993,0.13477651434054083
tess2019107181902-prf-4-4-row1025-col1069.fits,4,4,1025,1069,2,4,1.0000000000000002,0.1263610151575189
tess2019107181902-prf-4-4-row1025-col1069.fits,4,4,1025,1069,2,5,1.0000000000000007,0.13940596526730903
tess2019107181902-prf-4-4-row1025-col1069.fits,4,4,1025,1069,2,6,1.0000000000000007,0.1531064427262441
tess2019107181902-prf-4-4-row1025-col1069.fits,4,4,1025,1069,2,7,1.0,0.14402382435702404
tess2019107181902-prf-4-4-row1025-col1069.fits,4,4,1025,1069,2,8,1.0000000000000004,0.14216167916502628
tess2019107181902-prf-4-4-row1025-col1069.fits,4,4,1025,1069,3,0,0.9999999999999998,0.1388496181985823
tess2019107181902-prf-4-4-row1025-col1069.fits,4,4,1025,1069,3,1,0.9999999999999997,0.14307842494703688
tess2019107181902-prf-4-4-row1025-col1069.fits,4,4,1025,1069,3,2,1.0,0.1443211027923499
tess2019107181902-prf-4-4-row1025-col1069.fits,4,4,1025,1069,3,3,1.0000000000000002,0.1419498383301339
tess2019107181902-prf-4-4-row1025-col1069.fits,4,4,1025,1069,3,4,0.999999999999999,0.1309349267302686
tess2019107181902-prf-4-4-row1025-col1069.fits,4,4,1025,1069,3,5,1.0,0.13566662402748614
tess2019107181902-prf-4-4-row1025-col1069.fits,4,4,1025,1069,3,6,1.0,0.1348699510743927
tess2019107181902-prf-4-4-row1025-col1069.fits,4,4,1025,1069,3,7,1.0,0.1479847079089875
tess2019107181902-prf-4-4-row1025-col1069.fits,4,4,1025,1069,3,8,1.0000000000000009,0.14505743458444345
tess2019107181902-prf-4-4-row1025-col1069.fits,4,4,1025,1069,4,0,1.0,0.13265955167418517
tess2019107181902-prf-4-4-row1025-col1069.fits,4,4,1025,1069,4,1,1.0,0.1317446907555292
tess2019107181902-prf-4-4-row1025-col1069.fits,4,4,1025,1069,4,2,1.0000000000000002,0.14080976282425622
tess2019107181902-prf-4-4-row1025-col1069.fits,4,4,1025,1069,4,3,0.9999999999999996,0.1335345678487387
tess2019107181902-prf-4-4-row1025-col1069.fits,4,4,1025,1069,4,4,1.0000000000000002,0.13055746176167976
tess2019107181902-prf-4-4-row1025-col1069.fits,4,4,1025,1069,4,5,1.0000000000000004,0.13918713942484154
tess2019107181902-prf-4-4-row1025-col1069.fits,4,4,1025,1069,4,6,0.9999999999999996,0.13258067314647282
tess2019107181902-prf-4-4-row1025-col1069.fits,4,4,1025,1069,4,7,1.0000000000000004,0.13814890782517672
tess2019107181902-prf-4-4-row1025-col1069.fits,4,4,1025,1069,4,8,1.0,0.1341444749122499
tess2019107181902-prf-4-4-row1025-col1069.fits,4,4,1025,1069,5,0,0.9999999999999997,0.1280226788261925
tess2019107181902-prf-4-4-row1025-col1069.fits,4,4,1025,1069,5,1,1.0000000000000004,0.13580501770881487
tess2019107181902-prf-4-4-row1025-col1069.fits,4,4,1025,1069,5,2,1.0,0.13919396101437642
tess2019107181902-prf-4-4-row1025-col1069.fits,4,4,1025,1069,5,3,0.9999999999999996,0.1366262869978759
tess2019107181902-prf-4-4-row1025-col1069.fits,4,4,1025,1069,5,4,1.0000000000000007,0.13140937219242105
tess2019107181902-prf-4-4-row1025-col1069.fits,4,4,1025,1069,5,5,0.9999999999999999,0.12875229821568837
tess2019107181902-prf-4-4-row1025-col1069.fits,4,4,1025,1069,5,6,1.0,0.126552813498287
tess2019107181902-prf-4-4-row1025-col1069.fits,4,4,1025,1069,5,7,1.0000000000000002,0.13430541411549934
tess2019107181902-prf-4-4-row1025-col1069.fits,4,4,1025,1069,5,8,1.0000000000000002,0.1249750822781552
tess2019107181902-prf-4-4-row1025-col1069.fits,4,4,1025,1069,6,0,1.0000000000000002,0.1324262646243382
tess2019107181902-prf-4-4-row1025-col1069.fits,4,4,1025,1069,6,1,1.0,0.12832800645655773
tess2019107181902-prf-4-4-row1025-col1069.fits,4,4,1025,1069,6,2,0.9999999999999996,0.13244424843327196
tess2019107181902-prf-4-4-row1025-col1069.fits,4,4,1025,1069,6,3,0.9999999999999998,0.13452709887898626
tess2019107181902-prf-4-4-row1025-col1069.fits,4,4,1025,1069,6,4,0.9999999999999998,0.1330510324441092
tess2019107181902-prf-4-4-row1025-col1069.fits,4,4,1025,1069,6,5,0.9999999999999997,0.13199347441994574
tess2019107181902-prf-4-4-row1025-col1069.fits,4,4,1025,1069,6,6,1.0,0.1294928502819399
tess2019107181902-prf-4-4-row1025-col1069.fits,4,4,1025,1069,6,7,1.0000000000000004,0.13704585688268872
tess2019107181902-prf-4-4-row1025-col1069.fits,4,4,1025,1069,6,8,0.9999999999999996,0.1230159602965798
tess2019107181902-prf-4-4-row1025-col1069.fits,4,4,1025,1069,7,0,0.9999999999999999,0.13410551320828995
tess2019107181902-prf-4-4-row1025-col1069.fits,4,4,1025,1069,7,1,1.0000000000000002,0.1341490403273256
tess2019107181902-prf-4-4-row1025-col1069.fits,4,4,1025,1069,7,2,0.9999999999999998,0.12990265613218369
tess2019107181902-prf-4-4-row1025-col1069.fits,4,4,1025,1069,7,3,1.0,0.13322305047493266
tess2019107181902-prf-4-4-row1025-col1069.fits,4,4,1025,1069,7,4,1.0,0.13104008934448763
tess2019107181902-prf-4-4-row1025-col1069.fits,4,4,1025,1069,7,5,0.9999999999999998,0.12950727688677585
tess2019107181902-prf-4-4-row1025-col1069.fits,4,4,1025,1069,7,6,0.9999999999999996,0.13656894803431516
tess2019107181902-prf-4-4-row1025-col1069.fits,4,4,1025,1069,7,7,0.9999999999999998,0.13888346860482792
tess2019107181902-prf-4-4-row1025-col1069.fits,4,4,1025,1069,7,8,0.9999999999999999,0.1277596621969385
tess2019107181902-prf-4-4-row1025-col1069.fits,4,4,1025,1069,8,0,0.9999999999999992,0.13352456161666834
tess2019107181902-prf-4-4-row1025-col1069.fits,4,4,1025,1069,8,1,0.9999999999999999,0.13119065762599008
tess2019107181902-prf-4-4-row1025-col1069.fits,4,4,1025,1069,8,2,1.0000000000000004,0.12994917138866602
tess2019107181902-prf-4-4-row1025-col1069.fits,4,4,1025,1069,8,3,1.0,0.13045486088061203
tess2019107181902-prf-4-4-row1025-col1069.fits,4,4,1025,1069,8,4,0.9999999999999999,0.12526281047608573
tess2019107181902-prf-4-4-row1025-col1069.fits,4,4,1025,1069,8,5,0.9999999999999997,0.1269426754226735
tess2019107181902-prf-4-4-row1025-col1069.fits,4,4,1025,1069,8,6,1.0000000000000004,0.13479591992288517
tess2019107181902-prf-4-4-row1025-col1069.fits,4,4,1025,1069,8,7,1.0000000000000002,0.13853110083106035
tess2019107181902-prf-4-4-row1025-col1069.fits,4,4,1025,1069,8,8,0.9999999999999998,0.1296688002038733
tess2019107181902-prf-4-4-row1025-col1580.fits,4,4,1025,1580,0,0,0.9999999999999998,0.1030304911766821
tess2019107181902-prf-4-4-row1025-col1580.fits,4,4,1025,1580,0,1,0.9999999999999999,0.10733807000669388
tess2019107181902-prf-4-4-row1025-col1580.fits,4,4,1025,1580,0,2,1.0000000000000004,0.11052548951647045
tess2019107181902-prf-4-4-row1025-col1580.fits,4,4,1025,1580,0,3,1.0000000000000009,0.10460153496263651
tess2019107181902-prf-4-4-row1025-col1580.fits,4,4,1025,1580,0,4,0.9999999999999997,0.109767955694599
tess2019107181902-prf-4-4-row1025-col1580.fits,4,4,1025,1580,0,5,1.0000000000000002,0.10746179680081676
tess2019107181902-prf-4-4-row1025-col1580.fits,4,4,1025,1580,0,6,1.0,0.10321693112349559
tess2019107181902-prf-4-4-row1025-col1580.fits,4,4,1025,1580,0,7,1.0000000000000004,0.1129612423177404
tess2019107181902-prf-4-4-row1025-col1580.fits,4,4,1025,1580,0,8,0.9999999999999993,0.1056354701241172
tess2019107181902-prf-4-4-row1025-col1580.fits,4,4,1025,1580,1,0,0.9999999999999998,0.10529464032110561
tess2019107181902-prf-4-4-row1025-col1580.fits,4,4,1025,1580,1,1,0.9999999999999996,0.10655588840745449
tess2019107181902-prf-4-4-row1025-col1580.fits,4,4,1025,1580,1,2,1.0000000000000002,0.11158039146557815
tess2019107181902-prf-4-4-row1025-col1580.fits,4,4,1025,1580,1,3,1.0000000000000002,0.10112958307654041
tess2019107181902-prf-4-4-row1025-col1580.fits,4,4,1025,1580,1,4,0.9999999999999997,0.10794289670188381
tess2019107181902-prf-4-4-row1025-col1580.fits,4,4,1025,1580,1,5,1.0,0.11218963627908976
tess2019107181902-prf-4-4-row1025-col1580.fits,4,4,1025,1580,1,6,1.0000000000000004,0.1045764433271157
tess2019107181902-prf-4-4-row1025-col1580.fits,4,4,1025,1580,1,7,1.0,0.11316160736968714
tess2019107181902-prf-4-4-row1025-col1580.fits,4,4,1025,1580,1,8,1.0000000000000009,0.11093891099289138
tess2019107181902-prf-4-4-row1025-col1580.fits,4,4,1025,1580,2,0,0.9999999999999993,0.10695796910854569
tess2019107181902-prf-4-4-row1025-col1580.fits,4,4,1025,1580,2,1,1.0000000000000002,0.11709268485149293
tess2019107181902-prf-4-4-row1025-col1580.fits,4,4,1025,1580,2,2,1.0,0.11325080829464172
tess2019107181902-prf-4-4-row1025-col1580.fits,4,4,1025,1580,2,3,0.9999999999999996,0.09796685487545646
tess2019107181902-prf-4-4-row1025-col1580.fits,4,4,1025,1580,2,4,1.0,0.09579783418359353
tess2019107181902-prf-4-4-row1025-col1580.fits,4,4,1025,1580,2,5,1.0,0.1032002963978626
tess2019107181902-prf-4-4-row1025-col1580.fits,4,4,1025,1580,2,6,1.0000000000000002,0.10596684982994026
tess2019107181902-prf-4-4-row1025-col1580.fits,4,4,1025,1580,2,7,1.0000000000000004,0.11355810819669515
tess2019107181902-prf-4-4-row1025-col1580.fits,4,4,1025,1580,2,8,1.0000000000000002,0.10849546914767914
tess2019107181902-prf-4-4-row1025-col1580.fits,4,4,1025,1580,3,0,0.9999999999999999,0.10886051394925961
tess2019107181902-prf-4-4-row1025-col1580.fits,4,4,1025,1580,3,1,1.0,0.11600308993545738
tess2019107181902-prf-4-4-row1025-col1580.fits,4,4,1025,1580,3,2,1.0,0.11992042680862586
tess2019107181902-prf-4-4-row1025-col1580.fits,4,4,1025,1580,3,3,1.0,0.10020760763476376
tess2019107181902-prf-4-4-row1025-col1580.fits,4,4,1025,1580,3,4,1.0000000000000002,0.10623317142772269
tess2019107181902-prf-4-4-row1025-col1580.fits,4,4,1025,1580,3,5,1.0000000000000002,0.11398006102327117
tess2019107181902-prf-4-4-row1025-col1580.fits,4,4,1025,1580,3,6,0.9999999999999999,0.109759562597409
tess2019107181902-prf-4-4-row1025-col1580.fits,4,4,1025,1580,3,7,1.0000000000000004,0.10840381945336952
tess2019107181902-prf-4-4-row1025-col1580.fits,4,4,1025,1580,3,8,1.0,0.10953872017549048
tess2019107181902-prf-4-4-row1025-col1580.fits,4,4,1025,1580,4,0,1.0,0.10759712290553226
tess2019107181902-prf-4-4-row1025-col1580.fits,4,4,1025,1580,4,1,1.0,0.11409787028791912
tess2019107181902-prf-4-4-row1025-col1580.fits,4,4,1025,1580,4,2,0.9999999999999989,0.11401070431220714
tess2019107181902-prf-4-4-row1025-col1580.fits,4,4,1025,1580,4,3,0.9999999999999999,0.11081081787775214
tess2019107181902-prf-4-4-row1025-col1580.fits,4,4,1025,1580,4,4,0.9999999999999998,0.11048552379783202
tess2019107181902-prf-4-4-row1025-col1580.fits,4,4,1025,1580,4,5,1.0,0.10844327348794215
tess2019107181902-prf-4-4-row1025-col1580.fits,4,4,1025,1580,4,6,1.0000000000000002,0.11206159378839378
tess2019107181902-prf-4-4-row1025-col1580.fits,4,4,1025,1580,4,7,1.0000000000000002,0.11116310443803766
tess2019107181902-prf-4-4-row1025-col1580.fits,4,4,1025,1580,4,8,1.0000000000000002,0.1075146998700695
tess2019107181902-prf-4-4-row1025-col1580.fits,4,4,1025,1580,5,0,0.9999999999999997,0.1055106027968076
tess2019107181902-prf-4-4-row1025-col1580.fits,4,4,1025,1580,5,1,1.0000000000000004,0.11030742499600454
tess2019107181902-prf-4-4-row1025-col1580.fits,4,4,1025,1580,5,2,1.0,0.11490696566688052
tess2019107181902-prf-4-4-row1025-col1580.fits,4,4,1025,1580,5,3,0.9999999999999996,0.11065893252802035
tess2019107181902-prf-4-4-row1025-col1580.fits,4,4,1025,1580,5,4,1.0,0.1057119888533359
tess2019107181902-prf-4-4-row1025-col1580.fits,4,4,1025,1580,5,5,0.9999999999999998,0.10866880553210367
tess2019107181902-prf-4-4-row1025-col1580.fits,4,4,1025,1580,5,6,1.0000000000000002,0.10124312115415313
tess2019107181902-prf-4-4-row1025-col1580.fits,4,4,1025,1580,5,7,0.9999999999999993,0.10750807755137476
tess2019107181902-prf-4-4-row1025-col1580.fits,4,4,1025,1580,5,8,0.9999999999999998,0.10441343409968953
tess2019107181902-prf-4-4-row1025-col1580.fits,4,4,1025,1580,6,0,1.0,0.09849371736228829
tess2019107181902-prf-4-4-row1025-col1580.fits,4,4,1025,1580,6,1,1.0000000000000004,0.11837872138832123
tess2019107181902-prf-4-4-row1025-col1580.fits,4,4,1025,1580,6,2,1.0,0.10430720034410795
tess2019107181902-prf-4-4-row1025-col1580.fits,4,4,1025,1580,6,3,1.0000000000000002,0.09906017604754136
tess2019107181902-prf-4-4-row1025-col1580.fits,4,4,1025,1580,6,4,0.9999999999999996,0.10815637508347971
tess2019107181902-prf-4-4-row1025-col1580.fits,4,4,1025,1580,6,5,0.9999999999999996,0.105771805794552
tess2019107181902-prf-4-4-row1025-col1580.fits,4,4,1025,1580,6,6,0.9999999999999996,0.10158486464513561
tess2019107181902-prf-4-4-row1025-col1580.fits,4,4,1025,1580,6,7,1.0000000000000004,0.10006021939906885
tess2019107181902-prf-4-4-row1025-col1580.fits,4,4,1025,1580,6,8,0.9999999999999999,0.1087403527462899
tess2019107181902-prf-4-4-row1025-col1580.fits,4,4,1025,1580,7,0,1.0,0.09797345099936622
tess2019107181902-prf-4-4-row1025-col1580.fits,4,4,1025,1580,7,1,0.9999999999999998,0.10102542718401883
tess2019107181902-prf-4-4-row1025-col1580.fits,4,4,1025,1580,7,2,0.9999999999999996,0.10314182379294784
tess2019107181902-prf-4-4-row1025-col1580.fits,4,4,1025,1580,7,3,1.0,0.10095864268304454
tess2019107181902-prf-4-4-row1025-col1580.fits,4,4,1025,1580,7,4,1.0000000000000004,0.10974142934569006
tess2019107181902-prf-4-4-row1025-col1580.fits,4,4,1025,1580,7,5,0.9999999999999998,0.10635812862490518
tess2019107181902-prf-4-4-row1025-col1580.fits,4,4,1025,1580,7,6,1.0000000000000004,0.1025551484663673
tess2019107181902-prf-4-4-row1025-col1580.fits,4,4,1025,1580,7,7,1.0000000000000007,0.09827497014741453
tess2019107181902-prf-4-4-row1025-col1580.fits,4,4,1025,1580,7,8,1.0,0.10096744732226812
tess2019107181902-prf-4-4-row1025-col1580.fits,4,4,1025,1580,8,0,1.0000000000000002,0.0977463710576694
tess2019107181902-prf-4-4-row1025-col1580.fits,4,4,1025,1580,8,1,1.0000000000000004,0.10436877101765948
tess2019107181902-prf-4-4-row1025-col1580.fits,4,4,1025,1580,8,2,1.0,0.11148693461990528
tess2019107181902-prf-4-4-row1025-col1580.fits,4,4,1025,1580,8,3,1.0,0.10064408611897728
tess2019107181902-prf-4-4-row1025-col1580.fits,4,4,1025,1580,8,4,0.9999999999999997,0.10484632828837073
tess2019107181902-prf-4-4-row1025-col1580.fits,4,4,1025,1580,8,5,0.9999999999999996,0.10160502476681503
tess2019107181902-prf-4-4-row1025-col1580.fits,4,4,1025,1580,8,6,1.0000000000000002,0.10436996893478857
tess2019107181902-prf-4-4-row1025-col1580.fits,4,4,1025,1580,8,7,1.0,0.10703273570175406
tess2019107181902-prf-4-4-row1025-col1580.fits,4,4,1025,1580,8,8,1.0000000000000002,0.10248487003008186
tess2019107181902-prf-4-4-row1025-col2092.fits,4,4,1025,2092,0,0,1.0000000000000002,0.10622691328237932
tess2019107181902-prf-4-4-row1025-col2092.fits,4,4,1025,2092,0,1,1.0000000000000002,0.10261573273524588
tess2019107181902-prf-4-4-row1025-col2092.fits,4,4,1025,2092,0,2,1.0000000000000002,0.1029621775776406
tess2019107181902-prf-4-4-row1025-col2092.fits,4,4,1025,2092,0,3,1.0,0.10560106177666166
tess2019107181902-prf-4-4-row1025-col2092.fits,4,4,1025,2092,0,4,0.9999999999999993,0.10429184998711259
tess2019107181902-prf-4-4-row1025-col2092.fits,4,4,1025,2092,0,5,1.0000000000000007,0.09431729590384993
tess2019107181902-prf-4-4-row1025-col2092.fits,4,4,1025,2092,0,6,0.9999999999999994,0.09895962820312679
tess2019107181902-prf-4-4-row1025-col2092.fits,4,4,1025,2092,0,7,1.0000000000000004,0.09799870770340458
tess2019107181902-prf-4-4-row1025-col2092.fits,4,4,1025,2092,0,8,0.9999999999999999,0.10054272281887147
tess2019107181902-prf-4-4-row1025-col2092.fits,4,4,1025,2092,1,0,1.0,0.10049980354814672
tess2019107181902-prf-4-4-row1025-col2092.fits,4,4,1025,2092,1,1,1.0,0.10268976236194895
tess2019107181902-prf-4-4-row1025-col2092.fits,4,4,1025,2092,1,2,0.9999999999999999,0.10298474200656915
tess2019107181902-prf-4-4-row1025-col2092.fits,4,4,1025,2092,1,3,1.0,0.10907750279929253
tess2019107181902-prf-4-4-row1025-col2092.fits,4,4,1025,2092,1,4,0.9999999999999994,0.09967650981166512
tess2019107181902-prf-4-4-row1025-col2092.fits,4,4,1025,2092,1,5,0.9999999999999999,0.0993369687451443
tess2019107181902-prf-4-4-row1025-col2092.fits,4,4,1025,2092,1,6,1.0000000000000004,0.09745940484882706
tess2019107181902-prf-4-4-row1025-col2092.fits,4,4,1025,2092,1,7,1.0000000000000002,0.09992880529331005
tess2019107181902-prf-4-4-row1025-col2092.fits,4,4,1025,2092,1,8,0.9999999999999999,0.10989107713660759
tess2019107181902-prf-4-4-row1025-col2092.fits,4,4,1025,2092,2,0,1.0000000000000002,0.10659979243689198
tess2019107181902-prf-4-4-row1025-col2092.fits,4,4,1025,2092,2,1,1.0000000000000004,0.10173984547641132
tess2019107181902-prf-4-4-row1025-col2092.fits,4,4,1025,2092,2,2,0.9999999999999998,0.10221052601666657
tess2019107181902-prf-4-4-row1025-col2092.fits,4,4,1025,2092,2,3,0.9999999999999997,0.10951835570021233
tess2019107181902-prf-4-4-row1025-col2092.fits,4,4,1025,2092,2,4,0.9999999999999994,0.10814670716734238
tess2019107181902-prf-4-4-row1025-col2092.fits,4,4,1025,2092,2,5,1.0000000000000007,0.1010877074345439
tess2019107181902-prf-4-4-row1025-col2092.fits,4,4,1025,2092,2,6,1.0000000000000009,0.10167404908500507
tess2019107181902-prf-4-4-row1025-col2092.fits,4,4,1025,2092,2,7,0.9999999999999996,0.10587343616773004
tess2019107181902-prf-4-4-row1025-col2092.fits,4,4,1025,2092,2,8,0.9999999999999996,0.11978052828336355
tess2019107181902-prf-4-4-row1025-col2092.fits,4,4,1025,2092,3,0,0.9999999999999998,0.11252125339168269
tess2019107181902-prf-4-4-row1025-col2092.fits,4,4,1025,2092,3,1,1.0000000000000002,0.0989147078735518
tess2019107181902-prf-4-4-row1025-col2092.fits,4,4,1025,2092,3,2,0.9999999999999999,0.10025733403035378
tess2019107181902-prf-4-4-row1025-col2092.fits,4,4,1025,2092,3,3,0.9999999999999999,0.1092755983243667
tess2019107181902-prf-4-4-row1025-col2092.fits,4,4,1025,2092,3,4,0.9999999999999996,0.10537873096860824
tess2019107181902-prf-4-4-row1025-col2092.fits,4,4,1025,2092,3,5,0.9999999999999999,0.10218784303315456
tess2019107181902-prf-4-4-row1025-col2092.fits,4,4,1025,2092,3,6,1.0,0.10259709068492462
tess2019107181902-prf-4-4-row1025-col2092.fits,4,4,1025,2092,3,7,1.0000000000000004,0.11039974643312207
tess2019107181902-prf-4-4-row1025-col2092.fits,4,4,1025,2092,3,8,1.0000000000000002,0.12231520072318221
tess2019107181902-prf-4-4-row1025-col2092.fits,4,4,1025,2092,4,0,0.9999999999999999,0.1025525676195991
tess2019107181902-prf-4-4-row1025-col2092.fits,4,4,1025,2092,4,1,1.0000000000000004,0.10789041777212746
tess2019107181902-prf-4-4-row1025-col2092.fits,4,4,1025,2092,4,2,1.0000000000000007,0.10178236051339754
tess2019107181902-prf-4-4-row1025-col2092.fits,4,4,1025,2092,4,3,1.0000000000000004,0.11548990935299422
tess2019107181902-prf-4-4-row1025-col2092.fits,4,4,1025,2092,4,4,0.9999999999999994,0.10994502801603585
tess2019107181902-prf-4-4-row1025-col2092.fits,4,4,1025,2092,4,5,0.9999999999999993,0.10591015851261859
tess2019107181902-prf-4-4-row1025-col2092.fits,4,4,1025,2092,4,6,0.9999999999999991,0.09954143418272596
tess2019107181902-prf-4-4-row1025-col2092.fits,4,4,1025,2092,4,7,0.9999999999999992,0.10935246181641711
tess2019107181902-prf-4-4-row1025-col2092.fits,4,4,1025,2092,4,8,1.0,0.1108187613686514
tess2019107181902-prf-4-4-row1025-col2092.fits,4,4,1025,2092,5,0,0.9999999999999994,0.10277149165696989
tess2019107181902-prf-4-4-row1025-col2092.fits,4,4,1025,2092,5,1,1.0000000000000007,0.1084528366208628
tess2019107181902-prf-4-4-row1025-col2092.fits,4,4,1025,2092,5,2,0.9999999999999998,0.10589201911421535
tess2019107181902-prf-4-4-row1025-col2092.fits,4,4,1025,2092,5,3,1.0,0.11238481455215577
tess2019107181902-prf-4-4-row1025-col2092.fits,4,4,1025,2092,5,4,1.0,0.11280537765461905
tess2019107181902-prf-4-4-row1025-col2092.fits,4,4,1025,2092,5,5,1.0000000000000007,0.0955518365781422
tess2019107181902-prf-4-4-row1025-col2092.fits,4,4,1025,2092,5,6,0.9999999999999997,0.10076360183225978
tess2019107181902-prf-4-4-row1025-col2092.fits,4,4,1025,2092,5,7,1.000000000000001,0.11430137561106563
tess2019107181902-prf-4-4-row1025-col2092.fits,4,4,1025,2092,5,8,1.0000000000000007,0.10515792561482509
tess2019107181902-prf-4-4-row1025-col2092.fits,4,4,1025,2092,6,0,1.0000000000000002,0.10317230763737026
tess2019107181902-prf-4-4-row1025-col2092.fits,4,4,1025,2092,6,1,1.0,0.1292692587307558
tess2019107181902-prf-4-4-row1025-col2092.fits,4,4,1025,2092,6,2,1.0,0.11595332087613985
tess2019107181902-prf-4-4-row1025-col2092.fits,4,4,1025,2092,6,3,1.0000000000000007,0.11509138940504346
tess2019107181902-prf-4-4-row1025-col2092.fits,4,4,1025,2092,6,4,0.9999999999999993,0.11426596719039248
tess2019107181902-prf-4-4-row1025-col2092.fits,4,4,1025,2092,6,5,1.0000000000000004,0.10146437982403606
tess2019107181902-prf-4-4-row1025-col2092.fits,4,4,1025,2092,6,6,0.9999999999999998,0.10434341448192729
tess2019107181902-prf-4-4-row1025-col2092.fits,4,4,1025,2092,6,7,1.0000000000000004,0.10916581161597887
tess2019107181902-prf-4-4-row1025-col2092.fits,4,4,1025,2092,6,8,1.0000000000000004,0.10981794927460681
tess2019107181902-prf-4-4-row1025-col2092.fits,4,4,1025,2092,7,0,0.9999999999999993,0.10677458234506575
tess2019107181902-prf-4-4-row1025-col2092.fits,4,4,1025,2092,7,1,1.0000000000000002,0.11362526442867556
tess2019107181902-prf-4-4-row1025-col2092.fits,4,4,1025,2092,7,2,1.0,0.11099066229990631
tess2019107181902-prf-4-4-row1025-col2092.fits,4,4,1025,2092,7,3,0.9999999999999996,0.11273997077838117
tess2019107181902-prf-4-4-row1025-col2092.fits,4,4,1025,2092,7,4,0.9999999999999998,0.1178053648840274
tess2019107181902-prf-4-4-row1025-col2092.fits,4,4,1025,2092,7,5,1.0000000000000002,0.11159924777782129
tess2019107181902-prf-4-4-row1025-col2092.fits,4,4,1025,2092,7,6,1.0,0.10485546232526421
tess2019107181902-prf-4-4-row1025-col2092.fits,4,4,1025,2092,7,7,0.9999999999999998,0.11157536390448711
tess2019107181902-prf-4-4-row1025-col2092.fits,4,4,1025,2092,7,8,1.0000000000000004,0.11689690510838481
tess2019107181902-prf-4-4-row1025-col2092.fits,4,4,1025,2092,8,0,1.0,0.10517994674063028
tess2019107181902-prf-4-4-row1025-col2092.fits,4,4,1025,2092,8,1,0.9999999999999999,0.10324775560426956
tess2019107181902-prf-4-4-row1025-col2092.fits,4,4,1025,2092,8,2,0.9999999999999998,0.09661251814155146
tess2019107181902-prf-4-4-row1025-col2092.fits,4,4,1025,2092,8,3,0.9999999999999993,0.10666469407154308
tess2019107181902-prf-4-4-row1025-col2092.fits,4,4,1025,2092,8,4,1.0000000000000002,0.10916834073897745
tess2019107181902-prf-4-4-row1025-col2092.fits,4,4,1025,2092,8,5,1.0,0.10582068728348742
tess2019107181902-prf-4-4-row1025-col2092.fits,4,4,1025,2092,8,6,0.9999999999999999,0.10347576257505783
tess2019107181902-prf-4-4-row1025-col2092.fits,4,4,1025,2092,8,7,1.0000000000000007,0.10991796240664665
tess2019107181902-prf-4-4-row1025-col2092.fits,4,4,1025,2092,8,8,0.9999999999999994,0.1231816617324973
tess2019107181902-prf-4-4-row1536-col0045.fits,4,4,1536,45,0,0,0.9999999999999989,0.10593623936630689
tess2019107181902-prf-4-4-row1536-col0045.fits,4,4,1536,45,0,1,0.9999999999999998,0.10620162761218094
tess2019107181902-prf-4-4-row1536-col0045.fits,4,4,1536,45,0,2,1.0000000000000002,0.10620669282558672
tess2019107181902-prf-4-4-row1536-col0045.fits,4,4,1536,45,0,3,1.0000000000000004,0.10040091396314667
tess2019107181902-prf-4-4-row1536-col0045.fits,4,4,1536,45,0,4,1.0000000000000002,0.1035627084496637
tess2019107181902-prf-4-4-row1536-col0045.fits,4,4,1536,45,0,5,0.9999999999999994,0.10209620351001367
tess2019107181902-prf-4-4-row1536-col0045.fits,4,4,1536,45,0,6,1.0000000000000002,0.10786739892713174
tess2019107181902-prf-4-4-row1536-col0045.fits,4,4,1536,45,0,7,1.0000000000000002,0.10152818184545015
tess2019107181902-prf-4-4-row1536-col0045.fits,4,4,1536,45,0,8,1.0000000000000002,0.10627264337814302
tess2019107181902-prf-4-4-row1536-col0045.fits,4,4,1536,45,1,0,0.9999999999999999,0.10827066223980515
tess2019107181902-prf-4-4-row1536-col0045.fits,4,4,1536,45,1,1,1.0000000000000002,0.10814234576502695
tess2019107181902-prf-4-4-row1536-col0045.fits,4,4,1536,45,1,2,0.9999999999999998,0.10157861514304098
tess2019107181902-prf-4-4-row1536-col0045.fits,4,4,1536,45,1,3,0.9999999999999997,0.10034765304048118
tess2019107181902-prf-4-4-row1536-col0045.fits,4,4,1536,45,1,4,0.9999999999999998,0.1047142705701345
tess2019107181902-prf-4-4-row1536-col0045.fits,4,4,1536,45,1,5,0.9999999999999993,0.1063574569130011
tess2019107181902-prf-4-4-row1536-col0045.fits,4,4,1536,45,1,6,1.0000000000000002,0.10711685456641584
tess2019107181902-prf-4-4-row1536-col0045.fits,4,4,1536,45,1,7,0.9999999999999994,0.10555310166411691
tess2019107181902-prf-4-4-row1536-col0045.fits,4,4,1536,45,1,8,0.9999999999999998,0.1084601606332742
tess2019107181902-prf-4-4-row1536-col0045.fits,4,4,1536,45,2,0,1.0,0.10277223060372569
tess2019107181902-prf-4-4-row1536-col0045.fits,4,4,1536,45,2,1,0.9999999999999996,0.09731623250149184
tess2019107181902-prf-4-4-row1536-col0045.fits,4,4,1536,45,2,2,1.0000000000000002,0.09376643354500494
tess2019107181902-prf-4-4-row1536-col0045.fits,4,4,1536,45,2,3,0.9999999999999994,0.09399088288090039
tess2019107181902-prf-4-4-row1536-col0045.fits,4,4,1536,45,2,4,1.0000000000000002,0.09465318024103056
tess2019107181902-prf-4-4-row1536-col0045.fits,4,4,1536,45,2,5,1.0,0.09891939329711591
tess2019107181902-prf-4-4-row1536-col0045.fits,4,4,1536,45,2,6,1.0000000000000004,0.09943977263402297
tess2019107181902-prf-4-4-row1536-col0045.fits,4,4,1536,45,2,7,0.9999999999999998,0.09984572287681207
tess2019107181902-prf-4-4-row1536-col0045.fits,4,4,1536,45,2,8,1.0000000000000007,0.10652999595245084
tess2019107181902-prf-4-4-row1536-col0045.fits,4,4,1536,45,3,0,1.0000000000000004,0.098927855310805
tess2019107181902-prf-4-4-row1536-col0045.fits,4,4,1536,45,3,1,0.9999999999999994,0.09634285689517925
tess2019107181902-prf-4-4-row1536-col0045.fits,4,4,1536,45,3,2,1.0000000000000004,0.08745269868344212
tess2019107181902-prf-4-4-row1536-col0045.fits,4,4,1536,45,3,3,0.9999999999999998,0.08857856668485962
tess2019107181902-prf-4-4-row1536-col0045.fits,4,4,1536,45,3,4,1.0,0.08614760616094311
tess2019107181902-prf-4-4-row1536-col0045.fits,4,4,1536,45,3,5,1.0000000000000004,0.09108924319741343
tess2019107181902-prf-4-4-row1536-col0045.fits,4,4,1536,45,3,6,1.0,0.09320635343772492
tess2019107181902-prf-4-4-row1536-col0045.fits,4,4,1536,45,3,7,0.9999999999999997,0.09648621525964607
tess2019107181902-prf-4-4-row1536-col0045.fits,4,4,1536,45,3,8,1.0000000000000002,0.09816031930051061
tess2019107181902-prf-4-4-row1536-col0045.fits,4,4,1536,45,4,0,1.0,0.09950715201232052
tess2019107181902-prf-4-4-row1536-col0045.fits,4,4,1536,45,4,1,0.9999999999999998,0.0928138651218506
tess2019107181902-prf-4-4-row1536-col0045.fits,4,4,1536,45,4,2,1.0000000000000002,0.09350699793461709
tess2019107181902-prf-4-4-row1536-col0045.fits,4,4,1536,45,4,3,0.9999999999999992,0.08629389587590432
tess2019107181902-prf-4-4-row1536-col0045.fits,4,4,1536,45,4,4,0.9999999999999998,0.08854123914282352
tess2019107181902-prf-4-4-row1536-col0045.fits,4,4,1536,45,4,5,1.0,0.09857876655010556
tess2019107181902-prf-4-4-row1536-col0045.fits,4,4,1536,45,4,6,1.0000000000000002,0.0955947127353228
tess2019107181902-prf-4-4-row1536-col0045.fits,4,4,1536,45,4,7,0.9999999999999996,0.09587607729937009
tess2019107181902-prf-4-4-row1536-col0045.fits,4,4,1536,45,4,8,1.0000000000000004,0.10065531280217095
tess2019107181902-prf-4-4-row1536-col0045.fits,4,4,1536,45,5,0,1.0000000000000002,0.10569314444524322
tess2019107181902-prf-4-4-row1536-col0045.fits,4,4,1536,45,5,1,0.9999999999999998,0.10101429349757933
tess2019107181902-prf-4-4-row1536-col0045.fits,4,4,1536,45,5,2,0.9999999999999999,0.09627903489165109
tess2019107181902-prf-4-4-row1536-col0045.fits,4,4,1536,45,5,3,0.9999999999999997,0.08683206177178535
tess2019107181902-prf-4-4-row1536-col0045.fits,4,4,1536,45,5,4,0.9999999999999996,0.09525966436868355
tess2019107181902-prf-4-4-row1536-col0045.fits,4,4,1536,45,5,5,0.9999999999999998,0.09668691138382393
tess2019107181902-prf-4-4-row1536-col0045.fits,4,4,1536,45,5,6,0.9999999999999998,0.1005048502205589
tess2019107181902-prf-4-4-row1536-col0045.fits,4,4,1536,45,5,7,1.0,0.09646575205363819
tess2019107181902-prf-4-4-row1536-col0045.fits,4,4,1536,45,5,8,0.9999999999999996,0.10329834868524751
tess2019107181902-prf-4-4-row1536-col0045.fits,4,4,1536,45,6,0,1.0000000000000002,0.10061134445713805
tess2019107181902-prf-4-4-row1536-col0045.fits,4,4,1536,45,6,1,1.0000000000000002,0.09931390220936857
tess2019107181902-prf-4-4-row1536-col0045.fits,4,4,1536,45,6,2,1.0000000000000002,0.10318959820492893
tess2019107181902-prf-4-4-row1536-col0045.fits,4,4,1536,45,6,3,1.0000000000000004,0.09341845424191875
tess2019107181902-prf-4-4-row1536-col0045.fits,4,4,1536,45,6,4,0.9999999999999996,0.09418255792871974
tess2019107181902-prf-4-4-row1536-col0045.fits,4,4,1536,45,6,5,1.0,0.09684591901946016
tess2019107181902-prf-4-4-row1536-col0045.fits,4,4,1536,45,6,6,1.0,0.10079863564069075
tess2019107181902-prf-4-4-row1536-col0045.fits,4,4,1536,45,6,7,1.0,0.10104441591567534
tess2019107181902-prf-4-4-row1536-col0045.fits,4,4,1536,45,6,8,1.0,0.10220069144413249
tess2019107181902-prf-4-4-row1536-col0045.fits,4,4,1536,45,7,0,1.0000000000000004,0.10449048284318298
tess2019107181902-prf-4-4-row1536-col0045.fits,4,4,1536,45,7,1,1.0000000000000002,0.10343555509848082
tess2019107181902-prf-4-4-row1536-col0045.fits,4,4,1536,45,7,2,0.9999999999999986,0.10383311604307069
tess2019107181902-prf-4-4-row1536-col0045.fits,4,4,1536,45,7,3,0.9999999999999998,0.09893494349026613
tess2019107181902-prf-4-4-row1536-col0045.fits,4,4,1536,45,7,4,1.0,0.09685433345608344
tess2019107181902-prf-4-4-row1536-col0045.fits,4,4,1536,45,7,5,0.9999999999999999,0.09661245921364821
tess2019107181902-prf-4-4-row1536-col0045.fits,4,4,1536,45,7,6,1.0000000000000002,0.10021321240366002
tess2019107181902-prf-4-4-row1536-col0045.fits,4,4,1536,45,7,7,1.0000000000000004,0.0984549261459792
tess2019107181902-prf-4-4-row1536-col0045.fits,4,4,1536,45,7,8,1.0,0.10429176238706653
tess2019107181902-prf-4-4-row1536-col0045.fits,4,4,1536,45,8,0,1.0,0.09963829839935202
tess2019107181902-prf-4-4-row1536-col0045.fits,4,4,1536,45,8,1,1.0000000000000007,0.10230953064013787
tess2019107181902-prf-4-4-row1536-col0045.fits,4,4,1536,45,8,2,0.9999999999999998,0.09774691506050506
tess2019107181902-prf-4-4-row1536-col0045.fits,4,4,1536,45,8,3,1.0,0.09630099055562305
tess2019107181902-prf-4-4-row1536-col0045.fits,4,4,1536,45,8,4,0.9999999999999997,0.09711313043718708
tess2019107181902-prf-4-4-row1536-col0045.fits,4,4,1536,45,8,5,1.0000000000000004,0.09515864102787536
tess2019107181902-prf-4-4-row1536-col0045.fits,4,4,1536,45,8,6,0.9999999999999996,0.0954782567945488
tess2019107181902-prf-4-4-row1536-col0045.fits,4,4,1536,45,8,7,0.9999999999999998,0.09905896072441943
tess2019107181902-prf-4-4-row1536-col0045.fits,4,4,1536,45,8,8,1.0000000000000009,0.10295926501994077
tess2019107181902-prf-4-4-row1536-col0557.fits,4,4,1536,557,0,0,0.9999999999999997,0.10915507723622536
tess2019107181902-prf-4-4-row1536-col0557.fits,4,4,1536,557,0,1,1.0000000000000002,0.10800741921485275
tess2019107181902-prf-4-4-row1536-col0557.fits,4,4,1536,557,0,2,0.9999999999999999,0.10772079874103414
tess2019107181902-prf-4-4-row1536-col0557.fits,4,4,1536,557,0,3,1.0000000000000004,0.10586970918624453
tess2019107181902-prf-4-4-row1536-col0557.fits,4,4,1536,557,0,4,1.0000000000000002,0.10117057993355362
tess2019107181902-prf-4-4-row1536-col0557.fits,4,4,1536,557,0,5,1.0000000000000004,0.10937771078087083
tess2019107181902-prf-4-4-row1536-col0557.fits,4,4,1536,557,0,6,0.9999999999999996,0.1072350213315568
tess2019107181902-prf-4-4-row1536-col0557.fits,4,4,1536,557,0,7,1.0,0.0987104675275009
tess2019107181902-prf-4-4-row1536-col0557.fits,4,4,1536,557,0,8,1.0000000000000002,0.10335377737426711
tess2019107181902-prf-4-4-row1536-col0557.fits,4,4,1536,557,1,0,0.9999999999999998,0.10758891903278245
tess2019107181902-prf-4-4-row1536-col0557.fits,4,4,1536,557,1,1,1.0000000000000007,0.11276608516043035
tess2019107181902-prf-4-4-row1536-col0557.fits,4,4,1536,557,1,2,1.0,0.10890592231883948
tess2019107181902-prf-4-4-row1536-col0557.fits,4,4,1536,557,1,3,1.0000000000000004,0.10270099488963513
tess2019107181902-prf-4-4-row1536-col0557.fits,4,4,1536,557,1,4,0.9999999999999999,0.10185557282972925
tess2019107181902-prf-4-4-row1536-col0557.fits,4,4,1536,557,1,5,0.9999999999999996,0.10672237022911751
tess2019107181902-prf-4-4-row1536-col0557.fits,4,4,1536,557,1,6,1.0,0.11041038264941389
tess2019107181902-prf-4-4-row1536-col0557.fits,4,4,1536,557,1,7,0.9999999999999998,0.11092672696549266
tess2019107181902-prf-4-4-row1536-col0557.fits,4,4,1536,557,1,8,0.9999999999999996,0.11055872274976475
tess2019107181902-prf-4-4-row1536-col0557.fits,4,4,1536,557,2,0,0.9999999999999998,0.09927138214444667
tess2019107181902-prf-4-4-row1536-col0557.fits,4,4,1536,557,2,1,0.9999999999999998,0.10507212266873647
tess2019107181902-prf-4-4-row1536-col0557.fits,4,4,1536,557,2,2,1.000000000000001,0.10573977505250533
tess2019107181902-prf-4-4-row1536-col0557.fits,4,4,1536,557,2,3,1.0000000000000002,0.10415373862059919
tess2019107181902-prf-4-4-row1536-col0557.fits,4,4,1536,557,2,4,1.0000000000000004,0.10213718928250795
tess2019107181902-prf-4-4-row1536-col0557.fits,4,4,1536,557,2,5,1.0000000000000004,0.10217755205832846
tess2019107181902-prf-4-4-row1536-col0557.fits,4,4,1536,557,2,6,1.0000000000000009,0.10921617708839534
tess2019107181902-prf-4-4-row1536-col0557.fits,4,4,1536,557,2,7,1.0000000000000002,0.1100882985114027
tess2019107181902-prf-4-4-row1536-col0557.fits,4,4,1536,557,2,8,0.9999999999999999,0.10858564507814505
tess2019107181902-prf-4-4-row1536-col0557.fits,4,4,1536,557,3,0,0.9999999999999999,0.10787225928565425
tess2019107181902-prf-4-4-row1536-col0557.fits,4,4,1536,557,3,1,0.9999999999999999,0.10876950794306176
tess2019107181902-prf-4-4-row1536-col0557.fits,4,4,1536,557,3,2,1.0,0.10972751131688288
tess2019107181902-prf-4-4-row1536-col0557.fits,4,4,1536,557,3,3,0.9999999999999998,0.10403900384060542
tess2019107181902-prf-4-4-row1536-col0557.fits,4,4,1536,557,3,4,0.9999999999999993,0.09611230786641678
tess2019107181902-prf-4-4-row1536-col0557.fits,4,4,1536,557,3,5,0.9999999999999996,0.10306533322312897
tess2019107181902-prf-4-4-row1536-col0557.fits,4,4,1536,557,3,6,0.9999999999999989,0.11051294839208817
tess2019107181902-prf-4-4-row1536-col0557.fits,4,4,1536,557,3,7,0.9999999999999998,0.11263330359045509
tess2019107181902-prf-4-4-row1536-col0557.fits,4,4,1536,557,3,8,1.0000000000000002,0.10618161679052361
tess2019107181902-prf-4-4-row1536-col0557.fits,4,4,1536,557,4,0,1.0000000000000002,0.11334830548992492
tess2019107181902-prf-4-4-row1536-col0557.fits,4,4,1536,557,4,1,1.0000000000000004,0.10246920067358543
tess2019107181902-prf-4-4-row1536-col0557.fits,4,4,1536,557,4,2,1.0000000000000002,0.10841101101727077
tess2019107181902-prf-4-4-row1536-col0557.fits,4,4,1536,557,4,3,1.0000000000000004,0.10333475879149741
tess2019107181902-prf-4-4-row1536-col0557.fits,4,4,1536,557,4,4,1.0000000000000002,0.10174944366853395
tess2019107181902-prf-4-4-row1536-col0557.fits,4,4,1536,557,4,5,1.0000000000000004,0.1041089466837115
tess2019107181902-prf-4-4-row1536-col0557.fits,4,4,1536,557,4,6,1.0000000000000002,0.1072737685305322
tess2019107181902-prf-4-4-row1536-col0557.fits,4,4,1536,557,4,7,0.9999999999999989,0.11337430270899149
tess2019107181902-prf-4-4-row1536-col0557.fits,4,4,1536,557,4,8,0.9999999999999999,0.1103058380899017
tess2019107181902-prf-4-4-row1536-col0557.fits,4,4,1536,557,5,0,1.0000000000000007,0.11191154386366946
tess2019107181902-prf-4-4-row1536-col0557.fits,4,4,1536,557,5,1,0.9999999999999996,0.10379901782957474
tess2019107181902-prf-4-4-row1536-col0557.fits,4,4,1536,557,5,2,0.9999999999999998,0.10461980664654949
tess2019107181902-prf-4-4-row1536-col0557.fits,4,4,1536,557,5,3,0.9999999999999999,0.10373424881651162
tess2019107181902-prf-4-4-row1536-col0557.fits,4,4,1536,557,5,4,1.0,0.10309115740765343
tess2019107181902-prf-4-4-row1536-col0557.fits,4,4,1536,557,5,5,1.0000000000000002,0.10323383028245867
tess2019107181902-prf-4-4-row1536-col0557.fits,4,4,1536,557,5,6,1.0,0.1046848890647886
tess2019107181902-prf-4-4-row1536-col0557.fits,4,4,1536,557,5,7,0.9999999999999991,0.1153674771466999
tess2019107181902-prf-4-4-row1536-col0557.fits,4,4,1536,557,5,8,0.9999999999999991,0.11160652999808944
tess2019107181902-prf-4-4-row1536-col0557.fits,4,4,1536,557,6,0,1.0000000000000004,0.10372962342173105
tess2019107181902-prf-4-4-row1536-col0557.fits,4,4,1536,557,6,1,1.0000000000000002,0.10824836891676293
tess2019107181902-prf-4-4-row1536-col0557.fits,4,4,1536,557,6,2,0.9999999999999997,0.11022384457667056
tess2019107181902-prf-4-4-row1536-col0557.fits,4,4,1536,557,6,3,1.0000000000000009,0.10467940103867834
tess2019107181902-prf-4-4-row1536-col0557.fits,4,4,1536,557,6,4,1.0000000000000002,0.10558391479752703
tess2019107181902-prf-4-4-row1536-col0557.fits,4,4,1536,557,6,5,0.9999999999999997,0.10637375014829287
tess2019107181902-prf-4-4-row1536-col0557.fits,4,4,1536,557,6,6,0.9999999999999997,0.11138796978803252
tess2019107181902-prf-4-4-row1536-col0557.fits,4,4,1536,557,6,7,1.0000000000000004,0.12025697308939584
tess2019107181902-prf-4-4-row1536-col0557.fits,4,4,1536,557,6,8,1.0,0.11104185361802976
tess2019107181902-prf-4-4-row1536-col0557.fits,4,4,1536,557,7,0,0.9999999999999996,0.10958998038694606
tess2019107181902-prf-4-4-row1536-col0557.fits,4,4,1536,557,7,1,0.9999999999999996,0.11000396385988723
tess2019107181902-prf-4-4-row1536-col0557.fits,4,4,1536,557,7,2,0.9999999999999989,0.11369609247655942
tess2019107181902-prf-4-4-row1536-col0557.fits,4,4,1536,557,7,3,1.0000000000000004,0.11310444234810971
tess2019107181902-prf-4-4-row1536-col0557.fits,4,4,1536,557,7,4,1.0,0.105549391697507
tess2019107181902-prf-4-4-row1536-col0557.fits,4,4,1536,557,7,5,1.0000000000000004,0.10731270758404103
tess2019107181902-prf-4-4-row1536-col0557.fits,4,4,1536,557,7,6,0.9999999999999997,0.11678494621195946
tess2019107181902-prf-4-4-row1536-col0557.fits,4,4,1536,557,7,7,0.9999999999999996,0.11501927585825726
tess2019107181902-prf-4-4-row1536-col0557.fits,4,4,1536,557,7,8,1.0000000000000004,0.10512115993439826
tess2019107181902-prf-4-4-row1536-col0557.fits,4,4,1536,557,8,0,0.9999999999999998,0.10066838407142936
tess2019107181902-prf-4-4-row1536-col0557.fits,4,4,1536,557,8,1,1.0,0.10671600037768138
tess2019107181902-prf-4-4-row1536-col0557.fits,4,4,1536,557,8,2,0.9999999999999996,0.10675310794546024
tess2019107181902-prf-4-4-row1536-col0557.fits,4,4,1536,557,8,3,0.9999999999999999,0.104693561017768
tess2019107181902-prf-4-4-row1536-col0557.fits,4,4,1536,557,8,4,0.9999999999999998,0.0999591162370845
tess2019107181902-prf-4-4-row1536-col0557.fits,4,4,1536,557,8,5,0.9999999999999987,0.10992386012742802
tess2019107181902-prf-4-4-row1536-col0557.fits,4,4,1536,557,8,6,1.0000000000000004,0.1078032039719031
tess2019107181902-prf-4-4-row1536-col0557.fits,4,4,1536,557,8,7,0.9999999999999999,0.10318029916006974
tess2019107181902-prf-4-4-row1536-col0557.fits,4,4,1536,557,8,8,1.0000000000000002,0.10013634133904094
tess2019107181902-prf-4-4-row1536-col1069.fits,4,4,1536,1069,0,0,1.0000000000000002,0.12099339183839396
tess2019107181902-prf-4-4-row1536-col1069.fits,4,4,1536,1069,0,1,1.0,0.12861250954492986
tess2019107181902-prf-4-4-row1536-col1069.fits,4,4,1536,1069,0,2,0.9999999999999996,0.1316314503152821
tess2019107181902-prf-4-4-row1536-col1069.fits,4,4,1536,1069,0,3,1.0000000000000004,0.1323520102867159
tess2019107181902-prf-4-4-row1536-col1069.fits,4,4,1536,1069,0,4,1.0000000000000002,0.12395501006296195
tess2019107181902-prf-4-4-row1536-col1069.fits,4,4,1536,1069,0,5,0.9999999999999997,0.12502363410442202
tess2019107181902-prf-4-4-row1536-col1069.fits,4,4,1536,1069,0,6,0.9999999999999998,0.1236677288594497
tess2019107181902-prf-4-4-row1536-col1069.fits,4,4,1536,1069,0,7,0.9999999999999997,0.11863976055351175
tess2019107181902-prf-4-4-row1536-col1069.fits,4,4,1536,1069,0,8,1.0000000000000002,0.11537406546525769
tess2019107181902-prf-4-4-row1536-col1069.fits,4,4,1536,1069,1,0,0.9999999999999997,0.1203105341381191
tess2019107181902-prf-4-4-row1536-col1069.fits,4,4,1536,1069,1,1,1.0000000000000004,0.1266768520039883
tess2019107181902-prf-4-4-row1536-col1069.fits,4,4,1536,1069,1,2,0.9999999999999996,0.1303719717769446
tess2019107181902-prf-4-4-row1536-col1069.fits,4,4,1536,1069,1,3,1.0000000000000007,0.13302379817579363
tess2019107181902-prf-4-4-row1536-col1069.fits,4,4,1536,1069,1,4,0.9999999999999999,0.12945392234661224
tess2019107181902-prf-4-4-row1536-col1069.fits,4,4,1536,1069,1,5,1.0000000000000004,0.12437316838526828
tess2019107181902-prf-4-4-row1536-col1069.fits,4,4,1536,1069,1,6,1.0000000000000004,0.1244487432009159
tess2019107181902-prf-4-4-row1536-col1069.fits,4,4,1536,1069,1,7,1.0000000000000007,0.12649296622047754
tess2019107181902-prf-4-4-row1536-col1069.fits,4,4,1536,1069,1,8,1.0000000000000002,0.12114179599530445
tess2019107181902-prf-4-4-row1536-col1069.fits,4,4,1536,1069,2,0,0.9999999999999998,0.12266633254040478
tess2019107181902-prf-4-4-row1536-col1069.fits,4,4,1536,1069,2,1,0.9999999999999997,0.1357570177719601
tess2019107181902-prf-4-4-row1536-col1069.fits,4,4,1536,1069,2,2,1.0000000000000002,0.14235374114998978
tess2019107181902-prf-4-4-row1536-col1069.fits,4,4,1536,1069,2,3,1.0000000000000004,0.13198341144877004
tess2019107181902-prf-4-4-row1536-col1069.fits,4,4,1536,1069,2,4,1.0000000000000007,0.1281532452941178
tess2019107181902-prf-4-4-row1536-col1069.fits,4,4,1536,1069,2,5,1.0000000000000009,0.1331794762977069
tess2019107181902-prf-4-4-row1536-col1069.fits,4,4,1536,1069,2,6,1.0,0.1299634849875113
tess2019107181902-prf-4-4-row1536-col1069.fits,4,4,1536,1069,2,7,0.9999999999999997,0.1238991813785641
tess2019107181902-prf-4-4-row1536-col1069.fits,4,4,1536,1069,2,8,1.0000000000000007,0.12404203568668498
tess2019107181902-prf-4-4-row1536-col1069.fits,4,4,1536,1069,3,0,1.0,0.11669104918363553
tess2019107181902-prf-4-4-row1536-col1069.fits,4,4,1536,1069,3,1,1.0000000000000002,0.1254504952804421
tess2019107181902-prf-4-4-row1536-col1069.fits,4,4,1536,1069,3,2,1.0,0.1286253099016035
tess2019107181902-prf-4-4-row1536-col1069.fits,4,4,1536,1069,3,3,1.0000000000000002,0.13122692171550873
tess2019107181902-prf-4-4-row1536-col1069.fits,4,4,1536,1069,3,4,0.9999999999999998,0.1238797116395132
tess2019107181902-prf-4-4-row1536-col1069.fits,4,4,1536,1069,3,5,0.9999999999999998,0.12812833065239607
tess2019107181902-prf-4-4-row1536-col1069.fits,4,4,1536,1069,3,6,1.0000000000000007,0.11707753309042397
tess2019107181902-prf-4-4-row1536-col1069.fits,4,4,1536,1069,3,7,1.0000000000000002,0.1144649761318931
tess2019107181902-prf-4-4-row1536-col1069.fits,4,4,1536,1069,3,8,0.9999999999999996,0.1149316674548342
tess2019107181902-prf-4-4-row1536-col1069.fits,4,4,1536,1069,4,0,1.0,0.12084103509511776
tess2019107181902-prf-4-4-row1536-col1069.fits,4,4,1536,1069,4,1,0.9999999999999996,0.12318927719672947
tess2019107181902-prf-4-4-row1536-col1069.fits,4,4,1536,1069,4,2,0.9999999999999998,0.13610267889990246
tess2019107181902-prf-4-4-row1536-col1069.fits,4,4,1536,1069,4,3,0.9999999999999998,0.12746960249866146
tess2019107181902-prf-4-4-row1536-col1069.fits,4,4,1536,1069,4,4,1.0000000000000002,0.1176485384531426
tess2019107181902-prf-4-4-row1536-col1069.fits,4,4,1536,1069,4,5,1.0000000000000002,0.12792067904534563
tess2019107181902-prf-4-4-row1536-col1069.fits,4,4,1536,1069,4,6,0.9999999999999997,0.11584281937008759
tess2019107181902-prf-4-4-row1536-col1069.fits,4,4,1536,1069,4,7,1.0000000000000002,0.12486735564157812
tess2019107181902-prf-4-4-row1536-col1069.fits,4,4,1536,1069,4,8,1.0000000000000004,0.12117524664971219
tess2019107181902-prf-4-4-row1536-col1069.fits,4,4,1536,1069,5,0,0.9999999999999999,0.1306501843393091
tess2019107181902-prf-4-4-row1536-col1069.fits,4,4,1536,1069,5,1,0.9999999999999998,0.1374546024499883
tess2019107181902-prf-4-4-row1536-col1069.fits,4,4,1536,1069,5,2,0.9999999999999998,0.1356225109783074
tess2019107181902-prf-4-4-row1536-col1069.fits,4,4,1536,1069,5,3,1.0,0.1285084491979557
tess2019107181902-prf-4-4-row1536-col1069.fits,4,4,1536,1069,5,4,0.9999999999999999,0.1226900352952785
tess2019107181902-prf-4-4-row1536-col1069.fits,4,4,1536,1069,5,5,1.0000000000000004,0.131392151339485
tess2019107181902-prf-4-4-row1536-col1069.fits,4,4,1536,1069,5,6,1.0000000000000004,0.13029175788690295
tess2019107181902-prf-4-4-row1536-col1069.fits,4,4,1536,1069,5,7,0.9999999999999998,0.1329332261975384
tess2019107181902-prf-4-4-row1536-col1069.fits,4,4,1536,1069,5,8,1.0,0.1253471944522394
tess2019107181902-prf-4-4-row1536-col1069.fits,4,4,1536,1069,6,0,1.0000000000000004,0.1283005009687124
tess2019107181902-prf-4-4-row1536-col1069.fits,4,4,1536,1069,6,1,0.9999999999999996,0.13231752662231888
tess2019107181902-prf-4-4-row1536-col1069.fits,4,4,1536,1069,6,2,1.0000000000000002,0.13350806138411575
tess2019107181902-prf-4-4-row1536-col1069.fits,4,4,1536,1069,6,3,1.0000000000000004,0.1301908658785671
tess2019107181902-prf-4-4-row1536-col1069.fits,4,4,1536,1069,6,4,1.0000000000000009,0.12787873914644873
tess2019107181902-prf-4-4-row1536-col1069.fits,4,4,1536,1069,6,5,1.0000000000000007,0.12895845455879554
tess2019107181902-prf-4-4-row1536-col1069.fits,4,4,1536,1069,6,6,0.999999999999999,0.1280039784166865
tess2019107181902-prf-4-4-row1536-col1069.fits,4,4,1536,1069,6,7,1.0000000000000002,0.1387632250392896
tess2019107181902-prf-4-4-row1536-col1069.fits,4,4,1536,1069,6,8,0.9999999999999998,0.12373608516719797
tess2019107181902-prf-4-4-row1536-col1069.fits,4,4,1536,1069,7,0,0.9999999999999999,0.12275899696638098
tess2019107181902-prf-4-4-row1536-col1069.fits,4,4,1536,1069,7,1,0.9999999999999996,0.1296287914385835
tess2019107181902-prf-4-4-row1536-col1069.fits,4,4,1536,1069,7,2,1.0000000000000002,0.13178539924825355
tess2019107181902-prf-4-4-row1536-col1069.fits,4,4,1536,1069,7,3,0.9999999999999993,0.13643680307413467
tess2019107181902-prf-4-4-row1536-col1069.fits,4,4,1536,1069,7,4,1.0000000000000002,0.12760865370046165
tess2019107181902-prf-4-4-row1536-col1069.fits,4,4,1536,1069,7,5,0.9999999999999998,0.13206944031213705
tess2019107181902-prf-4-4-row1536-col1069.fits,4,4,1536,1069,7,6,1.0,0.1284615792969852
tess2019107181902-prf-4-4-row1536-col1069.fits,4,4,1536,1069,7,7,1.0000000000000007,0.13052112043981434
tess2019107181902-prf-4-4-row1536-col1069.fits,4,4,1536,1069,7,8,1.000000000000001,0.12024726302957162
tess2019107181902-prf-4-4-row1536-col1069.fits,4,4,1536,1069,8,0,1.0,0.1223330483354853
tess2019107181902-prf-4-4-row1536-col1069.fits,4,4,1536,1069,8,1,0.9999999999999999,0.12514781292343474
tess2019107181902-prf-4-4-row1536-col1069.fits,4,4,1536,1069,8,2,1.0,0.13011234791644277
tess2019107181902-prf-4-4-row1536-col1069.fits,4,4,1536,1069,8,3,1.0000000000000002,0.12575384472977846
tess2019107181902-prf-4-4-row1536-col1069.fits,4,4,1536,1069,8,4,1.0000000000000013,0.12490875527961222
tess2019107181902-prf-4-4-row1536-col1069.fits,4,4,1536,1069,8,5,1.0000000000000004,0.12292521727413874
tess2019107181902-prf-4-4-row1536-col1069.fits,4,4,1536,1069,8,6,0.9999999999999998,0.12195966221229235
tess2019107181902-prf-4-4-row1536-col1069.fits,4,4,1536,1069,8,7,0.9999999999999998,0.12311678987072508
tess2019107181902-prf-4-4-row1536-col1069.fits,4,4,1536,1069,8,8,1.0,0.11420293318421212
tess2019107181902-prf-4-4-row1536-col1580.fits,4,4,1536,1580,0,0,1.0000000000000004,0.12523052867299217
tess2019107181902-prf-4-4-row1536-col1580.fits,4,4,1536,1580,0,1,1.0,0.11380843508464929
tess2019107181902-prf-4-4-row1536-col1580.fits,4,4,1536,1580,0,2,1.0,0.11617798820056022
tess2019107181902-prf-4-4-row1536-col1580.fits,4,4,1536,1580,0,3,0.9999999999999999,0.11510908055625094
tess2019107181902-prf-4-4-row1536-col1580.fits,4,4,1536,1580,0,4,0.9999999999999999,0.10937229316186892
tess2019107181902-prf-4-4-row1536-col1580.fits,4,4,1536,1580,0,5,0.9999999999999997,0.10413999802346442
tess2019107181902-prf-4-4-row1536-col1580.fits,4,4,1536,1580,0,6,0.9999999999999999,0.10590745215259799
tess2019107181902-prf-4-4-row1536-col1580.fits,4,4,1536,1580,0,7,1.0,0.10452394732432041
tess2019107181902-prf-4-4-row1536-col1580.fits,4,4,1536,1580,0,8,0.9999999999999993,0.108787736384407
tess2019107181902-prf-4-4-row1536-col1580.fits,4,4,1536,1580,1,0,1.0000000000000002,0.11935646553779936
tess2019107181902-prf-4-4-row1536-col1580.fits,4,4,1536,1580,1,1,1.0000000000000004,0.10891361155085079
tess2019107181902-prf-4-4-row1536-col1580.fits,4,4,1536,1580,1,2,1.0,0.11756386524584556
tess2019107181902-prf-4-4-row1536-col1580.fits,4,4,1536,1580,1,3,0.9999999999999997,0.11633851815970928
tess2019107181902-prf-4-4-row1536-col1580.fits,4,4,1536,1580,1,4,0.9999999999999991,0.10366359571726985
tess2019107181902-prf-4-4-row1536-col1580.fits,4,4,1536,1580,1,5,1.0000000000000004,0.10132141517461349
tess2019107181902-prf-4-4-row1536-col1580.fits,4,4,1536,1580,1,6,1.0000000000000007,0.10301185502719433
tess2019107181902-prf-4-4-row1536-col1580.fits,4,4,1536,1580,1,7,1.0000000000000002,0.09624198607476378
tess2019107181902-prf-4-4-row1536-col1580.fits,4,4,1536,1580,1,8,0.9999999999999997,0.10633641203098544
tess2019107181902-prf-4-4-row1536-col1580.fits,4,4,1536,1580,2,0,1.0000000000000009,0.12138470361512098
tess2019107181902-prf-4-4-row1536-col1580.fits,4,4,1536,1580,2,1,0.9999999999999999,0.10647422460543482
tess2019107181902-prf-4-4-row1536-col1580.fits,4,4,1536,1580,2,2,1.0000000000000004,0.11161428594776683
tess2019107181902-prf-4-4-row1536-col1580.fits,4,4,1536,1580,2,3,0.9999999999999992,0.11809065178950459
tess2019107181902-prf-4-4-row1536-col1580.fits,4,4,1536,1580,2,4,0.9999999999999998,0.11105419226266826
tess2019107181902-prf-4-4-row1536-col1580.fits,4,4,1536,1580,2,5,0.9999999999999998,0.11249782028366262
tess2019107181902-prf-4-4-row1536-col1580.fits,4,4,1536,1580,2,6,1.0000000000000002,0.1215209534348882
tess2019107181902-prf-4-4-row1536-col1580.fits,4,4,1536,1580,2,7,0.9999999999999994,0.1187176078570312
tess2019107181902-prf-4-4-row1536-col1580.fits,4,4,1536,1580,2,8,0.9999999999999999,0.12130067724520763
tess2019107181902-prf-4-4-row1536-col1580.fits,4,4,1536,1580,3,0,0.9999999999999997,0.1198631713370282
tess2019107181902-prf-4-4-row1536-col1580.fits,4,4,1536,1580,3,1,1.0,0.11309675267361428
tess2019107181902-prf-4-4-row1536-col1580.fits,4,4,1536,1580,3,2,0.9999999999999996,0.11767789935079485
tess2019107181902-prf-4-4-row1536-col1580.fits,4,4,1536,1580,3,3,1.0,0.11892266792569059
tess2019107181902-prf-4-4-row1536-col1580.fits,4,4,1536,1580,3,4,0.9999999999999994,0.12045420547031227
tess2019107181902-prf-4-4-row1536-col1580.fits,4,4,1536,1580,3,5,0.9999999999999996,0.11733408269658589
tess2019107181902-prf-4-4-row1536-col1580.fits,4,4,1536,1580,3,6,1.0000000000000002,0.1211962984589911
tess2019107181902-prf-4-4-row1536-col1580.fits,4,4,1536,1580,3,7,0.9999999999999996,0.11821370026744335
tess2019107181902-prf-4-4-row1536-col1580.fits,4,4,1536,1580,3,8,0.9999999999999999,0.11770084217779131
tess2019107181902-prf-4-4-row1536-col1580.fits,4,4,1536,1580,4,0,1.0000000000000002,0.1149225577213174
tess2019107181902-prf-4-4-row1536-col1580.fits,4,4,1536,1580,4,1,1.0,0.11335811916374934
tess2019107181902-prf-4-4-row1536-col1580.fits,4,4,1536,1580,4,2,1.0,0.11905741374822702
tess2019107181902-prf-4-4-row1536-col1580.fits,4,4,1536,1580,4,3,0.9999999999999991,0.12059433007508569
tess2019107181902-prf-4-4-row1536-col1580.fits,4,4,1536,1580,4,4,0.9999999999999998,0.10654005169761678
tess2019107181902-prf-4-4-row1536-col1580.fits,4,4,1536,1580,4,5,0.9999999999999996,0.11138070674440331
tess2019107181902-prf-4-4-row1536-col1580.fits,4,4,1536,1580,4,6,1.0000000000000004,0.11332862667143903
tess2019107181902-prf-4-4-row1536-col1580.fits,4,4,1536,1580,4,7,1.0000000000000004,0.11546659556254751
tess2019107181902-prf-4-4-row1536-col1580.fits,4,4,1536,1580,4,8,0.9999999999999991,0.11070214689824451
tess2019107181902-prf-4-4-row1536-col1580.fits,4,4,1536,1580,5,0,1.0000000000000002,0.11846654978140939
tess2019107181902-prf-4-4-row1536-col1580.fits,4,4,1536,1580,5,1,1.0000000000000002,0.10679282368091969
tess2019107181902-prf-4-4-row1536-col1580.fits,4,4,1536,1580,5,2,0.9999999999999998,0.11568097308885708
tess2019107181902-prf-4-4-row1536-col1580.fits,4,4,1536,1580,5,3,1.0000000000000007,0.10990947381397588
tess2019107181902-prf-4-4-row1536-col1580.fits,4,4,1536,1580,5,4,0.9999999999999998,0.11277051658406134
tess2019107181902-prf-4-4-row1536-col1580.fits,4,4,1536,1580,5,5,1.0000000000000004,0.11588718233043696
tess2019107181902-prf-4-4-row1536-col1580.fits,4,4,1536,1580,5,6,1.0000000000000004,0.10908855426895032
tess2019107181902-prf-4-4-row1536-col1580.fits,4,4,1536,1580,5,7,0.9999999999999998,0.11988104175305392
tess2019107181902-prf-4-4-row1536-col1580.fits,4,4,1536,1580,5,8,0.9999999999999997,0.11411514130099398
tess2019107181902-prf-4-4-row1536-col1580.fits,4,4,1536,1580,6,0,1.0000000000000002,0.11675602100632117
tess2019107181902-prf-4-4-row1536-col1580.fits,4,4,1536,1580,6,1,0.9999999999999997,0.10895875906721895
tess2019107181902-prf-4-4-row1536-col1580.fits,4,4,1536,1580,6,2,1.0,0.11763228165858297
tess2019107181902-prf-4-4-row1536-col1580.fits,4,4,1536,1580,6,3,1.0000000000000002,0.10892794093694069
tess2019107181902-prf-4-4-row1536-col1580.fits,4,4,1536,1580,6,4,1.0000000000000002,0.10516844253272083
tess2019107181902-prf-4-4-row1536-col1580.fits,4,4,1536,1580,6,5,0.9999999999999994,0.11419522826830199
tess2019107181902-prf-4-4-row1536-col1580.fits,4,4,1536,1580,6,6,1.0,0.10532281935394326
tess2019107181902-prf-4-4-row1536-col1580.fits,4,4,1536,1580,6,7,1.0,0.11434550144776517
tess2019107181902-prf-4-4-row1536-col1580.fits,4,4,1536,1580,6,8,1.0000000000000002,0.11883910432472089
tess2019107181902-prf-4-4-row1536-col1580.fits,4,4,1536,1580,7,0,0.9999999999999993,0.12651522781605856
tess2019107181902-prf-4-4-row1536-col1580.fits,4,4,1536,1580,7,1,1.0000000000000004,0.11486104365392417
tess2019107181902-prf-4-4-row1536-col1580.fits,4,4,1536,1580,7,2,1.0000000000000004,0.11424460842966158
tess2019107181902-prf-4-4-row1536-col1580.fits,4,4,1536,1580,7,3,0.9999999999999998,0.11059618489855774
tess2019107181902-prf-4-4-row1536-col1580.fits,4,4,1536,1580,7,4,0.9999999999999997,0.10766620799221897
tess2019107181902-prf-4-4-row1536-col1580.fits,4,4,1536,1580,7,5,1.0,0.11360749267009884
tess2019107181902-prf-4-4-row1536-col1580.fits,4,4,1536,1580,7,6,1.0,0.11049030280896988
tess2019107181902-prf-4-4-row1536-col1580.fits,4,4,1536,1580,7,7,0.9999999999999997,0.1211307139786847
tess2019107181902-prf-4-4-row1536-col1580.fits,4,4,1536,1580,7,8,0.9999999999999996,0.12073344554449666
tess2019107181902-prf-4-4-row1536-col1580.fits,4,4,1536,1580,8,0,1.0,0.12407569782125653
tess2019107181902-prf-4-4-row1536-col1580.fits,4,4,1536,1580,8,1,1.0,0.10922058316664142
tess2019107181902-prf-4-4-row1536-col1580.fits,4,4,1536,1580,8,2,0.9999999999999999,0.10880203410627416
tess2019107181902-prf-4-4-row1536-col1580.fits,4,4,1536,1580,8,3,1.0,0.12082999886899581
tess2019107181902-prf-4-4-row1536-col1580.fits,4,4,1536,1580,8,4,1.0000000000000002,0.11246709723237104
tess2019107181902-prf-4-4-row1536-col1580.fits,4,4,1536,1580,8,5,1.0000000000000004,0.11097465081829977
tess2019107181902-prf-4-4-row1536-col1580.fits,4,4,1536,1580,8,6,1.0000000000000004,0.11283524598025779
tess2019107181902-prf-4-4-row1536-col1580.fits,4,4,1536,1580,8,7,1.0,0.1166535125000404
tess2019107181902-prf-4-4-row1536-col1580.fits,4,4,1536,1580,8,8,1.0000000000000002,0.12316965287358408
tess2019107181902-prf-4-4-row1536-col2092.fits,4,4,1536,2092,0,0,0.9999999999999998,0.10511828771516817
tess2019107181902-prf-4-4-row1536-col2092.fits,4,4,1536,2092,0,1,1.0000000000000002,0.10037758510605357
tess2019107181902-prf-4-4-row1536-col2092.fits,4,4,1536,2092,0,2,0.9999999999999992,0.09864734320117197
tess2019107181902-prf-4-4-row1536-col2092.fits,4,4,1536,2092,0,3,1.0,0.102248984134575
tess2019107181902-prf-4-4-row1536-col2092.fits,4,4,1536,2092,0,4,1.0,0.10489988195614433
tess2019107181902-prf-4-4-row1536-col2092.fits,4,4,1536,2092,0,5,0.9999999999999993,0.10259804167448182
tess2019107181902-prf-4-4-row1536-col2092.fits,4,4,1536,2092,0,6,1.0,0.11502185526871367
tess2019107181902-prf-4-4-row1536-col2092.fits,4,4,1536,2092,0,7,0.9999999999999993,0.0967943392147112
tess2019107181902-prf-4-4-row1536-col2092.fits,4,4,1536,2092,0,8,1.0000000000000002,0.09888923742082137
tess2019107181902-prf-4-4-row1536-col2092.fits,4,4,1536,2092,1,0,0.9999999999999996,0.10665639856564556
tess2019107181902-prf-4-4-row1536-col2092.fits,4,4,1536,2092,1,1,1.0000000000000004,0.09686656721586895
tess2019107181902-prf-4-4-row1536-col2092.fits,4,4,1536,2092,1,2,0.9999999999999996,0.10299958754574444
tess2019107181902-prf-4-4-row1536-col2092.fits,4,4,1536,2092,1,3,1.0000000000000009,0.10682253701485833
tess2019107181902-prf-4-4-row1536-col2092.fits,4,4,1536,2092,1,4,1.0000000000000002,0.09856563815757036
tess2019107181902-prf-4-4-row1536-col2092.fits,4,4,1536,2092,1,5,1.0,0.09976296512756004
tess2019107181902-prf-4-4-row1536-col2092.fits,4,4,1536,2092,1,6,0.9999999999999998,0.10524414884228876
tess2019107181902-prf-4-4-row1536-col2092.fits,4,4,1536,2092,1,7,1.0000000000000004,0.09646133990996333
tess2019107181902-prf-4-4-row1536-col2092.fits,4,4,1536,2092,1,8,0.9999999999999998,0.09751637932669652
tess2019107181902-prf-4-4-row1536-col2092.fits,4,4,1536,2092,2,0,1.0000000000000004,0.10947195651031451
tess2019107181902-prf-4-4-row1536-col2092.fits,4,4,1536,2092,2,1,0.9999999999999998,0.09939362873668253
tess2019107181902-prf-4-4-row1536-col2092.fits,4,4,1536,2092,2,2,1.0,0.10935161392879866
tess2019107181902-prf-4-4-row1536-col2092.fits,4,4,1536,2092,2,3,0.9999999999999999,0.10753061103355699
tess2019107181902-prf-4-4-row1536-col2092.fits,4,4,1536,2092,2,4,1.0000000000000007,0.11243292245536121
tess2019107181902-prf-4-4-row1536-col2092.fits,4,4,1536,2092,2,5,0.9999999999999996,0.09816766596596559
tess2019107181902-prf-4-4-row1536-col2092.fits,4,4,1536,2092,2,6,0.9999999999999993,0.10709095307650643
tess2019107181902-prf-4-4-row1536-col2092.fits,4,4,1536,2092,2,7,1.0000000000000007,0.09658590872251052
tess2019107181902-prf-4-4-row1536-col2092.fits,4,4,1536,2092,2,8,1.0000000000000004,0.10063408034596355
tess2019107181902-prf-4-4-row1536-col2092.fits,4,4,1536,2092,3,0,1.0,0.11118464246051045
tess2019107181902-prf-4-4-row1536-col2092.fits,4,4,1536,2092,3,1,1.0,0.10932810683758323
tess2019107181902-prf-4-4-row1536-col2092.fits,4,4,1536,2092,3,2,0.9999999999999996,0.11409833290439095
tess2019107181902-prf-4-4-row1536-col2092.fits,4,4,1536,2092,3,3,0.9999999999999991,0.10816554184404088
tess2019107181902-prf-4-4-row1536-col2092.fits,4,4,1536,2092,3,4,1.000000000000001,0.11073220189342843
tess2019107181902-prf-4-4-row1536-col2092.fits,4,4,1536,2092,3,5,0.9999999999999999,0.10383544829949888
tess2019107181902-prf-4-4-row1536-col2092.fits,4,4,1536,2092,3,6,1.0000000000000004,0.1126821854264851
tess2019107181902-prf-4-4-row1536-col2092.fits,4,4,1536,2092,3,7,1.0,0.10144170378775749
tess2019107181902-prf-4-4-row1536-col2092.fits,4,4,1536,2092,3,8,1.0000000000000002,0.10454546951290394
tess2019107181902-prf-4-4-row1536-col2092.fits,4,4,1536,2092,4,0,1.0000000000000009,0.1089183410517801
tess2019107181902-prf-4-4-row1536-col2092.fits,4,4,1536,2092,4,1,1.0000000000000002,0.10168258945426503
tess2019107181902-prf-4-4-row1536-col2092.fits,4,4,1536,2092,4,2,1.0000000000000007,0.09908789253878648
tess2019107181902-prf-4-4-row1536-col2092.fits,4,4,1536,2092,4,3,1.0,0.10489517503532518
tess2019107181902-prf-4-4-row1536-col2092.fits,4,4,1536,2092,4,4,0.9999999999999994,0.10274790649424348
tess2019107181902-prf-4-4-row1536-col2092.fits,4,4,1536,2092,4,5,1.0000000000000004,0.10233279925643314
tess2019107181902-prf-4-4-row1536-col2092.fits,4,4,1536,2092,4,6,1.0,0.11507071922920285
tess2019107181902-prf-4-4-row1536-col2092.fits,4,4,1536,2092,4,7,1.0,0.10660033935647262
tess2019107181902-prf-4-4-row1536-col2092.fits,4,4,1536,2092,4,8,1.0,0.10288008220048728
tess2019107181902-prf-4-4-row1536-col2092.fits,4,4,1536,2092,5,0,0.9999999999999999,0.10447536286698819
tess2019107181902-prf-4-4-row1536-col2092.fits,4,4,1536,2092,5,1,1.0000000000000007,0.10120793902758926
tess2019107181902-prf-4-4-row1536-col2092.fits,4,4,1536,2092,5,2,1.0000000000000004,0.10160906750287213
tess2019107181902-prf-4-4-row1536-col2092.fits,4,4,1536,2092,5,3,1.0000000000000004,0.1027171943804763
tess2019107181902-prf-4-4-row1536-col2092.fits,4,4,1536,2092,5,4,0.9999999999999997,0.1063737375138617
tess2019107181902-prf-4-4-row1536-col2092.fits,4,4,1536,2092,5,5,0.9999999999999996,0.10934215773041503
tess2019107181902-prf-4-4-row1536-col2092.fits,4,4,1536,2092,5,6,1.0000000000000004,0.10881541334358659
tess2019107181902-prf-4-4-row1536-col2092.fits,4,4,1536,2092,5,7,1.0000000000000004,0.09093725277359214
tess2019107181902-prf-4-4-row1536-col2092.fits,4,4,1536,2092,5,8,0.9999999999999991,0.09858144317464915
tess2019107181902-prf-4-4-row1536-col2092.fits,4,4,1536,2092,6,0,1.0,0.10749297608357086
tess2019107181902-prf-4-4-row1536-col2092.fits,4,4,1536,2092,6,1,0.9999999999999998,0.10220815531484632
tess2019107181902-prf-4-4-row1536-col2092.fits,4,4,1536,2092,6,2,1.0000000000000009,0.10699445726107767
tess2019107181902-prf-4-4-row1536-col2092.fits,4,4,1536,2092,6,3,0.9999999999999994,0.10873026571504527
tess2019107181902-prf-4-4-row1536-col2092.fits,4,4,1536,2092,6,4,1.0000000000000002,0.11435682088441038
tess2019107181902-prf-4-4-row1536-col2092.fits,4,4,1536,2092,6,5,0.9999999999999996,0.10336122271509217
tess2019107181902-prf-4-4-row1536-col2092.fits,4,4,1536,2092,6,6,1.0000000000000004,0.10813535689975946
tess2019107181902-prf-4-4-row1536-col2092.fits,4,4,1536,2092,6,7,0.9999999999999998,0.10220691002988799
tess2019107181902-prf-4-4-row1536-col2092.fits,4,4,1536,2092,6,8,1.0000000000000002,0.10325593539371476
tess2019107181902-prf-4-4-row1536-col2092.fits,4,4,1536,2092,7,0,1.0000000000000009,0.10846501210409377
tess2019107181902-prf-4-4-row1536-col2092.fits,4,4,1536,2092,7,1,1.0000000000000002,0.10762314736609571
tess2019107181902-prf-4-4-row1536-col2092.fits,4,4,1536,2092,7,2,1.0,0.10584987185120763
tess2019107181902-prf-4-4-row1536-col2092.fits,4,4,1536,2092,7,3,1.0,0.10366546349660719
tess2019107181902-prf-4-4-row1536-col2092.fits,4,4,1536,2092,7,4,0.9999999999999998,0.1078828703279277
tess2019107181902-prf-4-4-row1536-col2092.fits,4,4,1536,2092,7,5,1.0000000000000002,0.10275636411119554
tess2019107181902-prf-4-4-row1536-col2092.fits,4,4,1536,2092,7,6,1.0,0.11405357437842191
tess2019107181902-prf-4-4-row1536-col2092.fits,4,4,1536,2092,7,7,1.0,0.10434095879372039
tess2019107181902-prf-4-4-row1536-col2092.fits,4,4,1536,2092,7,8,1.0,0.09722229003748192
tess2019107181902-prf-4-4-row1536-col2092.fits,4,4,1536,2092,8,0,1.0,0.11047499392185539
tess2019107181902-prf-4-4-row1536-col2092.fits,4,4,1536,2092,8,1,1.0,0.10267022779433985
tess2019107181902-prf-4-4-row1536-col2092.fits,4,4,1536,2092,8,2,1.0000000000000009,0.10084601809248164
tess2019107181902-prf-4-4-row1536-col2092.fits,4,4,1536,2092,8,3,0.9999999999999999,0.1060732612001653
tess2019107181902-prf-4-4-row1536-col2092.fits,4,4,1536,2092,8,4,1.0000000000000004,0.1068914636216734
tess2019107181902-prf-4-4-row1536-col2092.fits,4,4,1536,2092,8,5,0.9999999999999998,0.10069604178395322
tess2019107181902-prf-4-4-row1536-col2092.fits,4,4,1536,2092,8,6,0.9999999999999999,0.11559612415184481
tess2019107181902-prf-4-4-row1536-col2092.fits,4,4,1536,2092,8,7,0.9999999999999997,0.10340019799411793
tess2019107181902-prf-4-4-row1536-col2092.fits,4,4,1536,2092,8,8,1.0,0.10460381242239086
tess2019107181902-prf-4-4-row2048-col0045.fits,4,4,2048,45,0,0,0.9999999999999997,0.09363841193464403
tess2019107181902-prf-4-4-row2048-col0045.fits,4,4,2048,45,0,1,1.0,0.09659940075858445
tess2019107181902-prf-4-4-row2048-col0045.fits,4,4,2048,45,0,2,1.0,0.09571715307596312
tess2019107181902-prf-4-4-row2048-col0045.fits,4,4,2048,45,0,3,0.9999999999999998,0.08746217735216916
tess2019107181902-prf-4-4-row2048-col0045.fits,4,4,2048,45,0,4,1.0,0.08560727932499612
tess2019107181902-prf-4-4-row2048-col0045.fits,4,4,2048,45,0,5,0.9999999999999999,0.09470723250656131
tess2019107181902-prf-4-4-row2048-col0045.fits,4,4,2048,45,0,6,0.9999999999999996,0.09483123834812757
tess2019107181902-prf-4-4-row2048-col0045.fits,4,4,2048,45,0,7,0.9999999999999998,0.09103701213855171
tess2019107181902-prf-4-4-row2048-col0045.fits,4,4,2048,45,0,8,0.9999999999999994,0.09332980620897834
tess2019107181902-prf-4-4-row2048-col0045.fits,4,4,2048,45,1,0,1.0,0.09955060929964138
tess2019107181902-prf-4-4-row2048-col0045.fits,4,4,2048,45,1,1,0.9999999999999999,0.09421275705398642
tess2019107181902-prf-4-4-row2048-col0045.fits,4,4,2048,45,1,2,0.9999999999999998,0.09691786029750829
tess2019107181902-prf-4-4-row2048-col0045.fits,4,4,2048,45,1,3,0.9999999999999997,0.09027315716066346
tess2019107181902-prf-4-4-row2048-col0045.fits,4,4,2048,45,1,4,1.0,0.0891656047266351
tess2019107181902-prf-4-4-row2048-col0045.fits,4,4,2048,45,1,5,0.9999999999999999,0.09125440794922526
tess2019107181902-prf-4-4-row2048-col0045.fits,4,4,2048,45,1,6,1.0000000000000004,0.08807978713657676
tess2019107181902-prf-4-4-row2048-col0045.fits,4,4,2048,45,1,7,1.0000000000000002,0.08972652717778418
tess2019107181902-prf-4-4-row2048-col0045.fits,4,4,2048,45,1,8,0.9999999999999996,0.09125819690226347
tess2019107181902-prf-4-4-row2048-col0045.fits,4,4,2048,45,2,0,1.0000000000000007,0.09201191082265414
tess2019107181902-prf-4-4-row2048-col0045.fits,4,4,2048,45,2,1,1.0000000000000004,0.08991140515784482
tess2019107181902-prf-4-4-row2048-col0045.fits,4,4,2048,45,2,2,0.9999999999999999,0.09022548488986384
tess2019107181902-prf-4-4-row2048-col0045.fits,4,4,2048,45,2,3,1.0,0.08538819699916851
tess2019107181902-prf-4-4-row2048-col0045.fits,4,4,2048,45,2,4,1.0000000000000002,0.08526434085115307
tess2019107181902-prf-4-4-row2048-col0045.fits,4,4,2048,45,2,5,1.0000000000000007,0.0861694224129944
tess2019107181902-prf-4-4-row2048-col0045.fits,4,4,2048,45,2,6,1.0000000000000007,0.08307466416012993
tess2019107181902-prf-4-4-row2048-col0045.fits,4,4,2048,45,2,7,0.9999999999999998,0.08545838249342794
tess2019107181902-prf-4-4-row2048-col0045.fits,4,4,2048,45,2,8,0.9999999999999993,0.08784321121922017
tess2019107181902-prf-4-4-row2048-col0045.fits,4,4,2048,45,3,0,1.0,0.09727563303600176
tess2019107181902-prf-4-4-row2048-col0045.fits,4,4,2048,45,3,1,1.0000000000000002,0.08938192424862396
tess2019107181902-prf-4-4-row2048-col0045.fits,4,4,2048,45,3,2,0.9999999999999996,0.08590024665765689
tess2019107181902-prf-4-4-row2048-col0045.fits,4,4,2048,45,3,3,1.0000000000000004,0.0822564768427843
tess2019107181902-prf-4-4-row2048-col0045.fits,4,4,2048,45,3,4,1.0000000000000004,0.08335353253484713
tess2019107181902-prf-4-4-row2048-col0045.fits,4,4,2048,45,3,5,1.0000000000000007,0.08419558312949119
tess2019107181902-prf-4-4-row2048-col0045.fits,4,4,2048,45,3,6,0.9999999999999998,0.08209227941676477
tess2019107181902-prf-4-4-row2048-col0045.fits,4,4,2048,45,3,7,1.0000000000000009,0.08832158045632092
tess2019107181902-prf-4-4-row2048-col0045.fits,4,4,2048,45,3,8,1.0,0.09360597728294892
tess2019107181902-prf-4-4-row2048-col0045.fits,4,4,2048,45,4,0,0.9999999999999998,0.09365025682446132
tess2019107181902-prf-4-4-row2048-col0045.fits,4,4,2048,45,4,1,0.9999999999999998,0.09387235017057158
tess2019107181902-prf-4-4-row2048-col0045.fits,4,4,2048,45,4,2,0.9999999999999997,0.08227726387102516
tess2019107181902-prf-4-4-row2048-col0045.fits,4,4,2048,45,4,3,1.0000000000000004,0.07955518284724372
tess2019107181902-prf-4-4-row2048-col0045.fits,4,4,2048,45,4,4,1.0000000000000007,0.0860062376198855
tess2019107181902-prf-4-4-row2048-col0045.fits,4,4,2048,45,4,5,0.9999999999999997,0.0830809652076589
tess2019107181902-prf-4-4-row2048-col0045.fits,4,4,2048,45,4,6,1.0000000000000009,0.08014704819021157
tess2019107181902-prf-4-4-row2048-col0045.fits,4,4,2048,45,4,7,0.9999999999999998,0.08548274122601707
tess2019107181902-prf-4-4-row2048-col0045.fits,4,4,2048,45,4,8,1.0000000000000004,0.08833274642779526
tess2019107181902-prf-4-4-row2048-col0045.fits,4,4,2048,45,5,0,1.0,0.09414332542023222
tess2019107181902-prf-4-4-row2048-col0045.fits,4,4,2048,45,5,1,1.0000000000000002,0.0946525594064596
tess2019107181902-prf-4-4-row2048-col0045.fits,4,4,2048,45,5,2,0.9999999999999998,0.08621749198712711
tess2019107181902-prf-4-4-row2048-col0045.fits,4,4,2048,45,5,3,0.9999999999999997,0.0805406617114824
tess2019107181902-prf-4-4-row2048-col0045.fits,4,4,2048,45,5,4,0.9999999999999998,0.08334902026664494
tess2019107181902-prf-4-4-row2048-col0045.fits,4,4,2048,45,5,5,1.0,0.08387908753775153
tess2019107181902-prf-4-4-row2048-col0045.fits,4,4,2048,45,5,6,1.0000000000000002,0.07826517287866004
tess2019107181902-prf-4-4-row2048-col0045.fits,4,4,2048,45,5,7,0.9999999999999993,0.08275517660074509
tess2019107181902-prf-4-4-row2048-col0045.fits,4,4,2048,45,5,8,0.9999999999999999,0.08531782885167102
tess2019107181902-prf-4-4-row2048-col0045.fits,4,4,2048,45,6,0,1.0000000000000007,0.08674903761362532
tess2019107181902-prf-4-4-row2048-col0045.fits,4,4,2048,45,6,1,0.9999999999999998,0.09245448832474232
tess2019107181902-prf-4-4-row2048-col0045.fits,4,4,2048,45,6,2,1.0,0.08597560859407306
tess2019107181902-prf-4-4-row2048-col0045.fits,4,4,2048,45,6,3,1.0,0.07545821653710633
tess2019107181902-prf-4-4-row2048-col0045.fits,4,4,2048,45,6,4,0.9999999999999999,0.07931175603722858
tess2019107181902-prf-4-4-row2048-col0045.fits,4,4,2048,45,6,5,1.0,0.08029855936222208
tess2019107181902-prf-4-4-row2048-col0045.fits,4,4,2048,45,6,6,1.0,0.08332440763762664
tess2019107181902-prf-4-4-row2048-col0045.fits,4,4,2048,45,6,7,1.0000000000000004,0.08496801446451518
tess2019107181902-prf-4-4-row2048-col0045.fits,4,4,2048,45,6,8,0.9999999999999999,0.08827134972462336
tess2019107181902-prf-4-4-row2048-col0045.fits,4,4,2048,45,7,0,1.0000000000000004,0.08625634326211405
tess2019107181902-prf-4-4-row2048-col0045.fits,4,4,2048,45,7,1,1.0000000000000004,0.09075537469528415
tess2019107181902-prf-4-4-row2048-col0045.fits,4,4,2048,45,7,2,1.0,0.08382780441018745
tess2019107181902-prf-4-4-row2048-col0045.fits,4,4,2048,45,7,3,1.0000000000000002,0.07517086566728545
tess2019107181902-prf-4-4-row2048-col0045.fits,4,4,2048,45,7,4,0.9999999999999998,0.08303994433359044
tess2019107181902-prf-4-4-row2048-col0045.fits,4,4,2048,45,7,5,0.9999999999999998,0.08369668483610138
tess2019107181902-prf-4-4-row2048-col0045.fits,4,4,2048,45,7,6,0.9999999999999996,0.08236132149347722
tess2019107181902-prf-4-4-row2048-col0045.fits,4,4,2048,45,7,7,1.0000000000000002,0.08620888977030886
tess2019107181902-prf-4-4-row2048-col0045.fits,4,4,2048,45,7,8,0.9999999999999994,0.08232544428304643
tess2019107181902-prf-4-4-row2048-col0045.fits,4,4,2048,45,8,0,0.9999999999999998,0.09597901529090666
tess2019107181902-prf-4-4-row2048-col0045.fits,4,4,2048,45,8,1,1.0000000000000002,0.09517570108728327
tess2019107181902-prf-4-4-row2048-col0045.fits,4,4,2048,45,8,2,1.0000000000000009,0.08940779233455663
tess2019107181902-prf-4-4-row2048-col0045.fits,4,4,2048,45,8,3,1.0,0.08107878873871088
tess2019107181902-prf-4-4-row2048-col0045.fits,4,4,2048,45,8,4,1.0000000000000004,0.08864280278975165
tess2019107181902-prf-4-4-row2048-col0045.fits,4,4,2048,45,8,5,0.9999999999999998,0.09067471768807214
tess2019107181902-prf-4-4-row2048-col0045.fits,4,4,2048,45,8,6,1.0,0.08792344408371067
tess2019107181902-prf-4-4-row2048-col0045.fits,4,4,2048,45,8,7,0.9999999999999996,0.09138429531711201
tess2019107181902-prf-4-4-row2048-col0045.fits,4,4,2048,45,8,8,1.0,0.08493793294816249
tess2019107181902-prf-4-4-row2048-col0557.fits,4,4,2048,557,0,0,1.0000000000000004,0.09430316707739046
tess2019107181902-prf-4-4-row2048-col0557.fits,4,4,2048,557,0,1,0.9999999999999999,0.08857498046512668
tess2019107181902-prf-4-4-row2048-col0557.fits,4,4,2048,557,0,2,0.9999999999999989,0.09250959920705573
tess2019107181902-prf-4-4-row2048-col0557.fits,4,4,2048,557,0,3,0.9999999999999999,0.08749353874703415
tess2019107181902-prf-4-4-row2048-col0557.fits,4,4,2048,557,0,4,1.0000000000000004,0.08360380914792159
tess2019107181902-prf-4-4-row2048-col0557.fits,4,4,2048,557,0,5,0.9999999999999994,0.08834027096161336
tess2019107181902-prf-4-4-row2048-col0557.fits,4,4,2048,557,0,6,1.0000000000000007,0.09085106987995212
tess2019107181902-prf-4-4-row2048-col0557.fits,4,4,2048,557,0,7,1.0000000000000007,0.09521101117585012
tess2019107181902-prf-4-4-row2048-col0557.fits,4,4,2048,557,0,8,1.0000000000000002,0.09466392842447743
tess2019107181902-prf-4-4-row2048-col0557.fits,4,4,2048,557,1,0,1.0000000000000004,0.09335476644585372
tess2019107181902-prf-4-4-row2048-col0557.fits,4,4,2048,557,1,1,1.0,0.0902674571080593
tess2019107181902-prf-4-4-row2048-col0557.fits,4,4,2048,557,1,2,0.9999999999999997,0.09179872516554854
tess2019107181902-prf-4-4-row2048-col0557.fits,4,4,2048,557,1,3,0.9999999999999996,0.08909655444428596
tess2019107181902-prf-4-4-row2048-col0557.fits,4,4,2048,557,1,4,0.9999999999999998,0.08183649393161416
tess2019107181902-prf-4-4-row2048-col0557.fits,4,4,2048,557,1,5,0.9999999999999999,0.08236198269392586
tess2019107181902-prf-4-4-row2048-col0557.fits,4,4,2048,557,1,6,1.0000000000000004,0.09064590214912281
tess2019107181902-prf-4-4-row2048-col0557.fits,4,4,2048,557,1,7,1.0000000000000004,0.0854566968557977
tess2019107181902-prf-4-4-row2048-col0557.fits,4,4,2048,557,1,8,1.0,0.0992804977241525
tess2019107181902-prf-4-4-row2048-col0557.fits,4,4,2048,557,2,0,1.0000000000000004,0.09183197978130184
tess2019107181902-prf-4-4-row2048-col0557.fits,4,4,2048,557,2,1,1.0000000000000002,0.08890421138446607
tess2019107181902-prf-4-4-row2048-col0557.fits,4,4,2048,557,2,2,1.0000000000000007,0.09376741669008115
tess2019107181902-prf-4-4-row2048-col0557.fits,4,4,2048,557,2,3,0.9999999999999998,0.0913757123761478
tess2019107181902-prf-4-4-row2048-col0557.fits,4,4,2048,557,2,4,1.0000000000000004,0.07714036514465498
tess2019107181902-prf-4-4-row2048-col0557.fits,4,4,2048,557,2,5,0.9999999999999999,0.0806166752820311
tess2019107181902-prf-4-4-row2048-col0557.fits,4,4,2048,557,2,6,0.9999999999999991,0.08393828980665785
tess2019107181902-prf-4-4-row2048-col0557.fits,4,4,2048,557,2,7,1.0000000000000004,0.08583042797194845
tess2019107181902-prf-4-4-row2048-col0557.fits,4,4,2048,557,2,8,1.0,0.09498085265256975
tess2019107181902-prf-4-4-row2048-col0557.fits,4,4,2048,557,3,0,1.0,0.09548233900065389
tess2019107181902-prf-4-4-row2048-col0557.fits,4,4,2048,557,3,1,1.0000000000000004,0.08692640856915249
tess2019107181902-prf-4-4-row2048-col0557.fits,4,4,2048,557,3,2,1.0000000000000004,0.08996824941110124
tess2019107181902-prf-4-4-row2048-col0557.fits,4,4,2048,557,3,3,1.0,0.08934088693338982
tess2019107181902-prf-4-4-row2048-col0557.fits,4,4,2048,557,3,4,1.0000000000000007,0.08509374787104124
tess2019107181902-prf-4-4-row2048-col0557.fits,4,4,2048,557,3,5,0.9999999999999992,0.08721700159884947
tess2019107181902-prf-4-4-row2048-col0557.fits,4,4,2048,557,3,6,1.0000000000000002,0.08474491417737251
tess2019107181902-prf-4-4-row2048-col0557.fits,4,4,2048,557,3,7,0.9999999999999994,0.08808023437469964
tess2019107181902-prf-4-4-row2048-col0557.fits,4,4,2048,557,3,8,0.9999999999999989,0.09206611145617795
tess2019107181902-prf-4-4-row2048-col0557.fits,4,4,2048,557,4,0,1.0,0.08765166699947648
tess2019107181902-prf-4-4-row2048-col0557.fits,4,4,2048,557,4,1,0.9999999999999996,0.08214984233033794
tess2019107181902-prf-4-4-row2048-col0557.fits,4,4,2048,557,4,2,1.0000000000000002,0.08202083929721435
tess2019107181902-prf-4-4-row2048-col0557.fits,4,4,2048,557,4,3,1.0,0.08636758716963164
tess2019107181902-prf-4-4-row2048-col0557.fits,4,4,2048,557,4,4,1.0000000000000004,0.08202818035297299
tess2019107181902-prf-4-4-row2048-col0557.fits,4,4,2048,557,4,5,1.0000000000000009,0.08198768055665914
tess2019107181902-prf-4-4-row2048-col0557.fits,4,4,2048,557,4,6,1.0,0.08487210953836571
tess2019107181902-prf-4-4-row2048-col0557.fits,4,4,2048,557,4,7,1.0000000000000002,0.09290510922479328
tess2019107181902-prf-4-4-row2048-col0557.fits,4,4,2048,557,4,8,1.0,0.09288313715399654
tess2019107181902-prf-4-4-row2048-col0557.fits,4,4,2048,557,5,0,1.0,0.0886415715250244
tess2019107181902-prf-4-4-row2048-col0557.fits,4,4,2048,557,5,1,0.9999999999999999,0.08679487119952228
tess2019107181902-prf-4-4-row2048-col0557.fits,4,4,2048,557,5,2,0.9999999999999999,0.08509742769387409
tess2019107181902-prf-4-4-row2048-col0557.fits,4,4,2048,557,5,3,1.0000000000000002,0.0814886227556402
tess2019107181902-prf-4-4-row2048-col0557.fits,4,4,2048,557,5,4,0.9999999999999999,0.0784991916365615
tess2019107181902-prf-4-4-row2048-col0557.fits,4,4,2048,557,5,5,1.0000000000000002,0.08454979485426124
tess2019107181902-prf-4-4-row2048-col0557.fits,4,4,2048,557,5,6,1.0,0.08034259862530936
tess2019107181902-prf-4-4-row2048-col0557.fits,4,4,2048,557,5,7,0.9999999999999996,0.08925159775297985
tess2019107181902-prf-4-4-row2048-col0557.fits,4,4,2048,557,5,8,0.9999999999999998,0.09153520824481644
tess2019107181902-prf-4-4-row2048-col0557.fits,4,4,2048,557,6,0,0.9999999999999994,0.09322310807987483
tess2019107181902-prf-4-4-row2048-col0557.fits,4,4,2048,557,6,1,1.0,0.08869765000642493
tess2019107181902-prf-4-4-row2048-col0557.fits,4,4,2048,557,6,2,1.0,0.09322159216444631
tess2019107181902-prf-4-4-row2048-col0557.fits,4,4,2048,557,6,3,1.0,0.08611200989909296
tess2019107181902-prf-4-4-row2048-col0557.fits,4,4,2048,557,6,4,1.0000000000000004,0.08397452228620568
tess2019107181902-prf-4-4-row2048-col0557.fits,4,4,2048,557,6,5,1.0000000000000004,0.08756182053977313
tess2019107181902-prf-4-4-row2048-col0557.fits,4,4,2048,557,6,6,0.9999999999999999,0.08116847979328601
tess2019107181902-prf-4-4-row2048-col0557.fits,4,4,2048,557,6,7,0.9999999999999998,0.08936081522345468
tess2019107181902-prf-4-4-row2048-col0557.fits,4,4,2048,557,6,8,1.0000000000000002,0.0882257449532298
tess2019107181902-prf-4-4-row2048-col0557.fits,4,4,2048,557,7,0,1.0,0.09599932579699455
tess2019107181902-prf-4-4-row2048-col0557.fits,4,4,2048,557,7,1,1.0000000000000007,0.09416386400816504
tess2019107181902-prf-4-4-row2048-col0557.fits,4,4,2048,557,7,2,1.0000000000000004,0.09502703053793088
tess2019107181902-prf-4-4-row2048-col0557.fits,4,4,2048,557,7,3,1.0,0.08636270240097434
tess2019107181902-prf-4-4-row2048-col0557.fits,4,4,2048,557,7,4,0.9999999999999998,0.08406724986130368
tess2019107181902-prf-4-4-row2048-col0557.fits,4,4,2048,557,7,5,1.0000000000000004,0.08886971072410729
tess2019107181902-prf-4-4-row2048-col0557.fits,4,4,2048,557,7,6,0.9999999999999994,0.08676679214620234
tess2019107181902-prf-4-4-row2048-col0557.fits,4,4,2048,557,7,7,1.0000000000000004,0.09102523651032614
tess2019107181902-prf-4-4-row2048-col0557.fits,4,4,2048,557,7,8,1.0000000000000004,0.08835784695088256
tess2019107181902-prf-4-4-row2048-col0557.fits,4,4,2048,557,8,0,1.0,0.09140800345692521
tess2019107181902-prf-4-4-row2048-col0557.fits,4,4,2048,557,8,1,0.9999999999999998,0.09271999388918098
tess2019107181902-prf-4-4-row2048-col0557.fits,4,4,2048,557,8,2,1.0,0.0922495311132534
tess2019107181902-prf-4-4-row2048-col0557.fits,4,4,2048,557,8,3,1.0,0.08489453704579494
tess2019107181902-prf-4-4-row2048-col0557.fits,4,4,2048,557,8,4,0.9999999999999993,0.0836614538866678
tess2019107181902-prf-4-4-row2048-col0557.fits,4,4,2048,557,8,5,0.9999999999999998,0.08642085072504366
tess2019107181902-prf-4-4-row2048-col0557.fits,4,4,2048,557,8,6,1.0000000000000004,0.08208646373307141
tess2019107181902-prf-4-4-row2048-col0557.fits,4,4,2048,557,8,7,1.0,0.09202209526774072
tess2019107181902-prf-4-4-row2048-col0557.fits,4,4,2048,557,8,8,0.9999999999999996,0.09484725593317057
tess2019107181902-prf-4-4-row2048-col1069.fits,4,4,2048,1069,0,0,1.0000000000000007,0.10760335467728319
tess2019107181902-prf-4-4-row2048-col1069.fits,4,4,2048,1069,0,1,1.0000000000000002,0.10880463532863802
tess2019107181902-prf-4-4-row2048-col1069.fits,4,4,2048,1069,0,2,1.0000000000000009,0.10720748027037612
tess2019107181902-prf-4-4-row2048-col1069.fits,4,4,2048,1069,0,3,1.0000000000000002,0.10983558363661253
tess2019107181902-prf-4-4-row2048-col1069.fits,4,4,2048,1069,0,4,0.9999999999999998,0.10976514118688002
tess2019107181902-prf-4-4-row2048-col1069.fits,4,4,2048,1069,0,5,0.9999999999999997,0.0995402164087838
tess2019107181902-prf-4-4-row2048-col1069.fits,4,4,2048,1069,0,6,1.0000000000000004,0.09668457863409383
tess2019107181902-prf-4-4-row2048-col1069.fits,4,4,2048,1069,0,7,1.0000000000000004,0.10653752329475806
tess2019107181902-prf-4-4-row2048-col1069.fits,4,4,2048,1069,0,8,0.9999999999999997,0.1052957297190951
tess2019107181902-prf-4-4-row2048-col1069.fits,4,4,2048,1069,1,0,0.9999999999999993,0.10233368997428485
tess2019107181902-prf-4-4-row2048-col1069.fits,4,4,2048,1069,1,1,0.9999999999999999,0.10714296942812808
tess2019107181902-prf-4-4-row2048-col1069.fits,4,4,2048,1069,1,2,1.0,0.10742091369939769
tess2019107181902-prf-4-4-row2048-col1069.fits,4,4,2048,1069,1,3,1.0000000000000002,0.11148312679805153
tess2019107181902-prf-4-4-row2048-col1069.fits,4,4,2048,1069,1,4,1.0000000000000004,0.10676458066223993
tess2019107181902-prf-4-4-row2048-col1069.fits,4,4,2048,1069,1,5,0.9999999999999991,0.09568797649630896
tess2019107181902-prf-4-4-row2048-col1069.fits,4,4,2048,1069,1,6,1.0000000000000002,0.09133951996557042
tess2019107181902-prf-4-4-row2048-col1069.fits,4,4,2048,1069,1,7,0.9999999999999996,0.10079970651411413
tess2019107181902-prf-4-4-row2048-col1069.fits,4,4,2048,1069,1,8,1.0,0.10571900949840772
tess2019107181902-prf-4-4-row2048-col1069.fits,4,4,2048,1069,2,0,0.9999999999999996,0.1019164548379227
tess2019107181902-prf-4-4-row2048-col1069.fits,4,4,2048,1069,2,1,1.0000000000000004,0.10337928776375399
tess2019107181902-prf-4-4-row2048-col1069.fits,4,4,2048,1069,2,2,0.9999999999999999,0.10220165231299877
tess2019107181902-prf-4-4-row2048-col1069.fits,4,4,2048,1069,2,3,0.9999999999999999,0.10580692696867561
tess2019107181902-prf-4-4-row2048-col1069.fits,4,4,2048,1069,2,4,1.0000000000000004,0.10277050412279387
tess2019107181902-prf-4-4-row2048-col1069.fits,4,4,2048,1069,2,5,0.9999999999999996,0.08922864839198591
tess2019107181902-prf-4-4-row2048-col1069.fits,4,4,2048,1069,2,6,1.0000000000000002,0.08919782132916454
tess2019107181902-prf-4-4-row2048-col1069.fits,4,4,2048,1069,2,7,1.0000000000000009,0.09448603675592773
tess2019107181902-prf-4-4-row2048-col1069.fits,4,4,2048,1069,2,8,1.0,0.10261263815084057
tess2019107181902-prf-4-4-row2048-col1069.fits,4,4,2048,1069,3,0,0.9999999999999993,0.10056988045277593
tess2019107181902-prf-4-4-row2048-col1069.fits,4,4,2048,1069,3,1,0.9999999999999998,0.10791258943251966
tess2019107181902-prf-4-4-row2048-col1069.fits,4,4,2048,1069,3,2,0.9999999999999998,0.10269007959351406
tess2019107181902-prf-4-4-row2048-col1069.fits,4,4,2048,1069,3,3,1.0000000000000002,0.10311670274727207
tess2019107181902-prf-4-4-row2048-col1069.fits,4,4,2048,1069,3,4,1.0000000000000004,0.10369819825298132
tess2019107181902-prf-4-4-row2048-col1069.fits,4,4,2048,1069,3,5,0.9999999999999999,0.09171374473739893
tess2019107181902-prf-4-4-row2048-col1069.fits,4,4,2048,1069,3,6,0.9999999999999996,0.08898361319746748
tess2019107181902-prf-4-4-row2048-col1069.fits,4,4,2048,1069,3,7,1.0000000000000002,0.09692413151088888
tess2019107181902-prf-4-4-row2048-col1069.fits,4,4,2048,1069,3,8,0.9999999999999996,0.10076280280770573
tess2019107181902-prf-4-4-row2048-col1069.fits,4,4,2048,1069,4,0,0.9999999999999996,0.10124313876595364
tess2019107181902-prf-4-4-row2048-col1069.fits,4,4,2048,1069,4,1,0.9999999999999993,0.10376965848746258
tess2019107181902-prf-4-4-row2048-col1069.fits,4,4,2048,1069,4,2,0.9999999999999991,0.10693057161570213
tess2019107181902-prf-4-4-row2048-col1069.fits,4,4,2048,1069,4,3,0.9999999999999998,0.10058478603263063
tess2019107181902-prf-4-4-row2048-col1069.fits,4,4,2048,1069,4,4,1.0,0.10366158127675192
tess2019107181902-prf-4-4-row2048-col1069.fits,4,4,2048,1069,4,5,1.0000000000000002,0.10001230960303797
tess2019107181902-prf-4-4-row2048-col1069.fits,4,4,2048,1069,4,6,0.9999999999999993,0.08976549171064735
tess2019107181902-prf-4-4-row2048-col1069.fits,4,4,2048,1069,4,7,0.9999999999999996,0.09762617259510363
tess2019107181902-prf-4-4-row2048-col1069.fits,4,4,2048,1069,4,8,1.0000000000000002,0.10071526472074357
tess2019107181902-prf-4-4-row2048-col1069.fits,4,4,2048,1069,5,0,1.0000000000000007,0.1061682319577909
tess2019107181902-prf-4-4-row2048-col1069.fits,4,4,2048,1069,5,1,0.9999999999999993,0.10629514112411237
tess2019107181902-prf-4-4-row2048-col1069.fits,4,4,2048,1069,5,2,1.0000000000000004,0.10676412106254571
tess2019107181902-prf-4-4-row2048-col1069.fits,4,4,2048,1069,5,3,0.9999999999999998,0.10568159339110117
tess2019107181902-prf-4-4-row2048-col1069.fits,4,4,2048,1069,5,4,0.9999999999999998,0.1104650050846494
tess2019107181902-prf-4-4-row2048-col1069.fits,4,4,2048,1069,5,5,1.0,0.10920095093401955
tess2019107181902-prf-4-4-row2048-col1069.fits,4,4,2048,1069,5,6,0.9999999999999997,0.09936807174600658
tess2019107181902-prf-4-4-row2048-col1069.fits,4,4,2048,1069,5,7,1.0,0.10310665593325229
tess2019107181902-prf-4-4-row2048-col1069.fits,4,4,2048,1069,5,8,1.0000000000000002,0.10845602918491036
tess2019107181902-prf-4-4-row2048-col1069.fits,4,4,2048,1069,6,0,0.9999999999999996,0.10207478698017831
tess2019107181902-prf-4-4-row2048-col1069.fits,4,4,2048,1069,6,1,1.0000000000000004,0.10980675741908455
tess2019107181902-prf-4-4-row2048-col1069.fits,4,4,2048,1069,6,2,0.9999999999999998,0.11165233058391708
tess2019107181902-prf-4-4-row2048-col1069.fits,4,4,2048,1069,6,3,1.0000000000000002,0.10593753296339112
tess2019107181902-prf-4-4-row2048-col1069.fits,4,4,2048,1069,6,4,1.0000000000000007,0.10994675232552989
tess2019107181902-prf-4-4-row2048-col1069.fits,4,4,2048,1069,6,5,1.0000000000000004,0.10640159020092108
tess2019107181902-prf-4-4-row2048-col1069.fits,4,4,2048,1069,6,6,0.9999999999999998,0.09791874736847889
tess2019107181902-prf-4-4-row2048-col1069.fits,4,4,2048,1069,6,7,0.9999999999999998,0.10100549274289712
tess2019107181902-prf-4-4-row2048-col1069.fits,4,4,2048,1069,6,8,0.9999999999999997,0.10931514471689231
tess2019107181902-prf-4-4-row2048-col1069.fits,4,4,2048,1069,7,0,0.9999999999999998,0.09787725738837703
tess2019107181902-prf-4-4-row2048-col1069.fits,4,4,2048,1069,7,1,1.0000000000000002,0.10888594745555695
tess2019107181902-prf-4-4-row2048-col1069.fits,4,4,2048,1069,7,2,1.0000000000000002,0.10712507397237785
tess2019107181902-prf-4-4-row2048-col1069.fits,4,4,2048,1069,7,3,0.9999999999999993,0.1172206425926149
tess2019107181902-prf-4-4-row2048-col1069.fits,4,4,2048,1069,7,4,1.0,0.11684097416884583
tess2019107181902-prf-4-4-row2048-col1069.fits,4,4,2048,1069,7,5,1.0000000000000002,0.10316599773912852
tess2019107181902-prf-4-4-row2048-col1069.fits,4,4,2048,1069,7,6,0.9999999999999998,0.09571674521601053
tess2019107181902-prf-4-4-row2048-col1069.fits,4,4,2048,1069,7,7,0.9999999999999998,0.1048234405762507
tess2019107181902-prf-4-4-row2048-col1069.fits,4,4,2048,1069,7,8,0.9999999999999999,0.10347001311323992
tess2019107181902-prf-4-4-row2048-col1069.fits,4,4,2048,1069,8,0,1.0,0.10688556680869768
tess2019107181902-prf-4-4-row2048-col1069.fits,4,4,2048,1069,8,1,1.0000000000000002,0.10806333133245494
tess2019107181902-prf-4-4-row2048-col1069.fits,4,4,2048,1069,8,2,1.0,0.11197629184410318
tess2019107181902-prf-4-4-row2048-col1069.fits,4,4,2048,1069,8,3,0.9999999999999999,0.1174344982396055
tess2019107181902-prf-4-4-row2048-col1069.fits,4,4,2048,1069,8,4,0.9999999999999996,0.11179472380127892
tess2019107181902-prf-4-4-row2048-col1069.fits,4,4,2048,1069,8,5,0.9999999999999998,0.10377087195874385
tess2019107181902-prf-4-4-row2048-col1069.fits,4,4,2048,1069,8,6,0.9999999999999999,0.09886583967880772
tess2019107181902-prf-4-4-row2048-col1069.fits,4,4,2048,1069,8,7,0.9999999999999993,0.10906331762455185
tess2019107181902-prf-4-4-row2048-col1069.fits,4,4,2048,1069,8,8,0.9999999999999999,0.1089289331832776
tess2019107181902-prf-4-4-row2048-col1580.fits,4,4,2048,1580,0,0,0.9999999999999998,0.1026094501761234
tess2019107181902-prf-4-4-row2048-col1580.fits,4,4,2048,1580,0,1,0.9999999999999999,0.11041615769344171
tess2019107181902-prf-4-4-row2048-col1580.fits,4,4,2048,1580,0,2,1.0000000000000004,0.11031319629013474
tess2019107181902-prf-4-4-row2048-col1580.fits,4,4,2048,1580,0,3,1.0000000000000002,0.11226807070843071
tess2019107181902-prf-4-4-row2048-col1580.fits,4,4,2048,1580,0,4,0.9999999999999997,0.1207748227659532
tess2019107181902-prf-4-4-row2048-col1580.fits,4,4,2048,1580,0,5,0.9999999999999999,0.12177758694618099
tess2019107181902-prf-4-4-row2048-col1580.fits,4,4,2048,1580,0,6,0.9999999999999998,0.11699220096281755
tess2019107181902-prf-4-4-row2048-col1580.fits,4,4,2048,1580,0,7,0.9999999999999993,0.11346595807315443
tess2019107181902-prf-4-4-row2048-col1580.fits,4,4,2048,1580,0,8,0.9999999999999997,0.1133265981832844
tess2019107181902-prf-4-4-row2048-col1580.fits,4,4,2048,1580,1,0,0.9999999999999999,0.10608889535199732
tess2019107181902-prf-4-4-row2048-col1580.fits,4,4,2048,1580,1,1,1.0000000000000004,0.10854985200676874
tess2019107181902-prf-4-4-row2048-col1580.fits,4,4,2048,1580,1,2,1.0000000000000004,0.10285317672844863
tess2019107181902-prf-4-4-row2048-col1580.fits,4,4,2048,1580,1,3,0.9999999999999999,0.10826052957981167
tess2019107181902-prf-4-4-row2048-col1580.fits,4,4,2048,1580,1,4,0.9999999999999998,0.10945453055960228
tess2019107181902-prf-4-4-row2048-col1580.fits,4,4,2048,1580,1,5,1.0,0.11531745721593528
tess2019107181902-prf-4-4-row2048-col1580.fits,4,4,2048,1580,1,6,0.9999999999999999,0.11347666737118454
tess2019107181902-prf-4-4-row2048-col1580.fits,4,4,2048,1580,1,7,1.0000000000000004,0.11063530706296208
tess2019107181902-prf-4-4-row2048-col1580.fits,4,4,2048,1580,1,8,0.9999999999999999,0.10834096105174519
tess2019107181902-prf-4-4-row2048-col1580.fits,4,4,2048,1580,2,0,0.9999999999999997,0.09938462305693324
tess2019107181902-prf-4-4-row2048-col1580.fits,4,4,2048,1580,2,1,0.9999999999999996,0.11078300907993525
tess2019107181902-prf-4-4-row2048-col1580.fits,4,4,2048,1580,2,2,1.0000000000000004,0.10984042111716891
tess2019107181902-prf-4-4-row2048-col1580.fits,4,4,2048,1580,2,3,0.9999999999999999,0.10890449163312403
tess2019107181902-prf-4-4-row2048-col1580.fits,4,4,2048,1580,2,4,0.9999999999999993,0.10427479028675775
tess2019107181902-prf-4-4-row2048-col1580.fits,4,4,2048,1580,2,5,1.0,0.10714196708455478
tess2019107181902-prf-4-4-row2048-col1580.fits,4,4,2048,1580,2,6,0.9999999999999998,0.11169156863162448
tess2019107181902-prf-4-4-row2048-col1580.fits,4,4,2048,1580,2,7,1.0,0.1059099861257148
tess2019107181902-prf-4-4-row2048-col1580.fits,4,4,2048,1580,2,8,0.9999999999999994,0.10561134469898341
tess2019107181902-prf-4-4-row2048-col1580.fits,4,4,2048,1580,3,0,1.0000000000000002,0.09880997738737984
tess2019107181902-prf-4-4-row2048-col1580.fits,4,4,2048,1580,3,1,1.0000000000000007,0.10772849089515148
tess2019107181902-prf-4-4-row2048-col1580.fits,4,4,2048,1580,3,2,1.0000000000000007,0.11166502609992111
tess2019107181902-prf-4-4-row2048-col1580.fits,4,4,2048,1580,3,3,1.0000000000000002,0.11144483928971373
tess2019107181902-prf-4-4-row2048-col1580.fits,4,4,2048,1580,3,4,0.9999999999999999,0.11484538508191189
tess2019107181902-prf-4-4-row2048-col1580.fits,4,4,2048,1580,3,5,0.9999999999999993,0.1069424427379807
tess2019107181902-prf-4-4-row2048-col1580.fits,4,4,2048,1580,3,6,1.0000000000000007,0.11309349720301162
tess2019107181902-prf-4-4-row2048-col1580.fits,4,4,2048,1580,3,7,1.000000000000001,0.10778376536744687
tess2019107181902-prf-4-4-row2048-col1580.fits,4,4,2048,1580,3,8,1.0000000000000002,0.10576630729456381
tess2019107181902-prf-4-4-row2048-col1580.fits,4,4,2048,1580,4,0,1.0000000000000002,0.09702271507267493
tess2019107181902-prf-4-4-row2048-col1580.fits,4,4,2048,1580,4,1,0.9999999999999998,0.1054224253021731
tess2019107181902-prf-4-4-row2048-col1580.fits,4,4,2048,1580,4,2,1.0000000000000007,0.1126330050589277
tess2019107181902-prf-4-4-row2048-col1580.fits,4,4,2048,1580,4,3,1.0000000000000002,0.10556795727270075
tess2019107181902-prf-4-4-row2048-col1580.fits,4,4,2048,1580,4,4,1.0000000000000009,0.11178029858340395
tess2019107181902-prf-4-4-row2048-col1580.fits,4,4,2048,1580,4,5,0.9999999999999996,0.11038217853260443
tess2019107181902-prf-4-4-row2048-col1580.fits,4,4,2048,1580,4,6,1.0,0.10873402596146524
tess2019107181902-prf-4-4-row2048-col1580.fits,4,4,2048,1580,4,7,1.0,0.10896117182337556
tess2019107181902-prf-4-4-row2048-col1580.fits,4,4,2048,1580,4,8,1.0000000000000002,0.10549087451599656
tess2019107181902-prf-4-4-row2048-col1580.fits,4,4,2048,1580,5,0,1.0000000000000002,0.1013698300018632
tess2019107181902-prf-4-4-row2048-col1580.fits,4,4,2048,1580,5,1,1.0,0.10989101234335019
tess2019107181902-prf-4-4-row2048-col1580.fits,4,4,2048,1580,5,2,1.0000000000000009,0.10626938256033677
tess2019107181902-prf-4-4-row2048-col1580.fits,4,4,2048,1580,5,3,0.9999999999999998,0.10584506984802446
tess2019107181902-prf-4-4-row2048-col1580.fits,4,4,2048,1580,5,4,1.0,0.11473088505417803
tess2019107181902-prf-4-4-row2048-col1580.fits,4,4,2048,1580,5,5,1.0000000000000002,0.11498746049205352
tess2019107181902-prf-4-4-row2048-col1580.fits,4,4,2048,1580,5,6,1.0000000000000007,0.11664128050863648
tess2019107181902-prf-4-4-row2048-col1580.fits,4,4,2048,1580,5,7,1.0,0.10735060419627729
tess2019107181902-prf-4-4-row2048-col1580.fits,4,4,2048,1580,5,8,0.9999999999999998,0.10937641794543979
tess2019107181902-prf-4-4-row2048-col1580.fits,4,4,2048,1580,6,0,0.9999999999999998,0.10191746861357416
tess2019107181902-prf-4-4-row2048-col1580.fits,4,4,2048,1580,6,1,1.0,0.10877536120525211
tess2019107181902-prf-4-4-row2048-col1580.fits,4,4,2048,1580,6,2,1.0,0.10787838416106671
tess2019107181902-prf-4-4-row2048-col1580.fits,4,4,2048,1580,6,3,0.9999999999999999,0.1083963766470127
tess2019107181902-prf-4-4-row2048-col1580.fits,4,4,2048,1580,6,4,0.9999999999999996,0.11553492294187145
tess2019107181902-prf-4-4-row2048-col1580.fits,4,4,2048,1580,6,5,0.9999999999999998,0.12343961983253984
tess2019107181902-prf-4-4-row2048-col1580.fits,4,4,2048,1580,6,6,1.0000000000000007,0.11704885429318057
tess2019107181902-prf-4-4-row2048-col1580.fits,4,4,2048,1580,6,7,1.0,0.10927716789651615
tess2019107181902-prf-4-4-row2048-col1580.fits,4,4,2048,1580,6,8,1.0000000000000004,0.10577638420109167
tess2019107181902-prf-4-4-row2048-col1580.fits,4,4,2048,1580,7,0,0.9999999999999997,0.10472370547066262
tess2019107181902-prf-4-4-row2048-col1580.fits,4,4,2048,1580,7,1,0.9999999999999992,0.11201057829038097
tess2019107181902-prf-4-4-row2048-col1580.fits,4,4,2048,1580,7,2,0.9999999999999997,0.11363928306556069
tess2019107181902-prf-4-4-row2048-col1580.fits,4,4,2048,1580,7,3,1.0,0.11573713935589434
tess2019107181902-prf-4-4-row2048-col1580.fits,4,4,2048,1580,7,4,0.9999999999999993,0.12270470975087464
tess2019107181902-prf-4-4-row2048-col1580.fits,4,4,2048,1580,7,5,0.9999999999999998,0.12663082119907754
tess2019107181902-prf-4-4-row2048-col1580.fits,4,4,2048,1580,7,6,0.9999999999999998,0.1196722621218946
tess2019107181902-prf-4-4-row2048-col1580.fits,4,4,2048,1580,7,7,0.9999999999999998,0.10833049698284705
tess2019107181902-prf-4-4-row2048-col1580.fits,4,4,2048,1580,7,8,0.9999999999999996,0.10976485702775336
tess2019107181902-prf-4-4-row2048-col1580.fits,4,4,2048,1580,8,0,1.0000000000000002,0.1028954008098313
tess2019107181902-prf-4-4-row2048-col1580.fits,4,4,2048,1580,8,1,0.9999999999999997,0.11343099829257981
tess2019107181902-prf-4-4-row2048-col1580.fits,4,4,2048,1580,8,2,1.0000000000000009,0.11433745801147913
tess2019107181902-prf-4-4-row2048-col1580.fits,4,4,2048,1580,8,3,0.9999999999999999,0.11202954759072356
tess2019107181902-prf-4-4-row2048-col1580.fits,4,4,2048,1580,8,4,1.0000000000000009,0.11197706165391302
tess2019107181902-prf-4-4-row2048-col1580.fits,4,4,2048,1580,8,5,0.9999999999999996,0.12736114838294785
tess2019107181902-prf-4-4-row2048-col1580.fits,4,4,2048,1580,8,6,1.0,0.12302371840239813
tess2019107181902-prf-4-4-row2048-col1580.fits,4,4,2048,1580,8,7,1.0,0.10873424733984402
tess2019107181902-prf-4-4-row2048-col1580.fits,4,4,2048,1580,8,8,1.0000000000000002,0.10675956972320041
tess2019107181902-prf-4-4-row2048-col2092.fits,4,4,2048,2092,0,0,0.9999999999999997,0.14727512017816521
tess2019107181902-prf-4-4-row2048-col2092.fits,4,4,2048,2092,0,1,1.0,0.13851537682721807
tess2019107181902-prf-4-4-row2048-col2092.fits,4,4,2048,2092,0,2,1.0,0.1413305362412571
tess2019107181902-prf-4-4-row2048-col2092.fits,4,4,2048,2092,0,3,0.9999999999999994,0.14364048609798824
tess2019107181902-prf-4-4-row2048-col2092.fits,4,4,2048,2092,0,4,1.0000000000000004,0.13309333395760323
tess2019107181902-prf-4-4-row2048-col2092.fits,4,4,2048,2092,0,5,1.0,0.12475810677108545
tess2019107181902-prf-4-4-row2048-col2092.fits,4,4,2048,2092,0,6,1.0000000000000002,0.13170710578599382
tess2019107181902-prf-4-4-row2048-col2092.fits,4,4,2048,2092,0,7,1.0000000000000002,0.12976138521165528
tess2019107181902-prf-4-4-row2048-col2092.fits,4,4,2048,2092,0,8,0.9999999999999999,0.13600518080867866
tess2019107181902-prf-4-4-row2048-col2092.fits,4,4,2048,2092,1,0,1.0000000000000004,0.14763161324892782
tess2019107181902-prf-4-4-row2048-col2092.fits,4,4,2048,2092,1,1,0.9999999999999999,0.1381711949032775
tess2019107181902-prf-4-4-row2048-col2092.fits,4,4,2048,2092,1,2,0.9999999999999998,0.13442757806358685
tess2019107181902-prf-4-4-row2048-col2092.fits,4,4,2048,2092,1,3,0.9999999999999994,0.14140069551639928
tess2019107181902-prf-4-4-row2048-col2092.fits,4,4,2048,2092,1,4,0.9999999999999999,0.11729642024491449
tess2019107181902-prf-4-4-row2048-col2092.fits,4,4,2048,2092,1,5,1.0000000000000002,0.13115987514236727
tess2019107181902-prf-4-4-row2048-col2092.fits,4,4,2048,2092,1,6,1.0,0.11737448538332337
tess2019107181902-prf-4-4-row2048-col2092.fits,4,4,2048,2092,1,7,1.0000000000000002,0.12678085598600206
tess2019107181902-prf-4-4-row2048-col2092.fits,4,4,2048,2092,1,8,0.9999999999999994,0.14000274283360226
tess2019107181902-prf-4-4-row2048-col2092.fits,4,4,2048,2092,2,0,0.9999999999999993,0.13525521759902037
tess2019107181902-prf-4-4-row2048-col2092.fits,4,4,2048,2092,2,1,1.000000000000001,0.14369201489273542
tess2019107181902-prf-4-4-row2048-col2092.fits,4,4,2048,2092,2,2,0.9999999999999996,0.14029851464334903
tess2019107181902-prf-4-4-row2048-col2092.fits,4,4,2048,2092,2,3,1.0000000000000007,0.13460000260517416
tess2019107181902-prf-4-4-row2048-col2092.fits,4,4,2048,2092,2,4,0.9999999999999998,0.13194128648808995
tess2019107181902-prf-4-4-row2048-col2092.fits,4,4,2048,2092,2,5,1.0,0.1279771008425318
tess2019107181902-prf-4-4-row2048-col2092.fits,4,4,2048,2092,2,6,1.0000000000000004,0.1290510163285284
tess2019107181902-prf-4-4-row2048-col2092.fits,4,4,2048,2092,2,7,0.9999999999999993,0.13147418042455195
tess2019107181902-prf-4-4-row2048-col2092.fits,4,4,2048,2092,2,8,0.9999999999999999,0.12999300323828022
tess2019107181902-prf-4-4-row2048-col2092.fits,4,4,2048,2092,3,0,1.0000000000000004,0.13556288801977823
tess2019107181902-prf-4-4-row2048-col2092.fits,4,4,2048,2092,3,1,1.0,0.14004699227123862
tess2019107181902-prf-4-4-row2048-col2092.fits,4,4,2048,2092,3,2,0.9999999999999998,0.1426555739366635
tess2019107181902-prf-4-4-row2048-col2092.fits,4,4,2048,2092,3,3,1.0,0.13926302913306537
tess2019107181902-prf-4-4-row2048-col2092.fits,4,4,2048,2092,3,4,1.0,0.1310832589279339
tess2019107181902-prf-4-4-row2048-col2092.fits,4,4,2048,2092,3,5,1.0000000000000007,0.13417101169692866
tess2019107181902-prf-4-4-row2048-col2092.fits,4,4,2048,2092,3,6,1.0000000000000004,0.13076138721855543
tess2019107181902-prf-4-4-row2048-col2092.fits,4,4,2048,2092,3,7,1.0,0.1346091985477415
tess2019107181902-prf-4-4-row2048-col2092.fits,4,4,2048,2092,3,8,1.0000000000000002,0.13291773755356642
tess2019107181902-prf-4-4-row2048-col2092.fits,4,4,2048,2092,4,0,0.9999999999999998,0.14019791629485137
tess2019107181902-prf-4-4-row2048-col2092.fits,4,4,2048,2092,4,1,1.0000000000000002,0.13411989972881072
tess2019107181902-prf-4-4-row2048-col2092.fits,4,4,2048,2092,4,2,0.9999999999999999,0.14260124757393516
tess2019107181902-prf-4-4-row2048-col2092.fits,4,4,2048,2092,4,3,1.0,0.144503393456202
tess2019107181902-prf-4-4-row2048-col2092.fits,4,4,2048,2092,4,4,0.9999999999999994,0.13400135466993257
tess2019107181902-prf-4-4-row2048-col2092.fits,4,4,2048,2092,4,5,0.9999999999999998,0.13262177844112452
tess2019107181902-prf-4-4-row2048-col2092.fits,4,4,2048,2092,4,6,1.0000000000000002,0.14106817889566295
tess2019107181902-prf-4-4-row2048-col2092.fits,4,4,2048,2092,4,7,0.9999999999999998,0.1357662932085907
tess2019107181902-prf-4-4-row2048-col2092.fits,4,4,2048,2092,4,8,1.0,0.1330025657466231
tess2019107181902-prf-4-4-row2048-col2092.fits,4,4,2048,2092,5,0,1.0,0.12818250854146457
tess2019107181902-prf-4-4-row2048-col2092.fits,4,4,2048,2092,5,1,1.0000000000000004,0.12865216351809997
tess2019107181902-prf-4-4-row2048-col2092.fits,4,4,2048,2092,5,2,0.9999999999999998,0.1412769975183413
tess2019107181902-prf-4-4-row2048-col2092.fits,4,4,2048,2092,5,3,0.9999999999999994,0.14192370676970317
tess2019107181902-prf-4-4-row2048-col2092.fits,4,4,2048,2092,5,4,0.9999999999999998,0.1282191901032309
tess2019107181902-prf-4-4-row2048-col2092.fits,4,4,2048,2092,5,5,1.0000000000000004,0.134463356407481
tess2019107181902-prf-4-4-row2048-col2092.fits,4,4,2048,2092,5,6,1.0000000000000002,0.13258213088951346
tess2019107181902-prf-4-4-row2048-col2092.fits,4,4,2048,2092,5,7,1.0,0.13640529134025994
tess2019107181902-prf-4-4-row2048-col2092.fits,4,4,2048,2092,5,8,1.0000000000000009,0.12904781522738767
tess2019107181902-prf-4-4-row2048-col2092.fits,4,4,2048,2092,6,0,0.9999999999999997,0.12359222378813443
tess2019107181902-prf-4-4-row2048-col2092.fits,4,4,2048,2092,6,1,1.0,0.129694305222164
tess2019107181902-prf-4-4-row2048-col2092.fits,4,4,2048,2092,6,2,0.9999999999999996,0.13513430308901744
tess2019107181902-prf-4-4-row2048-col2092.fits,4,4,2048,2092,6,3,1.0000000000000004,0.13296897203331676
tess2019107181902-prf-4-4-row2048-col2092.fits,4,4,2048,2092,6,4,1.0000000000000007,0.1184613080575719
tess2019107181902-prf-4-4-row2048-col2092.fits,4,4,2048,2092,6,5,1.0,0.12742876256255153
tess2019107181902-prf-4-4-row2048-col2092.fits,4,4,2048,2092,6,6,0.9999999999999998,0.13642881500496565
tess2019107181902-prf-4-4-row2048-col2092.fits,4,4,2048,2092,6,7,0.9999999999999998,0.12325407813514118
tess2019107181902-prf-4-4-row2048-col2092.fits,4,4,2048,2092,6,8,1.0,0.12165943929735298
tess2019107181902-prf-4-4-row2048-col2092.fits,4,4,2048,2092,7,0,1.0000000000000004,0.13113408838992685
tess2019107181902-prf-4-4-row2048-col2092.fits,4,4,2048,2092,7,1,0.9999999999999997,0.13163058572466196
tess2019107181902-prf-4-4-row2048-col2092.fits,4,4,2048,2092,7,2,0.9999999999999998,0.1305008907686993
tess2019107181902-prf-4-4-row2048-col2092.fits,4,4,2048,2092,7,3,1.0,0.13794034829421714
tess2019107181902-prf-4-4-row2048-col2092.fits,4,4,2048,2092,7,4,0.9999999999999998,0.11543006661623452
tess2019107181902-prf-4-4-row2048-col2092.fits,4,4,2048,2092,7,5,1.0000000000000007,0.1269593760359551
tess2019107181902-prf-4-4-row2048-col2092.fits,4,4,2048,2092,7,6,0.9999999999999998,0.1298937022450376
tess2019107181902-prf-4-4-row2048-col2092.fits,4,4,2048,2092,7,7,0.9999999999999999,0.12537059054799615
tess2019107181902-prf-4-4-row2048-col2092.fits,4,4,2048,2092,7,8,1.0000000000000004,0.13053901104973897
tess2019107181902-prf-4-4-row2048-col2092.fits,4,4,2048,2092,8,0,1.0,0.14283856790378122
tess2019107181902-prf-4-4-row2048-col2092.fits,4,4,2048,2092,8,1,0.9999999999999999,0.1426050287000071
tess2019107181902-prf-4-4-row2048-col2092.fits,4,4,2048,2092,8,2,1.0000000000000002,0.15158287601647044
tess2019107181902-prf-4-4-row2048-col2092.fits,4,4,2048,2092,8,3,1.0000000000000004,0.14562505692721545
tess2019107181902-prf-4-4-row2048-col2092.fits,4,4,2048,2092,8,4,0.9999999999999996,0.12440852083343462
tess2019107181902-prf-4-4-row2048-col2092.fits,4,4,2048,2092,8,5,0.9999999999999999,0.12215668950715722
tess2019107181902-prf-4-4-row2048-col2092.fits,4,4,2048,2092,8,6,1.0000000000000004,0.13494986494626549
tess2019107181902-prf-4-4-row2048-col2092.fits,4,4,2048,2092,8,7,0.9999999999999996,0.1348002527008344
tess2019107181902-prf-4-4-row2048-col2092.fits,4,4,2048,2092,8,8,1.0,0.1396928586333068
