split,truth_ordinal,truth_id,active_epochs,baseline_candidate_cells,disk8_candidate_cells,disk16_candidate_cells,disk32_candidate_cells
historical,0,c8b740db7c301e068774c44d6e1ee14af8c6afe3957989c07735b0f550f2eb41,0+1,5,5,34,129
historical,1,27c0ff7ddc442314197a3795ec2e6c82934c2b8854c31635608d569ced590308,0+1,9,9,34,100
historical,2,3106f8bf72c1f7140cdd9ea9681c39149b305ab93fd3ba3286725de33508c511,0+1,0,2,28,116
historical,3,4d1f0c05f34235153e5b850cb2856ee63d06975d4eb21533ecac5c9beed16912,0+1,9,9,26,120
historical,4,67012809d9227fc8aa8bed37d1b9743d74d0de3b7a1883222d0650e1969accfa,0+1,0,8,26,132
historical,5,2323ae03589ef3de36fae9fbcf5267098224b1ff804bd17e4aa5a2e2f8fef983,0+1,0,5,26,133
historical,6,8815f2bf5a638c8354a88eb102aa940af8d5ad2722c03d6c0d91447d0ca75b02,0+1,0,5,18,86
historical,7,3530047b0f297b5221b8b350b993170dfc84c502968e08b4ac65864a8933f360,0+1,0,21,40,126
historical,8,72b6992b7b3ae7b6710ec207de63682b3fc34a7c81cd96d5e97955e575a743e5,0+2,13,13,25,62
historical,9,c1d1d101b182bef21998df9f9cc00f1eaca9e2e35f88d0fc166a708e8dcda08d,0+2,0,12,12,47
historical,10,253fcbb81d841235fb30635666546083df43703fca5a08fe7a9dc0ebbbd6c9ce,0+2,0,4,13,49
historical,11,1f2b9fd8f76ca3eeb55499e14e4af242bbe5c44256756d9122678b5dbed80dff,0+2,0,10,14,48
historical,12,691f1b093ffa3268df47ccce93f4c2e69141c544fc75f45d3833c03bc2a2070c,0+2,4,4,18,56
historical,13,f56f32e3e8d59aeec8098bf11588ec9b8ed945b4614e1d7bea36086fbb5f3624,0+2,0,0,13,46
historical,14,f276d82bcf7f379ec4326f4cfdd9f2bc8a2d803f3610a46e832468d7473bc106,0+2,0,2,10,47
historical,15,479480af33c568e607ecf90230ebd0e07674fa6b46d78e4013cbd31f3af47eee,0+2,2,7,14,49
historical,16,d08d826fab861c3ccd5da17ffaf3ce4daafcf2dc4cb9c521c6037b2c430f1277,1+2,0,0,22,107
historical,17,c530054584eaba3f8a60927ed4f37f2e34a9447a6f00d19d55c5fa594bcfea38,1+2,0,10,32,128
historical,18,ea4a37bdb55ee408131802dbeb4176e899d6c0ea9b5a428bead01079fdd96401,1+2,12,31,46,138
historical,19,4c355242e97d863af790a5d1ef0810addc3c7b7e15b6f51ed8c0c5cc80e8c0bd,1+2,0,7,31,129
historical,20,cfd2fd07096c330a6c6bb6ff1aca9cddba23d91ed207d44f8cdee072611a3484,1+2,0,7,31,126
historical,21,fc9ae2e89d689c6e30037b53f67a8388ec3089327911a48eab1e61bbde6c3828,1+2,0,11,24,103
historical,22,da5fc5e6be52019ee4ba9e04f6fad34a1a6756be2116f73c9480f39e52a11cb1,1+2,0,0,32,129
historical,23,b2074ebd2f8925b1bc88d0ce448698d2bb72b786ade1dea2beaeb5489014cf2a,1+2,3,4,37,131
historical,24,2a19b2653ecb873c5eb24c78ffb2eb10d52389d2f608cedd7030e4a48ec54fb4,0+1+2,5,5,18,45
historical,25,7d4b3dd70f1ea3b47f41d2ea9e84a302ebe257e21d40660bccd060cfa377d115,0+1+2,0,3,9,36
historical,26,79108155d8643046279f483e50b55e1b9315f039b5239004e8bded71698b6ea5,0+1+2,1,1,9,37
historical,27,57fff066326a7df14fcf013e0506c9666912c969f2cd2eb0fdf13bf585e72ed2,0+1+2,0,0,8,35
historical,28,74ad53fe4e06c90f6610e2b147b7081117c9a7b48dda5a64cbd73b39eaaae0c0,0+1+2,6,7,19,46
historical,29,4f3eb95ceb6254b2ed66c2384cd84de053745514b6950a476975820c96f26e7d,0+1+2,1,7,9,37
historical,30,ad7604d0768dc4419c0f5a9a2eb9627e2432842e6770213964cead63daadb0ed,0+1+2,6,10,19,45
historical,31,46c9d2e726ce5db16445ef1aa84873cf039058ac08d8eac4f76b7c974ec69564,0+1+2,11,11,21,47
historical,32,53e9fc19b81568dcfb2807d7c0be605f937a634a9d322c2efec08632a9b7f457,0+1,5,5,32,101
historical,33,6bc47007753b0e7beb0dda82df9f31cbbcd3ce9c050f1b37562679831e705a66,0+1,4,15,30,135
historical,34,55c7299ebff79c502ccf8e78829aac9803dfd8220dce470a577fbcaa9a65384c,0+1,0,13,24,120
historical,35,6e5f64041754f7a6ac9740bac6d30685b8b3c37c2262020b5d98f6ee9b5bb372,0+2,3,4,16,51
historical,36,79367610a20f3502e872cfaf0deabf32965ef4ae1d381c80d42aa09cf9965edb,0+2,0,0,14,46
historical,37,577259e56adea31508b58e19562d54acc1382d0f7b41b408c0d4f82b75c0fc05,0+2,0,10,13,44
historical,38,f8780c37954023ef4665652ece945a91826adfb1375d535d597360840558620a,0+2,0,6,11,49
historical,39,69b6e1270bd62d908422e4484083b908df9ddb4f303643b583f46d3f12b58bfc,0+2,0,0,7,48
historical,40,bc6518a0df997914e8570a5ac8d47d229152175f70f8a9d135a5af30bd55f8a9,0+2,0,0,14,48
historical,41,eda5822a797b86e8063ef96a8c77438d4b340a83bcb53ead2379123cf4dd61f9,0+2,0,0,11,51
historical,42,354b61cc3d501d72fc03d6ab918d43c8acebd9b3c43816b4247e18e8e9fe24d4,0+2,0,1,12,42
historical,43,b21db8164b0cbb3b771c64fa5e43fccc1f497ed96bf49ec9a29bb36a3ea1663b,1+2,0,0,32,126
historical,44,0f29a34c80a9e5bbbf0ae902a15b361a4a3a08aff9770a191770858d4389902c,1+2,7,7,41,139
historical,45,450c2401e7655344c76105978f612c1231b2bdce3f1b10ca59e05f000ae36250,1+2,0,13,34,128
historical,46,dbc710bd75ec4920f0ba35c279425b61c8a26bbc4a38c760bc4654864435cc0b,1+2,12,26,43,131
historical,47,b9f770e5cbe976fe42c4206072ab123b2045af4acf3130f2bac44715325f7777,1+2,1,9,26,119
historical,48,1c6bcf725f320037669b7c07b77c378b9307bd3953b7dd6dc5cc9769edd8ba0d,1+2,0,0,33,130
historical,49,09d2d0fbfb505c99ba3d2c61f4709650a3e3bd18e58e225f9315c08fcc4487aa,1+2,0,9,32,128
historical,50,28cd21d5b3f6fc06cc42d4b654afead534208993e28ad714f0d49d051046edf2,1+2,0,1,31,122
historical,51,94448e3305d38026ebe55ea823a794ffa8f3f91d759629c725df2ea4b32759e7,0+1+2,0,0,6,37
historical,52,816e33c8b5e66be92e816708f13ddcf141055c537a5c1072022796f5beb2bcf5,0+1+2,8,8,14,41
historical,53,d405839923501282d6b1b92e5dd1b09d6a34e13bf697e47858b987bb8945155d,0+1+2,0,4,10,37
historical,54,e8396c22de440389cde880d076842c92945fd9dd309d71ab22661b2033bc7c95,0+1+2,10,10,19,47
historical,55,496824196515b36deac3904cfea1dca7a590c5aa3d28d76ac825cc3e57112175,0+1+2,0,2,13,38
historical,56,9225ce911ee7d39dc38e806f1827dd335ab9c3f87f96b4a2c052b00ee9b56c1e,0+1+2,4,4,17,41
historical,57,af491452bedd374139c5fdc4dbe388f20d1f3237eaa8a7ab7b2d1465f0688c97,0+1+2,11,11,24,48
historical,58,039544ed4382d75be734bf5cb2a55574b9fbc9691f075d3749cd56f5fd06aa4e,0+1+2,0,2,10,36
historical,59,fa1b0e1717f61ec33a6572aecef1364ad528ebbdf539924947a63469287a475f,0+1,0,16,34,121
historical,60,c3d11cbbc03619a6128ebffb3b4c18dfe6ca4d6604007ab05a7e769fd402fd5d,0+1,0,0,35,116
historical,61,fb99767168d0bfa954f796103ce879ec4941f01b60a772210851765cd1f47981,0+1,4,6,29,114
historical,62,5e4835e7b7675ccaefa4c7b78220cec2e089c31b06c84402a6af63379c9da567,0+1,0,13,34,95
historical,63,e71db54801a0fe08bdd38df515d1b3b5c497a7d84ab7c5b741f33b4ce6ff3f37,0+1,10,10,40,124
historical,64,72737fa7b30f52fe0c6305d622b7bef6d5b890bbd8edc1bfca54cd10864faacf,0+2,0,8,12,49
historical,65,0a2aae7bfc3c72c5d345d318f488266845feaac9ce63e5692b931cda9daef369,0+2,0,12,12,47
historical,66,ade27625fdb90ebd38cbbf12bb36ddf6636afcdf50d492cd63bc10bae8f7a121,0+2,0,0,10,45
historical,67,0d2ad03f069c864e85cdccd1b64ed7aa3dab6cae0890eeb1b46405b04aecf9a7,0+2,0,4,13,34
historical,68,981eaf4e4048beee1fd0259c77a0519af846226db27e5830a946c69b77d2a53e,0+2,0,5,14,46
historical,69,45e3354a6e37bea9605820830d603697516826ecb0bb77c5ca4678a6d41663c4,0+2,0,0,8,46
historical,70,c2f2de55c076a847fa5f34e59c882ea725d6cec999674a108c052cf6c7e204fe,1+2,0,7,29,122
historical,71,d439f0b5d97b030016ed8e12267c25f99e7dfaca15d2505ec9ed7de1dd51a490,1+2,9,30,43,138
historical,72,f9285321611ef4ad7bfb5cdd1564f2483d2131dca4442f5f51540b1c22612d16,1+2,0,5,31,125
historical,73,d025a162fb3aa683ed785ea0d3894a3e9191fb1ad969a202aed5e7f180fe1bc6,1+2,1,4,32,125
historical,74,728100d1f1c2ce51f52dd858190401edf39439b9501d228217e3ac5638d6b446,1+2,0,3,28,117
historical,75,c79ea63276ced4b7ff136dfd462cced633734d4984e24754023b9531bb01110b,1+2,2,2,35,131
historical,76,b948b9a517d2ab65b4808340b65a1f0883b2a8d55776881537c84c81909eaf45,1+2,0,3,33,118
historical,77,115d60fb75d73c62610340375149cf71c3fc7b21017dc8271f03ecb4a29e25b3,1+2,0,1,24,101
historical,78,67fab61f7721825f92ca23579495a603da2b1a89087c2e4eb8d3a27d87233ef4,0+1+2,1,1,8,37
historical,79,77a77cc527c366c92c87ed4d88a5a17b0ffc103e66db5a9f49a723da18b74bc6,0+1+2,7,7,12,46
historical,80,314fa59d5f40a3fa7cfa861686ccf2a06671bb2c7195dc5eaa3a84bd70ac814b,0+1+2,0,7,13,37
historical,81,f440f1f0c614bd99663be5b5fc8bfc820ca83890f1ccb2198df487340b65e117,0+1+2,8,21,21,47
historical,82,541a756e98fb714af730ddc3acd8e173cc3d259baf53e5db8b7a2063703d4110,0+1+2,0,0,3,37
historical,83,2fced79b77bab97061aadd66ca54fcf05a69886d3739adef27fb51d83a004fbb,0+1+2,0,1,7,37
historical,84,a20e0ccb3ecb72729e767ff1b286b4b1b5d39ea3e2220d9b9555c49e4ce02c3c,0+1+2,0,0,14,39
historical,85,f9a2b9dcfce56d9203bed7b3ad527348b95b0e19b00e7412a3a52ae8d3b4e326,0+1+2,0,5,12,36
historical,86,3bb11eea419adafb1ce07af8536c4eee3e727832de3414066070781613d14ab8,0+1,12,12,54,137
historical,87,00adf600b1901825842859d008ffb0165981266db430d0b05406325f0d6da916,0+1,0,11,31,110
historical,88,692f65d0d2c0832c479550b15ff0a269a8cef98c3dfb4f1d7bd7ca1492b47a02,0+1,0,0,27,115
historical,89,3c6a5107e9e7693901c0fb90f9936ab680b1af993f724e239169f4b298dc7ed9,0+1,12,21,38,120
historical,90,f6625c9d31159df94b3f81ad6640694b2725d5e2675f76a2831401135c422634,0+1,0,22,35,120
historical,91,4f0b1ffaf7fe12c4e29f92c7d91410c84064933b23002a3d957663072a3981b4,0+1,7,11,33,117
historical,92,d764cd52698d50fc765c7db96ac7665f09cf89d50372a5b60706196ef915871e,0+1,0,13,34,135
historical,93,9293805372775c69228cafd884913cd32046b49563e42b159cb936f580ccada6,0+1,13,21,32,106
historical,94,ad3b540b21872aa935e8cf6716a4e47cb249d9f661efb84d9b765bab2214ecc6,0+2,0,0,11,47
historical,95,2bf040140d1794c5bde3190aea601e7c543dd9b030ca4f8350e0d82aed3efa72,0+2,5,12,19,50
historical,96,7cb85edcaa86352d04956c0cf2d2cba25cf1be9a08aea1c3112abdc3e7b70d98,0+2,0,0,13,44
historical,97,56b1112f63f3fd07576a4448aed57768b10a8989f6df993d36b856319f459f3c,1+2,0,0,31,124
historical,98,422a7feeec5a1f4e5f1929ca28cd101d7e86feb83612ef6eb1b3e3245e61c7a5,1+2,10,11,34,85
historical,99,a7fe387ed770137b8bb4649807c0785d88b447b2c42d641a9c6b84dab7514446,1+2,9,19,37,119
historical,100,91e323b0570546b4b5b4718047fc6b930de913a1b1a4a061605b8e9d3543f814,1+2,0,8,30,116
historical,101,aa57f269e92d0e85af636c0dc841621d15fd81aa483baf5248b03ffa51241082,1+2,0,7,26,117
historical,102,0384da9e4cfe06d04f5abdf5f4e0d082292537be9fac98c9a512dfd301dcfe14,1+2,0,4,30,117
historical,103,01f33b3decba851c5be3c8c8393869234eeea27135f53a357d8c0df0ccf9b758,1+2,7,13,30,99
historical,104,50c0ac35204729b1180e3433e868472ac374c4c23d1942139ea4420cc6a7259c,1+2,0,6,21,108
historical,105,9dff31aae773bc9192bfac584a133dd8072c7856ca9df029019c31840ebfae0d,0+1+2,0,0,12,38
historical,106,a5b3433b6271c3609e39fc9f3233a196fa1ec57c1b17c11130eaf7c6965ad277,0+1+2,9,9,20,48
historical,107,ac8960f814812a246f4a481bc7089cff2eee7bb5741e2c67c342aea2c7c21904,0+1+2,0,0,5,38
historical,108,511d844801d730cd141df166f59c19a2e88b903c8214afec317f21d182453f35,0+1+2,13,13,17,47
historical,109,7cfddeaa2fcbd2b1a4a84a7889a0100e129e9e3abd880c887e2b95f15d5d9c32,0+1+2,11,20,21,47
historical,110,24e7e1a96b94d91d330db76045df056622633bac347fdf6381d0ef6b3c09004c,0+1+2,0,0,10,37
historical,111,5967a78654b376d9a201952580200ddbb1b1008b334d929b86b45c92065ad3c4,0+1+2,0,9,9,36
historical,112,f1511091d90565ce42aa0918b654c43afedae08a7515e50cb540e93e1d6b7575,0+1+2,1,2,4,34
historical,113,697dab3b266402f2876f61718b2c0e889803bda43d1d87be00aaea506ff148aa,0+1,0,6,28,125
historical,114,33195dfc79c9349b28488ad032b9dea2de7b11c2d8ba74355d5052965f88a569,0+1,0,0,40,123
historical,115,1303ee63148e62fa605ffd62ff2006f45a901aeed89bb5ce39aefcb275551d3a,0+1,0,5,28,126
historical,116,9a019c1c086cfea653a942ebdd05788eae9bf9f606d20ad2beb3e3765692c77d,0+1,1,1,35,118
historical,117,e1fc2bffb9a82d7bcf70fc0278fd328c938dd4fb639e7022a8f8f0d241d6cb66,0+1,0,21,31,116
historical,118,634ed64d056c2034d8b6308b5b12faf80737c3f6f322c9c3ac1dffab379abdca,0+1,4,9,31,126
historical,119,0496ba84716b513d485df89f82249b0fa1fda1cdfaf84440cc9026dc6b04509a,0+1,1,4,24,125
historical,120,773e74e873d4e4fc6f51eb6b4e4993cdf8f77e40d3193e0485bdaeb5f4b4f70f,0+1,0,22,34,125
historical,121,5fff1a25a4660298e02c6d28eeda9c9b9177077be4c0b82efdad4af617799da3,0+2,0,0,12,47
historical,122,b0749879e9fd1600b0afdb39fcc2a55840d387a7a928a49f7f627404d370114a,0+2,0,8,13,45
historical,123,6a0ae04d68ca8ac5ff74a5ccdbd21df6ea60fa3709414db38fdabc5912b436a5,0+2,0,0,13,42
historical,124,68957b5d565858b752804213d1f53025c5deb338eee32a641ec98c3c28ada267,0+2,0,6,12,51
historical,125,f500f42d1eca5ac2947a5177b3d57d6a366fa349e4840c586b75260ca15240f7,0+2,0,12,12,44
historical,126,105eebde8a3abb11c7878e7f6e274ebd363417e5a0292173b72a20a79e173162,0+2,5,5,17,53
historical,127,b059b7d383b7207fced5407417df63ccc66de3766404723b06b7fb623f64dfc2,0+2,0,13,13,44
historical,128,1d5bc08ea1eb95246ad47c373ef7500c3b44a98fba4cb384fbcd1745099c0ff2,1+2,0,0,13,70
historical,129,b045dbe774dc5fae9bc2155afe98207441bcd8139b1598586e12540c6f044533,1+2,0,0,31,105
historical,130,ed5910b28ce5f8412e49fe6ba7928065b8dc39cfb96a117a2ead04d1fb558f83,1+2,0,2,27,112
historical,131,d1e852806ee0dca1914140ec5a6e605b75c5f809378c636123b50f7506ab715b,1+2,3,3,27,119
historical,132,a6b70f80b8b27ae75a106b3b838be2d75b4393b747da1d2848a75a1688fadccc,0+1+2,0,0,8,30
historical,133,cc9c162f17a1f139d355fef1247cf5abdc9d26bafed9fb9b3cd820725738f38d,0+1+2,0,5,5,33
historical,134,4d7d4d9ebeef9fb63889591703a22b2fd7c90bec7d44037e8e164380a20a3bd8,0+1+2,0,0,6,35
historical,135,6af92d2c8dcac3f308b5a29d3d3db7131a51e45d8f7a78c1db50947c7e8f7f6f,0+1+2,7,7,20,43
historical,136,2a3a2136bb205f74eed4cf41522309619aff073f7fb8f3200d4a97ccf8039410,0+1+2,0,3,9,38
historical,137,417bee674098d134cde946ec90282661b88d0635fd1133e825c40e3583181b5e,0+1+2,0,10,12,39
historical,138,c41b20d79185d5294e662d37456da1be7e3e720688802c137540b0f720c30e59,0+1+2,0,10,10,35
historical,139,3d27f3c0658fb8964e0aa65ef8f6d2ab969c87b1b67e94c051e27268e7d460f4,0+1+2,0,0,13,38
historical,140,8838e73622ac562977d08c00d9ce0b77e46153b7d4b43d5e7476b1688f3e1689,0+1,0,2,27,108
historical,141,0c9603857004018721f7362ff9d37df297b7fdcb97b82ad530087ff21fa7a529,0+1,11,25,36,119
historical,142,cb65a12e67126a414b57c5aa07cc510015554f59b924c080c8af5df87f422015,0+1,0,5,24,111
historical,143,81afb44d93293da3860f0a1b888fd54a1c0774c2afb027790347bd3fb9edaea5,0+1,0,7,26,96
historical,144,6e330f942e9dc8a52cebc2fdc6fef2e34f21d2879c93744ebd566b1f1b514a51,0+1,12,22,36,126
historical,145,85d0172d1611c884dd9b84b49994c7e0d2cb57cb01b7265f375bbdab0f5a8de1,0+1,0,0,29,115
historical,146,e4f4f91de33c82fb271847823b9143f5aaddba27d02e969e5c2b34df3e915725,0+1,0,0,34,114
historical,147,cfa1698c44d3bfc9f2901769f84bf3e883334ec09a1f91264ae4d00e61fbba47,0+1,0,15,25,111
historical,148,437ba7cce210db3fb4c87beb311bee56ac2c29ed737db7bcef40daed3b742676,0+2,0,5,5,37
historical,149,b766ec5e8dc2127286ace4bac5fb0ff1cd873d5e93f94a1261840d31f75530b7,0+2,6,16,17,49
historical,150,e0ab8e3989c544ecb145b6d31392c67c7b117800b05b58633c7e4ea00184bc5a,0+2,2,3,9,47
historical,151,ecf13519795930dfdf06c0fd223a419a0d6ed59a70e3f44fd02e70865d96d0d1,0+2,5,12,18,51
historical,152,76206e4395b5aa4dee9ad103af5b7a95d37dc2d332a1ebd9634d1597e5eb8ec1,0+2,0,7,7,46
historical,153,e0ecbb5e99f976c438f4558266cc67b77395c6771588104c26593939782fab7c,0+2,0,0,12,52
historical,154,c6a8fd5cbd022be2ade1d3a0f7910b4caebb3192b6ebff5df2c90c593891038f,0+2,0,0,13,45
historical,155,e86768bef589d5708cec545cf02466cd88969ba2e958028368246ad63f677ca4,0+2,3,5,16,48
historical,156,a674543e8540098488dbb9b99e8310a210d3aa0e530464561d1a2ddaab8137ef,1+2,1,1,26,114
historical,157,bf4b0e2f0216d1aa6d16d91d2085575abc701107b60e260078ee8aed91d53aec,1+2,0,20,33,119
historical,158,b63c1f82164fc55fb7bf94f6ae8e5fde3127cdfb769104c88926cda11bdd30ad,1+2,3,11,25,110
historical,159,be58f25c36bd4f0bc2e766e004476ba234f35062848fd2a1f4f9f24c16c74fee,1+2,0,0,24,88
historical,160,f5ae44189fa84d25bea9d90a46c297aa09d1075623c9f1ad0085827b4ece2abc,0+1+2,0,0,10,37
historical,161,9f8fe1517336a462a168dadb7f261c83d6b80e1f15e1a31f3c8de50e28da8705,0+1+2,0,0,10,36
historical,162,d2f6dd570bc18a4edc197034749ef581a07f4eee82ae364bd665fbbb2f271f42,0+1+2,4,4,7,41
historical,163,e0818bd513c8c4a0629fdaf7c55b5c7f0b347a00ce28d2a4ba07cb8a90b4cb4f,0+1+2,0,0,5,32
historical,164,afd43321fe42f63885e030cf23e2516d1c6a377d678ee10bfb6a05e5932c55a8,0+1+2,0,0,13,33
historical,165,8ada3633196cb73d597cf269524f5f2cc0c41123013e0d89b4516649d3b129df,0+1+2,0,10,10,30
historical,166,5787323558568c7bcfb3252c75b006390975ae83fbeeed848a27530ea28a88ba,0+1+2,0,4,4,35
historical,167,e6ea3c8ad95d73817070db11f72a5e47ddd654edb0dea0e69c3c3084faa8ccbf,0+1,0,15,33,109
historical,168,83b7471cd7b59fda3990fdd208c612e6d4e099a2c93f3afe29179e3d24fe7d94,0+1,0,15,26,109
historical,169,5cfdc648c6701211f9feed303b4e38c31a612fbee03e56a9df2b6a3e903316e2,0+1,0,8,19,74
historical,170,6d6d9d891b8f84e5bbb40a5f8d734020b284b7ef2021214680387be668763b1a,0+1,0,3,25,108
historical,171,9200451fa36a546d1012f63d27eabb285693492a83d3f059c947e27439195fc5,0+1,0,13,24,102
historical,172,28b624a51a0336d67d81584776701df76cc0739eb93a2cbcb669e81d3a29712b,0+1,0,7,21,97
historical,173,ca8f70e3580ebf52510935f6d1a30b05d9537bb87b5fd365affd88d61a993b32,0+1,6,15,32,111
historical,174,2db8f46b6a6a70012ced93f049e1c86aa716feb0bd6f24966621692b722186a8,0+1,0,2,29,116
historical,175,02898f68a628a73fa7cf84db714dc956d2559b5f0d8ee0726349e475e404ff52,0+2,8,8,18,55
historical,176,7aab0340e79d1818bfb6ea136fe05abecf155cf88fa35c186de351220c08b8a8,0+2,0,1,12,42
historical,177,a5fe13f282ebefe6f4edb082086e7f7b2d5eaf0467287ac5bd45946c180ac8c6,0+2,0,0,14,41
historical,178,0164349541611f07bc0d0b5f58233225fc511907ad1b4e28ecbe52c42d215823,0+2,0,6,6,37
historical,179,a245985ce7278ae03949031d13011923a7569b50cc541b51ade709a86420f765,0+2,0,0,13,42
historical,180,ee2c3b98f8c8e97eb3b3891cd017d2c91d4055b4274b79e825eb84dddf7b9a61,0+2,0,0,6,46
historical,181,ec2a3771f6340fb7763e23b7fef3d3ab432c6d0b46ab022023b13da9457258f4,0+2,0,0,13,40
historical,182,3154d98ec29cc4427ccdc3eca6d2a163bf7303266b1b12fe0302941833d67a8d,0+2,0,5,11,44
historical,183,c8e3b0b6d4eecd15924368f74393962c62467d0d751af35e0b35d34b75af20f7,1+2,0,0,21,106
historical,184,9831222a133a0b2b5b9021ed8454d7f7daed59a829e241f10163a0d4747b3f38,1+2,0,9,30,102
historical,185,5d911a6e2f228dba6584cfc82de085517999d477a36d02954a3556262536e033,1+2,0,10,30,103
historical,186,8c62cdca780294ace46641a6b82f6d947b95dd800bade174bd6b155baf8caa3e,1+2,0,10,32,113
historical,187,406ca95a14dd8d38efb9f912de868fdc378fc2adef38c84fefc2bfd9da114159,1+2,0,0,24,113
historical,188,c18475f3aefb4527a4af27def910548b4857f95966e9f92a69a84278af48d25a,1+2,0,9,21,99
historical,189,7c9db0a1cfff24d8beb21e2bcc79fb7c82b7e3eeaec8295b52a6af39091c62ba,1+2,0,8,11,68
historical,190,a3a6866986e3efc2a8939aabe10c4f4b75fd8ba62d91bf74a5619820d25c2096,1+2,8,18,31,104
historical,191,6b503b0664882bd537b3e86e130b813d018636e57714da8660a4524e8b30d884,0+1+2,0,0,13,39
historical,192,b977e852efac8a2f759f1a3dd63a9d897b83e7f2d34454060e9240f2bbf86960,0+1+2,0,0,11,36
historical,193,a3b8208825bf516a98ce91e113262ee46ee274f0a9e14c41905b3e0cb226c704,0+1+2,0,5,5,33
historical,194,6c00d6eb62ab0e36d647e59eb3190f7948ed5fe8190354c8e9d202610d074f32,0+1,0,0,30,116
historical,195,b47822ef070f7c6df492b2002df81f13bc039ad0e8f32a873a6ec75713831900,0+1,0,0,18,89
historical,196,0f42f392d34e6a2a48dadf7fd41a590f1d5c7b3995eeff13de693c14db03d1d0,0+1,0,9,23,120
historical,197,c7e884ab0860a844aaf728ebd3c1ff49a391cf170372ac81f2fc55f8f89fbe30,0+1,0,1,27,112
historical,198,c678dd9120df3b85c90dcd810c7ab58036e67acb8e53407ca8d7e3e433a73c5e,0+1,0,14,32,111
historical,199,295e3320b871cdd97191cf009a4c294da0150e8994545a90388fdb4836338c95,0+1,0,4,24,109
historical,200,4584b0bc0c8fec1358f6fee112a473028af4152f2643fbcca5cdadf03536a3e7,0+1,10,17,28,100
historical,201,eec9c63af27bed3ca62969e61660ccb6ceacdf27f107da3a7e98b34eade56366,0+1,0,7,25,112
historical,202,69d8225de0af18ae707bf0b8936702c74b9253639db634eadafa7fb0a6a9fce3,0+2,3,5,15,49
historical,203,f3bf36028b5509327590189cd3e4c71f3c47dc5c399c742611d898103082524d,0+2,10,10,24,53
historical,204,224c1a756047f3ed034a75c20c56b17b7e699d1fd1260136e8ae113bfc2ab08e,0+2,0,0,9,42
historical,205,55395d81ca9563f54983dd888d32f2b0d1249ee520785186612d905312da11c1,0+2,0,10,13,46
historical,206,12775e33795d7c90a9ffafdd39d96db0150bc542684073ee2e136231211b1781,0+2,7,7,18,54
historical,207,40bc8fbde79154725c1d3eebfe0e07b53b667c1376bbe9b1a733eca994954a6c,0+2,0,5,12,43
historical,208,c85221b7cb1bf81d2cbcac33aeaff6af4394982675f0199a3bb1503804d55aa7,0+2,0,9,11,39
historical,209,57d985356b8a9481072abc20b9d75036ebc5880997fe85fb7600ad674231d1f1,0+2,0,9,9,38
historical,210,7b0911e71feca5bb480c227e886d7249fc6e4d9c695457a2d0a49ec83bffe0fc,1+2,0,21,33,122
historical,211,1b61bf682e379ca3e397d4c86a7fa36a00ac3453d844106587cb0d51bd28b575,1+2,0,2,27,115
historical,212,799a203d300bf3e5710ee88939125f063f999d35de068ae75ea04b783741c50a,1+2,9,9,41,127
historical,213,c4f07bc72fd8149264b1b31b4c34de7fe5c7bbccd5d254e643541ea55459dbbd,1+2,0,12,32,115
historical,214,2453e8fd8b6c9ba4fb56eba138b69ea1aeebf69953a3410aeb2b12f7f5702471,1+2,0,0,22,85
historical,215,41369d165f65c9ee92dcad3fdd4b08d60eb5346eaf78973f22606a9889c3e5c0,1+2,0,11,20,99
historical,216,ea06e21e8e23b0843e32c02ad703bbdba17af9ab0b861207d387ea46594fc0fc,1+2,1,1,26,109
historical,217,9fbc03faece06a58387cbf63bb8e171721d39524aefd8986f548963399486f1b,1+2,0,11,22,104
historical,218,5c8107abd029729eb9f4fdd4e2548a75df98583a42253f8dce9eb944338947c9,0+1+2,0,0,6,39
historical,219,2861110fa7fdcfdc1adc5f100c8a890ffaef5cbd6ea99f72a6392923f7f8d4b5,0+1+2,0,0,10,35
historical,220,e8ce8de12641ce37b3a3af234e24c7d617709e08a21c677acf730a5bcb530720,0+1+2,12,12,25,49
historical,221,5a2c30cb98bbafe7a4a826cfd121f06810416b1bfafc4e80a1b0481653d13bc8,0+1+2,0,0,13,39
historical,222,1db8036ea8485c8bbd0a2e602684614f85ed2020b34c58a80088aec764cf77ec,0+1+2,0,0,9,32
historical,223,ca7ce3b7eac4aa2a6d026ddaf90359dd3a1cf1b5f1608782dc0e0cac03ea7d18,0+1+2,0,0,4,32
historical,224,3d926fe8db8803d4c284ce864f42c6694922a60f5d88bfdb626cc851875fe0cd,0+1,7,7,36,110
historical,225,effd7e9256bc0a08a094282a620fb9863ec69775a91867af8c32ae8d354f8a79,0+1,3,3,15,63
historical,226,af4d62d90fee387bf9b5334661340aad69d7439523f4382de289f1ca485d9299,0+1,0,19,28,88
historical,227,4cc13c1af1ca2b2936ca23c6ab359d12576b0ee8638c2c1aa1ba230c93f2f9fc,0+1,9,9,47,123
historical,228,0f0896376e292eae4cc10790fe4fd0edab411820c018930c43cd015865722541,0+1,0,7,22,122
historical,229,3abe0924b7d29952b44c93b95d89e868a9264df93e80ceff3ac82de81fc2b4ff,0+2,3,5,12,45
historical,230,bf156a41cecd6e4c12a3015b16b18d00882c7c6619d495b9f67e94870721c43b,0+2,0,0,3,34
historical,231,366bb2b2ea3dde7fd599d76facd6401a45ab17510719df79fae067dce2191a50,0+2,0,11,13,41
historical,232,2feb6bb8d303a9a635552c12800062079d94f8bc5af53840da35c1631cf94fe2,0+2,0,6,12,46
historical,233,8fc74a81a9ef4dbcdf23dafa8cc1e3c1b608a1073c8a3f01f6c4218878c49c4a,0+2,0,0,10,37
historical,234,7386bfc1302ebaded4733d3598a9ae35ca66b7f82b031a3ef0ecffca2095769e,0+2,5,5,19,54
historical,235,cbb98410516f5c3161e97ae936f1d6f869522a3b88cb4c142f523e37192116b6,0+2,0,7,14,38
historical,236,38b75fa3d561eb78841c745e2cf9996364885c18ddba4c5158e98dd0e7b75305,0+2,0,11,11,46
historical,237,a6e13f8605c7ccdcc4fe041e939acaee4c140a2c85149b69f3a4bd69db19952a,1+2,0,3,22,104
historical,238,fa72e2c2bdff8fd4484b6028d7903e2b1d017b8949b92c574b2e6257c69d14d4,1+2,3,23,35,106
historical,239,35411f46843fd66d01b0febb812a42f41d2f58cc9e3ce677aa03b648112a9744,1+2,0,4,21,101
historical,240,6bb8a6fe890a34403d9042d48a8ae8fa9b38eaf45f1f549400b02e87297d9d61,1+2,10,30,42,127
historical,241,ceb60abd2469c8c8d7dd0a73d01c75bafeec48043945cc89b57336a442be298d,1+2,3,3,29,109
historical,242,8936bffc7d91596e7fdd0784601ea2b98feb612ad92dacccad60aa1d06299d39,1+2,0,1,28,106
historical,243,73cb982bdcaa80eed4ac5d0bc26fc0307e637404b98fa304eacc72cb9a0db7de,1+2,0,1,27,110
historical,244,5b5f64969b25170cdc6734eaec1c72030edd87f1bbe74a022f2f6a4a32f100c0,1+2,0,1,28,96
historical,245,27f90e31c0857f03a66fd123f2300ac246d16bb6758043b93c37ac81dca12106,0+1+2,0,0,12,31
historical,246,d615d20bdfe89b2773e04d049958b3d64f61e3033100eafa9d6735689d34b2e3,0+1+2,4,14,17,36
historical,247,2e457b6bea9aa569eaaefc0ebbb434f2faff23a4466f9b4dfe3399dfeb5113c2,0+1+2,0,0,8,36
historical,248,59e454394509b6efca066345a939af5cfeb279749027714de87e91bdecfe627a,0+1+2,0,0,13,34
historical,249,6ddb58e5ebb6ead28c6fcb83b2e1f5e71f248c412c7c9cfc206ec4289db693ac,0+1+2,0,0,11,37
historical,250,c6faf130a8e893b9e7ddb2953cf4f55745cd91bb150a5e9e503f65bfa37c8cf4,0+1+2,0,0,5,31
historical,251,7ee5f635272fb2d7ce7edf4fc89ff17120392308ebc361c528a5fb9e8d769d9a,0+1+2,0,0,8,38
historical,252,2306b6cdba20a4cd4a344f9c1774c5da28f7086f167006c15e7f1dc1bfe0018e,0+1+2,11,16,21,45
historical,253,615a643544482bd906e9287956cab4a896d2b41e037ee0832f43c45eaa4376f8,0+1,12,23,37,110
historical,254,8588d1147eab124d12354b537b861344cf7b4989f54a36face8c2afb15d19f67,0+1,10,12,36,114
historical,255,13866f5932db055dfc4aa3846658ab6612368efcdcef8de96b0a30e6e84e8fcb,0+1,0,6,21,104
historical,256,91864bc04f1805bfaad0b23d857e9a42538a69009a345f79bfaba572a1d8c693,0+2,1,6,6,38
historical,257,8766fc8634b69b62cde60b2ba02fcbcfcf26502e204833a322f0281353ca8a00,0+2,0,0,10,40
historical,258,2adf33b10a3af217000ea80c0a999924a02ddc983b660625f6263d942d80eb93,0+2,0,0,11,37
historical,259,07c3a8d7b6eab502003d8ff3842f8eacc3cd12259881a01bdcc8b8d96af3bec1,0+2,0,9,11,43
historical,260,1f9b12028f9bdb319b81d99c4050c342857ff9cd0f0fceb98eed4b71a520cd59,0+2,0,0,14,41
historical,261,753047b5bc0f8563288e85f44bcdbe0bcb5c9da54c1ddbf7853982746c9549e7,0+2,0,0,9,41
historical,262,8098c697e50e639b949d33763a58bc187009f8ebb253a5be6b8ac9ae7d88d5d0,0+2,0,0,5,35
historical,263,9a02d61e7d203b374c7b0d45f3fee968016612c2aad0975c5858473df87dfeaa,0+2,3,9,10,40
historical,264,dbb4416b4e1631031d65475c2870eac51b5f84a3823629225617ae4eec1a87ee,1+2,0,2,19,100
historical,265,b12e4aa77337a847cbfa20ecb7be339859894d683284cc718cc25d2a489bb420,1+2,2,2,26,100
historical,266,2f81389c6d4198cb5b72e0fb5ac9122a184f17e53f6fad27a825c52bf67f0308,1+2,13,14,38,107
historical,267,c921c6dfe054a3b14dd7288703dbbb22f5c552bc5127fe58bdbc1528f75e39f8,1+2,2,3,24,89
historical,268,fd4a82140e4368a6f4db1011bd36216783b5d3d499a72c569bd829479c52e271,1+2,12,21,33,104
historical,269,299f00f80990e17c455d8e55225aa0dfaa4fcccb595b33a65a2ab762adf5d361,1+2,3,11,24,100
historical,270,851ee3f029482a2b3eb1782d023e58d05ab2d366094c1186392dff5a71c1b4b3,1+2,0,10,14,77
historical,271,12286762fd70c919d9647b7a50ae09b2443bcee175834b4e81996336ea233480,1+2,7,17,30,116
historical,272,1cf453054420c794fed52d2ea81b997a2822b4f55782213cd314755a9c3023c5,0+1+2,0,0,10,32
historical,273,ec01538b0e747754738663e80d47e4b995ac0975f6f657175512a32701442361,0+1+2,0,0,9,32
historical,274,77754955c18dca94bd87289ca965b8b07d61f28e7101dcfb033704abb80e839b,0+1+2,0,0,9,25
historical,275,e465a88f615e309cf0edb1ec54a432aeb36306724643d011a1a54f96f38774dc,0+1+2,0,0,13,32
historical,276,29eb34fe383c812025030df0f13af4a0e844033cae58fa8f91ddd8cd10594b09,0+1+2,0,2,2,31
historical,277,4699403f17518116fe3e523e1ccba2a1a48abbbb91c9510409815b13b7988c85,0+1+2,0,1,1,29
historical,278,6ccc4c3b2be3ae59815082ac1c7e39db5224b0bc3afa70d28cccaee47121161b,0+1+2,0,9,9,28
historical,279,982e1f3376b30c18fa64f8dd54b1d77f967a0f3d7e8efdd9eb90973d94fd6346,0+1+2,0,0,12,30
historical,280,91bc8d14cee1b777b074a12783050dae80e5dabe6d2af8bb344cee420582269b,0+1,6,20,30,94
historical,281,beb24dbf4c2cbb959b98081f4329047e57ffa477f6e17555f3ee6a8ae298c912,0+1,5,24,35,98
historical,282,e622653e8cf9183f846ee93d5bddaa131a0f4a5a37f4da3dd705671e684a5104,0+1,0,10,18,75
historical,283,e4f9c83309c5376b90303983263a1bb35095959b5721704f98f90b5cc2e15ef4,0+1,11,24,36,117
historical,284,0fb968bab243a6e3f77c44e501e27a76c3595f68a539e9eab797d5e0a6b064cb,0+1,10,10,43,107
historical,285,7827403977c54b06b92fd821afd2b9c5ab672722ab2efbe29b113557f3b5f336,0+1,0,4,19,102
historical,286,6b31b7efe6428ded58c055697bc44c8110641c904821f753b57ef1843ace21d8,0+1,0,13,24,85
historical,287,fe351434c62d21c64d933c0a666c860687ca167d1293fee690f9d73ccaa33f88,0+1,8,9,27,103
historical,288,320ccfe3b53abd59185cbfd3f9ffb21b946d1c5ce21916eca085b5692e0e9524,0+2,0,10,13,39
historical,289,00134a2b7cd15d16939bc9849e5f77dcf03c1ddd97acb90f51d871b732ad6060,0+2,2,2,11,39
historical,290,40e212fd07a49e52f5da762c4346cb792282e39091ee7e6331b7c697a51f2ecb,0+2,0,8,10,38
historical,291,04eb62e19546f87485b249847eb09b830404ea4eec0d65bb49f39b8820ffa314,1+2,0,11,11,54
historical,292,303bee67fe727e7f4e5e679353bbb09bda908b95698670a17bc62cbde86188ab,1+2,10,13,32,98
historical,293,1baf2a23e24eee3a19b13a7824d674489651909f02945487b883a566726b19e2,1+2,4,9,29,112
historical,294,2075cf3ccb51c34f3eef178036164cd4624bebf96495c031ab9f2fa0942b2915,1+2,9,16,33,116
historical,295,87dee7ebf3a3c719d74ec1941f0fc2f04cbffefa37d5ef7033394147a1a83732,1+2,4,10,26,115
historical,296,c349b012edb87ebd69a64f7714ca187bd4dd0d31425818cd4fee18a6edf0a1a7,1+2,0,0,10,50
historical,297,2c86e082bb692214d0d0fe5b12ccda694266c9143873b01067bc9c945a9d95ac,1+2,0,6,23,90
historical,298,cbf7da269ff33a8b8b3b8f7eec6e38344bb6b05e529ba60bdc6452b8f27c8a58,1+2,7,15,32,100
historical,299,dfc23ac52e5e749bb73a58301a728da4ca60559002f4a38571793246ef248429,0+1+2,0,10,14,35
historical,300,8feaa9554c1a4882d9233607d97cf024e7e12a8e57e88898dee7b19c69bf3649,0+1+2,3,3,10,41
historical,301,5f515244d37a6170281fdd5eb089de0a94248e64ce64bb38cd0f7741236d2454,0+1+2,0,10,15,36
historical,302,ee06b741acde305cf19ac448c7a6c24b1ee9a7f05dfbc16344966f60456589db,0+1+2,0,9,12,38
historical,303,a3e884b8ae5438c1ba31fde6a57cbc8d67d12f98ffb7fcf94edaec88218e4ad8,0+1+2,1,1,11,28
historical,304,1a391893fd55d1017462e08282d3188a0906c01ab6b88c76a0d55332bea25c04,0+1+2,0,0,5,27
historical,305,df13c40a4c4bd5a5626538ec829a4fc82e3e6d40b06897e8a90b38b4d778bc87,0+1+2,0,2,2,23
historical,306,ad11118302752117c55716c3e34b3fb491e18a17df681d6544e719ba7aa207fd,0+1+2,0,1,8,31
historical,307,f6709724a8cf5a2ba477c953fa4cb833d851b08f53d3ecd0aa1755da7ef8e2c5,0+1,7,8,36,113
historical,308,23e6739843f1d20001904a98cf4bbf21fb7800faac81d5b78fb914dab45d7d99,0+1,0,19,30,116
historical,309,f3e7498426a300b319021cefd35e49ffc61e81dd4df695af20d90274b0494c80,0+1,10,10,36,104
historical,310,c93975ab2362a771bc8272eacf9b94b5fdde7cfbb6228cc31a1d1520e1a41a4f,0+1,0,0,23,101
historical,311,7e7fdcfcc48564797789a47112e849f0a9acb83bf724a26a765de6c9ef981eab,0+1,0,9,11,58
historical,312,3fff3c647771af6fe6e20786f8cf706f18bc4359c6f0b24b1b79a54ab01abd56,0+1,0,10,30,110
historical,313,bad4d5e84e2165ee11e3c86f0aa58026cd86e214f956be147d9c1425d0754dc8,0+1,0,11,19,76
historical,314,a8ced5b498f3b5b8193e0a9a621fbdf82ebc197154562f3fc6acd57c9f4e1e72,0+1,0,12,24,87
historical,315,a4625c559dd93a6e33a1e6a491c708d55791c8401d1c3829bb4726fd048d304e,0+2,0,2,6,41
historical,316,8f9e0af4afdf5b2c657364c5e344ee78219956742f968a3fae3c816280da7445,0+2,8,14,14,54
historical,317,bec5eebb8ff7ce80f2a77ce3c3b22078ff34056e2fc4094d5f217e575e838bc5,0+2,0,4,11,44
historical,318,fecfda1e48ff74258f1b47d510ed298346592bf5df8c0b9b18a9f03f762455a8,0+2,0,0,8,39
historical,319,d8f12ca0907c51440531072116650cf7e33034e4d3dd7c876deb91ca2f231897,0+2,0,3,8,37
historical,320,163a84709d71a18e210637d5735c62228beff3fcbc0aaca1bedde1b19a783d38,1+2,0,9,28,91
historical,321,f0926f4db8fef50e54dfe5aaa6d168e9125fc530893d12d76460549d5a97b955,1+2,5,8,27,109
historical,322,e5faea25cba7427a5b36a368ab82480ec0fb4c7964c007423b5afbea89fc3beb,1+2,0,0,11,66
historical,323,4caa6ba206d35947968353f492f34a4909a4a79c797c376f9924420737d547b9,1+2,0,2,29,96
historical,324,97dd8c294e8567a6dea007580110cf4676a5f572dc31669220301ddc8636b1f4,1+2,0,0,24,96
historical,325,3274aeb6d1465edcbeb84922a123356833bfbc3f47cd0036e9bd2ca497443992,1+2,0,19,29,103
historical,326,fd5926305b456640abec633de8da2d5f0edcab4be33691b498d93a20ce5eb9f6,0+1+2,0,0,6,29
historical,327,a14be27dd0e210223d0c2d6e8ef3c0698e14d97abe50b1e4cc89f35bf481310f,0+1+2,0,0,7,29
historical,328,70926b32eff979d92242a5d3a98598a6aa80eb5bc9c4deb11c9e71206ef29f72,0+1+2,0,9,13,28
historical,329,d053043b17b56cc93b38c9f9098a4ee9f68e132c614eb2687923ccda395b4458,0+1+2,0,0,6,33
historical,330,bd0df7bf586a30ad188672f53c3fbf3cc8a1bcc209e687f892c90edff756cef5,0+1+2,0,6,12,33
historical,331,f071327004063813803f357fcb0fef5273b5013f7eab04b4b7526b48e4e75419,0+1+2,0,0,11,34
historical,332,346861969d88576ead588f340e38b879d52aa900e29b9f257e4e4a5a3eb9be85,0+1+2,12,12,18,44
historical,333,72175f4a227b76359441427db43ab1efb0c3ad9126637c10c6a659ba5d300483,0+1+2,0,0,10,34
historical,334,790d7b3aaadd47dfa61d77793770690c2e1e01106a1d621b49e3267518d46e04,0+1,0,3,22,102
historical,335,37eec89bb598e285deb3139140bba4f8a93049f2e2559dd60c5a56038312e781,0+1,4,8,26,93
historical,336,928e50dfffe57e67661beae49d99014ece68daafae94de08da8e5fae53af4c4c,0+1,0,0,25,81
historical,337,a8393a5e86e1ec587526e3cc57faaa2e5a7d16534f5e38eefe6be5b366a8cfe2,0+1,0,0,37,111
historical,338,dadf7984b302cd8b2f2e52bc3e0b923f4f0452a37f4d93bec7bfa0ac14bfac3d,0+1,10,22,39,116
historical,339,fc4b65d4c2c4be33d9f32e4a1671db66bdc91139f772df6d90040d64c7c11ef8,0+1,1,1,31,107
historical,340,17a022973cf54c549975f5794e26dccb3d9e114f21cccb950d032184b167cf31,0+1,3,13,24,98
historical,341,42c7e40fba40a18f31cdf76dbff9aca9dcfba87ca1e150ea18c0ed8e27a05bfa,0+1,5,17,27,91
historical,342,6d354d5356329362ef6659eadc1be34cdbe0fe7c5727cb4dfa5a3038c2eff464,0+2,3,3,7,38
historical,343,8ee8f274c4aa29179413b6c4107ee35f83d0034061aa2b136735d68ac0adec51,0+2,8,20,21,46
historical,344,371546964c6c6a10fa31e8401dafc64e4f10ed778f4aa5c29ceb95790f4486dd,0+2,0,3,11,40
historical,345,70f48b50c25a9fe604575d5710da1ffa54300f833212544e134ba53f8a37a993,0+2,0,6,9,37
historical,346,61f3b543ae6dd239dd60183189f434ac87c0ade5111b43d0e7e78c80a9267ee9,0+2,0,0,13,38
historical,347,c514666d200b17c34499511fe617f6239569720e7bcbe1d3fa3c7d1e54f4e8e7,0+2,0,4,11,39
historical,348,0a0aaf8b64127558ba7ce20d5bfe1cec1e986027623e3a4f6c41189798cc7b33,0+2,0,0,12,40
historical,349,5a6a60c2e257376f3ef38e85d986a566daad333787d8899a85a23fbe6b9f204d,0+2,8,18,18,53
historical,350,43467ea0e8fe0a0bab675b95dad67feb66767f0ec0d19258f9d8319aa8403298,1+2,7,7,29,95
historical,351,66318600f07e51ba64de439360712610eea98844a633e0eb174623af22d5d985,1+2,0,4,21,101
historical,352,9653ec3e49dbcfc341dc98ff839ee9840b093a9839df34b5364319ada4a313e6,1+2,0,0,12,57
historical,353,c645b1675e6b18c44c1bc71e8b75f5a560e780371e5ad7cee41ff163b0fd6eed,0+1+2,0,0,3,24
historical,354,3e88ea001b6e492a2ffff7196c4f96e3949a740443864983eb937fc00b29e63d,0+1+2,0,5,5,22
historical,355,39280d949ccdf31f0d431d2f2727ef9714ba57266f48070a886782b68b124d55,0+1+2,0,0,11,19
historical,356,fda33b83a1b7513e443a2b42854f8e6e71d7e6c26ea56b44f5d11ed6f3854936,0+1+2,0,0,10,23
historical,357,1ab3feb38be899c34407618b59520572abc77f09ae3db0eaee7387f62d8dbab3,0+1+2,0,0,5,20
historical,358,30f4825297c7f05f47ef4468f8f3f3382fb0bdf736c43d29c4eecf335e54f045,0+1+2,0,0,8,23
historical,359,448fe2d136a2365dfa958a604c8b478ed7d3a64db34020e6ba7318d8f40c3a07,0+1+2,0,0,13,32
historical,360,0164f24016a28d2efaff1e55c1b1c89e606464bfc43db09f750e41c81ff7fe73,0+1+2,0,6,6,24
historical,361,7d2be0dc1b48995e2ca78c39d6ea29d74c8f121a4aa072fd941b7ed6c6e5abd8,0+1,1,1,18,76
historical,362,1cca51168a5fe7d4e126d4f452248b82ba3c6b9050574506451e256284767df2,0+1,0,0,13,64
historical,363,cd9ff820e8167dd1709234cf6307c224ad68c61151a46e4841b9c62e8f2407da,0+1,5,5,17,67
historical,364,62ab11050b657e41bcee5aae8f0bce12e175521ac2bfe685a7fbc9c9edddbb99,0+1,0,9,20,75
historical,365,77a3c4bdcb32b1b4015d1c5396b2bd6173e8e76a607852b54b75d7338b585671,0+1,4,4,22,79
historical,366,55527a250f953d300985be6da59631243928cb623164a20481099d575c295caf,0+1,11,11,37,97
historical,367,57db2c68d422645e52993e293e2687ba0fdf7fe5aceb1ebe02f4b8885de2c8c0,0+1,4,6,19,88
historical,368,3554606932ad1eb7fe1c9150c7a9c31182dbb653fffcb3bbf39397426abe572b,0+1,6,12,27,101
historical,369,61e9db4bf9ea6f512a5f112d38faec2ce5b52c1af96413ebecb67ca5ca52e1b4,0+2,0,0,1,31
historical,370,35f5aa6ad3943c8adab6fe97c077821013ea1ad31f56bc2c132b9069db7473b8,0+2,0,0,10,39
historical,371,d9be9c8442f570b984f1e3dff60f9137bbe437db535b00d1f067dbab63d10be8,0+2,0,0,4,27
historical,372,89c1ace7d5d54629c561eb553c5f4ceae5f809da96209765eb3e1dad31e7daae,0+2,0,0,0,20
historical,373,56827ccde0e1e7a57db67ad31182bf91bb7e47b096b98de453b9d63305d237f5,0+2,0,5,13,37
historical,374,e1d9061f625e8200a21056c1998937be266696bd5ae0f918c5596094391b9e2a,0+2,0,0,8,38
historical,375,68ff8ba4bae76c667c2789d6f1a6edadaa6f0efb534348fcf8c38bd0a398d775,0+2,0,0,13,39
historical,376,691172e081691ba414d41aad7ee715a9aaed7c4c3d046cb5528ff0cd69880bed,0+2,0,3,8,33
historical,377,c507461747a26ec6edfb4e7b2a1cb78fead0e10c4391e8cccd03e53cf8975156,1+2,5,15,16,71
historical,378,b06c7b56cd6af1c83e46f96d9709dd8fb4de64514e3f6486462a89b258001db3,1+2,0,0,24,89
historical,379,0717d97081021a4d59f409bd0f630ed9ba4c5efd15c711ed3bd00da2ed7e102b,1+2,1,1,12,70
historical,380,15505053afa4134d0518bbc4a4f2c46a7d25a083065282478f1b56fdc9b7e322,1+2,0,2,22,76
historical,381,2c860319c2d34222e23c308856ed1d2a727ea2d43e0f7ab256c113ca5605e7c9,1+2,8,8,20,85
historical,382,7dfb0fba8a0ef54077988f46761963f981f273cc0d5b0bfd243d179f5d959184,1+2,7,7,29,98
historical,383,f3735ef00ea0f45079a8e72f4b69242f29e63ac9c42bd0cc5d3ca368ec75a8e8,1+2,0,1,11,66
historical,384,8847d726f7be3a01ae9c016f519f8c3f7c93bef352242dbd24712db197046f97,0+1+2,0,0,8,19
historical,385,82a12ac7f9a0f5fb48c513c958de67b116e798373c09daa88886a9403da9a401,0+1+2,0,6,6,29
historical,386,8bb28c15ecc7e2613d5fa5fc2a3103f4394cd97e6524887ab4c66d75de601c68,0+1+2,0,9,9,28
historical,387,166933f9c40691a708d810ca87d465fa3423b029609a2072f2419eb72d331318,0+1+2,0,0,8,20
historical,388,fd8dc93593fdff56bc46c5f251058e31a4c3be4a967f1aab04e85a8b5e0838de,0+1,0,0,9,61
historical,389,8d3444a1c66f4eb10ee082fa25f0d89d59b0fa653e73518956abcd34d9e3d3fc,0+1,0,0,21,90
historical,390,702c5367633de20f314841aa2386034b15c9a03ab2ca75a9ecc0f2ac5007a23c,0+1,6,9,23,97
historical,391,5e8169aec492798218bf8950645e939a1c18a30d45464edf748ff711b8472404,0+1,0,5,21,89
historical,392,262dfcca1d23397a1b0282a9471dbd37aa8f98d0d6fd087fe011d849dcc74dd4,0+1,5,14,30,88
historical,393,0eed9be47471f89f2821870779e2ec6eaaa4765082975379a51ff890d1dfa6c4,0+1,0,4,9,65
historical,394,75d94a9f46d7396fe9b30bb15fc92f97cd3d86e1dcfd1ab7a8a6bad75efb6c1f,0+1,12,12,23,83
historical,395,bf24516cb9e66672f3de4e21b7d9e3f417d12f2f3a0ec3ba69f3977e2b07b77c,0+1,0,0,12,62
historical,396,985d4eca00c7a260d9ac9e77b778ff701327de48abfd4898ce9caa202f605299,0+2,0,0,11,30
historical,397,1e460395a98195c1da84320b4014a0a2dd183421e87094bec301eb7d1d3e383a,0+2,0,4,13,32
historical,398,6e711a87559e56a9b175f41ee07d5d37c8cd20e5185eecf0aaf9e78815668eb9,0+2,0,4,9,36
historical,399,52f4e98746d0f62f97027b677ac6f8e7691c4659239304415a40b47f1e6fa8f5,0+2,0,4,9,40
historical,400,c23bcf0f0341a9f92ead154880d4ce5177e566833d154940d059448c068b5475,0+2,3,3,8,30
historical,401,9fc288e02020b9f91ed6da6681146d3112a35f78c6a8346f10b831b64ca54e0d,0+2,0,9,9,32
historical,402,c26ba4249b68bbe1f9050493c93403aacf4a26cb6121bbd010e19be857ac4df6,0+2,0,0,13,29
historical,403,1c8b6b9b4309d11387f3944914c70511c94ce69b99aeedb62c60f35e41239430,0+2,0,0,5,29
historical,404,558f6804c4055f51674bf98297db0a8605931453d77ec0cdafc538913a7ccc17,1+2,0,11,27,102
historical,405,c6d7bc3c036d0cb87b72d792d9868daf64b3cd35de35b7b62ee8c94b1c4b5b5f,1+2,2,20,30,102
historical,406,73f6472cdf5d4bf30b36cb88b9bddedc1589b9782f01dc2eaafe5d0887708861,1+2,9,9,40,108
historical,407,c08fc49d66289eb11b25c30ee05b87d9d20f7b6f750714d3960f168c52dd3e80,1+2,3,3,15,76
historical,408,497045581c4f7d972460c18c5737777d0cb63b77dac40536848cbbcc136090e1,1+2,11,11,31,102
historical,409,15376f1f44cad9b80048b93d4c862a7e8e8289e802f8850fb6a78b37002570e9,1+2,0,2,22,82
historical,410,c306a1ec353fc8b9a5ae365fd2555d4b50528c8673e04567d0c3f0fe8b2ae351,1+2,0,0,17,75
historical,411,e97019a2e1d52b0fcc396b4a3f70ef0b5d62ffa2ecc463b4c20930e6a526b298,1+2,0,12,12,55
historical,412,acef3768dd86a02bf4ae6e66dcfd047fc2b94c5dc29467c59e42b414a594fc6b,0+1+2,8,8,20,37
historical,413,97f5dad5dbf30a0698a318bbc9afcafe8090a468c3c49226735924dded53ee1b,0+1+2,4,4,4,24
historical,414,eea50a1677d43c5be111a1d33fd9c4f7312f20aeaed8f5bb0bd320ecf19a9740,0+1+2,0,0,9,28
historical,415,aa8fbb9a258504a1fead9173b7a5b06920dae9a7318ae84421d82839b307802d,0+1+2,0,0,2,21
historical,416,38d68eb617afbe641a9fd3c3ee65c8cbcdd66927ed1e13ef14423e5c1137aeb0,0+1,10,20,29,96
historical,417,e8573d607e641193e3775d1f367fb65f9c3357fcae8efd3554f292212d3b3714,0+1,0,0,35,103
historical,418,fd6325d6eacfea2e82910c3d7f3f74c01edc107950f7eb4426209263391e1385,0+1,0,10,10,36
historical,419,3c507e13003433ce51f17cc5e1323c22857728a06977aab568adfc11e919408d,0+1,8,20,29,79
historical,420,63910ebeabd5223c5e64c9220a2e6d383dfff95ad13e86d3780c9dce05c5c8b1,0+1,0,7,21,92
historical,421,0f28a66c426437e52f144da0f037e0b2b6ff9ad3d3307ff7580a1bf51acc9bc0,0+1,0,3,28,98
historical,422,830ba15bbeebed94d2b0f489716ac658ef749834ac91a5879c129c50fee41794,0+1,3,3,27,98
historical,423,236a539142e22f49051f7a886285228b03135619818247106c025ff717e7913a,0+2,0,0,3,24
historical,424,241977d0409346afe887286ea53f5ddca0456ea9a7eef7939edc8f78a9f64b5d,0+2,0,0,14,34
historical,425,155d4022a774e9d1dc70808ad51886f2a682453a4c9c97e79041d080a7227516,0+2,0,8,10,32
historical,426,30baf3f66df4829c439910fad726847a79f244506faabd30568080b66cc1bf53,0+2,0,1,1,23
historical,427,e38b29aaf3eec6f26b333da7f0299005bcfed76a3d800fca88811cdb050174cd,0+2,3,9,9,36
historical,428,edc944f7b3864ed2cdf8b1c4367fa512d9205a4fffe2e880cf7fc4d4f19a7ca2,0+2,0,0,2,32
historical,429,be1c218e303c67dd8b60f7a9b2c60802518ed60a7c0d2934900e01791a70e1f5,0+2,2,6,7,33
historical,430,2b078ffa0bba7684c79c0959337cb3bb5fa3a459a9be5b87621ae905ea91507d,0+2,0,3,3,33
historical,431,e716d364a9f86c6d8735fcff376ef7747ec01c96ee55408a16bcd3c227a1d9e0,1+2,0,4,19,95
historical,432,7c879cf652f14788ead15d4f28bb274f92b6e1546725d334d9c76552c3873f56,1+2,0,0,21,87
historical,433,b742271d969aeb5426f61e641668d969d8e3fbe10e087b1a7eb6d65c8a4c3ef1,1+2,0,10,19,62
historical,434,448e349672e7f233819cabdbf1f7c3fc0b7adb25e6bbaec717b23c1c055629cc,1+2,0,12,22,96
historical,435,b0d1f474b4137e1a7570a373418079cd569a6661d221c5ec78cef33e4c46d01b,1+2,2,5,25,94
historical,436,e044a831224d23db5eea4182f21dd935a397b05806add5f06e99a83cbf5f73e5,1+2,5,12,27,105
historical,437,74b090c9a1c1a05fbb9f9aa3af64f0fc12c2de787f99b2d281feaf6462abc3e3,1+2,0,7,21,88
historical,438,0c70f65d119b183f71c03d559cf8732c498bae22450f82438ea49f770dfe8278,1+2,0,1,21,62
historical,439,292ca39a7e3f29bcdee99a3f71bb9fbda4fff19fd15011929496956cc06833d5,0+1+2,2,6,10,27
historical,440,151f1d36c8a8f085bb63c995ad2db2180bf2398187d010d2a3b99a186ababc78,0+1+2,0,0,7,23
historical,441,6b9b69df1e00c567790da779bf13dbf04676d0028b1bf8222e48b15ea41be979,0+1+2,4,4,11,23
historical,442,a8665cefa16398c95f066b270dd3a46c649739de91e4c73b25985c5f1704803d,0+1+2,10,10,20,38
historical,443,10b15dda30f29f1e1cd809bedf632ec31eba8d95afd4eb674c67efd1c5b6645e,0+1+2,0,0,12,31
historical,444,6131376bfb7b5b638f129df05ed61272920af6d01e9cae2198983d3058b1b8ef,0+1+2,0,0,6,29
historical,445,3d51dcd608cfe28107915c481c7abea48612164c0ab19f8ba04dc17c2e0d9070,0+1+2,0,0,4,22
historical,446,77b6506b9469eec92ab666c364a4763cc3c524dc09bd3f25a6e495c24574ecb2,0+1+2,0,0,8,21
historical,447,e27e35f8aba00776138ac258e98578b87bcb992b76ae62ec74c0ca68d1a68df1,0+1,0,13,24,97
historical,448,26efbf0f3f66e3400c67b6caa67ffd60b374e1080adcb3dcdbf2aa010232a38a,0+1,0,1,17,85
historical,449,c69220049536273ecee7c72cb75fe0f74c5df9169f4ea0104864433c37abc8ba,0+1,0,0,9,53
historical,450,305b159dc03b55c2dac680cf0b4f3c76dffb2d4c256356acd79959c78e43876c,0+2,3,8,13,26
historical,451,8a74f3e6d663c77268aaef0186b2d987fc30ad0b9f205fe26a564191d078443c,0+2,0,0,0,23
historical,452,4ce8420168aedafe0c012aa3780db674c333e5387d06417dabf5838ef6e28c51,0+2,1,1,4,29
historical,453,9cdbb56b075d1f6b0d9b9fe267e61038df922fd797fc65e63335f56e7375142d,0+2,0,0,0,27
historical,454,1cf718f91edeee659e7c82b016862dfadacebeff09a0463709c600028d26804f,0+2,0,0,6,21
historical,455,c57f668166b522b592507860a862bb97c5fac4223d032b8c4c44a6be60ccf603,0+2,0,4,12,29
historical,456,c7f10a4b328b72110e196e2c6323f3d1c500dc4738282946f327205fd4ab0c31,0+2,9,15,17,45
historical,457,e06667dafd90e734f4cbcef34302c7178e858e1ce1d7b47e1121fdb636943115,0+2,0,0,0,29
historical,458,97feac72f058ca075c712018c1593cf0952a5c72de0f2d5d9a2cad0019406253,1+2,0,0,0,38
historical,459,d0d2dd6b174701ad19135c1bb3637123f659d9e3d2171d02f2ca5ecd0bbdc87d,1+2,0,0,11,44
historical,460,2f9c24e2c1d721227f61ee609e993f6440fcde89766fa3c29975121cf570c6ed,1+2,0,0,10,44
historical,461,b0d90bb191293e9739602dfcc0eef08d2402f67b098d0abd0daa21020a875b03,1+2,5,11,17,72
historical,462,5b5e5eb59559f0e06d7bb3ac1a45b8ad2e83cc6f359671279f0987268124c8f0,1+2,8,14,30,92
historical,463,be87dea3d42f8109279a77f9391571dcd45b7dce3d8b3b60d4b1bc004e92e419,1+2,0,0,13,66
historical,464,1bb20e6384ec36324bd38f79795ed7a95d26cfc1bd521cd4938c45f1320f93c3,1+2,0,12,20,82
historical,465,f24b5381e724c06a8552c260c5815e25b5abac5040a4e7e2b9171b9b4f020e97,1+2,6,15,26,102
historical,466,01d915b5ff05dc300e5c846870ed32c7f6d4f8df184875c6f663913b513eedd7,0+1+2,0,0,8,25
historical,467,01e6d5022c045580b5fa5d69614a839bc570ebfc10ac5c17da6b2ef08ce7cb7f,0+1+2,0,0,3,24
historical,468,635d09375043add8d1da900b4e62118f9b76230b0e5b76be1e51b2864eed9254,0+1+2,0,0,3,25
historical,469,20d03173c40d8baccebb0063bd76e60c9e4e8642067208fc6498a3f77482cc02,0+1+2,0,7,9,23
historical,470,7ec0309f51c6a83bf99e45e2d46777768ae24bdc8e5666c905ae9ef204e50715,0+1+2,0,10,10,23
historical,471,f23fad96873369b71d46a5739eec7f6e88ebc822bb4c9f7927096c889f030338,0+1+2,0,0,10,23
historical,472,91621480a030ffa5b655a50f77bd1d78d6da2eb4b2ca0dec3fe01e0bba6740bb,0+1+2,3,12,12,26
historical,473,c42a6826c504818a6e01c368554f6b69ae7816090732c91babd60266c2429ff0,0+1+2,0,0,7,25
historical,474,51b903152ce911474b2f6f3ca61486379922b2525fdd30bc8df85878e2df38a0,0+1,0,0,14,63
historical,475,a03defcd6be922b3353c6c9e6455e691e49c2fa66104dbeaa1980cdda9db47b9,0+1,0,0,10,40
historical,476,0dc834b4ea7e6f51f2a39fe8eae9db26790e042c82f14d7d5ca22b969abcca6d,0+1,1,1,12,42
historical,477,63105c2cf4d1afec4155d61988b99b34091ce64ba9aa20fd75ee660a8cf91c28,0+1,10,10,35,76
historical,478,5a0dc5d44029c84a08c6b0e3ece9da13f6be5ddf0983b2aee359fd1287b4b874,0+1,0,5,16,74
historical,479,77c56530d07629bea9f951cf1cd0763f71e42ce59407152dc6c38bbdfb912302,0+1,0,7,9,39
historical,480,ce37390e97ee21005d20f78bfbafe9943b4c4d0db551f975c584b88faf76e7f9,0+2,6,11,16,32
historical,481,546997b042c0fab2c54b5a6454f1ce4373f3d794ae2e785fa3a2ab526f40ecef,0+2,4,6,9,30
historical,482,fe56a27f34841e0dde6b4ae69e40b33add2646bd42c234914b3b3fbbbc3cc07e,0+2,0,0,11,29
historical,483,8495a9e9e9800a96bef06be41493352fdcb8b88d7087f04b4ae09d45e724a211,0+2,0,6,9,24
historical,484,cfb8246915325eed01938f1e501fb521deda132e4d83f62ebebb640eea6f88ef,0+2,0,0,7,22
historical,485,1ad2b9afbd64478f4046fd56c191353a731c35a557a47835daea8d359aa990ee,1+2,0,1,19,61
historical,486,d85dc79c8a60d97fdb2e1249abf90faffd0fa3e08e0e50c6f818dde07f51a48b,1+2,6,18,27,101
historical,487,13830e282c38627517a55c0b7ab81cf7567dfe0946aa9d054644d924ea49c17f,1+2,0,1,19,88
historical,488,d6f19010c09c16e923b18c7b49db8da9c74e13ed83fd0f17c4eb9291f6524181,1+2,0,0,22,79
historical,489,4723a7257f45c7117a07358d08f9e7c4fbb709ddaac10861cffb7f5a8ae89863,1+2,0,0,12,38
historical,490,3f2a859ffe435517fddeb6a64ad13ff1a79e6390513e285edc262ad9465b9b44,1+2,0,0,13,24
historical,491,10207fc419c9b8aeeaf8d8ab2bc76154254182d84f7a066aec90353f3c2d2e67,1+2,0,9,11,22
historical,492,ca7a3af7ddae70f28e2c53b651f0f2d390bd23466cebb6eae094274d165ea977,1+2,8,17,19,49
historical,493,850d993ed1b0a558d02c0247907610633aa5a685d13003b329b6dc909a1ecbf1,0+1+2,8,8,11,24
historical,494,e260dfa33f523e0437170d836513a03521705bdb3dbdd8e08439da0fdca3a2a7,0+1+2,0,0,6,23
historical,495,30a5c50004682d8867653765fb44e39808b20948840d19a37cb20226fcbb9ee9,0+1+2,0,0,9,17
historical,496,921b430957206ad7a258b14c43d2de43686e49d8eb842f5d6ccbdda1ddbd9e33,0+1+2,0,0,5,16
historical,497,5c9828bdf30424573160c61a05fc14c2c631cb1adfaa5bd7df0b727a1ef02c98,0+1+2,0,0,8,15
historical,498,1f000ec29ffdca670c32b4dc66dd7cb2b6dd6aef529e1996e7e3c177e959de02,0+1+2,0,0,1,19
historical,499,d67f445bb12a511c6041ffb0134a89848acfaa9004df123a49ddd3bb769d516c,0+1+2,0,7,7,21
historical,500,7d41a1177eedb2969a1e3d0ea627e20564ff493347f8cae741f427bb4821d619,0+1+2,0,0,10,21
historical,501,bfd7828c449ccae39b3b220a46e70eda6dd4ad40abb066a7899d9df638448615,0+1,2,2,29,87
historical,502,9cda921ed4f0f4b4a47b3b89cf7f107a4a24e17fc07528613b3c6cca90fa8987,0+1,0,4,20,97
historical,503,edc5d50c46a89950ed38f802fc621d6d8d2ad3a1156a3c6235457e823a3b19d5,0+1,3,6,22,85
historical,504,27a33c938a58878c2018c2930fc83bbc7b583eee66a2aba0553f5ca1bbe80aa0,0+1,10,10,21,70
historical,505,644bc6a94d05512e0395e9ae944eee61f7d1281bf9968155bf12e128a56a6b6c,0+1,9,9,17,43
historical,506,a526847acb47dbbfa732f4de1d77e32986057c0b63e88375b5405d9e113c717d,0+1,1,1,13,40
historical,507,c5a9dba9803f563b8b8689ec1bce7759c74d36e333922d61c83345dad17a2af5,0+1,0,0,11,27
historical,508,e95e1ec0270b99d54fc71143f2068859e9eb245dea246d1861cd91e1d5e19b2e,0+1,1,14,14,43
historical,509,8e2ddec7830c383f2307df04336c4ebf0be8c0c2aa58441034aff4ce1fb3d15d,0+2,0,0,0,25
historical,510,a21211166b8edcd7662874ebaf1a70c9d5389d19dfbfdd23f2d75085eeadb5b6,0+2,0,0,12,30
historical,511,9817b5d88d5aaef6bb810c199e01cc504e779042e2fb3512d08248d07a7d98e9,0+2,8,19,19,35
heldout,0,941c63d232dfac32595e864a60ec088233595bb0c6ac79425c66eada1e7140eb,0+1,3,25,44,135
heldout,0,941c63d232dfac32595e864a60ec088233595bb0c6ac79425c66eada1e7140eb,0+2,0,13,13,48
heldout,0,941c63d232dfac32595e864a60ec088233595bb0c6ac79425c66eada1e7140eb,1+2,0,12,33,123
heldout,0,941c63d232dfac32595e864a60ec088233595bb0c6ac79425c66eada1e7140eb,0+1+2,0,12,12,36
heldout,1,b0ebd88a469d25326f28ca1738f704d802e6c6bcfd7c5de1c62009885c816289,0+1,3,3,35,130
heldout,1,b0ebd88a469d25326f28ca1738f704d802e6c6bcfd7c5de1c62009885c816289,0+2,0,0,14,56
heldout,1,b0ebd88a469d25326f28ca1738f704d802e6c6bcfd7c5de1c62009885c816289,1+2,0,19,32,129
heldout,1,b0ebd88a469d25326f28ca1738f704d802e6c6bcfd7c5de1c62009885c816289,0+1+2,0,0,13,40
heldout,2,93b0908ab4867f1c1b6c273bd245908e7b6d09c8c4abcc936aa4887c2ae95899,0+1,0,3,27,124
heldout,2,93b0908ab4867f1c1b6c273bd245908e7b6d09c8c4abcc936aa4887c2ae95899,0+2,0,2,13,47
heldout,2,93b0908ab4867f1c1b6c273bd245908e7b6d09c8c4abcc936aa4887c2ae95899,1+2,0,14,31,126
heldout,2,93b0908ab4867f1c1b6c273bd245908e7b6d09c8c4abcc936aa4887c2ae95899,0+1+2,0,0,7,36
heldout,3,99dfc55e3e96600eeaf303aac5c7029b28a73138f4169316a37e690a8d5c6d1f,0+1,0,20,41,133
heldout,3,99dfc55e3e96600eeaf303aac5c7029b28a73138f4169316a37e690a8d5c6d1f,0+2,0,12,14,47
heldout,3,99dfc55e3e96600eeaf303aac5c7029b28a73138f4169316a37e690a8d5c6d1f,1+2,0,12,33,124
heldout,3,99dfc55e3e96600eeaf303aac5c7029b28a73138f4169316a37e690a8d5c6d1f,0+1+2,0,12,13,36
heldout,4,de8b7d59b9a6bba32a032db9657cbc0ffb570b5105761f0e4f535908eb8f4a07,0+1,4,13,24,77
heldout,4,de8b7d59b9a6bba32a032db9657cbc0ffb570b5105761f0e4f535908eb8f4a07,0+2,0,11,13,39
heldout,4,de8b7d59b9a6bba32a032db9657cbc0ffb570b5105761f0e4f535908eb8f4a07,1+2,0,10,22,84
heldout,4,de8b7d59b9a6bba32a032db9657cbc0ffb570b5105761f0e4f535908eb8f4a07,0+1+2,0,9,11,34
heldout,5,9c0c288e81228daf6316d6ba473abd1c08f7914ca5f822dfc989dc1facbb6b1a,0+1,0,0,32,127
heldout,5,9c0c288e81228daf6316d6ba473abd1c08f7914ca5f822dfc989dc1facbb6b1a,0+2,0,0,14,53
heldout,5,9c0c288e81228daf6316d6ba473abd1c08f7914ca5f822dfc989dc1facbb6b1a,1+2,0,16,30,126
heldout,5,9c0c288e81228daf6316d6ba473abd1c08f7914ca5f822dfc989dc1facbb6b1a,0+1+2,0,0,13,40
heldout,6,ec5df466705a31a6f2f3fc65843f0015db4d8738dc6c22ea389a67fd816dee1e,0+1,0,4,26,133
heldout,6,ec5df466705a31a6f2f3fc65843f0015db4d8738dc6c22ea389a67fd816dee1e,0+2,0,0,12,55
heldout,6,ec5df466705a31a6f2f3fc65843f0015db4d8738dc6c22ea389a67fd816dee1e,1+2,3,6,34,135
heldout,6,ec5df466705a31a6f2f3fc65843f0015db4d8738dc6c22ea389a67fd816dee1e,0+1+2,0,0,7,41
heldout,7,efd9bd4506ecf13406de56ac47a5b80c3d0ca2f0983768ecd5af48b36d7ae156,0+1,13,14,34,103
heldout,7,efd9bd4506ecf13406de56ac47a5b80c3d0ca2f0983768ecd5af48b36d7ae156,0+2,11,11,15,51
heldout,7,efd9bd4506ecf13406de56ac47a5b80c3d0ca2f0983768ecd5af48b36d7ae156,1+2,11,17,32,104
heldout,7,efd9bd4506ecf13406de56ac47a5b80c3d0ca2f0983768ecd5af48b36d7ae156,0+1+2,11,11,13,42
heldout,8,d2d2d7a4b597bba951955655811b76d84268fa4efab9cad5d221fc0f8f6ea11d,0+1,10,11,37,131
heldout,8,d2d2d7a4b597bba951955655811b76d84268fa4efab9cad5d221fc0f8f6ea11d,0+2,9,9,21,62
heldout,8,d2d2d7a4b597bba951955655811b76d84268fa4efab9cad5d221fc0f8f6ea11d,1+2,12,32,45,142
heldout,8,d2d2d7a4b597bba951955655811b76d84268fa4efab9cad5d221fc0f8f6ea11d,0+1+2,9,9,18,48
heldout,9,5b00430324e8777778a26853d6130b3ecfdbc2bf2c6d181a0f7f197ce03c5d07,0+1,0,11,31,131
heldout,9,5b00430324e8777778a26853d6130b3ecfdbc2bf2c6d181a0f7f197ce03c5d07,0+2,0,3,17,56
heldout,9,5b00430324e8777778a26853d6130b3ecfdbc2bf2c6d181a0f7f197ce03c5d07,1+2,0,11,24,124
heldout,9,5b00430324e8777778a26853d6130b3ecfdbc2bf2c6d181a0f7f197ce03c5d07,0+1+2,0,3,7,39
heldout,10,ba33c10b4c47af81d12cf7fd926e4e5a4d3a21c074c141c25633d35d88ca4814,0+1,13,16,29,107
heldout,10,ba33c10b4c47af81d12cf7fd926e4e5a4d3a21c074c141c25633d35d88ca4814,0+2,12,12,22,54
heldout,10,ba33c10b4c47af81d12cf7fd926e4e5a4d3a21c074c141c25633d35d88ca4814,1+2,13,16,34,97
heldout,10,ba33c10b4c47af81d12cf7fd926e4e5a4d3a21c074c141c25633d35d88ca4814,0+1+2,12,12,17,45
heldout,11,f9f2452935810fbedc142447c993ae2c5ead1f9a25aacf66f25eca852ef6ee29,0+1,1,13,33,120
heldout,11,f9f2452935810fbedc142447c993ae2c5ead1f9a25aacf66f25eca852ef6ee29,0+2,0,13,14,51
heldout,11,f9f2452935810fbedc142447c993ae2c5ead1f9a25aacf66f25eca852ef6ee29,1+2,1,13,33,127
heldout,11,f9f2452935810fbedc142447c993ae2c5ead1f9a25aacf66f25eca852ef6ee29,0+1+2,0,12,13,38
heldout,12,5cb9af157522fd39f349386d20807cb22c125a3bacc6781fac5f73c06921ff5a,0+1,10,10,30,81
heldout,12,5cb9af157522fd39f349386d20807cb22c125a3bacc6781fac5f73c06921ff5a,0+2,7,7,20,33
heldout,12,5cb9af157522fd39f349386d20807cb22c125a3bacc6781fac5f73c06921ff5a,1+2,10,10,32,78
heldout,12,5cb9af157522fd39f349386d20807cb22c125a3bacc6781fac5f73c06921ff5a,0+1+2,7,7,18,28
heldout,13,2b876cc1a87c841399e1be04b327b8fe6c84ab641220e98f0009fc04f69e4b74,0+1,0,4,18,63
heldout,13,2b876cc1a87c841399e1be04b327b8fe6c84ab641220e98f0009fc04f69e4b74,0+2,0,7,11,29
heldout,13,2b876cc1a87c841399e1be04b327b8fe6c84ab641220e98f0009fc04f69e4b74,1+2,0,3,21,63
heldout,13,2b876cc1a87c841399e1be04b327b8fe6c84ab641220e98f0009fc04f69e4b74,0+1+2,0,3,7,23
heldout,14,b45c852a7accbffb199368a19f8d7552fb250644f81487b763cbb29668ff0651,0+1,0,10,27,132
heldout,14,b45c852a7accbffb199368a19f8d7552fb250644f81487b763cbb29668ff0651,0+2,0,5,11,54
heldout,14,b45c852a7accbffb199368a19f8d7552fb250644f81487b763cbb29668ff0651,1+2,0,13,32,123
heldout,14,b45c852a7accbffb199368a19f8d7552fb250644f81487b763cbb29668ff0651,0+1+2,0,3,5,39
heldout,15,02ce8bc9104d0127bbf7c5768a37dba4c9ca3395469a9ee8627fe36a0c4a0176,0+1,0,6,16,86
heldout,15,02ce8bc9104d0127bbf7c5768a37dba4c9ca3395469a9ee8627fe36a0c4a0176,0+2,0,0,7,34
heldout,15,02ce8bc9104d0127bbf7c5768a37dba4c9ca3395469a9ee8627fe36a0c4a0176,1+2,0,1,19,72
heldout,15,02ce8bc9104d0127bbf7c5768a37dba4c9ca3395469a9ee8627fe36a0c4a0176,0+1+2,0,0,2,26
heldout,16,abfadfcc53563032a790582a4db4ccc25d44c90c5717a985291eb2ad9313a656,0+1,0,11,24,103
heldout,16,abfadfcc53563032a790582a4db4ccc25d44c90c5717a985291eb2ad9313a656,0+2,0,0,12,41
heldout,16,abfadfcc53563032a790582a4db4ccc25d44c90c5717a985291eb2ad9313a656,1+2,0,0,23,103
heldout,16,abfadfcc53563032a790582a4db4ccc25d44c90c5717a985291eb2ad9313a656,0+1+2,0,0,12,34
heldout,17,cd9e03b6b6944ec4b28336c1f63573a9b7dff3e372219273b9fbc43bc1974f35,0+1,9,13,25,85
heldout,17,cd9e03b6b6944ec4b28336c1f63573a9b7dff3e372219273b9fbc43bc1974f35,0+2,2,2,13,29
heldout,17,cd9e03b6b6944ec4b28336c1f63573a9b7dff3e372219273b9fbc43bc1974f35,1+2,5,13,27,77
heldout,17,cd9e03b6b6944ec4b28336c1f63573a9b7dff3e372219273b9fbc43bc1974f35,0+1+2,2,2,9,23
heldout,18,b2521d3f09ff7954b11368598a6b9fe2c4254bf96538fb5337b6553d493692de,0+1,6,15,27,91
heldout,18,b2521d3f09ff7954b11368598a6b9fe2c4254bf96538fb5337b6553d493692de,0+2,4,4,17,40
heldout,18,b2521d3f09ff7954b11368598a6b9fe2c4254bf96538fb5337b6553d493692de,1+2,11,11,34,100
heldout,18,b2521d3f09ff7954b11368598a6b9fe2c4254bf96538fb5337b6553d493692de,0+1+2,4,4,16,31
heldout,19,5685fd7a2e09632716cd80b5bcb5bae3bdfad02779ca0d0f25f84543cda2527d,0+1,0,21,41,136
heldout,19,5685fd7a2e09632716cd80b5bcb5bae3bdfad02779ca0d0f25f84543cda2527d,0+2,0,12,14,50
heldout,19,5685fd7a2e09632716cd80b5bcb5bae3bdfad02779ca0d0f25f84543cda2527d,1+2,0,13,33,127
heldout,19,5685fd7a2e09632716cd80b5bcb5bae3bdfad02779ca0d0f25f84543cda2527d,0+1+2,0,12,12,37
heldout,20,39d91e146e87b5228f0cfe04ff131fe1a1a5298eb2107d58fb0857324f677564,0+1,8,8,17,84
heldout,20,39d91e146e87b5228f0cfe04ff131fe1a1a5298eb2107d58fb0857324f677564,0+2,4,4,6,37
heldout,20,39d91e146e87b5228f0cfe04ff131fe1a1a5298eb2107d58fb0857324f677564,1+2,9,9,23,77
heldout,20,39d91e146e87b5228f0cfe04ff131fe1a1a5298eb2107d58fb0857324f677564,0+1+2,4,4,4,27
heldout,21,e5b5bef698603295360148610c05ce95f538777ebbb07181d0de83745f99afcc,0+1,4,25,37,131
heldout,21,e5b5bef698603295360148610c05ce95f538777ebbb07181d0de83745f99afcc,0+2,0,8,14,50
heldout,21,e5b5bef698603295360148610c05ce95f538777ebbb07181d0de83745f99afcc,1+2,1,10,33,130
heldout,21,e5b5bef698603295360148610c05ce95f538777ebbb07181d0de83745f99afcc,0+1+2,0,7,13,38
heldout,22,8b4b8204b06d11835563ff00414929d7cbb1dcac6890ec06752bbf1faa453beb,0+1,0,0,25,77
heldout,22,8b4b8204b06d11835563ff00414929d7cbb1dcac6890ec06752bbf1faa453beb,0+2,0,0,13,35
heldout,22,8b4b8204b06d11835563ff00414929d7cbb1dcac6890ec06752bbf1faa453beb,1+2,2,12,26,72
heldout,22,8b4b8204b06d11835563ff00414929d7cbb1dcac6890ec06752bbf1faa453beb,0+1+2,0,0,13,28
heldout,23,bc2c7eca9cb414eb0712fb753c5038a814d88df5e9217ffb45026c06fb306656,0+1,10,15,35,142
heldout,23,bc2c7eca9cb414eb0712fb753c5038a814d88df5e9217ffb45026c06fb306656,0+2,8,12,19,63
heldout,23,bc2c7eca9cb414eb0712fb753c5038a814d88df5e9217ffb45026c06fb306656,1+2,11,21,43,142
heldout,23,bc2c7eca9cb414eb0712fb753c5038a814d88df5e9217ffb45026c06fb306656,0+1+2,8,9,13,45
heldout,24,614a08648f33b0a09adfdc1e1609acad0844db52d203c6a6a67d0489535bb760,0+1,0,0,34,115
heldout,24,614a08648f33b0a09adfdc1e1609acad0844db52d203c6a6a67d0489535bb760,0+2,0,0,14,42
heldout,24,614a08648f33b0a09adfdc1e1609acad0844db52d203c6a6a67d0489535bb760,1+2,0,3,24,93
heldout,24,614a08648f33b0a09adfdc1e1609acad0844db52d203c6a6a67d0489535bb760,0+1+2,0,0,14,38
heldout,25,62a819cbbc41e270b6ce5bc598be6f94904e608c3f9e9f1eb25c674fdbf07038,0+1,0,12,34,126
heldout,25,62a819cbbc41e270b6ce5bc598be6f94904e608c3f9e9f1eb25c674fdbf07038,0+2,0,1,8,47
heldout,25,62a819cbbc41e270b6ce5bc598be6f94904e608c3f9e9f1eb25c674fdbf07038,1+2,0,0,32,126
heldout,25,62a819cbbc41e270b6ce5bc598be6f94904e608c3f9e9f1eb25c674fdbf07038,0+1+2,0,0,6,36
heldout,26,2e7383689d5fc38adeb5eb0b21fe70ffbdd24f71296f36381f4bc588edc218d1,0+1,11,31,53,144
heldout,26,2e7383689d5fc38adeb5eb0b21fe70ffbdd24f71296f36381f4bc588edc218d1,0+2,7,12,21,61
heldout,26,2e7383689d5fc38adeb5eb0b21fe70ffbdd24f71296f36381f4bc588edc218d1,1+2,9,13,39,132
heldout,26,2e7383689d5fc38adeb5eb0b21fe70ffbdd24f71296f36381f4bc588edc218d1,0+1+2,7,11,20,46
heldout,27,29eed40afb681c2df46745001f64cc633ea5bbd33d62811414dad89a674710a1,0+1,10,21,37,126
heldout,27,29eed40afb681c2df46745001f64cc633ea5bbd33d62811414dad89a674710a1,0+2,7,13,19,52
heldout,27,29eed40afb681c2df46745001f64cc633ea5bbd33d62811414dad89a674710a1,1+2,10,24,40,118
heldout,27,29eed40afb681c2df46745001f64cc633ea5bbd33d62811414dad89a674710a1,0+1+2,7,11,13,44
heldout,28,3f88b0ddd489a5e8afa9aba003b49e32fd0e3deb4ff13c2c4f644cfe911e4e44,0+1,1,8,31,133
heldout,28,3f88b0ddd489a5e8afa9aba003b49e32fd0e3deb4ff13c2c4f644cfe911e4e44,0+2,0,2,16,56
heldout,28,3f88b0ddd489a5e8afa9aba003b49e32fd0e3deb4ff13c2c4f644cfe911e4e44,1+2,0,0,30,126
heldout,28,3f88b0ddd489a5e8afa9aba003b49e32fd0e3deb4ff13c2c4f644cfe911e4e44,0+1+2,0,0,7,40
heldout,29,7842e680132c761fc0afe0212b5c353ecae26cf6a20b75de52f890d7a2900bf4,0+1,0,18,29,118
heldout,29,7842e680132c761fc0afe0212b5c353ecae26cf6a20b75de52f890d7a2900bf4,0+2,0,1,14,50
heldout,29,7842e680132c761fc0afe0212b5c353ecae26cf6a20b75de52f890d7a2900bf4,1+2,0,2,31,123
heldout,29,7842e680132c761fc0afe0212b5c353ecae26cf6a20b75de52f890d7a2900bf4,0+1+2,0,1,12,37
heldout,30,679f30e8862ab4111fb0222ad93d31ddcced760efbbafcabe53a0141c5a1c7e2,0+1,0,14,32,118
heldout,30,679f30e8862ab4111fb0222ad93d31ddcced760efbbafcabe53a0141c5a1c7e2,0+2,0,5,12,48
heldout,30,679f30e8862ab4111fb0222ad93d31ddcced760efbbafcabe53a0141c5a1c7e2,1+2,0,2,32,125
heldout,30,679f30e8862ab4111fb0222ad93d31ddcced760efbbafcabe53a0141c5a1c7e2,0+1+2,0,2,9,38
heldout,31,ab82075b3eead9495086ee6fc0b5c9cd0f23e7d28df0b1becbc6a9a3e9d40de0,0+1,7,7,35,116
heldout,31,ab82075b3eead9495086ee6fc0b5c9cd0f23e7d28df0b1becbc6a9a3e9d40de0,0+2,3,3,17,55
heldout,31,ab82075b3eead9495086ee6fc0b5c9cd0f23e7d28df0b1becbc6a9a3e9d40de0,1+2,8,9,39,133
heldout,31,ab82075b3eead9495086ee6fc0b5c9cd0f23e7d28df0b1becbc6a9a3e9d40de0,0+1+2,3,3,15,42
heldout,32,dc91578f7014e481f07acc25f575e8613b6aafd59bbaf324ef20219da6c1146f,0+1,0,0,28,115
heldout,32,dc91578f7014e481f07acc25f575e8613b6aafd59bbaf324ef20219da6c1146f,0+2,0,0,11,49
heldout,32,dc91578f7014e481f07acc25f575e8613b6aafd59bbaf324ef20219da6c1146f,1+2,0,10,29,121
heldout,32,dc91578f7014e481f07acc25f575e8613b6aafd59bbaf324ef20219da6c1146f,0+1+2,0,0,9,39
heldout,33,ddaffc4380929829b70d0a621234148bb7ee95a55853c51ec3eb16a2770964df,0+1,0,8,28,124
heldout,33,ddaffc4380929829b70d0a621234148bb7ee95a55853c51ec3eb16a2770964df,0+2,0,0,11,49
heldout,33,ddaffc4380929829b70d0a621234148bb7ee95a55853c51ec3eb16a2770964df,1+2,0,0,32,128
heldout,33,ddaffc4380929829b70d0a621234148bb7ee95a55853c51ec3eb16a2770964df,0+1+2,0,0,6,35
heldout,34,46fbab1df1dcb7538cf66ed35a3bcb136f6c20eab7a28d2ec4596abb0c6b8c83,0+1,12,13,30,98
heldout,34,46fbab1df1dcb7538cf66ed35a3bcb136f6c20eab7a28d2ec4596abb0c6b8c83,0+2,6,6,15,45
heldout,34,46fbab1df1dcb7538cf66ed35a3bcb136f6c20eab7a28d2ec4596abb0c6b8c83,1+2,5,5,28,85
heldout,34,46fbab1df1dcb7538cf66ed35a3bcb136f6c20eab7a28d2ec4596abb0c6b8c83,0+1+2,5,5,13,39
heldout,35,376815b592b33571d0b3a0a5c8594a94efef23a5af49fc219949b3ad83072975,0+1,0,15,32,122
heldout,35,376815b592b33571d0b3a0a5c8594a94efef23a5af49fc219949b3ad83072975,0+2,0,1,12,45
heldout,35,376815b592b33571d0b3a0a5c8594a94efef23a5af49fc219949b3ad83072975,1+2,0,4,31,122
heldout,35,376815b592b33571d0b3a0a5c8594a94efef23a5af49fc219949b3ad83072975,0+1+2,0,1,8,35
heldout,36,e080f1c1ad23d5e69dec61ad56bd1d0d364dfdd7083ff4c266190413bff61f3f,0+1,6,27,48,138
heldout,36,e080f1c1ad23d5e69dec61ad56bd1d0d364dfdd7083ff4c266190413bff61f3f,0+2,5,5,17,52
heldout,36,e080f1c1ad23d5e69dec61ad56bd1d0d364dfdd7083ff4c266190413bff61f3f,1+2,12,12,46,139
heldout,36,e080f1c1ad23d5e69dec61ad56bd1d0d364dfdd7083ff4c266190413bff61f3f,0+1+2,5,5,17,40
heldout,37,48d93c9f2150632af879c25ca274ca9e9b918b8404c5f166d148ffa61fdb138a,0+1,0,2,25,127
heldout,37,48d93c9f2150632af879c25ca274ca9e9b918b8404c5f166d148ffa61fdb138a,0+2,0,0,10,51
heldout,37,48d93c9f2150632af879c25ca274ca9e9b918b8404c5f166d148ffa61fdb138a,1+2,8,8,41,139
heldout,37,48d93c9f2150632af879c25ca274ca9e9b918b8404c5f166d148ffa61fdb138a,0+1+2,0,0,7,38
heldout,38,2fb9409b47b79b333e9ce8c51c0ce5e999a3cfdf9a18af7148a5f0ac60c74140,0+1,7,19,38,115
heldout,38,2fb9409b47b79b333e9ce8c51c0ce5e999a3cfdf9a18af7148a5f0ac60c74140,0+2,0,12,12,49
heldout,38,2fb9409b47b79b333e9ce8c51c0ce5e999a3cfdf9a18af7148a5f0ac60c74140,1+2,0,13,33,112
heldout,38,2fb9409b47b79b333e9ce8c51c0ce5e999a3cfdf9a18af7148a5f0ac60c74140,0+1+2,0,12,12,37
heldout,39,b79a9bfe1340427bbd358c63a846ce06f579131e5933bc489f206a7557129c18,0+1,5,5,39,124
heldout,39,b79a9bfe1340427bbd358c63a846ce06f579131e5933bc489f206a7557129c18,0+2,3,3,18,55
heldout,39,b79a9bfe1340427bbd358c63a846ce06f579131e5933bc489f206a7557129c18,1+2,10,10,43,128
heldout,39,b79a9bfe1340427bbd358c63a846ce06f579131e5933bc489f206a7557129c18,0+1+2,3,3,16,41
heldout,40,dfd5655ab0bd0ef374e47f7d42e2b9e3ab597362794486917db20bf1d67e39bc,0+1,0,0,41,128
heldout,40,dfd5655ab0bd0ef374e47f7d42e2b9e3ab597362794486917db20bf1d67e39bc,0+2,0,0,14,49
heldout,40,dfd5655ab0bd0ef374e47f7d42e2b9e3ab597362794486917db20bf1d67e39bc,1+2,0,5,31,129
heldout,40,dfd5655ab0bd0ef374e47f7d42e2b9e3ab597362794486917db20bf1d67e39bc,0+1+2,0,0,13,37
heldout,41,c6adddc9543765043b8762f7d53f58c5e108f848428741c94d1ff18e9f86fe0b,0+1,0,8,18,77
heldout,41,c6adddc9543765043b8762f7d53f58c5e108f848428741c94d1ff18e9f86fe0b,0+2,0,0,4,38
heldout,41,c6adddc9543765043b8762f7d53f58c5e108f848428741c94d1ff18e9f86fe0b,1+2,2,2,19,89
heldout,41,c6adddc9543765043b8762f7d53f58c5e108f848428741c94d1ff18e9f86fe0b,0+1+2,0,0,1,31
heldout,42,42e86a3bb37325981c42e0cd02992bdf144ee6700cbc65bed4f462ae3cd8f4f3,0+1,0,11,26,116
heldout,42,42e86a3bb37325981c42e0cd02992bdf144ee6700cbc65bed4f462ae3cd8f4f3,0+2,0,7,11,48
heldout,42,42e86a3bb37325981c42e0cd02992bdf144ee6700cbc65bed4f462ae3cd8f4f3,1+2,0,6,30,112
heldout,42,42e86a3bb37325981c42e0cd02992bdf144ee6700cbc65bed4f462ae3cd8f4f3,0+1+2,0,4,6,37
heldout,43,1fa9d6dc1ebbd431ee8747d606b694da0df1a1ce49917baefd66d344360317e6,0+1,0,20,41,129
heldout,43,1fa9d6dc1ebbd431ee8747d606b694da0df1a1ce49917baefd66d344360317e6,0+2,0,6,14,54
heldout,43,1fa9d6dc1ebbd431ee8747d606b694da0df1a1ce49917baefd66d344360317e6,1+2,0,6,30,127
heldout,43,1fa9d6dc1ebbd431ee8747d606b694da0df1a1ce49917baefd66d344360317e6,0+1+2,0,6,13,36
heldout,44,712a0a836a600b9ff0135a9f1d22796413747bf366fbb05623e34ac928f3dc3c,0+1,0,1,27,122
heldout,44,712a0a836a600b9ff0135a9f1d22796413747bf366fbb05623e34ac928f3dc3c,0+2,0,0,13,46
heldout,44,712a0a836a600b9ff0135a9f1d22796413747bf366fbb05623e34ac928f3dc3c,1+2,0,15,30,115
heldout,44,712a0a836a600b9ff0135a9f1d22796413747bf366fbb05623e34ac928f3dc3c,0+1+2,0,0,10,36
heldout,45,42ab2098dcc8d6c5bec80963651c953b9ff48cc97c9c84fd49bcec891b515ca5,0+1,0,5,14,79
heldout,45,42ab2098dcc8d6c5bec80963651c953b9ff48cc97c9c84fd49bcec891b515ca5,0+2,0,0,3,36
heldout,45,42ab2098dcc8d6c5bec80963651c953b9ff48cc97c9c84fd49bcec891b515ca5,1+2,3,3,16,82
heldout,45,42ab2098dcc8d6c5bec80963651c953b9ff48cc97c9c84fd49bcec891b515ca5,0+1+2,0,0,3,33
heldout,46,cc0873e79bdbfabc5d44e2148af07fb042d68971c08d0c21bbcc7e55ed42a82b,0+1,13,16,42,137
heldout,46,cc0873e79bdbfabc5d44e2148af07fb042d68971c08d0c21bbcc7e55ed42a82b,0+2,8,8,19,60
heldout,46,cc0873e79bdbfabc5d44e2148af07fb042d68971c08d0c21bbcc7e55ed42a82b,1+2,9,19,39,136
heldout,46,cc0873e79bdbfabc5d44e2148af07fb042d68971c08d0c21bbcc7e55ed42a82b,0+1+2,8,8,15,48
heldout,47,418c374236a7ba438f086d328ce85970f27d9b58c68ef396e4f014bc1d18754f,0+1,10,20,34,137
heldout,47,418c374236a7ba438f086d328ce85970f27d9b58c68ef396e4f014bc1d18754f,0+2,12,19,25,59
heldout,47,418c374236a7ba438f086d328ce85970f27d9b58c68ef396e4f014bc1d18754f,1+2,11,13,42,115
heldout,47,418c374236a7ba438f086d328ce85970f27d9b58c68ef396e4f014bc1d18754f,0+1+2,10,12,17,46
heldout,48,1bda988cd32051c6b0c617ab38e2a02c6390ff5ab9c0233635e3291b3cb49860,0+1,0,0,15,78
heldout,48,1bda988cd32051c6b0c617ab38e2a02c6390ff5ab9c0233635e3291b3cb49860,0+2,0,0,10,29
heldout,48,1bda988cd32051c6b0c617ab38e2a02c6390ff5ab9c0233635e3291b3cb49860,1+2,0,3,18,77
heldout,48,1bda988cd32051c6b0c617ab38e2a02c6390ff5ab9c0233635e3291b3cb49860,0+1+2,0,0,8,21
heldout,49,c110c025f141ed24aefd223366087e6eb1812ce1ad43f39200e600fb55e8cddd,0+1,0,0,40,125
heldout,49,c110c025f141ed24aefd223366087e6eb1812ce1ad43f39200e600fb55e8cddd,0+2,0,0,14,49
heldout,49,c110c025f141ed24aefd223366087e6eb1812ce1ad43f39200e600fb55e8cddd,1+2,0,21,34,128
heldout,49,c110c025f141ed24aefd223366087e6eb1812ce1ad43f39200e600fb55e8cddd,0+1+2,0,0,12,35
heldout,50,2dc403f4d29eaacfe02eff2a00f2bc8b2fa5ad8dd1eea52b8228d6403e3e0151,0+1,0,10,30,121
heldout,50,2dc403f4d29eaacfe02eff2a00f2bc8b2fa5ad8dd1eea52b8228d6403e3e0151,0+2,0,0,10,48
heldout,50,2dc403f4d29eaacfe02eff2a00f2bc8b2fa5ad8dd1eea52b8228d6403e3e0151,1+2,0,0,29,121
heldout,50,2dc403f4d29eaacfe02eff2a00f2bc8b2fa5ad8dd1eea52b8228d6403e3e0151,0+1+2,0,0,9,38
heldout,51,7a75663294dd2844753e084b6f853171914484875a9df42a6162f853401b792a,0+1,0,20,41,127
heldout,51,7a75663294dd2844753e084b6f853171914484875a9df42a6162f853401b792a,0+2,0,3,15,49
heldout,51,7a75663294dd2844753e084b6f853171914484875a9df42a6162f853401b792a,1+2,0,2,33,126
heldout,51,7a75663294dd2844753e084b6f853171914484875a9df42a6162f853401b792a,0+1+2,0,2,14,39
heldout,52,8f3ae7aa5b7bac5299c74e6fe87e7c615163eda56f6007d8a7da9242453c1fff,0+1,0,13,32,123
heldout,52,8f3ae7aa5b7bac5299c74e6fe87e7c615163eda56f6007d8a7da9242453c1fff,0+2,0,3,12,49
heldout,52,8f3ae7aa5b7bac5299c74e6fe87e7c615163eda56f6007d8a7da9242453c1fff,1+2,0,7,28,123
heldout,52,8f3ae7aa5b7bac5299c74e6fe87e7c615163eda56f6007d8a7da9242453c1fff,0+1+2,0,3,9,37
heldout,53,e5fb7816505040d9559143b1e618b94e76a07408cef4ede30188ba47124a9c62,0+1,13,13,33,102
heldout,53,e5fb7816505040d9559143b1e618b94e76a07408cef4ede30188ba47124a9c62,0+2,7,7,14,41
heldout,53,e5fb7816505040d9559143b1e618b94e76a07408cef4ede30188ba47124a9c62,1+2,7,13,27,95
heldout,53,e5fb7816505040d9559143b1e618b94e76a07408cef4ede30188ba47124a9c62,0+1+2,7,7,13,33
heldout,54,5cda2c80342349bbaad02a3c596f164c7e32dce7a8928d9725b269200dd5e946,0+1,0,5,30,138
heldout,54,5cda2c80342349bbaad02a3c596f164c7e32dce7a8928d9725b269200dd5e946,0+2,0,3,14,48
heldout,54,5cda2c80342349bbaad02a3c596f164c7e32dce7a8928d9725b269200dd5e946,1+2,0,15,30,118
heldout,54,5cda2c80342349bbaad02a3c596f164c7e32dce7a8928d9725b269200dd5e946,0+1+2,0,1,8,38
heldout,55,35e1fd3dc8c506e6b8b33a100334abe410ed7bf4034b1031dead3634eb3cd6eb,0+1,4,18,40,129
heldout,55,35e1fd3dc8c506e6b8b33a100334abe410ed7bf4034b1031dead3634eb3cd6eb,0+2,0,13,13,49
heldout,55,35e1fd3dc8c506e6b8b33a100334abe410ed7bf4034b1031dead3634eb3cd6eb,1+2,0,13,33,128
heldout,55,35e1fd3dc8c506e6b8b33a100334abe410ed7bf4034b1031dead3634eb3cd6eb,0+1+2,0,13,13,38
heldout,56,3a599a58d2f70d709f4403023f123cc4606d9ca117cd017adc2816fe1642fd04,0+1,12,13,44,131
heldout,56,3a599a58d2f70d709f4403023f123cc4606d9ca117cd017adc2816fe1642fd04,0+2,13,13,26,64
heldout,56,3a599a58d2f70d709f4403023f123cc4606d9ca117cd017adc2816fe1642fd04,1+2,12,13,43,135
heldout,56,3a599a58d2f70d709f4403023f123cc4606d9ca117cd017adc2816fe1642fd04,0+1+2,12,12,20,49
heldout,57,7dd62eba7ee9345d74f6f7225004c150ee5234a69d9bc679650ac8c24acc365e,0+1,8,8,42,130
heldout,57,7dd62eba7ee9345d74f6f7225004c150ee5234a69d9bc679650ac8c24acc365e,0+2,6,6,19,55
heldout,57,7dd62eba7ee9345d74f6f7225004c150ee5234a69d9bc679650ac8c24acc365e,1+2,11,23,43,141
heldout,57,7dd62eba7ee9345d74f6f7225004c150ee5234a69d9bc679650ac8c24acc365e,0+1+2,6,6,17,44
heldout,58,6cfbb88a0b0c1a4525434bef731e76544071f04cc9f38d29fc0f5e25f764c057,0+1,0,0,42,135
heldout,58,6cfbb88a0b0c1a4525434bef731e76544071f04cc9f38d29fc0f5e25f764c057,0+2,0,0,14,56
heldout,58,6cfbb88a0b0c1a4525434bef731e76544071f04cc9f38d29fc0f5e25f764c057,1+2,0,5,25,121
heldout,58,6cfbb88a0b0c1a4525434bef731e76544071f04cc9f38d29fc0f5e25f764c057,0+1+2,0,0,13,41
heldout,59,d2031f5ba6bf4bd169c918334561dd8ab3475bd60aecb0317934efd06daad614,0+1,4,5,29,121
heldout,59,d2031f5ba6bf4bd169c918334561dd8ab3475bd60aecb0317934efd06daad614,0+2,0,0,12,49
heldout,59,d2031f5ba6bf4bd169c918334561dd8ab3475bd60aecb0317934efd06daad614,1+2,3,3,33,128
heldout,59,d2031f5ba6bf4bd169c918334561dd8ab3475bd60aecb0317934efd06daad614,0+1+2,0,0,8,37
heldout,60,b5c93eb1f0a8c3c2f8f6167828a1b545960188d50bf5736bf01a69c3c177e531,0+1,0,12,33,127
heldout,60,b5c93eb1f0a8c3c2f8f6167828a1b545960188d50bf5736bf01a69c3c177e531,0+2,0,7,12,49
heldout,60,b5c93eb1f0a8c3c2f8f6167828a1b545960188d50bf5736bf01a69c3c177e531,1+2,0,8,30,123
heldout,60,b5c93eb1f0a8c3c2f8f6167828a1b545960188d50bf5736bf01a69c3c177e531,0+1+2,0,7,11,36
heldout,61,d8d4d50cf319e32d770871b47fbd629d3660b22b563c67ca32c63ef25dd0845a,0+1,4,5,28,115
heldout,61,d8d4d50cf319e32d770871b47fbd629d3660b22b563c67ca32c63ef25dd0845a,0+2,0,0,8,45
heldout,61,d8d4d50cf319e32d770871b47fbd629d3660b22b563c67ca32c63ef25dd0845a,1+2,7,7,40,134
heldout,61,d8d4d50cf319e32d770871b47fbd629d3660b22b563c67ca32c63ef25dd0845a,0+1+2,0,0,7,36
heldout,62,01d4358524f5efcf0fb2c924cffec57085e6e5869f0a8a70a8e9965baa5f5600,0+1,0,0,43,129
heldout,62,01d4358524f5efcf0fb2c924cffec57085e6e5869f0a8a70a8e9965baa5f5600,0+2,0,0,13,51
heldout,62,01d4358524f5efcf0fb2c924cffec57085e6e5869f0a8a70a8e9965baa5f5600,1+2,0,0,33,126
heldout,62,01d4358524f5efcf0fb2c924cffec57085e6e5869f0a8a70a8e9965baa5f5600,0+1+2,0,0,13,38
heldout,63,bce4438a2415d67222c55239dde6a8ca9321e66ba65a7f474f44d0e0e395e147,0+1,0,8,32,132
heldout,63,bce4438a2415d67222c55239dde6a8ca9321e66ba65a7f474f44d0e0e395e147,0+2,0,5,12,52
heldout,63,bce4438a2415d67222c55239dde6a8ca9321e66ba65a7f474f44d0e0e395e147,1+2,0,10,32,132
heldout,63,bce4438a2415d67222c55239dde6a8ca9321e66ba65a7f474f44d0e0e395e147,0+1+2,0,2,6,40
heldout,64,fe06f771abe4f7284a3ec9793424bc2016fd6ae7cd73bea6cf3bf262fa5f1630,0+1,7,16,33,113
heldout,64,fe06f771abe4f7284a3ec9793424bc2016fd6ae7cd73bea6cf3bf262fa5f1630,0+2,8,17,17,56
heldout,64,fe06f771abe4f7284a3ec9793424bc2016fd6ae7cd73bea6cf3bf262fa5f1630,1+2,11,24,45,137
heldout,64,fe06f771abe4f7284a3ec9793424bc2016fd6ae7cd73bea6cf3bf262fa5f1630,0+1+2,7,16,16,46
heldout,65,8795b7487dc67513bf127f410df7322b0c2823e12aa0169c137725a35d2d2425,0+1,0,0,12,62
heldout,65,8795b7487dc67513bf127f410df7322b0c2823e12aa0169c137725a35d2d2425,0+2,0,0,6,31
heldout,65,8795b7487dc67513bf127f410df7322b0c2823e12aa0169c137725a35d2d2425,1+2,0,0,11,66
heldout,65,8795b7487dc67513bf127f410df7322b0c2823e12aa0169c137725a35d2d2425,0+1+2,0,0,6,28
heldout,66,9ae0651fd1ecc2d696148a97807ecda6575039b01a4579549c1f1b5d82771ebb,0+1,10,20,31,101
heldout,66,9ae0651fd1ecc2d696148a97807ecda6575039b01a4579549c1f1b5d82771ebb,0+2,0,8,12,32
heldout,66,9ae0651fd1ecc2d696148a97807ecda6575039b01a4579549c1f1b5d82771ebb,1+2,0,13,21,82
heldout,66,9ae0651fd1ecc2d696148a97807ecda6575039b01a4579549c1f1b5d82771ebb,0+1+2,0,8,8,22
heldout,67,555918a95e193068fa8db2c637d01f6a94457681f33db26ba7082ecb451351bb,0+1,0,0,10,46
heldout,67,555918a95e193068fa8db2c637d01f6a94457681f33db26ba7082ecb451351bb,0+2,0,0,12,25
heldout,67,555918a95e193068fa8db2c637d01f6a94457681f33db26ba7082ecb451351bb,1+2,0,2,12,45
heldout,67,555918a95e193068fa8db2c637d01f6a94457681f33db26ba7082ecb451351bb,0+1+2,0,0,10,23
heldout,68,75d52312c5331c3576957731a3cff5c7653aabd78c0e7928223758f72690d82a,0+1,10,10,40,130
heldout,68,75d52312c5331c3576957731a3cff5c7653aabd78c0e7928223758f72690d82a,0+2,7,7,18,56
heldout,68,75d52312c5331c3576957731a3cff5c7653aabd78c0e7928223758f72690d82a,1+2,6,16,35,127
heldout,68,75d52312c5331c3576957731a3cff5c7653aabd78c0e7928223758f72690d82a,0+1+2,6,6,16,43
heldout,69,0a37b2672048ff462a8721e2287cb27c6f5d903f3d8a48bca7033540d0b7e25a,0+1,6,22,39,123
heldout,69,0a37b2672048ff462a8721e2287cb27c6f5d903f3d8a48bca7033540d0b7e25a,0+2,0,10,13,48
heldout,69,0a37b2672048ff462a8721e2287cb27c6f5d903f3d8a48bca7033540d0b7e25a,1+2,0,10,34,130
heldout,69,0a37b2672048ff462a8721e2287cb27c6f5d903f3d8a48bca7033540d0b7e25a,0+1+2,0,7,10,38
heldout,70,c7eb350f38031721f8e22c5933c783bec64993cd479c7a6fab6bf606bf820df4,0+1,7,12,25,89
heldout,70,c7eb350f38031721f8e22c5933c783bec64993cd479c7a6fab6bf606bf820df4,0+2,8,15,15,50
heldout,70,c7eb350f38031721f8e22c5933c783bec64993cd479c7a6fab6bf606bf820df4,1+2,11,20,31,90
heldout,70,c7eb350f38031721f8e22c5933c783bec64993cd479c7a6fab6bf606bf820df4,0+1+2,7,12,12,43
heldout,71,4039505e05544b6eecff9f3445c7be10c29e17c982e72dae6c5a10e7961ed876,0+1,0,9,29,129
heldout,71,4039505e05544b6eecff9f3445c7be10c29e17c982e72dae6c5a10e7961ed876,0+2,0,0,5,46
heldout,71,4039505e05544b6eecff9f3445c7be10c29e17c982e72dae6c5a10e7961ed876,1+2,0,15,30,119
heldout,71,4039505e05544b6eecff9f3445c7be10c29e17c982e72dae6c5a10e7961ed876,0+1+2,0,0,3,37
heldout,72,471223b00138c7aebe834682b23b1d6c46d804cbd84e8f76b59d89caf440e798,0+1,0,3,23,109
heldout,72,471223b00138c7aebe834682b23b1d6c46d804cbd84e8f76b59d89caf440e798,0+2,0,6,6,44
heldout,72,471223b00138c7aebe834682b23b1d6c46d804cbd84e8f76b59d89caf440e798,1+2,3,10,25,95
heldout,72,471223b00138c7aebe834682b23b1d6c46d804cbd84e8f76b59d89caf440e798,0+1+2,0,3,3,34
heldout,73,375c3e1fe70a996b7e97ab5326eff9ad0d81e4c892ce461251b709c7e9485070,0+1,0,13,25,89
heldout,73,375c3e1fe70a996b7e97ab5326eff9ad0d81e4c892ce461251b709c7e9485070,0+2,0,5,11,41
heldout,73,375c3e1fe70a996b7e97ab5326eff9ad0d81e4c892ce461251b709c7e9485070,1+2,0,11,23,87
heldout,73,375c3e1fe70a996b7e97ab5326eff9ad0d81e4c892ce461251b709c7e9485070,0+1+2,0,5,6,30
heldout,74,61d39313988727325740f3f81df607bc5d746c1d8f7d96993e4573d34023e771,0+1,4,11,22,74
heldout,74,61d39313988727325740f3f81df607bc5d746c1d8f7d96993e4573d34023e771,0+2,0,8,13,31
heldout,74,61d39313988727325740f3f81df607bc5d746c1d8f7d96993e4573d34023e771,1+2,1,6,23,68
heldout,74,61d39313988727325740f3f81df607bc5d746c1d8f7d96993e4573d34023e771,0+1+2,0,5,10,27
heldout,75,639ab7c60bbd6a9fa96fdc3ad00b5d23b77230dd05f139623f71e93553ac3ca5,0+1,0,14,25,118
heldout,75,639ab7c60bbd6a9fa96fdc3ad00b5d23b77230dd05f139623f71e93553ac3ca5,0+2,0,7,12,48
heldout,75,639ab7c60bbd6a9fa96fdc3ad00b5d23b77230dd05f139623f71e93553ac3ca5,1+2,0,3,32,111
heldout,75,639ab7c60bbd6a9fa96fdc3ad00b5d23b77230dd05f139623f71e93553ac3ca5,0+1+2,0,3,8,36
heldout,76,2ed1d1e95900448bd57e857d03f4dfad6f3e82fa8fe38bb6021d12c0b0665881,0+1,1,11,25,105
heldout,76,2ed1d1e95900448bd57e857d03f4dfad6f3e82fa8fe38bb6021d12c0b0665881,0+2,0,7,12,47
heldout,76,2ed1d1e95900448bd57e857d03f4dfad6f3e82fa8fe38bb6021d12c0b0665881,1+2,4,6,37,111
heldout,76,2ed1d1e95900448bd57e857d03f4dfad6f3e82fa8fe38bb6021d12c0b0665881,0+1+2,0,2,7,37
heldout,77,85f17ef0ecc916e8b55875701f45966b11b613e3908b98c80e727ade49258ac5,0+1,1,1,27,117
heldout,77,85f17ef0ecc916e8b55875701f45966b11b613e3908b98c80e727ade49258ac5,0+2,0,0,10,47
heldout,77,85f17ef0ecc916e8b55875701f45966b11b613e3908b98c80e727ade49258ac5,1+2,6,14,36,123
heldout,77,85f17ef0ecc916e8b55875701f45966b11b613e3908b98c80e727ade49258ac5,0+1+2,0,0,7,37
heldout,78,0dca5b76a16c5a347deb82fcc0be2fc04a7c79cb016ca7998be14d26c7e717a3,0+1,0,8,17,53
heldout,78,0dca5b76a16c5a347deb82fcc0be2fc04a7c79cb016ca7998be14d26c7e717a3,0+2,0,0,4,26
heldout,78,0dca5b76a16c5a347deb82fcc0be2fc04a7c79cb016ca7998be14d26c7e717a3,1+2,0,0,18,52
heldout,78,0dca5b76a16c5a347deb82fcc0be2fc04a7c79cb016ca7998be14d26c7e717a3,0+1+2,0,0,3,20
heldout,79,d57c7dcbecdbb0aa1991dc6f44b10f1fe5f498f1eddadae48a5f2a8c5b3ce9ef,0+1,0,17,38,122
heldout,79,d57c7dcbecdbb0aa1991dc6f44b10f1fe5f498f1eddadae48a5f2a8c5b3ce9ef,0+2,0,10,14,52
heldout,79,d57c7dcbecdbb0aa1991dc6f44b10f1fe5f498f1eddadae48a5f2a8c5b3ce9ef,1+2,0,12,34,119
heldout,79,d57c7dcbecdbb0aa1991dc6f44b10f1fe5f498f1eddadae48a5f2a8c5b3ce9ef,0+1+2,0,10,12,37
heldout,80,952f247cf5911cfd73fdd50e00eb9d956f29b000d4c9ae5d4af5d7786e415d73,0+1,0,4,25,99
heldout,80,952f247cf5911cfd73fdd50e00eb9d956f29b000d4c9ae5d4af5d7786e415d73,0+2,0,3,12,45
heldout,80,952f247cf5911cfd73fdd50e00eb9d956f29b000d4c9ae5d4af5d7786e415d73,1+2,0,7,25,105
heldout,80,952f247cf5911cfd73fdd50e00eb9d956f29b000d4c9ae5d4af5d7786e415d73,0+1+2,0,0,6,36
heldout,81,88c03e29be33fcda232fb3c1a47b28bc4c1301c9eb27d93ce7450535d38abf27,0+1,0,13,30,117
heldout,81,88c03e29be33fcda232fb3c1a47b28bc4c1301c9eb27d93ce7450535d38abf27,0+2,0,0,11,46
heldout,81,88c03e29be33fcda232fb3c1a47b28bc4c1301c9eb27d93ce7450535d38abf27,1+2,5,7,34,125
heldout,81,88c03e29be33fcda232fb3c1a47b28bc4c1301c9eb27d93ce7450535d38abf27,0+1+2,0,0,4,33
heldout,82,fda6f8a65f4e010e9d49c885d60ac5fae5530060586ed4500012c98cbcee5af0,0+1,7,7,44,127
heldout,82,fda6f8a65f4e010e9d49c885d60ac5fae5530060586ed4500012c98cbcee5af0,0+2,9,11,23,56
heldout,82,fda6f8a65f4e010e9d49c885d60ac5fae5530060586ed4500012c98cbcee5af0,1+2,10,12,43,142
heldout,82,fda6f8a65f4e010e9d49c885d60ac5fae5530060586ed4500012c98cbcee5af0,0+1+2,7,7,17,45
heldout,83,ccd4d26c6b1824050550ec571c005d4164d501d526c7fd4c79e0094db20c3fd5,0+1,0,20,41,128
heldout,83,ccd4d26c6b1824050550ec571c005d4164d501d526c7fd4c79e0094db20c3fd5,0+2,0,11,13,48
heldout,83,ccd4d26c6b1824050550ec571c005d4164d501d526c7fd4c79e0094db20c3fd5,1+2,9,27,38,133
heldout,83,ccd4d26c6b1824050550ec571c005d4164d501d526c7fd4c79e0094db20c3fd5,0+1+2,0,11,12,37
heldout,84,4b74a06840dbb96c6e4da197bc2d3a6db8e73ca445249d856fa16e2183767743,0+1,2,2,29,104
heldout,84,4b74a06840dbb96c6e4da197bc2d3a6db8e73ca445249d856fa16e2183767743,0+2,0,0,11,42
heldout,84,4b74a06840dbb96c6e4da197bc2d3a6db8e73ca445249d856fa16e2183767743,1+2,0,0,33,111
heldout,84,4b74a06840dbb96c6e4da197bc2d3a6db8e73ca445249d856fa16e2183767743,0+1+2,0,0,10,35
heldout,85,efe8e39cc6640cef5029cd79a3c1e153c4f6fd1befdb8c4c50278863e876cdd0,0+1,1,1,36,122
heldout,85,efe8e39cc6640cef5029cd79a3c1e153c4f6fd1befdb8c4c50278863e876cdd0,0+2,0,0,15,48
heldout,85,efe8e39cc6640cef5029cd79a3c1e153c4f6fd1befdb8c4c50278863e876cdd0,1+2,11,27,43,135
heldout,85,efe8e39cc6640cef5029cd79a3c1e153c4f6fd1befdb8c4c50278863e876cdd0,0+1+2,0,0,10,36
heldout,86,e268571ab01b6821ae76a86bd86c58c471d4beba6554e650e4cfabe729db0dc0,0+1,4,19,28,118
heldout,86,e268571ab01b6821ae76a86bd86c58c471d4beba6554e650e4cfabe729db0dc0,0+2,4,7,16,54
heldout,86,e268571ab01b6821ae76a86bd86c58c471d4beba6554e650e4cfabe729db0dc0,1+2,13,19,42,140
heldout,86,e268571ab01b6821ae76a86bd86c58c471d4beba6554e650e4cfabe729db0dc0,0+1+2,4,7,14,41
heldout,87,282df3579b37007426ef38b5d3d1ffbdbb33f68655553ed0659f82bce2f0b319,0+1,5,12,33,123
heldout,87,282df3579b37007426ef38b5d3d1ffbdbb33f68655553ed0659f82bce2f0b319,0+2,0,0,8,46
heldout,87,282df3579b37007426ef38b5d3d1ffbdbb33f68655553ed0659f82bce2f0b319,1+2,0,0,29,118
heldout,87,282df3579b37007426ef38b5d3d1ffbdbb33f68655553ed0659f82bce2f0b319,0+1+2,0,0,5,35
heldout,88,e7782ee76ba33120b901b9222b52787f613d2d83faea0d0a7b90d6c92137c68f,0+1,12,21,36,132
heldout,88,e7782ee76ba33120b901b9222b52787f613d2d83faea0d0a7b90d6c92137c68f,0+2,8,9,15,54
heldout,88,e7782ee76ba33120b901b9222b52787f613d2d83faea0d0a7b90d6c92137c68f,1+2,7,9,37,128
heldout,88,e7782ee76ba33120b901b9222b52787f613d2d83faea0d0a7b90d6c92137c68f,0+1+2,7,7,12,44
heldout,89,b0bd919d71c944aff7ece53f7c3ab5a13429e891b76594dbe8d6b3682c730ca0,0+1,0,9,20,93
heldout,89,b0bd919d71c944aff7ece53f7c3ab5a13429e891b76594dbe8d6b3682c730ca0,0+2,0,9,13,47
heldout,89,b0bd919d71c944aff7ece53f7c3ab5a13429e891b76594dbe8d6b3682c730ca0,1+2,4,11,25,105
heldout,89,b0bd919d71c944aff7ece53f7c3ab5a13429e891b76594dbe8d6b3682c730ca0,0+1+2,0,7,11,37
heldout,90,abb036c21dc6d0d052d6cb7807e8af493f5de7d8339199f182fd568ac712850e,0+1,7,7,29,104
heldout,90,abb036c21dc6d0d052d6cb7807e8af493f5de7d8339199f182fd568ac712850e,0+2,5,5,19,52
heldout,90,abb036c21dc6d0d052d6cb7807e8af493f5de7d8339199f182fd568ac712850e,1+2,10,11,33,106
heldout,90,abb036c21dc6d0d052d6cb7807e8af493f5de7d8339199f182fd568ac712850e,0+1+2,5,5,17,42
heldout,91,10c96b2ec1800989e8fa8566317a4f83ba220770fd70998e0631ee89ed4d7c61,0+1,13,13,32,89
heldout,91,10c96b2ec1800989e8fa8566317a4f83ba220770fd70998e0631ee89ed4d7c61,0+2,12,12,24,48
heldout,91,10c96b2ec1800989e8fa8566317a4f83ba220770fd70998e0631ee89ed4d7c61,1+2,13,24,36,103
heldout,91,10c96b2ec1800989e8fa8566317a4f83ba220770fd70998e0631ee89ed4d7c61,0+1+2,12,12,23,42
heldout,92,cdf55dde7ba0ded822efe85153a06ac14ec45effb459295241d33e764c1480e1,0+1,0,0,30,107
heldout,92,cdf55dde7ba0ded822efe85153a06ac14ec45effb459295241d33e764c1480e1,0+2,0,0,13,45
heldout,92,cdf55dde7ba0ded822efe85153a06ac14ec45effb459295241d33e764c1480e1,1+2,0,8,28,124
heldout,92,cdf55dde7ba0ded822efe85153a06ac14ec45effb459295241d33e764c1480e1,0+1+2,0,0,12,35
heldout,93,aa8094e862ff4a8aa444a52c7d8f2c2ed86902a056a6cc439a5151bc04d9d895,0+1,0,2,30,113
heldout,93,aa8094e862ff4a8aa444a52c7d8f2c2ed86902a056a6cc439a5151bc04d9d895,0+2,0,4,11,50
heldout,93,aa8094e862ff4a8aa444a52c7d8f2c2ed86902a056a6cc439a5151bc04d9d895,1+2,0,0,24,119
heldout,93,aa8094e862ff4a8aa444a52c7d8f2c2ed86902a056a6cc439a5151bc04d9d895,0+1+2,0,0,7,37
heldout,94,3caaf57603ff38202b2ad2933c27a12b6274c5902cf7cfdc15e273a6776a6ed7,0+1,0,22,34,131
heldout,94,3caaf57603ff38202b2ad2933c27a12b6274c5902cf7cfdc15e273a6776a6ed7,0+2,0,5,14,54
heldout,94,3caaf57603ff38202b2ad2933c27a12b6274c5902cf7cfdc15e273a6776a6ed7,1+2,0,6,31,121
heldout,94,3caaf57603ff38202b2ad2933c27a12b6274c5902cf7cfdc15e273a6776a6ed7,0+1+2,0,5,13,40
heldout,95,2ebee984631ce112557e15f52fef8af8847c484f0062306e53dbe8a8e7b5d044,0+1,0,17,33,120
heldout,95,2ebee984631ce112557e15f52fef8af8847c484f0062306e53dbe8a8e7b5d044,0+2,0,5,15,53
heldout,95,2ebee984631ce112557e15f52fef8af8847c484f0062306e53dbe8a8e7b5d044,1+2,0,9,32,123
heldout,95,2ebee984631ce112557e15f52fef8af8847c484f0062306e53dbe8a8e7b5d044,0+1+2,0,5,9,39
heldout,96,c0c097615f3a7a5485e267472b397a8659c006e239e1a2210d1d7ec8ffc07290,0+1,0,0,33,127
heldout,96,c0c097615f3a7a5485e267472b397a8659c006e239e1a2210d1d7ec8ffc07290,0+2,0,0,14,50
heldout,96,c0c097615f3a7a5485e267472b397a8659c006e239e1a2210d1d7ec8ffc07290,1+2,0,8,29,112
heldout,96,c0c097615f3a7a5485e267472b397a8659c006e239e1a2210d1d7ec8ffc07290,0+1+2,0,0,13,39
heldout,97,2f3ed3ddca6e3e75ce5ba3e4c373d766cd51e53a8b9a085f949a663cc4d6ea77,0+1,6,9,31,128
heldout,97,2f3ed3ddca6e3e75ce5ba3e4c373d766cd51e53a8b9a085f949a663cc4d6ea77,0+2,9,14,21,51
heldout,97,2f3ed3ddca6e3e75ce5ba3e4c373d766cd51e53a8b9a085f949a663cc4d6ea77,1+2,8,8,39,124
heldout,97,2f3ed3ddca6e3e75ce5ba3e4c373d766cd51e53a8b9a085f949a663cc4d6ea77,0+1+2,6,6,13,39
heldout,98,7101354bc25a1a411d4a8509760644a3c8a10807ac6f349756e098cd5fb160d8,0+1,0,0,16,47
heldout,98,7101354bc25a1a411d4a8509760644a3c8a10807ac6f349756e098cd5fb160d8,0+2,0,0,3,23
heldout,98,7101354bc25a1a411d4a8509760644a3c8a10807ac6f349756e098cd5fb160d8,1+2,0,0,12,45
heldout,98,7101354bc25a1a411d4a8509760644a3c8a10807ac6f349756e098cd5fb160d8,0+1+2,0,0,3,22
heldout,99,19678287c7cff3603c08b465dc2e6990acbde4d118abbc971af6c46274f22d59,0+1,0,20,38,116
heldout,99,19678287c7cff3603c08b465dc2e6990acbde4d118abbc971af6c46274f22d59,0+2,0,10,13,44
heldout,99,19678287c7cff3603c08b465dc2e6990acbde4d118abbc971af6c46274f22d59,1+2,0,13,31,122
heldout,99,19678287c7cff3603c08b465dc2e6990acbde4d118abbc971af6c46274f22d59,0+1+2,0,9,12,36
heldout,100,4ead52f2ce70aaeee7f41a90f58e5f428a14a8c63117b4ebee1608b3309f5169,0+1,0,1,24,117
heldout,100,4ead52f2ce70aaeee7f41a90f58e5f428a14a8c63117b4ebee1608b3309f5169,0+2,0,0,14,48
heldout,100,4ead52f2ce70aaeee7f41a90f58e5f428a14a8c63117b4ebee1608b3309f5169,1+2,9,20,38,134
heldout,100,4ead52f2ce70aaeee7f41a90f58e5f428a14a8c63117b4ebee1608b3309f5169,0+1+2,0,0,11,38
heldout,101,b2869dac7f9f062a8c8c2c61f42f919ff317a9eb113de2d15a7250c62b71a652,0+1,0,4,30,124
heldout,101,b2869dac7f9f062a8c8c2c61f42f919ff317a9eb113de2d15a7250c62b71a652,0+2,0,0,5,43
heldout,101,b2869dac7f9f062a8c8c2c61f42f919ff317a9eb113de2d15a7250c62b71a652,1+2,0,6,22,108
heldout,101,b2869dac7f9f062a8c8c2c61f42f919ff317a9eb113de2d15a7250c62b71a652,0+1+2,0,0,2,35
heldout,102,0a497948a0a09682963c33af9a53869b7de7e42d40bb6a9a816537be04d13b83,0+1,0,14,25,108
heldout,102,0a497948a0a09682963c33af9a53869b7de7e42d40bb6a9a816537be04d13b83,0+2,0,6,11,47
heldout,102,0a497948a0a09682963c33af9a53869b7de7e42d40bb6a9a816537be04d13b83,1+2,0,3,31,117
heldout,102,0a497948a0a09682963c33af9a53869b7de7e42d40bb6a9a816537be04d13b83,0+1+2,0,3,8,39
heldout,103,134a5d5d9aa3f44b8ef1aad54b58f2a632ac279298aaf80f768139e69ed34b52,0+1,10,28,37,95
heldout,103,134a5d5d9aa3f44b8ef1aad54b58f2a632ac279298aaf80f768139e69ed34b52,0+2,0,9,14,38
heldout,103,134a5d5d9aa3f44b8ef1aad54b58f2a632ac279298aaf80f768139e69ed34b52,1+2,0,13,28,102
heldout,103,134a5d5d9aa3f44b8ef1aad54b58f2a632ac279298aaf80f768139e69ed34b52,0+1+2,0,9,12,28
heldout,104,1b1c2af462f265f307b8db3331629de21d85d2aafb161d65998dad7b5d74e511,0+1,0,4,22,128
heldout,104,1b1c2af462f265f307b8db3331629de21d85d2aafb161d65998dad7b5d74e511,0+2,0,0,9,49
heldout,104,1b1c2af462f265f307b8db3331629de21d85d2aafb161d65998dad7b5d74e511,1+2,8,8,39,134
heldout,104,1b1c2af462f265f307b8db3331629de21d85d2aafb161d65998dad7b5d74e511,0+1+2,0,0,6,39
heldout,105,864ec8cd4d7facf8cef4e1106621625e3231c07cfd49b5b709ed53e6150ec99d,0+1,0,14,34,123
heldout,105,864ec8cd4d7facf8cef4e1106621625e3231c07cfd49b5b709ed53e6150ec99d,0+2,0,12,14,51
heldout,105,864ec8cd4d7facf8cef4e1106621625e3231c07cfd49b5b709ed53e6150ec99d,1+2,0,12,22,112
heldout,105,864ec8cd4d7facf8cef4e1106621625e3231c07cfd49b5b709ed53e6150ec99d,0+1+2,0,12,13,37
heldout,106,e360736640641d7c2be0180ab245b0a62465ac7e1eddec57a9e9eb9e920b693d,0+1,0,10,27,116
heldout,106,e360736640641d7c2be0180ab245b0a62465ac7e1eddec57a9e9eb9e920b693d,0+2,0,6,13,44
heldout,106,e360736640641d7c2be0180ab245b0a62465ac7e1eddec57a9e9eb9e920b693d,1+2,0,9,31,107
heldout,106,e360736640641d7c2be0180ab245b0a62465ac7e1eddec57a9e9eb9e920b693d,0+1+2,0,6,10,36
heldout,107,82579a45a9a19807b6043172ff31f1a2e0800548e713510ec11a15c28a37aecb,0+1,2,2,21,75
heldout,107,82579a45a9a19807b6043172ff31f1a2e0800548e713510ec11a15c28a37aecb,0+2,0,0,14,39
heldout,107,82579a45a9a19807b6043172ff31f1a2e0800548e713510ec11a15c28a37aecb,1+2,1,7,23,88
heldout,107,82579a45a9a19807b6043172ff31f1a2e0800548e713510ec11a15c28a37aecb,0+1+2,0,0,11,33
heldout,108,dfb6d106fee16d761a6efe825ab70ac3a542e9a68ac28b90dd0086a430879e22,0+1,0,1,28,111
heldout,108,dfb6d106fee16d761a6efe825ab70ac3a542e9a68ac28b90dd0086a430879e22,0+2,0,0,13,47
heldout,108,dfb6d106fee16d761a6efe825ab70ac3a542e9a68ac28b90dd0086a430879e22,1+2,0,16,31,110
heldout,108,dfb6d106fee16d761a6efe825ab70ac3a542e9a68ac28b90dd0086a430879e22,0+1+2,0,0,10,38
heldout,109,c840f9a93cb779233129042d6eced1a8709770f6c0336dfe38c2b1818826c9a3,0+1,0,6,24,108
heldout,109,c840f9a93cb779233129042d6eced1a8709770f6c0336dfe38c2b1818826c9a3,0+2,0,0,6,47
heldout,109,c840f9a93cb779233129042d6eced1a8709770f6c0336dfe38c2b1818826c9a3,1+2,0,1,22,106
heldout,109,c840f9a93cb779233129042d6eced1a8709770f6c0336dfe38c2b1818826c9a3,0+1+2,0,0,5,36
heldout,110,1c8806256268dc67aceb2739fb20edff9fa361a62b53a76643507d8d8c851881,0+1,5,16,29,114
heldout,110,1c8806256268dc67aceb2739fb20edff9fa361a62b53a76643507d8d8c851881,0+2,0,5,11,45
heldout,110,1c8806256268dc67aceb2739fb20edff9fa361a62b53a76643507d8d8c851881,1+2,0,1,33,117
heldout,110,1c8806256268dc67aceb2739fb20edff9fa361a62b53a76643507d8d8c851881,0+1+2,0,1,7,36
heldout,111,ff10211a6e1a231b47987f72f3836f4cc98473bbb28374acc60caa9775d8f8c3,0+1,1,1,32,118
heldout,111,ff10211a6e1a231b47987f72f3836f4cc98473bbb28374acc60caa9775d8f8c3,0+2,0,0,14,47
heldout,111,ff10211a6e1a231b47987f72f3836f4cc98473bbb28374acc60caa9775d8f8c3,1+2,10,16,39,136
heldout,111,ff10211a6e1a231b47987f72f3836f4cc98473bbb28374acc60caa9775d8f8c3,0+1+2,0,0,13,37
heldout,112,a963b551dc2c4e64d0d4ff22df34a46f44edee161c058c08958e2c231f5f845e,0+1,0,11,26,99
heldout,112,a963b551dc2c4e64d0d4ff22df34a46f44edee161c058c08958e2c231f5f845e,0+2,0,6,13,47
heldout,112,a963b551dc2c4e64d0d4ff22df34a46f44edee161c058c08958e2c231f5f845e,1+2,8,9,38,113
heldout,112,a963b551dc2c4e64d0d4ff22df34a46f44edee161c058c08958e2c231f5f845e,0+1+2,0,1,7,37
heldout,113,e217178f0211a35c6ff1388e521e33cfdf48885f957fc2863b06e011a35c925c,0+1,0,5,19,83
heldout,113,e217178f0211a35c6ff1388e521e33cfdf48885f957fc2863b06e011a35c925c,0+2,0,6,11,27
heldout,113,e217178f0211a35c6ff1388e521e33cfdf48885f957fc2863b06e011a35c925c,1+2,0,2,20,74
heldout,113,e217178f0211a35c6ff1388e521e33cfdf48885f957fc2863b06e011a35c925c,0+1+2,0,2,7,20
heldout,114,311ad7f8b8c499a42a5e55bf9ee1508eb101da7995cc24f7987bf877aca79546,0+1,0,4,18,100
heldout,114,311ad7f8b8c499a42a5e55bf9ee1508eb101da7995cc24f7987bf877aca79546,0+2,0,1,8,34
heldout,114,311ad7f8b8c499a42a5e55bf9ee1508eb101da7995cc24f7987bf877aca79546,1+2,0,0,22,96
heldout,114,311ad7f8b8c499a42a5e55bf9ee1508eb101da7995cc24f7987bf877aca79546,0+1+2,0,0,7,29
heldout,115,662dd52fc5b9667fa9071b6573fc0ec0de81098178779341e804806990f4eb43,0+1,0,20,31,95
heldout,115,662dd52fc5b9667fa9071b6573fc0ec0de81098178779341e804806990f4eb43,0+2,0,7,9,27
heldout,115,662dd52fc5b9667fa9071b6573fc0ec0de81098178779341e804806990f4eb43,1+2,12,25,39,98
heldout,115,662dd52fc5b9667fa9071b6573fc0ec0de81098178779341e804806990f4eb43,0+1+2,0,7,7,19
heldout,116,302b596fe9faa562eddd77dc283d1c70dd72c6b880cb49d3ae10dabb6239199e,0+1,0,11,24,61
heldout,116,302b596fe9faa562eddd77dc283d1c70dd72c6b880cb49d3ae10dabb6239199e,0+2,0,2,14,31
heldout,116,302b596fe9faa562eddd77dc283d1c70dd72c6b880cb49d3ae10dabb6239199e,1+2,0,1,21,56
heldout,116,302b596fe9faa562eddd77dc283d1c70dd72c6b880cb49d3ae10dabb6239199e,0+1+2,0,1,13,29
heldout,117,d97c8bbd7e3ad09c198ff64d1426a82dad10a1a45863c61fdef06f19bdb3ef6d,0+1,5,5,35,123
heldout,117,d97c8bbd7e3ad09c198ff64d1426a82dad10a1a45863c61fdef06f19bdb3ef6d,0+2,0,0,11,46
heldout,117,d97c8bbd7e3ad09c198ff64d1426a82dad10a1a45863c61fdef06f19bdb3ef6d,1+2,0,11,31,122
heldout,117,d97c8bbd7e3ad09c198ff64d1426a82dad10a1a45863c61fdef06f19bdb3ef6d,0+1+2,0,0,9,36
heldout,118,b1a0a03ad884031d701352f191551f7484e5ca16fa856fbe257ad83121c8ce41,0+1,0,6,31,127
heldout,118,b1a0a03ad884031d701352f191551f7484e5ca16fa856fbe257ad83121c8ce41,0+2,0,4,11,50
heldout,118,b1a0a03ad884031d701352f191551f7484e5ca16fa856fbe257ad83121c8ce41,1+2,0,6,33,121
heldout,118,b1a0a03ad884031d701352f191551f7484e5ca16fa856fbe257ad83121c8ce41,0+1+2,0,1,5,38
heldout,119,4913eddc3dfaa60c7f9651fcadb75dbe25e100364166b375f71aa074730e4d8c,0+1,0,3,30,124
heldout,119,4913eddc3dfaa60c7f9651fcadb75dbe25e100364166b375f71aa074730e4d8c,0+2,0,0,11,47
heldout,119,4913eddc3dfaa60c7f9651fcadb75dbe25e100364166b375f71aa074730e4d8c,1+2,0,7,21,104
heldout,119,4913eddc3dfaa60c7f9651fcadb75dbe25e100364166b375f71aa074730e4d8c,0+1+2,0,0,7,36
heldout,120,e09a64068dd2e3ab1fc373067d169c016132017dfe979799ad854dffeb707872,0+1,13,13,45,125
heldout,120,e09a64068dd2e3ab1fc373067d169c016132017dfe979799ad854dffeb707872,0+2,6,6,20,51
heldout,120,e09a64068dd2e3ab1fc373067d169c016132017dfe979799ad854dffeb707872,1+2,6,9,30,116
heldout,120,e09a64068dd2e3ab1fc373067d169c016132017dfe979799ad854dffeb707872,0+1+2,6,6,19,43
heldout,121,a458548f27537a1e3fa8e540abdb24a70d400efeeab6b59fdaf6b03f1bab531e,0+1,0,0,18,70
heldout,121,a458548f27537a1e3fa8e540abdb24a70d400efeeab6b59fdaf6b03f1bab531e,0+2,0,0,2,30
heldout,121,a458548f27537a1e3fa8e540abdb24a70d400efeeab6b59fdaf6b03f1bab531e,1+2,0,9,18,80
heldout,121,a458548f27537a1e3fa8e540abdb24a70d400efeeab6b59fdaf6b03f1bab531e,0+1+2,0,0,0,23
heldout,122,a9ad9ddf95ac9aafb5244cac981982957983b5a3f3ccebd41a4d9530bc50c1c2,0+1,10,10,36,89
heldout,122,a9ad9ddf95ac9aafb5244cac981982957983b5a3f3ccebd41a4d9530bc50c1c2,0+2,6,6,17,38
heldout,122,a9ad9ddf95ac9aafb5244cac981982957983b5a3f3ccebd41a4d9530bc50c1c2,1+2,8,9,30,88
heldout,122,a9ad9ddf95ac9aafb5244cac981982957983b5a3f3ccebd41a4d9530bc50c1c2,0+1+2,6,6,15,32
heldout,123,d9cae42f0d5d98093d78889648a723ffdfa299c6da31ef74487a0b21cdde41b1,0+1,0,21,35,129
heldout,123,d9cae42f0d5d98093d78889648a723ffdfa299c6da31ef74487a0b21cdde41b1,0+2,0,0,13,45
heldout,123,d9cae42f0d5d98093d78889648a723ffdfa299c6da31ef74487a0b21cdde41b1,1+2,0,0,34,111
heldout,123,d9cae42f0d5d98093d78889648a723ffdfa299c6da31ef74487a0b21cdde41b1,0+1+2,0,0,13,38
heldout,124,bdc301c378a35eb624f690470ece33c1e4379315dba5eba3893969f68b300464,0+1,14,22,32,95
heldout,124,bdc301c378a35eb624f690470ece33c1e4379315dba5eba3893969f68b300464,0+2,12,19,24,46
heldout,124,bdc301c378a35eb624f690470ece33c1e4379315dba5eba3893969f68b300464,1+2,12,17,34,101
heldout,124,bdc301c378a35eb624f690470ece33c1e4379315dba5eba3893969f68b300464,0+1+2,12,17,22,41
heldout,125,bcbcef8e543ca86624153ac2c1db58e27f5f42cf7853209d191c100c1b8d2416,0+1,0,0,13,70
heldout,125,bcbcef8e543ca86624153ac2c1db58e27f5f42cf7853209d191c100c1b8d2416,0+2,0,0,9,32
heldout,125,bcbcef8e543ca86624153ac2c1db58e27f5f42cf7853209d191c100c1b8d2416,1+2,0,0,12,68
heldout,125,bcbcef8e543ca86624153ac2c1db58e27f5f42cf7853209d191c100c1b8d2416,0+1+2,0,0,9,29
heldout,126,01e8830f3477c24df3050c15a04bc5e84399c3ab766f3c9c7e6d47d42015e82e,0+1,4,9,31,123
heldout,126,01e8830f3477c24df3050c15a04bc5e84399c3ab766f3c9c7e6d47d42015e82e,0+2,0,0,6,46
heldout,126,01e8830f3477c24df3050c15a04bc5e84399c3ab766f3c9c7e6d47d42015e82e,1+2,0,2,30,115
heldout,126,01e8830f3477c24df3050c15a04bc5e84399c3ab766f3c9c7e6d47d42015e82e,0+1+2,0,0,4,37
heldout,127,a37703a8a78f6496d15ded282aa349718b21ce25c476cb25329e14b74a717659,0+1,1,1,29,116
heldout,127,a37703a8a78f6496d15ded282aa349718b21ce25c476cb25329e14b74a717659,0+2,0,0,11,48
heldout,127,a37703a8a78f6496d15ded282aa349718b21ce25c476cb25329e14b74a717659,1+2,9,20,41,133
heldout,127,a37703a8a78f6496d15ded282aa349718b21ce25c476cb25329e14b74a717659,0+1+2,0,0,9,36
heldout,128,ddf8d1bac7b113333b48bcf086c6d18619f414cd11a164b9a420f0ecc8c9b3c7,0+1,5,25,36,114
heldout,128,ddf8d1bac7b113333b48bcf086c6d18619f414cd11a164b9a420f0ecc8c9b3c7,0+2,0,11,11,42
heldout,128,ddf8d1bac7b113333b48bcf086c6d18619f414cd11a164b9a420f0ecc8c9b3c7,1+2,0,12,23,111
heldout,128,ddf8d1bac7b113333b48bcf086c6d18619f414cd11a164b9a420f0ecc8c9b3c7,0+1+2,0,11,11,35
heldout,129,7530ca3356454c688e882b4af4d12fbab2855aec57adb8dcc2c4536df74fed99,0+1,0,3,31,115
heldout,129,7530ca3356454c688e882b4af4d12fbab2855aec57adb8dcc2c4536df74fed99,0+2,0,4,12,49
heldout,129,7530ca3356454c688e882b4af4d12fbab2855aec57adb8dcc2c4536df74fed99,1+2,0,4,30,124
heldout,129,7530ca3356454c688e882b4af4d12fbab2855aec57adb8dcc2c4536df74fed99,0+1+2,0,0,6,37
heldout,130,43ca2ecd316be0dba2de9920394d13eeab500b7bc4bdf278137d5de94bb3864f,0+1,0,21,33,116
heldout,130,43ca2ecd316be0dba2de9920394d13eeab500b7bc4bdf278137d5de94bb3864f,0+2,0,11,15,43
heldout,130,43ca2ecd316be0dba2de9920394d13eeab500b7bc4bdf278137d5de94bb3864f,1+2,8,22,39,124
heldout,130,43ca2ecd316be0dba2de9920394d13eeab500b7bc4bdf278137d5de94bb3864f,0+1+2,0,10,14,35
heldout,131,98b6d5ac8570769d6e7846c7824378bff7d44065e0a0928723493a0b910ff6bd,0+1,0,7,20,111
heldout,131,98b6d5ac8570769d6e7846c7824378bff7d44065e0a0928723493a0b910ff6bd,0+2,0,0,8,44
heldout,131,98b6d5ac8570769d6e7846c7824378bff7d44065e0a0928723493a0b910ff6bd,1+2,11,16,33,104
heldout,131,98b6d5ac8570769d6e7846c7824378bff7d44065e0a0928723493a0b910ff6bd,0+1+2,0,0,5,36
heldout,132,dc0635c03aeb17f99ce65bc46904e0c5dc60c8cabcad20a264e58c5bc17c786a,0+1,0,7,9,60
heldout,132,dc0635c03aeb17f99ce65bc46904e0c5dc60c8cabcad20a264e58c5bc17c786a,0+2,0,2,2,34
heldout,132,dc0635c03aeb17f99ce65bc46904e0c5dc60c8cabcad20a264e58c5bc17c786a,1+2,0,7,12,71
heldout,132,dc0635c03aeb17f99ce65bc46904e0c5dc60c8cabcad20a264e58c5bc17c786a,0+1+2,0,2,2,32
heldout,133,031e215868dad4843087e4d3c66139556a481b39b34668b7c2629451b5034cd3,0+1,0,4,27,123
heldout,133,031e215868dad4843087e4d3c66139556a481b39b34668b7c2629451b5034cd3,0+2,0,1,7,41
heldout,133,031e215868dad4843087e4d3c66139556a481b39b34668b7c2629451b5034cd3,1+2,0,9,23,112
heldout,133,031e215868dad4843087e4d3c66139556a481b39b34668b7c2629451b5034cd3,0+1+2,0,1,3,33
heldout,134,ef6aadd2040418a6974c4b4fde94f9160e1d8af23f05ad14173cf2e534f39e22,0+1,12,22,36,110
heldout,134,ef6aadd2040418a6974c4b4fde94f9160e1d8af23f05ad14173cf2e534f39e22,0+2,1,1,15,48
heldout,134,ef6aadd2040418a6974c4b4fde94f9160e1d8af23f05ad14173cf2e534f39e22,1+2,0,0,24,100
heldout,134,ef6aadd2040418a6974c4b4fde94f9160e1d8af23f05ad14173cf2e534f39e22,0+1+2,0,0,14,37
heldout,135,ae2027c9612be8eae68ae9da3e33eb1c2ea1c1fc93d4bc6a313e386cbd27e64c,0+1,0,1,25,119
heldout,135,ae2027c9612be8eae68ae9da3e33eb1c2ea1c1fc93d4bc6a313e386cbd27e64c,0+2,0,4,11,49
heldout,135,ae2027c9612be8eae68ae9da3e33eb1c2ea1c1fc93d4bc6a313e386cbd27e64c,1+2,0,0,31,110
heldout,135,ae2027c9612be8eae68ae9da3e33eb1c2ea1c1fc93d4bc6a313e386cbd27e64c,0+1+2,0,0,7,37
heldout,136,345aeb3bc0a4c23ce0f697765649dafd9e5e24ac84d26ec99e85aa99b439dfed,0+1,3,18,29,111
heldout,136,345aeb3bc0a4c23ce0f697765649dafd9e5e24ac84d26ec99e85aa99b439dfed,0+2,0,8,11,48
heldout,136,345aeb3bc0a4c23ce0f697765649dafd9e5e24ac84d26ec99e85aa99b439dfed,1+2,0,17,32,109
heldout,136,345aeb3bc0a4c23ce0f697765649dafd9e5e24ac84d26ec99e85aa99b439dfed,0+1+2,0,7,7,36
heldout,137,59edf7977bbfe586751d38785bc3ec761a34dddca40ad8d2c02fe982191bc537,0+1,0,0,22,78
heldout,137,59edf7977bbfe586751d38785bc3ec761a34dddca40ad8d2c02fe982191bc537,0+2,0,0,6,33
heldout,137,59edf7977bbfe586751d38785bc3ec761a34dddca40ad8d2c02fe982191bc537,1+2,0,6,18,83
heldout,137,59edf7977bbfe586751d38785bc3ec761a34dddca40ad8d2c02fe982191bc537,0+1+2,0,0,6,26
heldout,138,e4e190d3a3e144e483302230d250e6e255ad061bd038c1c1ad1d06b56bc50714,0+1,0,0,32,117
heldout,138,e4e190d3a3e144e483302230d250e6e255ad061bd038c1c1ad1d06b56bc50714,0+2,0,0,14,52
heldout,138,e4e190d3a3e144e483302230d250e6e255ad061bd038c1c1ad1d06b56bc50714,1+2,0,2,30,120
heldout,138,e4e190d3a3e144e483302230d250e6e255ad061bd038c1c1ad1d06b56bc50714,0+1+2,0,0,13,39
heldout,139,a88b48cabb5efabd150416c1dc6f628dbd7aa05546aef5c5b1552c0c02093f2f,0+1,12,12,40,121
heldout,139,a88b48cabb5efabd150416c1dc6f628dbd7aa05546aef5c5b1552c0c02093f2f,0+2,11,11,24,58
heldout,139,a88b48cabb5efabd150416c1dc6f628dbd7aa05546aef5c5b1552c0c02093f2f,1+2,12,14,43,122
heldout,139,a88b48cabb5efabd150416c1dc6f628dbd7aa05546aef5c5b1552c0c02093f2f,0+1+2,11,11,21,49
heldout,140,db0973e5c98c0ec935c508b14ba4cda0442d55cb5031823f7ce74ea0f56650c4,0+1,10,17,35,122
heldout,140,db0973e5c98c0ec935c508b14ba4cda0442d55cb5031823f7ce74ea0f56650c4,0+2,4,8,17,52
heldout,140,db0973e5c98c0ec935c508b14ba4cda0442d55cb5031823f7ce74ea0f56650c4,1+2,6,16,32,124
heldout,140,db0973e5c98c0ec935c508b14ba4cda0442d55cb5031823f7ce74ea0f56650c4,0+1+2,4,8,12,40
heldout,141,5b03fbfc9f0a8fe011686e7cd39a687212159360f3e82b47f05db258095299b2,0+1,11,11,42,124
heldout,141,5b03fbfc9f0a8fe011686e7cd39a687212159360f3e82b47f05db258095299b2,0+2,4,4,18,53
heldout,141,5b03fbfc9f0a8fe011686e7cd39a687212159360f3e82b47f05db258095299b2,1+2,6,13,37,131
heldout,141,5b03fbfc9f0a8fe011686e7cd39a687212159360f3e82b47f05db258095299b2,0+1+2,4,4,16,43
heldout,142,f86a150a85a24228b50e38272ce361da5a4f974dd91716807c825d187603b5bc,0+1,0,6,25,119
heldout,142,f86a150a85a24228b50e38272ce361da5a4f974dd91716807c825d187603b5bc,0+2,0,6,12,48
heldout,142,f86a150a85a24228b50e38272ce361da5a4f974dd91716807c825d187603b5bc,1+2,0,2,30,105
heldout,142,f86a150a85a24228b50e38272ce361da5a4f974dd91716807c825d187603b5bc,0+1+2,0,1,6,37
heldout,143,71af391f3325b759b3b24d77c61474929632593cd19d61b9281917d0dbabfbcb,0+1,12,19,29,86
heldout,143,71af391f3325b759b3b24d77c61474929632593cd19d61b9281917d0dbabfbcb,0+2,4,10,10,43
heldout,143,71af391f3325b759b3b24d77c61474929632593cd19d61b9281917d0dbabfbcb,1+2,4,16,27,94
heldout,143,71af391f3325b759b3b24d77c61474929632593cd19d61b9281917d0dbabfbcb,0+1+2,4,10,10,39
heldout,144,eddc9c72aea785dd8125733bbf233486fd3e674468e2a138a821c10f56691b98,0+1,0,7,26,120
heldout,144,eddc9c72aea785dd8125733bbf233486fd3e674468e2a138a821c10f56691b98,0+2,0,6,10,46
heldout,144,eddc9c72aea785dd8125733bbf233486fd3e674468e2a138a821c10f56691b98,1+2,4,16,36,125
heldout,144,eddc9c72aea785dd8125733bbf233486fd3e674468e2a138a821c10f56691b98,0+1+2,0,6,6,38
heldout,145,ff4ab89429b9e9b8dd2f4d6189636843858977ba360c941377c8340a63f8ed5e,0+1,8,13,38,120
heldout,145,ff4ab89429b9e9b8dd2f4d6189636843858977ba360c941377c8340a63f8ed5e,0+2,7,7,18,47
heldout,145,ff4ab89429b9e9b8dd2f4d6189636843858977ba360c941377c8340a63f8ed5e,1+2,5,6,29,115
heldout,145,ff4ab89429b9e9b8dd2f4d6189636843858977ba360c941377c8340a63f8ed5e,0+1+2,5,5,12,36
heldout,146,3dd5ebc3f22063b47283c50bc8177b271fd9125bffcaccd6f918be61ccacf684,0+1,0,0,33,111
heldout,146,3dd5ebc3f22063b47283c50bc8177b271fd9125bffcaccd6f918be61ccacf684,0+2,0,0,10,44
heldout,146,3dd5ebc3f22063b47283c50bc8177b271fd9125bffcaccd6f918be61ccacf684,1+2,0,10,31,117
heldout,146,3dd5ebc3f22063b47283c50bc8177b271fd9125bffcaccd6f918be61ccacf684,0+1+2,0,0,7,33
heldout,147,dadc7583ecd8dd9256c33bd32047cd9694d808aea9fc19e495341e9400f0488e,0+1,0,1,24,108
heldout,147,dadc7583ecd8dd9256c33bd32047cd9694d808aea9fc19e495341e9400f0488e,0+2,0,4,11,39
heldout,147,dadc7583ecd8dd9256c33bd32047cd9694d808aea9fc19e495341e9400f0488e,1+2,8,8,40,120
heldout,147,dadc7583ecd8dd9256c33bd32047cd9694d808aea9fc19e495341e9400f0488e,0+1+2,0,0,7,30
heldout,148,9907987f85cd25385d439ca5ae9968ec73f14d908a098e6ca45d273abbb35d2f,0+1,0,18,29,122
heldout,148,9907987f85cd25385d439ca5ae9968ec73f14d908a098e6ca45d273abbb35d2f,0+2,0,7,14,40
heldout,148,9907987f85cd25385d439ca5ae9968ec73f14d908a098e6ca45d273abbb35d2f,1+2,0,11,31,119
heldout,148,9907987f85cd25385d439ca5ae9968ec73f14d908a098e6ca45d273abbb35d2f,0+1+2,0,7,13,31
heldout,149,8ccd9632d59e2aa505a778c0d6626cafeb0bde5c9510d8872c0dc46de1836ed9,0+1,7,15,30,113
heldout,149,8ccd9632d59e2aa505a778c0d6626cafeb0bde5c9510d8872c0dc46de1836ed9,0+2,8,8,14,46
heldout,149,8ccd9632d59e2aa505a778c0d6626cafeb0bde5c9510d8872c0dc46de1836ed9,1+2,5,6,33,102
heldout,149,8ccd9632d59e2aa505a778c0d6626cafeb0bde5c9510d8872c0dc46de1836ed9,0+1+2,5,5,8,32
heldout,150,49d4a6c95d00c8e0910f2b5e9cc22621ad0a92bbf1fe7bd8089f7299eb23fe9e,0+1,0,0,18,74
heldout,150,49d4a6c95d00c8e0910f2b5e9cc22621ad0a92bbf1fe7bd8089f7299eb23fe9e,0+2,0,0,13,43
heldout,150,49d4a6c95d00c8e0910f2b5e9cc22621ad0a92bbf1fe7bd8089f7299eb23fe9e,1+2,8,13,26,97
heldout,150,49d4a6c95d00c8e0910f2b5e9cc22621ad0a92bbf1fe7bd8089f7299eb23fe9e,0+1+2,0,0,10,38
heldout,151,8a41b80df8ca6296568b11eccf8181095ef3c19b3a4eb5f5c0fcd1e700023116,0+1,0,10,30,117
heldout,151,8a41b80df8ca6296568b11eccf8181095ef3c19b3a4eb5f5c0fcd1e700023116,0+2,0,0,11,44
heldout,151,8a41b80df8ca6296568b11eccf8181095ef3c19b3a4eb5f5c0fcd1e700023116,1+2,0,0,22,105
heldout,151,8a41b80df8ca6296568b11eccf8181095ef3c19b3a4eb5f5c0fcd1e700023116,0+1+2,0,0,9,36
heldout,152,611682b95ace22e5605cdfcfe65540eb19427ee592c5604ca7a2dd77b38e4fa8,0+1,0,12,21,79
heldout,152,611682b95ace22e5605cdfcfe65540eb19427ee592c5604ca7a2dd77b38e4fa8,0+2,0,9,13,41
heldout,152,611682b95ace22e5605cdfcfe65540eb19427ee592c5604ca7a2dd77b38e4fa8,1+2,0,11,13,77
heldout,152,611682b95ace22e5605cdfcfe65540eb19427ee592c5604ca7a2dd77b38e4fa8,0+1+2,0,9,11,34
heldout,153,93ac860d97763caac8d3a1a2079d9a013a58552e39dd18ae92462bca61c50174,0+1,0,22,35,130
heldout,153,93ac860d97763caac8d3a1a2079d9a013a58552e39dd18ae92462bca61c50174,0+2,0,4,12,42
heldout,153,93ac860d97763caac8d3a1a2079d9a013a58552e39dd18ae92462bca61c50174,1+2,0,5,31,108
heldout,153,93ac860d97763caac8d3a1a2079d9a013a58552e39dd18ae92462bca61c50174,0+1+2,0,4,12,35
heldout,154,2390d99679fc61a4eec68d7f60912293c90dfaa0abdd75fe304852200d3fee51,0+1,0,3,25,110
heldout,154,2390d99679fc61a4eec68d7f60912293c90dfaa0abdd75fe304852200d3fee51,0+2,0,0,13,47
heldout,154,2390d99679fc61a4eec68d7f60912293c90dfaa0abdd75fe304852200d3fee51,1+2,0,8,33,114
heldout,154,2390d99679fc61a4eec68d7f60912293c90dfaa0abdd75fe304852200d3fee51,0+1+2,0,0,7,39
heldout,155,cfe7ab426ca36a6f072fbd7110b4a9d30a4b30812f8ff44a53e59a46435f5bb3,0+1,0,5,24,109
heldout,155,cfe7ab426ca36a6f072fbd7110b4a9d30a4b30812f8ff44a53e59a46435f5bb3,0+2,0,5,8,46
heldout,155,cfe7ab426ca36a6f072fbd7110b4a9d30a4b30812f8ff44a53e59a46435f5bb3,1+2,0,13,25,116
heldout,155,cfe7ab426ca36a6f072fbd7110b4a9d30a4b30812f8ff44a53e59a46435f5bb3,0+1+2,0,5,8,40
heldout,156,fdf417dafcdedf0df58aaa9fb69de70b259c6d3ee22b28f31a8f405c92b7a040,0+1,0,4,27,119
heldout,156,fdf417dafcdedf0df58aaa9fb69de70b259c6d3ee22b28f31a8f405c92b7a040,0+2,0,0,13,50
heldout,156,fdf417dafcdedf0df58aaa9fb69de70b259c6d3ee22b28f31a8f405c92b7a040,1+2,0,6,32,115
heldout,156,fdf417dafcdedf0df58aaa9fb69de70b259c6d3ee22b28f31a8f405c92b7a040,0+1+2,0,0,7,40
heldout,157,7b7a2e4c1d4a2355299496292bd3a2fe12d5cef6f7b9e7914769ccd6b92ed950,0+1,0,0,35,120
heldout,157,7b7a2e4c1d4a2355299496292bd3a2fe12d5cef6f7b9e7914769ccd6b92ed950,0+2,0,0,14,48
heldout,157,7b7a2e4c1d4a2355299496292bd3a2fe12d5cef6f7b9e7914769ccd6b92ed950,1+2,0,18,32,107
heldout,157,7b7a2e4c1d4a2355299496292bd3a2fe12d5cef6f7b9e7914769ccd6b92ed950,0+1+2,0,0,13,38
heldout,158,f8ff2cbdb5bb8afdd5d6cde646ac28e3066623e060e1d5b56992bbe7265506e2,0+1,0,2,19,85
heldout,158,f8ff2cbdb5bb8afdd5d6cde646ac28e3066623e060e1d5b56992bbe7265506e2,0+2,0,0,12,32
heldout,158,f8ff2cbdb5bb8afdd5d6cde646ac28e3066623e060e1d5b56992bbe7265506e2,1+2,0,6,21,85
heldout,158,f8ff2cbdb5bb8afdd5d6cde646ac28e3066623e060e1d5b56992bbe7265506e2,0+1+2,0,0,8,27
heldout,159,bbcd3a7c0c6b138727a7d901d3d0ea55c7ab55e65cc58e36a8cb4c4a95ce1a1f,0+1,0,17,32,109
heldout,159,bbcd3a7c0c6b138727a7d901d3d0ea55c7ab55e65cc58e36a8cb4c4a95ce1a1f,0+2,0,3,11,40
heldout,159,bbcd3a7c0c6b138727a7d901d3d0ea55c7ab55e65cc58e36a8cb4c4a95ce1a1f,1+2,0,1,22,102
heldout,159,bbcd3a7c0c6b138727a7d901d3d0ea55c7ab55e65cc58e36a8cb4c4a95ce1a1f,0+1+2,0,1,9,32
heldout,160,907a38b63a3a733b5e6f76e4d8a88983a828777f8f0995cc7fa6f98b34ea1913,0+1,9,26,36,111
heldout,160,907a38b63a3a733b5e6f76e4d8a88983a828777f8f0995cc7fa6f98b34ea1913,0+2,6,15,17,47
heldout,160,907a38b63a3a733b5e6f76e4d8a88983a828777f8f0995cc7fa6f98b34ea1913,1+2,4,22,33,113
heldout,160,907a38b63a3a733b5e6f76e4d8a88983a828777f8f0995cc7fa6f98b34ea1913,0+1+2,4,13,13,37
heldout,161,5801b02dfe698a3e7742e3301db50e5a4e10958fc5564d5226cd5b2a19d702e7,0+1,0,1,23,101
heldout,161,5801b02dfe698a3e7742e3301db50e5a4e10958fc5564d5226cd5b2a19d702e7,0+2,0,0,5,35
heldout,161,5801b02dfe698a3e7742e3301db50e5a4e10958fc5564d5226cd5b2a19d702e7,1+2,0,4,27,94
heldout,161,5801b02dfe698a3e7742e3301db50e5a4e10958fc5564d5226cd5b2a19d702e7,0+1+2,0,0,3,25
heldout,162,f957fa7e336de5e08994deb10a78b112e5241edf7d1bd87e1a9dd1a75d0e1539,0+1,8,13,30,130
heldout,162,f957fa7e336de5e08994deb10a78b112e5241edf7d1bd87e1a9dd1a75d0e1539,0+2,3,3,10,49
heldout,162,f957fa7e336de5e08994deb10a78b112e5241edf7d1bd87e1a9dd1a75d0e1539,1+2,1,5,28,121
heldout,162,f957fa7e336de5e08994deb10a78b112e5241edf7d1bd87e1a9dd1a75d0e1539,0+1+2,1,1,5,38
heldout,163,82b79bdb9128112628badce5237bf6209907383d2e8aae8edc02c416f78425ec,0+1,1,1,23,91
heldout,163,82b79bdb9128112628badce5237bf6209907383d2e8aae8edc02c416f78425ec,0+2,2,2,9,39
heldout,163,82b79bdb9128112628badce5237bf6209907383d2e8aae8edc02c416f78425ec,1+2,10,10,30,104
heldout,163,82b79bdb9128112628badce5237bf6209907383d2e8aae8edc02c416f78425ec,0+1+2,1,1,5,27
heldout,164,674e868a8f8f7b531564d0bfce9440c1b0b6da9bacd73debfa0dd4ac3618f8ab,0+1,0,0,28,115
heldout,164,674e868a8f8f7b531564d0bfce9440c1b0b6da9bacd73debfa0dd4ac3618f8ab,0+2,0,1,9,40
heldout,164,674e868a8f8f7b531564d0bfce9440c1b0b6da9bacd73debfa0dd4ac3618f8ab,1+2,0,11,32,116
heldout,164,674e868a8f8f7b531564d0bfce9440c1b0b6da9bacd73debfa0dd4ac3618f8ab,0+1+2,0,0,5,29
heldout,165,7891f17dba5efe40a4a6beba154169cf4f66f9c9aae89e474a34bbb049b6644e,0+1,0,0,25,66
heldout,165,7891f17dba5efe40a4a6beba154169cf4f66f9c9aae89e474a34bbb049b6644e,0+2,0,0,14,34
heldout,165,7891f17dba5efe40a4a6beba154169cf4f66f9c9aae89e474a34bbb049b6644e,1+2,0,4,22,71
heldout,165,7891f17dba5efe40a4a6beba154169cf4f66f9c9aae89e474a34bbb049b6644e,0+1+2,0,0,13,33
heldout,166,eb3c9015b1c998520b0279983097d745de3c48cb5157fe59fb17898261ea0e05,0+1,0,2,22,105
heldout,166,eb3c9015b1c998520b0279983097d745de3c48cb5157fe59fb17898261ea0e05,0+2,0,1,12,45
heldout,166,eb3c9015b1c998520b0279983097d745de3c48cb5157fe59fb17898261ea0e05,1+2,2,13,34,109
heldout,166,eb3c9015b1c998520b0279983097d745de3c48cb5157fe59fb17898261ea0e05,0+1+2,0,1,5,35
heldout,167,57e860b2c6ec4fcc030e0d7b67ff4f5c7d9aacf0a62d2c58a54468b43a12c9c1,0+1,3,10,22,89
heldout,167,57e860b2c6ec4fcc030e0d7b67ff4f5c7d9aacf0a62d2c58a54468b43a12c9c1,0+2,0,0,6,32
heldout,167,57e860b2c6ec4fcc030e0d7b67ff4f5c7d9aacf0a62d2c58a54468b43a12c9c1,1+2,0,7,19,81
heldout,167,57e860b2c6ec4fcc030e0d7b67ff4f5c7d9aacf0a62d2c58a54468b43a12c9c1,0+1+2,0,0,1,22
heldout,168,f40bbf41da7f0cc47c8024e82f11845b510c2a30224674fb7559fcc27477386f,0+1,0,13,22,75
heldout,168,f40bbf41da7f0cc47c8024e82f11845b510c2a30224674fb7559fcc27477386f,0+2,0,11,11,28
heldout,168,f40bbf41da7f0cc47c8024e82f11845b510c2a30224674fb7559fcc27477386f,1+2,0,11,21,80
heldout,168,f40bbf41da7f0cc47c8024e82f11845b510c2a30224674fb7559fcc27477386f,0+1+2,0,11,11,19
heldout,169,32675332fc2bd3211b4b38eac8340f03143eb6660e02baff2e2c9fc66f4a6a38,0+1,0,1,27,107
heldout,169,32675332fc2bd3211b4b38eac8340f03143eb6660e02baff2e2c9fc66f4a6a38,0+2,0,0,13,51
heldout,169,32675332fc2bd3211b4b38eac8340f03143eb6660e02baff2e2c9fc66f4a6a38,1+2,0,4,26,108
heldout,169,32675332fc2bd3211b4b38eac8340f03143eb6660e02baff2e2c9fc66f4a6a38,0+1+2,0,0,9,38
heldout,170,8cf1021f20f0408b283155cb1421f55c61625d3cb7cd333ca785047aaef5c00f,0+1,0,11,25,115
heldout,170,8cf1021f20f0408b283155cb1421f55c61625d3cb7cd333ca785047aaef5c00f,0+2,0,6,10,47
heldout,170,8cf1021f20f0408b283155cb1421f55c61625d3cb7cd333ca785047aaef5c00f,1+2,1,9,28,107
heldout,170,8cf1021f20f0408b283155cb1421f55c61625d3cb7cd333ca785047aaef5c00f,0+1+2,0,4,5,36
heldout,171,f8741f2ab9bd88c4d70b267b3e21d39ef4087803ba1b5537f9f405d44268aefc,0+1,0,4,10,62
heldout,171,f8741f2ab9bd88c4d70b267b3e21d39ef4087803ba1b5537f9f405d44268aefc,0+2,0,5,5,27
heldout,171,f8741f2ab9bd88c4d70b267b3e21d39ef4087803ba1b5537f9f405d44268aefc,1+2,0,10,10,47
heldout,171,f8741f2ab9bd88c4d70b267b3e21d39ef4087803ba1b5537f9f405d44268aefc,0+1+2,0,4,4,21
heldout,172,7d05733012ffebed7360fd2761f065c7f82bedfb14263c44b734dca68c817ae9,0+1,4,4,38,121
heldout,172,7d05733012ffebed7360fd2761f065c7f82bedfb14263c44b734dca68c817ae9,0+2,0,0,14,49
heldout,172,7d05733012ffebed7360fd2761f065c7f82bedfb14263c44b734dca68c817ae9,1+2,0,10,24,104
heldout,172,7d05733012ffebed7360fd2761f065c7f82bedfb14263c44b734dca68c817ae9,0+1+2,0,0,13,36
heldout,173,b5e2adb8c13da8ae75e9672f26db06c5c27b60c307f50f675b5a6bb4c8015bac,0+1,7,7,41,124
heldout,173,b5e2adb8c13da8ae75e9672f26db06c5c27b60c307f50f675b5a6bb4c8015bac,0+2,7,7,22,53
heldout,173,b5e2adb8c13da8ae75e9672f26db06c5c27b60c307f50f675b5a6bb4c8015bac,1+2,13,16,44,123
heldout,173,b5e2adb8c13da8ae75e9672f26db06c5c27b60c307f50f675b5a6bb4c8015bac,0+1+2,7,7,21,45
heldout,174,cf1ad550c32e95fc984228d78a1a0afd8755c4d584b11972f21ae4b96008a258,0+1,8,16,32,122
heldout,174,cf1ad550c32e95fc984228d78a1a0afd8755c4d584b11972f21ae4b96008a258,0+2,9,15,20,56
heldout,174,cf1ad550c32e95fc984228d78a1a0afd8755c4d584b11972f21ae4b96008a258,1+2,11,15,40,133
heldout,174,cf1ad550c32e95fc984228d78a1a0afd8755c4d584b11972f21ae4b96008a258,0+1+2,8,10,13,44
heldout,175,be163c5818ac491104f67c574a6c26a56a395c62f643fa59a53cd4c1f30be9a3,0+1,0,18,29,108
heldout,175,be163c5818ac491104f67c574a6c26a56a395c62f643fa59a53cd4c1f30be9a3,0+2,0,10,14,46
heldout,175,be163c5818ac491104f67c574a6c26a56a395c62f643fa59a53cd4c1f30be9a3,1+2,8,18,39,122
heldout,175,be163c5818ac491104f67c574a6c26a56a395c62f643fa59a53cd4c1f30be9a3,0+1+2,0,7,11,37
heldout,176,607bb0f72663546f9b1807e17bfdc24210f27091f6d4727ee43a3f8541dadd35,0+1,11,12,38,102
heldout,176,607bb0f72663546f9b1807e17bfdc24210f27091f6d4727ee43a3f8541dadd35,0+2,0,2,10,41
heldout,176,607bb0f72663546f9b1807e17bfdc24210f27091f6d4727ee43a3f8541dadd35,1+2,0,1,29,99
heldout,176,607bb0f72663546f9b1807e17bfdc24210f27091f6d4727ee43a3f8541dadd35,0+1+2,0,0,8,33
heldout,177,fe99bb0e33fb1aff7ff8a1f8835a4f9aa77281b2ba657b5bd7227c09b51bca29,0+1,2,11,24,89
heldout,177,fe99bb0e33fb1aff7ff8a1f8835a4f9aa77281b2ba657b5bd7227c09b51bca29,0+2,4,4,14,40
heldout,177,fe99bb0e33fb1aff7ff8a1f8835a4f9aa77281b2ba657b5bd7227c09b51bca29,1+2,9,9,29,93
heldout,177,fe99bb0e33fb1aff7ff8a1f8835a4f9aa77281b2ba657b5bd7227c09b51bca29,0+1+2,2,2,12,32
heldout,178,a96cf03d8ec7fa681fc1925a9e1562d26162b5f09d983437a8b15f27768ebf43,0+1,0,17,26,111
heldout,178,a96cf03d8ec7fa681fc1925a9e1562d26162b5f09d983437a8b15f27768ebf43,0+2,0,5,8,44
heldout,178,a96cf03d8ec7fa681fc1925a9e1562d26162b5f09d983437a8b15f27768ebf43,1+2,0,15,29,115
heldout,178,a96cf03d8ec7fa681fc1925a9e1562d26162b5f09d983437a8b15f27768ebf43,0+1+2,0,5,5,35
heldout,179,01f69fc369f2c23f44a83d9e1a75bb8d0c14f95e17cd46372df045b23645244a,0+1,3,17,33,114
heldout,179,01f69fc369f2c23f44a83d9e1a75bb8d0c14f95e17cd46372df045b23645244a,0+2,6,6,17,51
heldout,179,01f69fc369f2c23f44a83d9e1a75bb8d0c14f95e17cd46372df045b23645244a,1+2,7,9,39,125
heldout,179,01f69fc369f2c23f44a83d9e1a75bb8d0c14f95e17cd46372df045b23645244a,0+1+2,3,3,10,36
heldout,180,c71cda0b6f3222c46e569bef20d74103b090df565dd8e7e76cc12101494c93ec,0+1,0,20,31,124
heldout,180,c71cda0b6f3222c46e569bef20d74103b090df565dd8e7e76cc12101494c93ec,0+2,0,10,10,45
heldout,180,c71cda0b6f3222c46e569bef20d74103b090df565dd8e7e76cc12101494c93ec,1+2,1,21,32,114
heldout,180,c71cda0b6f3222c46e569bef20d74103b090df565dd8e7e76cc12101494c93ec,0+1+2,0,10,10,35
heldout,181,9ba48778a8726a6668dca7bf647a8f4ec4002cbd180df8f780667cc652b8991e,0+1,4,4,24,88
heldout,181,9ba48778a8726a6668dca7bf647a8f4ec4002cbd180df8f780667cc652b8991e,0+2,0,0,6,37
heldout,181,9ba48778a8726a6668dca7bf647a8f4ec4002cbd180df8f780667cc652b8991e,1+2,0,8,20,84
heldout,181,9ba48778a8726a6668dca7bf647a8f4ec4002cbd180df8f780667cc652b8991e,0+1+2,0,0,6,31
heldout,182,c2d5a0d61d616e110dc9a3a05a997ff97f9e37af8fe2495ab246dbd68c61d309,0+1,0,0,33,107
heldout,182,c2d5a0d61d616e110dc9a3a05a997ff97f9e37af8fe2495ab246dbd68c61d309,0+2,0,0,12,46
heldout,182,c2d5a0d61d616e110dc9a3a05a997ff97f9e37af8fe2495ab246dbd68c61d309,1+2,11,20,42,127
heldout,182,c2d5a0d61d616e110dc9a3a05a997ff97f9e37af8fe2495ab246dbd68c61d309,0+1+2,0,0,8,34
heldout,183,4c0df810d93b28e6d80981376b2894a35110b7022b40cf342c2f6d0058a7d837,0+1,8,18,35,99
heldout,183,4c0df810d93b28e6d80981376b2894a35110b7022b40cf342c2f6d0058a7d837,0+2,9,19,21,43
heldout,183,4c0df810d93b28e6d80981376b2894a35110b7022b40cf342c2f6d0058a7d837,1+2,6,15,28,101
heldout,183,4c0df810d93b28e6d80981376b2894a35110b7022b40cf342c2f6d0058a7d837,0+1+2,6,15,17,30
heldout,184,80dde93f373fc3199fe449ec0c0cb33da79f1eb422dc8cff46a0a67d0b42bde2,0+1,0,21,33,115
heldout,184,80dde93f373fc3199fe449ec0c0cb33da79f1eb422dc8cff46a0a67d0b42bde2,0+2,0,6,12,41
heldout,184,80dde93f373fc3199fe449ec0c0cb33da79f1eb422dc8cff46a0a67d0b42bde2,1+2,0,6,21,93
heldout,184,80dde93f373fc3199fe449ec0c0cb33da79f1eb422dc8cff46a0a67d0b42bde2,0+1+2,0,6,12,34
heldout,185,882af7f3a779061f46e6c04990ac6ef757d7b737636d665498464c65c41196d1,0+1,0,2,26,109
heldout,185,882af7f3a779061f46e6c04990ac6ef757d7b737636d665498464c65c41196d1,0+2,0,0,10,44
heldout,185,882af7f3a779061f46e6c04990ac6ef757d7b737636d665498464c65c41196d1,1+2,0,5,22,108
heldout,185,882af7f3a779061f46e6c04990ac6ef757d7b737636d665498464c65c41196d1,0+1+2,0,0,6,36
heldout,186,b4eb5c49fbc041995659df836d14e07e6fbc210d405e6b048ba5e1ad1c2a74ad,0+1,10,20,31,99
heldout,186,b4eb5c49fbc041995659df836d14e07e6fbc210d405e6b048ba5e1ad1c2a74ad,0+2,10,10,17,49
heldout,186,b4eb5c49fbc041995659df836d14e07e6fbc210d405e6b048ba5e1ad1c2a74ad,1+2,13,14,33,96
heldout,186,b4eb5c49fbc041995659df836d14e07e6fbc210d405e6b048ba5e1ad1c2a74ad,0+1+2,10,10,17,43
heldout,187,eac0de70750f14a020044937d44165dce443b4678dfc62c28aeb90a70c1c017a,0+1,0,10,20,75
heldout,187,eac0de70750f14a020044937d44165dce443b4678dfc62c28aeb90a70c1c017a,0+2,0,0,6,37
heldout,187,eac0de70750f14a020044937d44165dce443b4678dfc62c28aeb90a70c1c017a,1+2,0,0,20,77
heldout,187,eac0de70750f14a020044937d44165dce443b4678dfc62c28aeb90a70c1c017a,0+1+2,0,0,6,32
heldout,188,27154a3a54da4c1e2e01a3433dabd96763a1f445acbdd87eb7ad9106736d61e4,0+1,0,4,17,63
heldout,188,27154a3a54da4c1e2e01a3433dabd96763a1f445acbdd87eb7ad9106736d61e4,0+2,0,0,11,31
heldout,188,27154a3a54da4c1e2e01a3433dabd96763a1f445acbdd87eb7ad9106736d61e4,1+2,0,0,16,62
heldout,188,27154a3a54da4c1e2e01a3433dabd96763a1f445acbdd87eb7ad9106736d61e4,0+1+2,0,0,7,27
heldout,189,35b7c7a35332f5bbc57ce4b3449849da98b13ada876febcaf80829b9b24e9700,0+1,3,3,35,117
heldout,189,35b7c7a35332f5bbc57ce4b3449849da98b13ada876febcaf80829b9b24e9700,0+2,0,0,13,48
heldout,189,35b7c7a35332f5bbc57ce4b3449849da98b13ada876febcaf80829b9b24e9700,1+2,0,10,22,98
heldout,189,35b7c7a35332f5bbc57ce4b3449849da98b13ada876febcaf80829b9b24e9700,0+1+2,0,0,11,37
heldout,190,e56989571916f12425a6d45c40051c9b99303da305984411db55b176c263ab54,0+1,3,11,27,120
heldout,190,e56989571916f12425a6d45c40051c9b99303da305984411db55b176c263ab54,0+2,0,0,6,44
heldout,190,e56989571916f12425a6d45c40051c9b99303da305984411db55b176c263ab54,1+2,0,2,30,113
heldout,190,e56989571916f12425a6d45c40051c9b99303da305984411db55b176c263ab54,0+1+2,0,0,4,35
heldout,191,6337714204c4daa3d0a47edb36c41053f060f2494e4273536be82a58f8e4afce,0+1,0,19,29,111
heldout,191,6337714204c4daa3d0a47edb36c41053f060f2494e4273536be82a58f8e4afce,0+2,0,11,12,43
heldout,191,6337714204c4daa3d0a47edb36c41053f060f2494e4273536be82a58f8e4afce,1+2,0,18,28,99
heldout,191,6337714204c4daa3d0a47edb36c41053f060f2494e4273536be82a58f8e4afce,0+1+2,0,10,10,34
heldout,192,f078e738e7ce01c9b60d5816fed31612cf541dbe6318ef40dfc4a4e24780d0c6,0+1,5,16,28,97
heldout,192,f078e738e7ce01c9b60d5816fed31612cf541dbe6318ef40dfc4a4e24780d0c6,0+2,0,0,9,36
heldout,192,f078e738e7ce01c9b60d5816fed31612cf541dbe6318ef40dfc4a4e24780d0c6,1+2,0,4,22,86
heldout,192,f078e738e7ce01c9b60d5816fed31612cf541dbe6318ef40dfc4a4e24780d0c6,0+1+2,0,0,7,30
heldout,193,afc60b420cdda59178ee6fcc50b161778c4b9057afebabe963337ec66f3f73eb,0+1,7,11,29,108
heldout,193,afc60b420cdda59178ee6fcc50b161778c4b9057afebabe963337ec66f3f73eb,0+2,5,5,10,42
heldout,193,afc60b420cdda59178ee6fcc50b161778c4b9057afebabe963337ec66f3f73eb,1+2,2,5,29,103
heldout,193,afc60b420cdda59178ee6fcc50b161778c4b9057afebabe963337ec66f3f73eb,0+1+2,2,2,5,31
heldout,194,d57c79ca5aa2f26cc6f924f28094d79a49772a45e51056770c4998f7be6e4828,0+1,8,10,31,119
heldout,194,d57c79ca5aa2f26cc6f924f28094d79a49772a45e51056770c4998f7be6e4828,0+2,0,0,5,44
heldout,194,d57c79ca5aa2f26cc6f924f28094d79a49772a45e51056770c4998f7be6e4828,1+2,0,4,26,114
heldout,194,d57c79ca5aa2f26cc6f924f28094d79a49772a45e51056770c4998f7be6e4828,0+1+2,0,0,2,33
heldout,195,7de28cce4650b184f84f67e148911eafe361135a985f904b2a7c5bb92597acf5,0+1,2,2,33,121
heldout,195,7de28cce4650b184f84f67e148911eafe361135a985f904b2a7c5bb92597acf5,0+2,5,6,14,48
heldout,195,7de28cce4650b184f84f67e148911eafe361135a985f904b2a7c5bb92597acf5,1+2,6,7,34,123
heldout,195,7de28cce4650b184f84f67e148911eafe361135a985f904b2a7c5bb92597acf5,0+1+2,2,2,10,37
heldout,196,3e0789206e7de2ac513c0534e6d79e6310cce8f6fa5dee7a84a4314d3dbf5676,0+1,0,12,20,94
heldout,196,3e0789206e7de2ac513c0534e6d79e6310cce8f6fa5dee7a84a4314d3dbf5676,0+2,0,11,11,38
heldout,196,3e0789206e7de2ac513c0534e6d79e6310cce8f6fa5dee7a84a4314d3dbf5676,1+2,0,10,20,98
heldout,196,3e0789206e7de2ac513c0534e6d79e6310cce8f6fa5dee7a84a4314d3dbf5676,0+1+2,0,10,10,29
heldout,197,f27a9ea84855124ac2861e32ae1c087491619282671b21cd524ca5fc154b0c3d,0+1,6,18,35,120
heldout,197,f27a9ea84855124ac2861e32ae1c087491619282671b21cd524ca5fc154b0c3d,0+2,8,8,19,51
heldout,197,f27a9ea84855124ac2861e32ae1c087491619282671b21cd524ca5fc154b0c3d,1+2,5,5,36,121
heldout,197,f27a9ea84855124ac2861e32ae1c087491619282671b21cd524ca5fc154b0c3d,0+1+2,5,5,11,38
heldout,198,0fb790dcd59dabb86b07569de0fda52b577eb6c4e40ed2531b3effa75c80a0c4,0+1,1,11,30,112
heldout,198,0fb790dcd59dabb86b07569de0fda52b577eb6c4e40ed2531b3effa75c80a0c4,0+2,0,0,9,38
heldout,198,0fb790dcd59dabb86b07569de0fda52b577eb6c4e40ed2531b3effa75c80a0c4,1+2,0,0,20,99
heldout,198,0fb790dcd59dabb86b07569de0fda52b577eb6c4e40ed2531b3effa75c80a0c4,0+1+2,0,0,9,30
heldout,199,87fc86f55d57efd5a3afa3416265c5f4ef2357c1efeefa4d2e8528370d346e86,0+1,0,2,25,102
heldout,199,87fc86f55d57efd5a3afa3416265c5f4ef2357c1efeefa4d2e8528370d346e86,0+2,0,3,7,44
heldout,199,87fc86f55d57efd5a3afa3416265c5f4ef2357c1efeefa4d2e8528370d346e86,1+2,9,12,38,127
heldout,199,87fc86f55d57efd5a3afa3416265c5f4ef2357c1efeefa4d2e8528370d346e86,0+1+2,0,0,3,32
heldout,200,4c1ebafa706b145fd590ccd3b6988eded1e3479987254cb7ed5c8679b86c0918,0+1,0,0,30,103
heldout,200,4c1ebafa706b145fd590ccd3b6988eded1e3479987254cb7ed5c8679b86c0918,0+2,0,0,14,41
heldout,200,4c1ebafa706b145fd590ccd3b6988eded1e3479987254cb7ed5c8679b86c0918,1+2,0,0,22,100
heldout,200,4c1ebafa706b145fd590ccd3b6988eded1e3479987254cb7ed5c8679b86c0918,0+1+2,0,0,12,32
heldout,201,be4a96b5f816549a2bc1e95949effb2a8b7c9cb694cec283d8161d5725f0276a,0+1,0,11,25,107
heldout,201,be4a96b5f816549a2bc1e95949effb2a8b7c9cb694cec283d8161d5725f0276a,0+2,0,1,14,45
heldout,201,be4a96b5f816549a2bc1e95949effb2a8b7c9cb694cec283d8161d5725f0276a,1+2,0,1,23,108
heldout,201,be4a96b5f816549a2bc1e95949effb2a8b7c9cb694cec283d8161d5725f0276a,0+1+2,0,1,14,37
heldout,202,901b97bf10ef0c36b49f986ce3fcb3ef5d35488f508afdea7752662620f759d0,0+1,0,11,30,107
heldout,202,901b97bf10ef0c36b49f986ce3fcb3ef5d35488f508afdea7752662620f759d0,0+2,0,3,14,49
heldout,202,901b97bf10ef0c36b49f986ce3fcb3ef5d35488f508afdea7752662620f759d0,1+2,0,5,23,100
heldout,202,901b97bf10ef0c36b49f986ce3fcb3ef5d35488f508afdea7752662620f759d0,0+1+2,0,3,12,37
heldout,203,9776ef4960b0daeb128641e4935b4efb22109e50c7876d6c8fc6b16da142e788,0+1,0,0,22,88
heldout,203,9776ef4960b0daeb128641e4935b4efb22109e50c7876d6c8fc6b16da142e788,0+2,0,0,11,42
heldout,203,9776ef4960b0daeb128641e4935b4efb22109e50c7876d6c8fc6b16da142e788,1+2,0,0,23,91
heldout,203,9776ef4960b0daeb128641e4935b4efb22109e50c7876d6c8fc6b16da142e788,0+1+2,0,0,11,37
heldout,204,60057b81c5083ef73445a0d5c40f7d2b4b1c7222500ff9c827956cba1e3be335,0+1,13,13,36,111
heldout,204,60057b81c5083ef73445a0d5c40f7d2b4b1c7222500ff9c827956cba1e3be335,0+2,13,13,26,59
heldout,204,60057b81c5083ef73445a0d5c40f7d2b4b1c7222500ff9c827956cba1e3be335,1+2,12,21,34,121
heldout,204,60057b81c5083ef73445a0d5c40f7d2b4b1c7222500ff9c827956cba1e3be335,0+1+2,12,12,24,49
heldout,205,26ead0de4ed381e2d34f22c1230e22648e0276c1c32fa7bc32744bf5e7c53870,0+1,0,12,24,105
heldout,205,26ead0de4ed381e2d34f22c1230e22648e0276c1c32fa7bc32744bf5e7c53870,0+2,0,12,12,44
heldout,205,26ead0de4ed381e2d34f22c1230e22648e0276c1c32fa7bc32744bf5e7c53870,1+2,6,20,30,114
heldout,205,26ead0de4ed381e2d34f22c1230e22648e0276c1c32fa7bc32744bf5e7c53870,0+1+2,0,12,12,37
heldout,206,e3408686eb78bd1fd78c7b61aa41407a7669e898532955b4c28053b14a337a29,0+1,5,7,29,117
heldout,206,e3408686eb78bd1fd78c7b61aa41407a7669e898532955b4c28053b14a337a29,0+2,0,0,10,46
heldout,206,e3408686eb78bd1fd78c7b61aa41407a7669e898532955b4c28053b14a337a29,1+2,0,0,33,114
heldout,206,e3408686eb78bd1fd78c7b61aa41407a7669e898532955b4c28053b14a337a29,0+1+2,0,0,7,39
heldout,207,687fa87b556c63f26edadb2f6b1314f703907c3b3f17d51ed7dcf37279296c78,0+1,9,20,33,121
heldout,207,687fa87b556c63f26edadb2f6b1314f703907c3b3f17d51ed7dcf37279296c78,0+2,7,11,17,53
heldout,207,687fa87b556c63f26edadb2f6b1314f703907c3b3f17d51ed7dcf37279296c78,1+2,5,5,37,126
heldout,207,687fa87b556c63f26edadb2f6b1314f703907c3b3f17d51ed7dcf37279296c78,0+1+2,5,5,11,42
heldout,208,45efefa03b5b2947dd8845c82a633e73d30f83d054fac753457fc90b58c50288,0+1,0,18,29,112
heldout,208,45efefa03b5b2947dd8845c82a633e73d30f83d054fac753457fc90b58c50288,0+2,0,8,11,40
heldout,208,45efefa03b5b2947dd8845c82a633e73d30f83d054fac753457fc90b58c50288,1+2,0,20,32,103
heldout,208,45efefa03b5b2947dd8845c82a633e73d30f83d054fac753457fc90b58c50288,0+1+2,0,8,8,31
heldout,209,0c9dee694ce5f50b472e15ce52183bbb281ab2c7b852efaee7c2e3165c1c13d6,0+1,0,0,24,81
heldout,209,0c9dee694ce5f50b472e15ce52183bbb281ab2c7b852efaee7c2e3165c1c13d6,0+2,0,0,14,38
heldout,209,0c9dee694ce5f50b472e15ce52183bbb281ab2c7b852efaee7c2e3165c1c13d6,1+2,2,6,24,89
heldout,209,0c9dee694ce5f50b472e15ce52183bbb281ab2c7b852efaee7c2e3165c1c13d6,0+1+2,0,0,13,34
heldout,210,041a4fed93b0372c745559c0ee2a8337051c7434c21dfbd4733347c70c523579,0+1,4,14,33,114
heldout,210,041a4fed93b0372c745559c0ee2a8337051c7434c21dfbd4733347c70c523579,0+2,8,8,15,48
heldout,210,041a4fed93b0372c745559c0ee2a8337051c7434c21dfbd4733347c70c523579,1+2,5,8,30,115
heldout,210,041a4fed93b0372c745559c0ee2a8337051c7434c21dfbd4733347c70c523579,0+1+2,4,4,9,35
heldout,211,c0484dfae830a042e3b5dcf8c2d75dac51e8b0d5533073d90640c588e05e717c,0+1,0,17,34,114
heldout,211,c0484dfae830a042e3b5dcf8c2d75dac51e8b0d5533073d90640c588e05e717c,0+2,0,0,11,36
heldout,211,c0484dfae830a042e3b5dcf8c2d75dac51e8b0d5533073d90640c588e05e717c,1+2,0,0,32,112
heldout,211,c0484dfae830a042e3b5dcf8c2d75dac51e8b0d5533073d90640c588e05e717c,0+1+2,0,0,8,29
heldout,212,a880d1641f892ff41b3bc170549b8e8887648178804b9d54c6d299bc9d7fe040,0+1,7,9,29,108
heldout,212,a880d1641f892ff41b3bc170549b8e8887648178804b9d54c6d299bc9d7fe040,0+2,0,0,5,40
heldout,212,a880d1641f892ff41b3bc170549b8e8887648178804b9d54c6d299bc9d7fe040,1+2,0,8,20,102
heldout,212,a880d1641f892ff41b3bc170549b8e8887648178804b9d54c6d299bc9d7fe040,0+1+2,0,0,1,31
heldout,213,19fc87b70498f10567bbc6158ddc7d9cf918fe068f4e279d72c8ebd5ebcf2e8c,0+1,8,15,30,115
heldout,213,19fc87b70498f10567bbc6158ddc7d9cf918fe068f4e279d72c8ebd5ebcf2e8c,0+2,3,5,14,44
heldout,213,19fc87b70498f10567bbc6158ddc7d9cf918fe068f4e279d72c8ebd5ebcf2e8c,1+2,1,1,28,112
heldout,213,19fc87b70498f10567bbc6158ddc7d9cf918fe068f4e279d72c8ebd5ebcf2e8c,0+1+2,1,1,10,33
heldout,214,75898ba8dc9fda03682ede704b1c66b6c695e0e5b7cb0fadb09fd516966414e5,0+1,0,12,33,123
heldout,214,75898ba8dc9fda03682ede704b1c66b6c695e0e5b7cb0fadb09fd516966414e5,0+2,0,0,12,42
heldout,214,75898ba8dc9fda03682ede704b1c66b6c695e0e5b7cb0fadb09fd516966414e5,1+2,5,5,36,126
heldout,214,75898ba8dc9fda03682ede704b1c66b6c695e0e5b7cb0fadb09fd516966414e5,0+1+2,0,0,12,36
heldout,215,30072dd47332aed2b07a90c6d7e139907e8ded483abe2b533219fc39b259c654,0+1,9,17,30,120
heldout,215,30072dd47332aed2b07a90c6d7e139907e8ded483abe2b533219fc39b259c654,0+2,0,0,8,43
heldout,215,30072dd47332aed2b07a90c6d7e139907e8ded483abe2b533219fc39b259c654,1+2,0,4,22,104
heldout,215,30072dd47332aed2b07a90c6d7e139907e8ded483abe2b533219fc39b259c654,0+1+2,0,0,4,36
heldout,216,82b0d741252d81768e4d9248c8e53dbe1e39b56852230b1f9fc7a27caf10e245,0+1,1,13,26,110
heldout,216,82b0d741252d81768e4d9248c8e53dbe1e39b56852230b1f9fc7a27caf10e245,0+2,1,7,14,47
heldout,216,82b0d741252d81768e4d9248c8e53dbe1e39b56852230b1f9fc7a27caf10e245,1+2,12,30,43,125
heldout,216,82b0d741252d81768e4d9248c8e53dbe1e39b56852230b1f9fc7a27caf10e245,0+1+2,1,6,8,36
heldout,217,63accf1c8241dd8c4a6780ce09195367ad5dacf972d54cc455515dc441795e71,0+1,9,30,41,105
heldout,217,63accf1c8241dd8c4a6780ce09195367ad5dacf972d54cc455515dc441795e71,0+2,10,17,22,51
heldout,217,63accf1c8241dd8c4a6780ce09195367ad5dacf972d54cc455515dc441795e71,1+2,11,17,38,107
heldout,217,63accf1c8241dd8c4a6780ce09195367ad5dacf972d54cc455515dc441795e71,0+1+2,9,15,20,43
heldout,218,e83f9d853b85b1e875408cbd5868433e5f673158a3aa3202f7d51198b5249582,0+1,4,8,30,106
heldout,218,e83f9d853b85b1e875408cbd5868433e5f673158a3aa3202f7d51198b5249582,0+2,0,0,15,51
heldout,218,e83f9d853b85b1e875408cbd5868433e5f673158a3aa3202f7d51198b5249582,1+2,1,3,32,110
heldout,218,e83f9d853b85b1e875408cbd5868433e5f673158a3aa3202f7d51198b5249582,0+1+2,0,0,8,41
heldout,219,61c12631894c8cfb197e74573ab96027f7e257826014b783d70835251e32a0a2,0+1,5,10,32,110
heldout,219,61c12631894c8cfb197e74573ab96027f7e257826014b783d70835251e32a0a2,0+2,0,0,12,46
heldout,219,61c12631894c8cfb197e74573ab96027f7e257826014b783d70835251e32a0a2,1+2,4,10,36,118
heldout,219,61c12631894c8cfb197e74573ab96027f7e257826014b783d70835251e32a0a2,0+1+2,0,0,6,39
heldout,220,ed259d31aa4615cf161bf2c473ca0bfb906b44006f4585dc188e9b915ce46e08,0+1,0,9,18,74
heldout,220,ed259d31aa4615cf161bf2c473ca0bfb906b44006f4585dc188e9b915ce46e08,0+2,0,5,12,32
heldout,220,ed259d31aa4615cf161bf2c473ca0bfb906b44006f4585dc188e9b915ce46e08,1+2,0,9,22,70
heldout,220,ed259d31aa4615cf161bf2c473ca0bfb906b44006f4585dc188e9b915ce46e08,0+1+2,0,5,9,27
heldout,221,fa3a60660b7f542dae901f8666bf9738ceff6bc458e961bce10ffca78aeb2c05,0+1,6,11,22,104
heldout,221,fa3a60660b7f542dae901f8666bf9738ceff6bc458e961bce10ffca78aeb2c05,0+2,4,7,10,46
heldout,221,fa3a60660b7f542dae901f8666bf9738ceff6bc458e961bce10ffca78aeb2c05,1+2,11,21,31,114
heldout,221,fa3a60660b7f542dae901f8666bf9738ceff6bc458e961bce10ffca78aeb2c05,0+1+2,4,7,8,38
heldout,222,0ee6b4aa79e17e5a1aad37f0bd36977359868ecae7dd372948983e76d84173da,0+1,0,1,24,99
heldout,222,0ee6b4aa79e17e5a1aad37f0bd36977359868ecae7dd372948983e76d84173da,0+2,0,0,12,43
heldout,222,0ee6b4aa79e17e5a1aad37f0bd36977359868ecae7dd372948983e76d84173da,1+2,0,10,30,105
heldout,222,0ee6b4aa79e17e5a1aad37f0bd36977359868ecae7dd372948983e76d84173da,0+1+2,0,0,7,32
heldout,223,ca0a0cc131484e44a8b950c1e5535bcb9aaedcfcd43f601d4f2229ebda13151f,0+1,0,11,32,118
heldout,223,ca0a0cc131484e44a8b950c1e5535bcb9aaedcfcd43f601d4f2229ebda13151f,0+2,0,0,11,42
heldout,223,ca0a0cc131484e44a8b950c1e5535bcb9aaedcfcd43f601d4f2229ebda13151f,1+2,0,0,21,104
heldout,223,ca0a0cc131484e44a8b950c1e5535bcb9aaedcfcd43f601d4f2229ebda13151f,0+1+2,0,0,11,36
heldout,224,f155b89fe01e6dc4b822827b32875f1eb069261eeeae79f3cfe9be504d09d5e9,0+1,11,20,37,113
heldout,224,f155b89fe01e6dc4b822827b32875f1eb069261eeeae79f3cfe9be504d09d5e9,0+2,0,0,12,39
heldout,224,f155b89fe01e6dc4b822827b32875f1eb069261eeeae79f3cfe9be504d09d5e9,1+2,0,0,28,112
heldout,224,f155b89fe01e6dc4b822827b32875f1eb069261eeeae79f3cfe9be504d09d5e9,0+1+2,0,0,11,31
heldout,225,c5525fcdc6dda2e58e05682634ab56e9ac2ab1f9b91e377640af851918e2615d,0+1,0,0,26,105
heldout,225,c5525fcdc6dda2e58e05682634ab56e9ac2ab1f9b91e377640af851918e2615d,0+2,0,0,7,44
heldout,225,c5525fcdc6dda2e58e05682634ab56e9ac2ab1f9b91e377640af851918e2615d,1+2,0,8,28,115
heldout,225,c5525fcdc6dda2e58e05682634ab56e9ac2ab1f9b91e377640af851918e2615d,0+1+2,0,0,5,34
heldout,226,b1a09c01b4cc6a3f569bc4172e189c503ccd8896ea210d93534b496c2f2b0fc7,0+1,2,7,20,100
heldout,226,b1a09c01b4cc6a3f569bc4172e189c503ccd8896ea210d93534b496c2f2b0fc7,0+2,5,5,10,45
heldout,226,b1a09c01b4cc6a3f569bc4172e189c503ccd8896ea210d93534b496c2f2b0fc7,1+2,6,11,27,88
heldout,226,b1a09c01b4cc6a3f569bc4172e189c503ccd8896ea210d93534b496c2f2b0fc7,0+1+2,2,2,4,35
heldout,227,57c4accb92afbd35fee0af41412cb62fcbedb86749531139dfcc5bb6cea9476e,0+1,0,0,26,104
heldout,227,57c4accb92afbd35fee0af41412cb62fcbedb86749531139dfcc5bb6cea9476e,0+2,0,0,13,34
heldout,227,57c4accb92afbd35fee0af41412cb62fcbedb86749531139dfcc5bb6cea9476e,1+2,4,5,30,106
heldout,227,57c4accb92afbd35fee0af41412cb62fcbedb86749531139dfcc5bb6cea9476e,0+1+2,0,0,12,25
heldout,228,4acc59443a017101bf2bf33bf1d74121909ba09592eb3209becb957b36542aef,0+1,0,0,36,115
heldout,228,4acc59443a017101bf2bf33bf1d74121909ba09592eb3209becb957b36542aef,0+2,0,0,11,42
heldout,228,4acc59443a017101bf2bf33bf1d74121909ba09592eb3209becb957b36542aef,1+2,7,10,39,123
heldout,228,4acc59443a017101bf2bf33bf1d74121909ba09592eb3209becb957b36542aef,0+1+2,0,0,10,35
heldout,229,a31d6ce0c51ea28eb6ab0f2f48cf1b3ec08403d075e2e3fbfe59e5ce86a1e45a,0+1,3,10,30,116
heldout,229,a31d6ce0c51ea28eb6ab0f2f48cf1b3ec08403d075e2e3fbfe59e5ce86a1e45a,0+2,6,6,13,47
heldout,229,a31d6ce0c51ea28eb6ab0f2f48cf1b3ec08403d075e2e3fbfe59e5ce86a1e45a,1+2,6,22,35,114
heldout,229,a31d6ce0c51ea28eb6ab0f2f48cf1b3ec08403d075e2e3fbfe59e5ce86a1e45a,0+1+2,3,3,8,35
heldout,230,ce84956f0afae527d93eb9a23391cf520dbc81d9ba3c5359d0c0257dff4482bf,0+1,11,11,42,120
heldout,230,ce84956f0afae527d93eb9a23391cf520dbc81d9ba3c5359d0c0257dff4482bf,0+2,0,0,9,38
heldout,230,ce84956f0afae527d93eb9a23391cf520dbc81d9ba3c5359d0c0257dff4482bf,1+2,0,2,27,106
heldout,230,ce84956f0afae527d93eb9a23391cf520dbc81d9ba3c5359d0c0257dff4482bf,0+1+2,0,0,9,30
heldout,231,10e65464ab39d9f9605503ec6e19ebe0b74bcbc3528bdb6da3950c44f9046865,0+1,0,2,17,96
heldout,231,10e65464ab39d9f9605503ec6e19ebe0b74bcbc3528bdb6da3950c44f9046865,0+2,0,0,11,39
heldout,231,10e65464ab39d9f9605503ec6e19ebe0b74bcbc3528bdb6da3950c44f9046865,1+2,0,9,22,103
heldout,231,10e65464ab39d9f9605503ec6e19ebe0b74bcbc3528bdb6da3950c44f9046865,0+1+2,0,0,8,31
heldout,232,5c407ded8a768e5b3ad59ab1309f31de3eafb4dffb013d619fd5ba284cc3eae3,0+1,0,10,29,105
heldout,232,5c407ded8a768e5b3ad59ab1309f31de3eafb4dffb013d619fd5ba284cc3eae3,0+2,0,4,14,39
heldout,232,5c407ded8a768e5b3ad59ab1309f31de3eafb4dffb013d619fd5ba284cc3eae3,1+2,0,2,29,102
heldout,232,5c407ded8a768e5b3ad59ab1309f31de3eafb4dffb013d619fd5ba284cc3eae3,0+1+2,0,2,12,29
heldout,233,faa108b6bdace7eb9fbaad97fe46310530fa931d3744420d3b999aa23e2478a5,0+1,0,9,15,68
heldout,233,faa108b6bdace7eb9fbaad97fe46310530fa931d3744420d3b999aa23e2478a5,0+2,0,8,8,27
heldout,233,faa108b6bdace7eb9fbaad97fe46310530fa931d3744420d3b999aa23e2478a5,1+2,0,6,11,67
heldout,233,faa108b6bdace7eb9fbaad97fe46310530fa931d3744420d3b999aa23e2478a5,0+1+2,0,6,6,17
heldout,234,aef6a2dae63c4aca46f1e94b7aaf22bf21c4c82e9dc575b1d0aa7eab8df6529d,0+1,3,19,29,105
heldout,234,aef6a2dae63c4aca46f1e94b7aaf22bf21c4c82e9dc575b1d0aa7eab8df6529d,0+2,0,8,8,48
heldout,234,aef6a2dae63c4aca46f1e94b7aaf22bf21c4c82e9dc575b1d0aa7eab8df6529d,1+2,8,21,32,116
heldout,234,aef6a2dae63c4aca46f1e94b7aaf22bf21c4c82e9dc575b1d0aa7eab8df6529d,0+1+2,0,8,8,39
heldout,235,7d17e984dbde2440a822f16dbb9d6007c1212ba13e8044a51f7d7b57a1a3fe59,0+1,7,19,29,84
heldout,235,7d17e984dbde2440a822f16dbb9d6007c1212ba13e8044a51f7d7b57a1a3fe59,0+2,1,7,15,37
heldout,235,7d17e984dbde2440a822f16dbb9d6007c1212ba13e8044a51f7d7b57a1a3fe59,1+2,6,13,23,79
heldout,235,7d17e984dbde2440a822f16dbb9d6007c1212ba13e8044a51f7d7b57a1a3fe59,0+1+2,1,7,13,31
heldout,236,be5a1392eff51f3e5d1ae3d95d1f487535982ecdf026dfff1725fe134bde677e,0+1,0,0,11,45
heldout,236,be5a1392eff51f3e5d1ae3d95d1f487535982ecdf026dfff1725fe134bde677e,0+2,0,0,2,17
heldout,236,be5a1392eff51f3e5d1ae3d95d1f487535982ecdf026dfff1725fe134bde677e,1+2,0,9,10,45
heldout,236,be5a1392eff51f3e5d1ae3d95d1f487535982ecdf026dfff1725fe134bde677e,0+1+2,0,0,1,14
heldout,237,38a34d4c4efc441efedc35003f8f98841d67a1e393596a994e85fff9b8e99490,0+1,0,0,33,114
heldout,237,38a34d4c4efc441efedc35003f8f98841d67a1e393596a994e85fff9b8e99490,0+2,0,0,15,48
heldout,237,38a34d4c4efc441efedc35003f8f98841d67a1e393596a994e85fff9b8e99490,1+2,0,8,22,88
heldout,237,38a34d4c4efc441efedc35003f8f98841d67a1e393596a994e85fff9b8e99490,0+1+2,0,0,13,38
heldout,238,0f2e867200b0fd90a45ab1e4cd09923589bc7cd1db42edd57a10b0ce815a080d,0+1,0,20,31,105
heldout,238,0f2e867200b0fd90a45ab1e4cd09923589bc7cd1db42edd57a10b0ce815a080d,0+2,0,6,15,44
heldout,238,0f2e867200b0fd90a45ab1e4cd09923589bc7cd1db42edd57a10b0ce815a080d,1+2,0,6,30,107
heldout,238,0f2e867200b0fd90a45ab1e4cd09923589bc7cd1db42edd57a10b0ce815a080d,0+1+2,0,6,14,34
heldout,239,779a3a9bef39c20ff38d516db454b5c153b35270eef8e63875d1f0b3a317693c,0+1,3,15,27,102
heldout,239,779a3a9bef39c20ff38d516db454b5c153b35270eef8e63875d1f0b3a317693c,0+2,4,4,14,46
heldout,239,779a3a9bef39c20ff38d516db454b5c153b35270eef8e63875d1f0b3a317693c,1+2,10,10,34,112
heldout,239,779a3a9bef39c20ff38d516db454b5c153b35270eef8e63875d1f0b3a317693c,0+1+2,3,3,13,38
heldout,240,10ab52dd2a9df7065addb48638d58155fe1c7c6b82ca420c0f68045c7e8abde1,0+1,9,14,22,77
heldout,240,10ab52dd2a9df7065addb48638d58155fe1c7c6b82ca420c0f68045c7e8abde1,0+2,4,4,4,36
heldout,240,10ab52dd2a9df7065addb48638d58155fe1c7c6b82ca420c0f68045c7e8abde1,1+2,2,2,13,72
heldout,240,10ab52dd2a9df7065addb48638d58155fe1c7c6b82ca420c0f68045c7e8abde1,0+1+2,2,2,2,34
heldout,241,9e31eceb609ce02d876af06cc59dafc3f3b2305a5d94e5da9dbc76d462330be6,0+1,6,13,31,103
heldout,241,9e31eceb609ce02d876af06cc59dafc3f3b2305a5d94e5da9dbc76d462330be6,0+2,6,14,19,43
heldout,241,9e31eceb609ce02d876af06cc59dafc3f3b2305a5d94e5da9dbc76d462330be6,1+2,3,8,31,115
heldout,241,9e31eceb609ce02d876af06cc59dafc3f3b2305a5d94e5da9dbc76d462330be6,0+1+2,3,8,13,32
heldout,242,4092a92075be922ab462adabb7c205a30039d29aaf1dcfdbe8090fb388b65827,0+1,0,1,21,107
heldout,242,4092a92075be922ab462adabb7c205a30039d29aaf1dcfdbe8090fb388b65827,0+2,0,6,8,36
heldout,242,4092a92075be922ab462adabb7c205a30039d29aaf1dcfdbe8090fb388b65827,1+2,10,12,32,116
heldout,242,4092a92075be922ab462adabb7c205a30039d29aaf1dcfdbe8090fb388b65827,0+1+2,0,1,3,29
heldout,243,bf4e4d33a8afa5a065932e212642a6abcf182d06611e6ce4ac4e4e7151d7fc8d,0+1,9,14,30,125
heldout,243,bf4e4d33a8afa5a065932e212642a6abcf182d06611e6ce4ac4e4e7151d7fc8d,0+2,0,0,11,40
heldout,243,bf4e4d33a8afa5a065932e212642a6abcf182d06611e6ce4ac4e4e7151d7fc8d,1+2,0,0,24,109
heldout,243,bf4e4d33a8afa5a065932e212642a6abcf182d06611e6ce4ac4e4e7151d7fc8d,0+1+2,0,0,7,31
heldout,244,d728fe98ad4da9204ebad21b72f806e8ba6e41cd1ee4b1e5825e138add7df3ff,0+1,0,13,25,82
heldout,244,d728fe98ad4da9204ebad21b72f806e8ba6e41cd1ee4b1e5825e138add7df3ff,0+2,0,12,12,37
heldout,244,d728fe98ad4da9204ebad21b72f806e8ba6e41cd1ee4b1e5825e138add7df3ff,1+2,0,13,13,62
heldout,244,d728fe98ad4da9204ebad21b72f806e8ba6e41cd1ee4b1e5825e138add7df3ff,0+1+2,0,12,12,33
heldout,245,cef21732028530397c27736680f814e5c61abd591a16f91215a35baa149e20f1,0+1,6,25,36,120
heldout,245,cef21732028530397c27736680f814e5c61abd591a16f91215a35baa149e20f1,0+2,0,8,9,39
heldout,245,cef21732028530397c27736680f814e5c61abd591a16f91215a35baa149e20f1,1+2,0,14,26,109
heldout,245,cef21732028530397c27736680f814e5c61abd591a16f91215a35baa149e20f1,0+1+2,0,8,8,31
heldout,246,41614d3bcd21f30addd64b7a42bf564ec584d77f409aa48783da8306ca180b14,0+1,0,0,0,21
heldout,246,41614d3bcd21f30addd64b7a42bf564ec584d77f409aa48783da8306ca180b14,0+2,0,0,0,12
heldout,246,41614d3bcd21f30addd64b7a42bf564ec584d77f409aa48783da8306ca180b14,1+2,0,0,0,25
heldout,246,41614d3bcd21f30addd64b7a42bf564ec584d77f409aa48783da8306ca180b14,0+1+2,0,0,0,12
heldout,247,4c1a643e5058e28f7ab0b3454ad602faabbbca5a2008c434aa1fe8a907c16bdc,0+1,9,16,25,88
heldout,247,4c1a643e5058e28f7ab0b3454ad602faabbbca5a2008c434aa1fe8a907c16bdc,0+2,4,4,9,40
heldout,247,4c1a643e5058e28f7ab0b3454ad602faabbbca5a2008c434aa1fe8a907c16bdc,1+2,2,2,17,82
heldout,247,4c1a643e5058e28f7ab0b3454ad602faabbbca5a2008c434aa1fe8a907c16bdc,0+1+2,2,2,3,33
heldout,248,9ac2177d5a9e1eb381e4bcc33e2dabe788458510054bfbc8ab792f64069ac0bc,0+1,9,20,28,105
heldout,248,9ac2177d5a9e1eb381e4bcc33e2dabe788458510054bfbc8ab792f64069ac0bc,0+2,0,11,12,43
heldout,248,9ac2177d5a9e1eb381e4bcc33e2dabe788458510054bfbc8ab792f64069ac0bc,1+2,0,14,24,106
heldout,248,9ac2177d5a9e1eb381e4bcc33e2dabe788458510054bfbc8ab792f64069ac0bc,0+1+2,0,11,11,32
heldout,249,45bf84b12e0689716b3fe1fff4d9bcf46894aca534e9a293b715c0cf68c0f7b9,0+1,0,0,26,89
heldout,249,45bf84b12e0689716b3fe1fff4d9bcf46894aca534e9a293b715c0cf68c0f7b9,0+2,0,0,13,43
heldout,249,45bf84b12e0689716b3fe1fff4d9bcf46894aca534e9a293b715c0cf68c0f7b9,1+2,0,3,31,103
heldout,249,45bf84b12e0689716b3fe1fff4d9bcf46894aca534e9a293b715c0cf68c0f7b9,0+1+2,0,0,11,33
heldout,250,2fcccae036e72da81a677c380d48f311f5a9120c0d2dc200121b92850c1b8213,0+1,12,14,32,104
heldout,250,2fcccae036e72da81a677c380d48f311f5a9120c0d2dc200121b92850c1b8213,0+2,13,13,26,60
heldout,250,2fcccae036e72da81a677c380d48f311f5a9120c0d2dc200121b92850c1b8213,1+2,12,19,35,122
heldout,250,2fcccae036e72da81a677c380d48f311f5a9120c0d2dc200121b92850c1b8213,0+1+2,12,12,22,50
heldout,251,7d2922c950699a0be2478de3cdbcb9e67874c5bdec1df5ead267f62e35160556,0+1,4,15,34,97
heldout,251,7d2922c950699a0be2478de3cdbcb9e67874c5bdec1df5ead267f62e35160556,0+2,0,11,12,46
heldout,251,7d2922c950699a0be2478de3cdbcb9e67874c5bdec1df5ead267f62e35160556,1+2,4,17,28,103
heldout,251,7d2922c950699a0be2478de3cdbcb9e67874c5bdec1df5ead267f62e35160556,0+1+2,0,11,11,37
heldout,252,0e677aac43731cb60bcb226ef4dfce7e7f4009a6210db590f1a8306264f75ba2,0+1,0,6,17,102
heldout,252,0e677aac43731cb60bcb226ef4dfce7e7f4009a6210db590f1a8306264f75ba2,0+2,0,0,6,45
heldout,252,0e677aac43731cb60bcb226ef4dfce7e7f4009a6210db590f1a8306264f75ba2,1+2,5,5,26,112
heldout,252,0e677aac43731cb60bcb226ef4dfce7e7f4009a6210db590f1a8306264f75ba2,0+1+2,0,0,5,37
heldout,253,67f71ab821f3991e26eac5a482dc247755a223bb340870e4d0432746e4fd712e,0+1,0,5,23,114
heldout,253,67f71ab821f3991e26eac5a482dc247755a223bb340870e4d0432746e4fd712e,0+2,0,3,10,42
heldout,253,67f71ab821f3991e26eac5a482dc247755a223bb340870e4d0432746e4fd712e,1+2,0,10,20,89
heldout,253,67f71ab821f3991e26eac5a482dc247755a223bb340870e4d0432746e4fd712e,0+1+2,0,3,5,34
heldout,254,26e187d61ea5be68e26f23380af596de6afbd12aa4ac2fa2c761117e97b970cd,0+1,5,5,25,62
heldout,254,26e187d61ea5be68e26f23380af596de6afbd12aa4ac2fa2c761117e97b970cd,0+2,6,6,16,40
heldout,254,26e187d61ea5be68e26f23380af596de6afbd12aa4ac2fa2c761117e97b970cd,1+2,11,11,33,80
heldout,254,26e187d61ea5be68e26f23380af596de6afbd12aa4ac2fa2c761117e97b970cd,0+1+2,5,5,15,37
heldout,255,5877a0683b8db1b1a7b02ecb885291a7b04dccfcc2b220358f09a7316b0aff13,0+1,1,1,17,77
heldout,255,5877a0683b8db1b1a7b02ecb885291a7b04dccfcc2b220358f09a7316b0aff13,0+2,0,0,0,33
heldout,255,5877a0683b8db1b1a7b02ecb885291a7b04dccfcc2b220358f09a7316b0aff13,1+2,0,0,12,72
heldout,255,5877a0683b8db1b1a7b02ecb885291a7b04dccfcc2b220358f09a7316b0aff13,0+1+2,0,0,0,31
heldout,256,52a45a51bb77ab6952daad1bddbcddfb09a585d7b5f0bbe8f1013a21ba0d4f7b,0+1,8,16,34,104
heldout,256,52a45a51bb77ab6952daad1bddbcddfb09a585d7b5f0bbe8f1013a21ba0d4f7b,0+2,0,0,3,37
heldout,256,52a45a51bb77ab6952daad1bddbcddfb09a585d7b5f0bbe8f1013a21ba0d4f7b,1+2,0,4,21,102
heldout,256,52a45a51bb77ab6952daad1bddbcddfb09a585d7b5f0bbe8f1013a21ba0d4f7b,0+1+2,0,0,1,28
heldout,257,ce4c6404624fe1c76febe08f9ea916dc06219d5171691339ac3be7e3917967db,0+1,4,13,29,96
heldout,257,ce4c6404624fe1c76febe08f9ea916dc06219d5171691339ac3be7e3917967db,0+2,8,8,17,43
heldout,257,ce4c6404624fe1c76febe08f9ea916dc06219d5171691339ac3be7e3917967db,1+2,4,4,33,112
heldout,257,ce4c6404624fe1c76febe08f9ea916dc06219d5171691339ac3be7e3917967db,0+1+2,4,4,10,30
heldout,258,3de1685b324ac1fa5555432097537b3f05fa1fe2ee0ed846e8af2264196ff3bf,0+1,7,7,37,125
heldout,258,3de1685b324ac1fa5555432097537b3f05fa1fe2ee0ed846e8af2264196ff3bf,0+2,0,0,9,40
heldout,258,3de1685b324ac1fa5555432097537b3f05fa1fe2ee0ed846e8af2264196ff3bf,1+2,0,8,26,108
heldout,258,3de1685b324ac1fa5555432097537b3f05fa1fe2ee0ed846e8af2264196ff3bf,0+1+2,0,0,8,32
heldout,259,d6811bf4c9ecc2642cfbdd49a4abccf08e8bc84221e6431be575bea73d5c3c54,0+1,0,8,28,121
heldout,259,d6811bf4c9ecc2642cfbdd49a4abccf08e8bc84221e6431be575bea73d5c3c54,0+2,3,4,11,46
heldout,259,d6811bf4c9ecc2642cfbdd49a4abccf08e8bc84221e6431be575bea73d5c3c54,1+2,6,25,36,122
heldout,259,d6811bf4c9ecc2642cfbdd49a4abccf08e8bc84221e6431be575bea73d5c3c54,0+1+2,0,1,5,34
heldout,260,35da6b6fb2264341e3eed4faf1b6ea7fa97c8f3320b9cd0d0d47310c1f2c9a79,0+1,10,12,33,112
heldout,260,35da6b6fb2264341e3eed4faf1b6ea7fa97c8f3320b9cd0d0d47310c1f2c9a79,0+2,0,4,4,36
heldout,260,35da6b6fb2264341e3eed4faf1b6ea7fa97c8f3320b9cd0d0d47310c1f2c9a79,1+2,0,8,28,103
heldout,260,35da6b6fb2264341e3eed4faf1b6ea7fa97c8f3320b9cd0d0d47310c1f2c9a79,0+1+2,0,2,2,27
heldout,261,1e5f4e7bb7909467101f1ceef232a3cac2d327cf618b0784f8bacc00dc38fcaf,0+1,0,12,22,108
heldout,261,1e5f4e7bb7909467101f1ceef232a3cac2d327cf618b0784f8bacc00dc38fcaf,0+2,0,0,3,41
heldout,261,1e5f4e7bb7909467101f1ceef232a3cac2d327cf618b0784f8bacc00dc38fcaf,1+2,8,16,32,121
heldout,261,1e5f4e7bb7909467101f1ceef232a3cac2d327cf618b0784f8bacc00dc38fcaf,0+1+2,0,0,0,30
heldout,262,233646a4789078cf68e156ed8790a0e6f0fcc194e283b0956632bf75acd38136,0+1,0,21,35,117
heldout,262,233646a4789078cf68e156ed8790a0e6f0fcc194e283b0956632bf75acd38136,0+2,0,6,15,43
heldout,262,233646a4789078cf68e156ed8790a0e6f0fcc194e283b0956632bf75acd38136,1+2,0,7,26,111
heldout,262,233646a4789078cf68e156ed8790a0e6f0fcc194e283b0956632bf75acd38136,0+1+2,0,6,14,34
heldout,263,f3490fc97b4731911716f6bc8efaa0f608237d7476e8396faf49b087818c8b82,0+1,11,11,31,96
heldout,263,f3490fc97b4731911716f6bc8efaa0f608237d7476e8396faf49b087818c8b82,0+2,0,0,0,27
heldout,263,f3490fc97b4731911716f6bc8efaa0f608237d7476e8396faf49b087818c8b82,1+2,0,0,17,74
heldout,263,f3490fc97b4731911716f6bc8efaa0f608237d7476e8396faf49b087818c8b82,0+1+2,0,0,0,18
heldout,264,b0bb0789deb813dbc3c29e675d5e0e2cdcca535df7a7bd87fad6781d2979cd13,0+1,0,0,12,25
heldout,264,b0bb0789deb813dbc3c29e675d5e0e2cdcca535df7a7bd87fad6781d2979cd13,0+2,0,0,9,10
heldout,264,b0bb0789deb813dbc3c29e675d5e0e2cdcca535df7a7bd87fad6781d2979cd13,1+2,0,0,11,25
heldout,264,b0bb0789deb813dbc3c29e675d5e0e2cdcca535df7a7bd87fad6781d2979cd13,0+1+2,0,0,8,9
heldout,265,6ad820542f45198fe84b142b247b1282c34ce466b65113032fd0919d5763cc97,0+1,12,12,31,103
heldout,265,6ad820542f45198fe84b142b247b1282c34ce466b65113032fd0919d5763cc97,0+2,5,5,18,46
heldout,265,6ad820542f45198fe84b142b247b1282c34ce466b65113032fd0919d5763cc97,1+2,5,5,26,110
heldout,265,6ad820542f45198fe84b142b247b1282c34ce466b65113032fd0919d5763cc97,0+1+2,5,5,16,39
heldout,266,1400bbc8ac06d1a2c942bfba49476bee27157fe4de917c0b74edd69a300cc820,0+1,8,15,24,63
heldout,266,1400bbc8ac06d1a2c942bfba49476bee27157fe4de917c0b74edd69a300cc820,0+2,1,7,7,33
heldout,266,1400bbc8ac06d1a2c942bfba49476bee27157fe4de917c0b74edd69a300cc820,1+2,5,17,29,74
heldout,266,1400bbc8ac06d1a2c942bfba49476bee27157fe4de917c0b74edd69a300cc820,0+1+2,1,7,7,31
heldout,267,e2c244405348f233bc254ae2b64a053eba306410fe46ae699eb45f06f4954184,0+1,1,1,9,57
heldout,267,e2c244405348f233bc254ae2b64a053eba306410fe46ae699eb45f06f4954184,0+2,0,0,1,28
heldout,267,e2c244405348f233bc254ae2b64a053eba306410fe46ae699eb45f06f4954184,1+2,0,0,11,55
heldout,267,e2c244405348f233bc254ae2b64a053eba306410fe46ae699eb45f06f4954184,0+1+2,0,0,1,25
heldout,268,5a7e7c784bd3ee1bb11678a0e65b17af7a8dfee9ba44cd858b6ba64bad6a9b6a,0+1,7,10,23,107
heldout,268,5a7e7c784bd3ee1bb11678a0e65b17af7a8dfee9ba44cd858b6ba64bad6a9b6a,0+2,6,10,10,50
heldout,268,5a7e7c784bd3ee1bb11678a0e65b17af7a8dfee9ba44cd858b6ba64bad6a9b6a,1+2,12,22,33,95
heldout,268,5a7e7c784bd3ee1bb11678a0e65b17af7a8dfee9ba44cd858b6ba64bad6a9b6a,0+1+2,6,9,9,42
heldout,269,a24db439e0e34c6710ad5d7310ae99ffb5b4f339abc7e4c52e76692337ef2990,0+1,0,0,21,74
heldout,269,a24db439e0e34c6710ad5d7310ae99ffb5b4f339abc7e4c52e76692337ef2990,0+2,0,0,3,31
heldout,269,a24db439e0e34c6710ad5d7310ae99ffb5b4f339abc7e4c52e76692337ef2990,1+2,0,0,11,64
heldout,269,a24db439e0e34c6710ad5d7310ae99ffb5b4f339abc7e4c52e76692337ef2990,0+1+2,0,0,3,24
heldout,270,18bfa4dc58f91eae6c6e036c50397f813e83b8a4d9a0a18b58521e0b15c2a536,0+1,7,7,23,73
heldout,270,18bfa4dc58f91eae6c6e036c50397f813e83b8a4d9a0a18b58521e0b15c2a536,0+2,9,13,13,33
heldout,270,18bfa4dc58f91eae6c6e036c50397f813e83b8a4d9a0a18b58521e0b15c2a536,1+2,9,9,28,88
heldout,270,18bfa4dc58f91eae6c6e036c50397f813e83b8a4d9a0a18b58521e0b15c2a536,0+1+2,7,7,7,23
heldout,271,fa0aa0d3aec58a9c55cff50fe2bf5e7fa5a1629a479c9ea389e918f3d1b0a453,0+1,8,12,32,104
heldout,271,fa0aa0d3aec58a9c55cff50fe2bf5e7fa5a1629a479c9ea389e918f3d1b0a453,0+2,8,10,14,45
heldout,271,fa0aa0d3aec58a9c55cff50fe2bf5e7fa5a1629a479c9ea389e918f3d1b0a453,1+2,6,9,35,102
heldout,271,fa0aa0d3aec58a9c55cff50fe2bf5e7fa5a1629a479c9ea389e918f3d1b0a453,0+1+2,6,6,9,34
heldout,272,2e2708c3224b9054a7ba625e68dfd7974ce8acf94c6316d80b7b168d2696ce9f,0+1,5,6,24,100
heldout,272,2e2708c3224b9054a7ba625e68dfd7974ce8acf94c6316d80b7b168d2696ce9f,0+2,0,0,10,34
heldout,272,2e2708c3224b9054a7ba625e68dfd7974ce8acf94c6316d80b7b168d2696ce9f,1+2,0,0,22,104
heldout,272,2e2708c3224b9054a7ba625e68dfd7974ce8acf94c6316d80b7b168d2696ce9f,0+1+2,0,0,9,27
heldout,273,e58d0f31ead60bd3d0b9c00bd8b1d6934e601bcf4dec8273c2e54a6dd3a3302f,0+1,0,0,23,82
heldout,273,e58d0f31ead60bd3d0b9c00bd8b1d6934e601bcf4dec8273c2e54a6dd3a3302f,0+2,0,0,9,39
heldout,273,e58d0f31ead60bd3d0b9c00bd8b1d6934e601bcf4dec8273c2e54a6dd3a3302f,1+2,11,20,32,97
heldout,273,e58d0f31ead60bd3d0b9c00bd8b1d6934e601bcf4dec8273c2e54a6dd3a3302f,0+1+2,0,0,9,32
heldout,274,5c6088846e50a3ac0a88ae9a441aed240702ade86ed033a2df92cb8142fc4874,0+1,0,0,12,49
heldout,274,5c6088846e50a3ac0a88ae9a441aed240702ade86ed033a2df92cb8142fc4874,0+2,0,0,10,24
heldout,274,5c6088846e50a3ac0a88ae9a441aed240702ade86ed033a2df92cb8142fc4874,1+2,0,0,12,44
heldout,274,5c6088846e50a3ac0a88ae9a441aed240702ade86ed033a2df92cb8142fc4874,0+1+2,0,0,10,22
heldout,275,c4caaf81289b1cb5b939d1a4b7f8a3707e27e69e076342daed0238d8649a1b80,0+1,0,12,12,42
heldout,275,c4caaf81289b1cb5b939d1a4b7f8a3707e27e69e076342daed0238d8649a1b80,0+2,0,10,10,24
heldout,275,c4caaf81289b1cb5b939d1a4b7f8a3707e27e69e076342daed0238d8649a1b80,1+2,0,9,11,45
heldout,275,c4caaf81289b1cb5b939d1a4b7f8a3707e27e69e076342daed0238d8649a1b80,0+1+2,0,9,9,23
heldout,276,a776df264e3e1cb0f5990ed3811c25b27c0ed863b7b49390208df4b9961f6039,0+1,0,0,0,18
heldout,276,a776df264e3e1cb0f5990ed3811c25b27c0ed863b7b49390208df4b9961f6039,0+2,0,0,0,11
heldout,276,a776df264e3e1cb0f5990ed3811c25b27c0ed863b7b49390208df4b9961f6039,1+2,0,0,0,23
heldout,276,a776df264e3e1cb0f5990ed3811c25b27c0ed863b7b49390208df4b9961f6039,0+1+2,0,0,0,10
heldout,277,6e763e526df75094e50a148406eb20ef1514448bc01d26b3f84d36a48b1449af,0+1,1,1,30,110
heldout,277,6e763e526df75094e50a148406eb20ef1514448bc01d26b3f84d36a48b1449af,0+2,0,1,7,35
heldout,277,6e763e526df75094e50a148406eb20ef1514448bc01d26b3f84d36a48b1449af,1+2,0,5,19,97
heldout,277,6e763e526df75094e50a148406eb20ef1514448bc01d26b3f84d36a48b1449af,0+1+2,0,0,6,27
heldout,278,682fd2da8dac0c04c6ac886414db363b649f402000a45aa96a64e15a950e0fed,0+1,0,0,8,28
heldout,278,682fd2da8dac0c04c6ac886414db363b649f402000a45aa96a64e15a950e0fed,0+2,0,0,4,12
heldout,278,682fd2da8dac0c04c6ac886414db363b649f402000a45aa96a64e15a950e0fed,1+2,0,2,11,22
heldout,278,682fd2da8dac0c04c6ac886414db363b649f402000a45aa96a64e15a950e0fed,0+1+2,0,0,4,12
heldout,279,09d1b4ff20d3970e48d6915bb3869a14a40a6b33b3111971b9bf94c021816f29,0+1,5,5,39,102
heldout,279,09d1b4ff20d3970e48d6915bb3869a14a40a6b33b3111971b9bf94c021816f29,0+2,9,9,22,48
heldout,279,09d1b4ff20d3970e48d6915bb3869a14a40a6b33b3111971b9bf94c021816f29,1+2,6,14,29,91
heldout,279,09d1b4ff20d3970e48d6915bb3869a14a40a6b33b3111971b9bf94c021816f29,0+1+2,5,5,18,37
heldout,280,396c480e6e2ea549827a56a9339389ed4d3139d5020c4dcdb3cf392ed9706171,0+1,0,12,21,86
heldout,280,396c480e6e2ea549827a56a9339389ed4d3139d5020c4dcdb3cf392ed9706171,0+2,0,8,13,34
heldout,280,396c480e6e2ea549827a56a9339389ed4d3139d5020c4dcdb3cf392ed9706171,1+2,0,9,22,79
heldout,280,396c480e6e2ea549827a56a9339389ed4d3139d5020c4dcdb3cf392ed9706171,0+1+2,0,8,11,26
heldout,281,3d43c65d61c2f295e53d72355d0ba58f2b305a0d9b34c716126a0e9b6ca8cb19,0+1,0,7,17,72
heldout,281,3d43c65d61c2f295e53d72355d0ba58f2b305a0d9b34c716126a0e9b6ca8cb19,0+2,0,5,12,39
heldout,281,3d43c65d61c2f295e53d72355d0ba58f2b305a0d9b34c716126a0e9b6ca8cb19,1+2,0,2,13,78
heldout,281,3d43c65d61c2f295e53d72355d0ba58f2b305a0d9b34c716126a0e9b6ca8cb19,0+1+2,0,2,9,33
heldout,282,33b2d9e10f29cf7fe4064a4373132872f2e610840b0c4f7341c82f151c42931a,0+1,0,12,22,85
heldout,282,33b2d9e10f29cf7fe4064a4373132872f2e610840b0c4f7341c82f151c42931a,0+2,0,13,13,39
heldout,282,33b2d9e10f29cf7fe4064a4373132872f2e610840b0c4f7341c82f151c42931a,1+2,0,13,24,91
heldout,282,33b2d9e10f29cf7fe4064a4373132872f2e610840b0c4f7341c82f151c42931a,0+1+2,0,12,12,33
heldout,283,e8fc5fd8acbd0b2cb13f5e86e33575a8c98fca164f3758a9cbb8e3d197fd87bc,0+1,0,0,20,75
heldout,283,e8fc5fd8acbd0b2cb13f5e86e33575a8c98fca164f3758a9cbb8e3d197fd87bc,0+2,0,0,10,40
heldout,283,e8fc5fd8acbd0b2cb13f5e86e33575a8c98fca164f3758a9cbb8e3d197fd87bc,1+2,0,11,24,91
heldout,283,e8fc5fd8acbd0b2cb13f5e86e33575a8c98fca164f3758a9cbb8e3d197fd87bc,0+1+2,0,0,10,35
heldout,284,79c8b2a30db9681ba6b6b45f6b1edce3c1a63cf6928c508cb23f8d825f9ec4a5,0+1,0,10,20,83
heldout,284,79c8b2a30db9681ba6b6b45f6b1edce3c1a63cf6928c508cb23f8d825f9ec4a5,0+2,0,10,10,41
heldout,284,79c8b2a30db9681ba6b6b45f6b1edce3c1a63cf6928c508cb23f8d825f9ec4a5,1+2,0,12,23,90
heldout,284,79c8b2a30db9681ba6b6b45f6b1edce3c1a63cf6928c508cb23f8d825f9ec4a5,0+1+2,0,10,10,35
heldout,285,968bbeecdd90d2f288b58b4138b75f24d3766adb85a4e6760fa70649e9b8c299,0+1,11,15,37,114
heldout,285,968bbeecdd90d2f288b58b4138b75f24d3766adb85a4e6760fa70649e9b8c299,0+2,11,11,23,55
heldout,285,968bbeecdd90d2f288b58b4138b75f24d3766adb85a4e6760fa70649e9b8c299,1+2,10,10,34,110
heldout,285,968bbeecdd90d2f288b58b4138b75f24d3766adb85a4e6760fa70649e9b8c299,0+1+2,10,10,18,47
heldout,286,94f86a9740b088798d15f129445fcd05b1dd6d277a05e05ba0a1555b840a74b2,0+1,2,21,32,101
heldout,286,94f86a9740b088798d15f129445fcd05b1dd6d277a05e05ba0a1555b840a74b2,0+2,0,0,12,39
heldout,286,94f86a9740b088798d15f129445fcd05b1dd6d277a05e05ba0a1555b840a74b2,1+2,0,1,23,86
heldout,286,94f86a9740b088798d15f129445fcd05b1dd6d277a05e05ba0a1555b840a74b2,0+1+2,0,0,11,28
heldout,287,d79d0e567df31deb593919547fd223e8040c0b29d0b841c35210f555bc3fca4c,0+1,0,3,23,83
heldout,287,d79d0e567df31deb593919547fd223e8040c0b29d0b841c35210f555bc3fca4c,0+2,0,0,7,37
heldout,287,d79d0e567df31deb593919547fd223e8040c0b29d0b841c35210f555bc3fca4c,1+2,0,0,25,93
heldout,287,d79d0e567df31deb593919547fd223e8040c0b29d0b841c35210f555bc3fca4c,0+1+2,0,0,7,33
heldout,288,d73546bd345638c9156f5c14f8b5ffa69de0e727345753327e64e790d3f30451,0+1,0,7,9,39
heldout,288,d73546bd345638c9156f5c14f8b5ffa69de0e727345753327e64e790d3f30451,0+2,0,6,6,25
heldout,288,d73546bd345638c9156f5c14f8b5ffa69de0e727345753327e64e790d3f30451,1+2,0,12,12,46
heldout,288,d73546bd345638c9156f5c14f8b5ffa69de0e727345753327e64e790d3f30451,0+1+2,0,6,6,24
heldout,289,facb9b95437f99365516a0c20382bbaf0fd63d5c6a69eda6dc28068c8b74b0d7,0+1,0,0,9,35
heldout,289,facb9b95437f99365516a0c20382bbaf0fd63d5c6a69eda6dc28068c8b74b0d7,0+2,0,0,1,17
heldout,289,facb9b95437f99365516a0c20382bbaf0fd63d5c6a69eda6dc28068c8b74b0d7,1+2,0,0,11,30
heldout,289,facb9b95437f99365516a0c20382bbaf0fd63d5c6a69eda6dc28068c8b74b0d7,0+1+2,0,0,1,17
heldout,290,60bc57339f4d34c7ffe502a76dcb51374194deefc5b478a93cc8c88f8541510a,0+1,1,3,33,107
heldout,290,60bc57339f4d34c7ffe502a76dcb51374194deefc5b478a93cc8c88f8541510a,0+2,6,10,18,46
heldout,290,60bc57339f4d34c7ffe502a76dcb51374194deefc5b478a93cc8c88f8541510a,1+2,3,3,35,117
heldout,290,60bc57339f4d34c7ffe502a76dcb51374194deefc5b478a93cc8c88f8541510a,0+1+2,1,1,9,32
heldout,291,543eec8074cbf959ca76ab57027218257e9ff3ff708502e34c019a1fa5daf3f4,0+1,0,2,2,23
heldout,291,543eec8074cbf959ca76ab57027218257e9ff3ff708502e34c019a1fa5daf3f4,0+2,0,0,0,14
heldout,291,543eec8074cbf959ca76ab57027218257e9ff3ff708502e34c019a1fa5daf3f4,1+2,0,0,0,24
heldout,291,543eec8074cbf959ca76ab57027218257e9ff3ff708502e34c019a1fa5daf3f4,0+1+2,0,0,0,14
heldout,292,98ed049160649c03253dacb8802a7ce82a26ceed0173dba722387816926b27be,0+1,0,4,19,104
heldout,292,98ed049160649c03253dacb8802a7ce82a26ceed0173dba722387816926b27be,0+2,0,0,11,30
heldout,292,98ed049160649c03253dacb8802a7ce82a26ceed0173dba722387816926b27be,1+2,0,6,24,102
heldout,292,98ed049160649c03253dacb8802a7ce82a26ceed0173dba722387816926b27be,0+1+2,0,0,6,23
heldout,293,d8db351b7456526b19a36c2b407c6aece745b7409bdfb7aa30bf4c835ec24bbc,0+1,0,0,8,61
heldout,293,d8db351b7456526b19a36c2b407c6aece745b7409bdfb7aa30bf4c835ec24bbc,0+2,0,0,0,32
heldout,293,d8db351b7456526b19a36c2b407c6aece745b7409bdfb7aa30bf4c835ec24bbc,1+2,0,0,12,68
heldout,293,d8db351b7456526b19a36c2b407c6aece745b7409bdfb7aa30bf4c835ec24bbc,0+1+2,0,0,0,31
heldout,294,25e71dd43de3da3620c78f02e1d4db190900a60c4f635b5491c5811339368c5e,0+1,0,11,12,38
heldout,294,25e71dd43de3da3620c78f02e1d4db190900a60c4f635b5491c5811339368c5e,0+2,0,2,2,23
heldout,294,25e71dd43de3da3620c78f02e1d4db190900a60c4f635b5491c5811339368c5e,1+2,0,3,3,37
heldout,294,25e71dd43de3da3620c78f02e1d4db190900a60c4f635b5491c5811339368c5e,0+1+2,0,2,2,22
heldout,295,c5becfe086adc1b968ba884af2a0fb570c1c10a57ca43d0cfa3d5a4dfceb58af,0+1,0,6,18,99
heldout,295,c5becfe086adc1b968ba884af2a0fb570c1c10a57ca43d0cfa3d5a4dfceb58af,0+2,0,0,6,37
heldout,295,c5becfe086adc1b968ba884af2a0fb570c1c10a57ca43d0cfa3d5a4dfceb58af,1+2,0,7,19,97
heldout,295,c5becfe086adc1b968ba884af2a0fb570c1c10a57ca43d0cfa3d5a4dfceb58af,0+1+2,0,0,1,28
heldout,296,858a6b8a90bff959c126e2698f663de6a22c27a909e9f8a04b4578e65f033654,0+1,0,0,8,41
heldout,296,858a6b8a90bff959c126e2698f663de6a22c27a909e9f8a04b4578e65f033654,0+2,0,0,0,24
heldout,296,858a6b8a90bff959c126e2698f663de6a22c27a909e9f8a04b4578e65f033654,1+2,0,0,12,47
heldout,296,858a6b8a90bff959c126e2698f663de6a22c27a909e9f8a04b4578e65f033654,0+1+2,0,0,0,23
heldout,297,2a5811d8d169ad8df046ab7ce2854cd67551bb6f973988d2b4edd409e4c959c5,0+1,12,28,39,101
heldout,297,2a5811d8d169ad8df046ab7ce2854cd67551bb6f973988d2b4edd409e4c959c5,0+2,2,5,16,42
heldout,297,2a5811d8d169ad8df046ab7ce2854cd67551bb6f973988d2b4edd409e4c959c5,1+2,2,7,32,105
heldout,297,2a5811d8d169ad8df046ab7ce2854cd67551bb6f973988d2b4edd409e4c959c5,0+1+2,2,5,14,35
heldout,298,f647f3c05def74300dcfccf235de6254c5e3df7b09f5abf19a6b46eaf8b67954,0+1,4,5,21,96
heldout,298,f647f3c05def74300dcfccf235de6254c5e3df7b09f5abf19a6b46eaf8b67954,0+2,0,0,13,45
heldout,298,f647f3c05def74300dcfccf235de6254c5e3df7b09f5abf19a6b46eaf8b67954,1+2,0,3,22,89
heldout,298,f647f3c05def74300dcfccf235de6254c5e3df7b09f5abf19a6b46eaf8b67954,0+1+2,0,0,9,36
heldout,299,d7e438a437f810f700023620fb45f9c5f272b64f3a9f90cc084b4185dff08e60,0+1,13,13,46,111
heldout,299,d7e438a437f810f700023620fb45f9c5f272b64f3a9f90cc084b4185dff08e60,0+2,11,11,25,55
heldout,299,d7e438a437f810f700023620fb45f9c5f272b64f3a9f90cc084b4185dff08e60,1+2,11,19,32,102
heldout,299,d7e438a437f810f700023620fb45f9c5f272b64f3a9f90cc084b4185dff08e60,0+1+2,11,11,24,46
heldout,300,12273279a734c1aa94ba0341ed191a8c4d10c5491a7850f27eb70aab5df12156,0+1,11,17,29,108
heldout,300,12273279a734c1aa94ba0341ed191a8c4d10c5491a7850f27eb70aab5df12156,0+2,7,13,13,48
heldout,300,12273279a734c1aa94ba0341ed191a8c4d10c5491a7850f27eb70aab5df12156,1+2,9,22,33,89
heldout,300,12273279a734c1aa94ba0341ed191a8c4d10c5491a7850f27eb70aab5df12156,0+1+2,7,13,13,43
heldout,301,6b86f08af398a192fe212c500b4db0ea98cc258d17e2f3feab1db7a15949def8,0+1,0,13,25,86
heldout,301,6b86f08af398a192fe212c500b4db0ea98cc258d17e2f3feab1db7a15949def8,0+2,0,2,15,41
heldout,301,6b86f08af398a192fe212c500b4db0ea98cc258d17e2f3feab1db7a15949def8,1+2,0,2,23,85
heldout,301,6b86f08af398a192fe212c500b4db0ea98cc258d17e2f3feab1db7a15949def8,0+1+2,0,2,14,33
heldout,302,5eb2efe26bf1528a5bccc30c2dc17b1aeb0b033f741976a5c0194e358a06653c,0+1,0,0,25,84
heldout,302,5eb2efe26bf1528a5bccc30c2dc17b1aeb0b033f741976a5c0194e358a06653c,0+2,0,0,14,38
heldout,302,5eb2efe26bf1528a5bccc30c2dc17b1aeb0b033f741976a5c0194e358a06653c,1+2,0,4,23,93
heldout,302,5eb2efe26bf1528a5bccc30c2dc17b1aeb0b033f741976a5c0194e358a06653c,0+1+2,0,0,13,34
heldout,303,0ca19b35678bc0484c3247d73d3033dbfd2bc606b0a912a78beeac757b925551,0+1,7,27,38,113
heldout,303,0ca19b35678bc0484c3247d73d3033dbfd2bc606b0a912a78beeac757b925551,0+2,0,11,11,42
heldout,303,0ca19b35678bc0484c3247d73d3033dbfd2bc606b0a912a78beeac757b925551,1+2,0,12,23,94
heldout,303,0ca19b35678bc0484c3247d73d3033dbfd2bc606b0a912a78beeac757b925551,0+1+2,0,11,11,33
heldout,304,a2a7c6f96c291fcffe7113847c3d6b4e8d76a316e671333c99393a117d586c9a,0+1,0,11,28,104
heldout,304,a2a7c6f96c291fcffe7113847c3d6b4e8d76a316e671333c99393a117d586c9a,0+2,1,3,8,38
heldout,304,a2a7c6f96c291fcffe7113847c3d6b4e8d76a316e671333c99393a117d586c9a,1+2,8,25,36,115
heldout,304,a2a7c6f96c291fcffe7113847c3d6b4e8d76a316e671333c99393a117d586c9a,0+1+2,0,2,3,27
heldout,305,8203f3f52a29a30b10102af3941ed95d0ba40f7545cc6468a804fc1c9db57c49,0+1,0,4,17,95
heldout,305,8203f3f52a29a30b10102af3941ed95d0ba40f7545cc6468a804fc1c9db57c49,0+2,0,0,5,40
heldout,305,8203f3f52a29a30b10102af3941ed95d0ba40f7545cc6468a804fc1c9db57c49,1+2,0,8,21,101
heldout,305,8203f3f52a29a30b10102af3941ed95d0ba40f7545cc6468a804fc1c9db57c49,0+1+2,0,0,1,31
heldout,306,72feae55026316f54600782898e85b290c4dc749fad49836eaca1019cea9ae93,0+1,0,8,17,69
heldout,306,72feae55026316f54600782898e85b290c4dc749fad49836eaca1019cea9ae93,0+2,0,7,7,31
heldout,306,72feae55026316f54600782898e85b290c4dc749fad49836eaca1019cea9ae93,1+2,4,15,25,73
heldout,306,72feae55026316f54600782898e85b290c4dc749fad49836eaca1019cea9ae93,0+1+2,0,7,7,27
heldout,307,beedaf8699e91f1b5fe7874fd64f67d7c1d8f6ebe7cb46986146cd1720ccf788,0+1,0,0,20,89
heldout,307,beedaf8699e91f1b5fe7874fd64f67d7c1d8f6ebe7cb46986146cd1720ccf788,0+2,0,0,8,34
heldout,307,beedaf8699e91f1b5fe7874fd64f67d7c1d8f6ebe7cb46986146cd1720ccf788,1+2,0,7,20,82
heldout,307,beedaf8699e91f1b5fe7874fd64f67d7c1d8f6ebe7cb46986146cd1720ccf788,0+1+2,0,0,8,25
heldout,308,dc85e11f53d7bc755abcf175b30d124c9ef9ceff98b0768ca7f88f15476c8e1a,0+1,0,22,40,116
heldout,308,dc85e11f53d7bc755abcf175b30d124c9ef9ceff98b0768ca7f88f15476c8e1a,0+2,0,11,13,40
heldout,308,dc85e11f53d7bc755abcf175b30d124c9ef9ceff98b0768ca7f88f15476c8e1a,1+2,1,15,30,113
heldout,308,dc85e11f53d7bc755abcf175b30d124c9ef9ceff98b0768ca7f88f15476c8e1a,0+1+2,0,10,12,33
heldout,309,ceced7082bde935a83c77bb45bf9132307e5d63cabbce010456d3aca66eadbe6,0+1,9,13,23,99
heldout,309,ceced7082bde935a83c77bb45bf9132307e5d63cabbce010456d3aca66eadbe6,0+2,0,0,8,33
heldout,309,ceced7082bde935a83c77bb45bf9132307e5d63cabbce010456d3aca66eadbe6,1+2,0,0,20,84
heldout,309,ceced7082bde935a83c77bb45bf9132307e5d63cabbce010456d3aca66eadbe6,0+1+2,0,0,4,26
heldout,310,7ae2db26c384946a9850fba6811cf0ebab416656f9e520a11d418865183b5cc0,0+1,0,2,22,102
heldout,310,7ae2db26c384946a9850fba6811cf0ebab416656f9e520a11d418865183b5cc0,0+2,0,0,5,41
heldout,310,7ae2db26c384946a9850fba6811cf0ebab416656f9e520a11d418865183b5cc0,1+2,3,10,24,104
heldout,310,7ae2db26c384946a9850fba6811cf0ebab416656f9e520a11d418865183b5cc0,0+1+2,0,0,1,31
heldout,311,90c1c813330ddb24350192ef2e87afa3f060885438df211c686d3b39e465cdc8,0+1,0,0,20,78
heldout,311,90c1c813330ddb24350192ef2e87afa3f060885438df211c686d3b39e465cdc8,0+2,0,0,12,37
heldout,311,90c1c813330ddb24350192ef2e87afa3f060885438df211c686d3b39e465cdc8,1+2,9,19,33,102
heldout,311,90c1c813330ddb24350192ef2e87afa3f060885438df211c686d3b39e465cdc8,0+1+2,0,0,12,32
heldout,312,4de25faff364c3f746948786636112f2bbe0fc9ce1c6cbf27145668ee550cc5f,0+1,6,11,24,91
heldout,312,4de25faff364c3f746948786636112f2bbe0fc9ce1c6cbf27145668ee550cc5f,0+2,8,8,15,49
heldout,312,4de25faff364c3f746948786636112f2bbe0fc9ce1c6cbf27145668ee550cc5f,1+2,9,13,25,84
heldout,312,4de25faff364c3f746948786636112f2bbe0fc9ce1c6cbf27145668ee550cc5f,0+1+2,6,6,9,42
heldout,313,1fe365ed7c19befcf953689ee25c3d54e8be24ff2f1238a7dff910fe934ae8f5,0+1,1,1,13,51
heldout,313,1fe365ed7c19befcf953689ee25c3d54e8be24ff2f1238a7dff910fe934ae8f5,0+2,0,0,12,24
heldout,313,1fe365ed7c19befcf953689ee25c3d54e8be24ff2f1238a7dff910fe934ae8f5,1+2,0,0,14,49
heldout,313,1fe365ed7c19befcf953689ee25c3d54e8be24ff2f1238a7dff910fe934ae8f5,0+1+2,0,0,12,24
heldout,314,c111322922d1a21d3c2e4cf6a35a0579755bbd926e949a37d1075b5a72f6f78e,0+1,0,7,17,73
heldout,314,c111322922d1a21d3c2e4cf6a35a0579755bbd926e949a37d1075b5a72f6f78e,0+2,0,8,8,37
heldout,314,c111322922d1a21d3c2e4cf6a35a0579755bbd926e949a37d1075b5a72f6f78e,1+2,0,11,21,68
heldout,314,c111322922d1a21d3c2e4cf6a35a0579755bbd926e949a37d1075b5a72f6f78e,0+1+2,0,7,7,32
heldout,315,1073e44cbc850beeb2935cc6a1ddd00d8411e87704cac9eacd186e46471d296e,0+1,0,0,23,84
heldout,315,1073e44cbc850beeb2935cc6a1ddd00d8411e87704cac9eacd186e46471d296e,0+2,0,0,12,37
heldout,315,1073e44cbc850beeb2935cc6a1ddd00d8411e87704cac9eacd186e46471d296e,1+2,0,2,22,85
heldout,315,1073e44cbc850beeb2935cc6a1ddd00d8411e87704cac9eacd186e46471d296e,0+1+2,0,0,11,32
heldout,316,5adb94302f711abb31425f6f5ebc6773797f8ae0d71af2bd36758de83fe978e4,0+1,9,22,34,107
heldout,316,5adb94302f711abb31425f6f5ebc6773797f8ae0d71af2bd36758de83fe978e4,0+2,7,13,20,42
heldout,316,5adb94302f711abb31425f6f5ebc6773797f8ae0d71af2bd36758de83fe978e4,1+2,11,17,33,82
heldout,316,5adb94302f711abb31425f6f5ebc6773797f8ae0d71af2bd36758de83fe978e4,0+1+2,7,13,19,40
heldout,317,36119fc24b1cbb93d4626a6b2a4b4df627aea828809e7f7ece97c0d64fd9c9a5,0+1,0,8,16,57
heldout,317,36119fc24b1cbb93d4626a6b2a4b4df627aea828809e7f7ece97c0d64fd9c9a5,0+2,0,0,7,32
heldout,317,36119fc24b1cbb93d4626a6b2a4b4df627aea828809e7f7ece97c0d64fd9c9a5,1+2,0,0,24,71
heldout,317,36119fc24b1cbb93d4626a6b2a4b4df627aea828809e7f7ece97c0d64fd9c9a5,0+1+2,0,0,7,30
heldout,318,9d921fe2bd0a2c74f1fd0c7186db89272e1f9638bbadfc464c21e2aaaa875a86,0+1,3,21,30,98
heldout,318,9d921fe2bd0a2c74f1fd0c7186db89272e1f9638bbadfc464c21e2aaaa875a86,0+2,0,0,10,35
heldout,318,9d921fe2bd0a2c74f1fd0c7186db89272e1f9638bbadfc464c21e2aaaa875a86,1+2,0,0,21,87
heldout,318,9d921fe2bd0a2c74f1fd0c7186db89272e1f9638bbadfc464c21e2aaaa875a86,0+1+2,0,0,9,26
heldout,319,bf78f94638cad9cc2e539b48eb6c2517a208e3f00eac7831f76df8c7ddde0fe3,0+1,0,0,24,95
heldout,319,bf78f94638cad9cc2e539b48eb6c2517a208e3f00eac7831f76df8c7ddde0fe3,0+2,0,0,5,41
heldout,319,bf78f94638cad9cc2e539b48eb6c2517a208e3f00eac7831f76df8c7ddde0fe3,1+2,0,5,22,106
heldout,319,bf78f94638cad9cc2e539b48eb6c2517a208e3f00eac7831f76df8c7ddde0fe3,0+1+2,0,0,4,32
heldout,320,15a14518547d610fc5d2ce16c2c44ab5ec17eb2c94acf5b387f326690b090f17,0+1,10,13,33,101
heldout,320,15a14518547d610fc5d2ce16c2c44ab5ec17eb2c94acf5b387f326690b090f17,0+2,0,5,6,36
heldout,320,15a14518547d610fc5d2ce16c2c44ab5ec17eb2c94acf5b387f326690b090f17,1+2,0,9,22,80
heldout,320,15a14518547d610fc5d2ce16c2c44ab5ec17eb2c94acf5b387f326690b090f17,0+1+2,0,3,4,27
heldout,321,ec7ea10efbe6a73c713303605b36b0c086f9640654a8837a0cbe95a80e9f00ce,0+1,0,19,29,107
heldout,321,ec7ea10efbe6a73c713303605b36b0c086f9640654a8837a0cbe95a80e9f00ce,0+2,0,3,3,36
heldout,321,ec7ea10efbe6a73c713303605b36b0c086f9640654a8837a0cbe95a80e9f00ce,1+2,7,15,29,116
heldout,321,ec7ea10efbe6a73c713303605b36b0c086f9640654a8837a0cbe95a80e9f00ce,0+1+2,0,3,3,29
heldout,322,15c29e4e0bff0acf335c97a25ba4bdaf323e81225e5f1946590dae2ff46a01dc,0+1,0,0,30,111
heldout,322,15c29e4e0bff0acf335c97a25ba4bdaf323e81225e5f1946590dae2ff46a01dc,0+2,0,1,8,36
heldout,322,15c29e4e0bff0acf335c97a25ba4bdaf323e81225e5f1946590dae2ff46a01dc,1+2,0,5,24,107
heldout,322,15c29e4e0bff0acf335c97a25ba4bdaf323e81225e5f1946590dae2ff46a01dc,0+1+2,0,0,7,28
heldout,323,8babb50684c4b0b541a11e94a9ee0d1d1a3851ab9337a2d5f7cb21d251a6e535,0+1,0,4,4,18
heldout,323,8babb50684c4b0b541a11e94a9ee0d1d1a3851ab9337a2d5f7cb21d251a6e535,0+2,0,0,0,13
heldout,323,8babb50684c4b0b541a11e94a9ee0d1d1a3851ab9337a2d5f7cb21d251a6e535,1+2,0,5,5,18
heldout,323,8babb50684c4b0b541a11e94a9ee0d1d1a3851ab9337a2d5f7cb21d251a6e535,0+1+2,0,0,0,13
heldout,324,595960dad83688345b03c57fe64e9d69bb13cec1ae1fe960f05d1ea7ff397eb4,0+1,0,8,17,48
heldout,324,595960dad83688345b03c57fe64e9d69bb13cec1ae1fe960f05d1ea7ff397eb4,0+2,0,0,9,21
heldout,324,595960dad83688345b03c57fe64e9d69bb13cec1ae1fe960f05d1ea7ff397eb4,1+2,0,4,15,48
heldout,324,595960dad83688345b03c57fe64e9d69bb13cec1ae1fe960f05d1ea7ff397eb4,0+1+2,0,0,7,19
heldout,325,0a023a0cd86fa4e1a990b6f4641e748a297a496b11541f62c74847b222cdfe6b,0+1,0,9,28,109
heldout,325,0a023a0cd86fa4e1a990b6f4641e748a297a496b11541f62c74847b222cdfe6b,0+2,0,0,5,39
heldout,325,0a023a0cd86fa4e1a990b6f4641e748a297a496b11541f62c74847b222cdfe6b,1+2,1,3,25,104
heldout,325,0a023a0cd86fa4e1a990b6f4641e748a297a496b11541f62c74847b222cdfe6b,0+1+2,0,0,4,31
heldout,326,30cf32ffe9498ab2cb55aed47e79a40139edd15d773bf5e46eceee88cd5a7358,0+1,2,9,29,108
heldout,326,30cf32ffe9498ab2cb55aed47e79a40139edd15d773bf5e46eceee88cd5a7358,0+2,0,8,8,30
heldout,326,30cf32ffe9498ab2cb55aed47e79a40139edd15d773bf5e46eceee88cd5a7358,1+2,0,11,23,97
heldout,326,30cf32ffe9498ab2cb55aed47e79a40139edd15d773bf5e46eceee88cd5a7358,0+1+2,0,7,7,24
heldout,327,641d82e9114b7c3aee46b7326af60b8887e5ea5b9f4b63b08ec0e741e226b22c,0+1,0,0,9,62
heldout,327,641d82e9114b7c3aee46b7326af60b8887e5ea5b9f4b63b08ec0e741e226b22c,0+2,0,0,2,27
heldout,327,641d82e9114b7c3aee46b7326af60b8887e5ea5b9f4b63b08ec0e741e226b22c,1+2,0,0,11,47
heldout,327,641d82e9114b7c3aee46b7326af60b8887e5ea5b9f4b63b08ec0e741e226b22c,0+1+2,0,0,2,27
heldout,328,2c22c768e96930ce502a54ddb3758cdfb49cc1f93997ecc491abd204afc0162a,0+1,3,11,11,59
heldout,328,2c22c768e96930ce502a54ddb3758cdfb49cc1f93997ecc491abd204afc0162a,0+2,4,6,6,37
heldout,328,2c22c768e96930ce502a54ddb3758cdfb49cc1f93997ecc491abd204afc0162a,1+2,10,16,22,82
heldout,328,2c22c768e96930ce502a54ddb3758cdfb49cc1f93997ecc491abd204afc0162a,0+1+2,3,5,5,34
heldout,329,98ed0cfd7a32449cb7aa211f03d5fbd0e7522aeb4e0b427770621881c96ecb4d,0+1,8,8,40,106
heldout,329,98ed0cfd7a32449cb7aa211f03d5fbd0e7522aeb4e0b427770621881c96ecb4d,0+2,10,10,25,56
heldout,329,98ed0cfd7a32449cb7aa211f03d5fbd0e7522aeb4e0b427770621881c96ecb4d,1+2,9,16,33,109
heldout,329,98ed0cfd7a32449cb7aa211f03d5fbd0e7522aeb4e0b427770621881c96ecb4d,0+1+2,8,8,21,44
heldout,330,ec64099ce241b4662bd17398ba9156358fde9db540e44224087b1ed00101da25,0+1,0,10,19,76
heldout,330,ec64099ce241b4662bd17398ba9156358fde9db540e44224087b1ed00101da25,0+2,0,0,8,39
heldout,330,ec64099ce241b4662bd17398ba9156358fde9db540e44224087b1ed00101da25,1+2,0,1,22,87
heldout,330,ec64099ce241b4662bd17398ba9156358fde9db540e44224087b1ed00101da25,0+1+2,0,0,7,34
heldout,331,9fd2cd21946e02f72dad644c01295ff0186b1f15bbb4fe14234321cefb2d5cb6,0+1,0,4,18,84
heldout,331,9fd2cd21946e02f72dad644c01295ff0186b1f15bbb4fe14234321cefb2d5cb6,0+2,0,0,4,38
heldout,331,9fd2cd21946e02f72dad644c01295ff0186b1f15bbb4fe14234321cefb2d5cb6,1+2,0,5,18,87
heldout,331,9fd2cd21946e02f72dad644c01295ff0186b1f15bbb4fe14234321cefb2d5cb6,0+1+2,0,0,2,34
heldout,332,eeab65c2611d16a18e9605cfaafe62a404c5fad89c8022cc54df3e85672cd9a5,0+1,1,1,17,74
heldout,332,eeab65c2611d16a18e9605cfaafe62a404c5fad89c8022cc54df3e85672cd9a5,0+2,0,0,12,36
heldout,332,eeab65c2611d16a18e9605cfaafe62a404c5fad89c8022cc54df3e85672cd9a5,1+2,7,7,21,85
heldout,332,eeab65c2611d16a18e9605cfaafe62a404c5fad89c8022cc54df3e85672cd9a5,0+1+2,0,0,9,31
heldout,333,4609972629a015ebe763025869ff6ca2cb47223aab91a1f76408a76a3d9c4b67,0+1,0,0,23,83
heldout,333,4609972629a015ebe763025869ff6ca2cb47223aab91a1f76408a76a3d9c4b67,0+2,0,0,7,38
heldout,333,4609972629a015ebe763025869ff6ca2cb47223aab91a1f76408a76a3d9c4b67,1+2,0,8,21,86
heldout,333,4609972629a015ebe763025869ff6ca2cb47223aab91a1f76408a76a3d9c4b67,0+1+2,0,0,7,32
heldout,334,7a1044ea13138873f2b72b0205b849cbaf8889f972ae9b07d9e57eeab46a5dac,0+1,0,8,25,89
heldout,334,7a1044ea13138873f2b72b0205b849cbaf8889f972ae9b07d9e57eeab46a5dac,0+2,0,10,12,38
heldout,334,7a1044ea13138873f2b72b0205b849cbaf8889f972ae9b07d9e57eeab46a5dac,1+2,7,16,30,104
heldout,334,7a1044ea13138873f2b72b0205b849cbaf8889f972ae9b07d9e57eeab46a5dac,0+1+2,0,8,10,33
heldout,335,49a15a847d6b2f35f025bd19f9ff3dda5214f49b7900ddb544ad2df6cdaf05ff,0+1,0,0,29,86
heldout,335,49a15a847d6b2f35f025bd19f9ff3dda5214f49b7900ddb544ad2df6cdaf05ff,0+2,0,0,15,37
heldout,335,49a15a847d6b2f35f025bd19f9ff3dda5214f49b7900ddb544ad2df6cdaf05ff,1+2,12,13,40,109
heldout,335,49a15a847d6b2f35f025bd19f9ff3dda5214f49b7900ddb544ad2df6cdaf05ff,0+1+2,0,0,14,27
heldout,336,ab294dbd9de0a2ccd6258dcb51496f28c168d88e7d471ea7e9d0c72e5eaba6e2,0+1,0,15,23,100
heldout,336,ab294dbd9de0a2ccd6258dcb51496f28c168d88e7d471ea7e9d0c72e5eaba6e2,0+2,0,10,12,33
heldout,336,ab294dbd9de0a2ccd6258dcb51496f28c168d88e7d471ea7e9d0c72e5eaba6e2,1+2,8,26,35,102
heldout,336,ab294dbd9de0a2ccd6258dcb51496f28c168d88e7d471ea7e9d0c72e5eaba6e2,0+1+2,0,10,10,24
heldout,337,de88efb9f262a6c945287bf18b0de68e73e4024482115dc81e586075d5f73ecd,0+1,0,9,26,105
heldout,337,de88efb9f262a6c945287bf18b0de68e73e4024482115dc81e586075d5f73ecd,0+2,0,0,3,39
heldout,337,de88efb9f262a6c945287bf18b0de68e73e4024482115dc81e586075d5f73ecd,1+2,1,4,27,116
heldout,337,de88efb9f262a6c945287bf18b0de68e73e4024482115dc81e586075d5f73ecd,0+1+2,0,0,3,31
heldout,338,80bbd08a212de79176b7dc3f37cba932a894467d722347e4537faef19b1e433f,0+1,0,19,29,103
heldout,338,80bbd08a212de79176b7dc3f37cba932a894467d722347e4537faef19b1e433f,0+2,0,8,9,29
heldout,338,80bbd08a212de79176b7dc3f37cba932a894467d722347e4537faef19b1e433f,1+2,8,26,36,108
heldout,338,80bbd08a212de79176b7dc3f37cba932a894467d722347e4537faef19b1e433f,0+1+2,0,8,8,23
heldout,339,f34715a297dea58009c5ef9d86d684663587c4a7a35526b73576a2fb416fd6f5,0+1,7,7,35,113
heldout,339,f34715a297dea58009c5ef9d86d684663587c4a7a35526b73576a2fb416fd6f5,0+2,0,0,8,36
heldout,339,f34715a297dea58009c5ef9d86d684663587c4a7a35526b73576a2fb416fd6f5,1+2,0,7,25,106
heldout,339,f34715a297dea58009c5ef9d86d684663587c4a7a35526b73576a2fb416fd6f5,0+1+2,0,0,7,27
heldout,340,eea919ffca623335beb3b24288dd6e6c35448dcedec3d7a27708726a487e0ca5,0+1,0,10,27,100
heldout,340,eea919ffca623335beb3b24288dd6e6c35448dcedec3d7a27708726a487e0ca5,0+2,0,0,2,30
heldout,340,eea919ffca623335beb3b24288dd6e6c35448dcedec3d7a27708726a487e0ca5,1+2,0,4,22,105
heldout,340,eea919ffca623335beb3b24288dd6e6c35448dcedec3d7a27708726a487e0ca5,0+1+2,0,0,2,24
heldout,341,afc8629ef24b6850ade19fed13bf6bdc334a56166e2cdc382145a84aec38a3f4,0+1,0,9,28,110
heldout,341,afc8629ef24b6850ade19fed13bf6bdc334a56166e2cdc382145a84aec38a3f4,0+2,0,0,10,39
heldout,341,afc8629ef24b6850ade19fed13bf6bdc334a56166e2cdc382145a84aec38a3f4,1+2,8,8,33,114
heldout,341,afc8629ef24b6850ade19fed13bf6bdc334a56166e2cdc382145a84aec38a3f4,0+1+2,0,0,9,30
heldout,342,87e668f0fb7045f72bee6ef24e26109750a25f2634cdb540a9e24bd667605dc0,0+1,6,14,30,89
heldout,342,87e668f0fb7045f72bee6ef24e26109750a25f2634cdb540a9e24bd667605dc0,0+2,0,2,11,32
heldout,342,87e668f0fb7045f72bee6ef24e26109750a25f2634cdb540a9e24bd667605dc0,1+2,0,0,20,79
heldout,342,87e668f0fb7045f72bee6ef24e26109750a25f2634cdb540a9e24bd667605dc0,0+1+2,0,0,9,21
heldout,343,a17339051d094c8e6201da4416de6a38e7695060740f952a0b04b1f60db1be52,0+1,3,10,20,84
heldout,343,a17339051d094c8e6201da4416de6a38e7695060740f952a0b04b1f60db1be52,0+2,0,0,11,32
heldout,343,a17339051d094c8e6201da4416de6a38e7695060740f952a0b04b1f60db1be52,1+2,0,0,19,93
heldout,343,a17339051d094c8e6201da4416de6a38e7695060740f952a0b04b1f60db1be52,0+1+2,0,0,9,22
heldout,344,fdb70e15f6a62a66382fb1e4b725bedf33310e423cbd969ca4b3974dacf12e71,0+1,0,21,32,112
heldout,344,fdb70e15f6a62a66382fb1e4b725bedf33310e423cbd969ca4b3974dacf12e71,0+2,0,10,10,39
heldout,344,fdb70e15f6a62a66382fb1e4b725bedf33310e423cbd969ca4b3974dacf12e71,1+2,12,22,32,111
heldout,344,fdb70e15f6a62a66382fb1e4b725bedf33310e423cbd969ca4b3974dacf12e71,0+1+2,0,10,10,33
heldout,345,1c531744096538efa091e75650d4bb61ab52eb8ccf6ba879f212cd736410e9b1,0+1,11,15,36,110
heldout,345,1c531744096538efa091e75650d4bb61ab52eb8ccf6ba879f212cd736410e9b1,0+2,0,5,8,39
heldout,345,1c531744096538efa091e75650d4bb61ab52eb8ccf6ba879f212cd736410e9b1,1+2,0,10,21,86
heldout,345,1c531744096538efa091e75650d4bb61ab52eb8ccf6ba879f212cd736410e9b1,0+1+2,0,4,6,32
heldout,346,9825100b50640590bae201a5479a0ab2c1129104a1a17da52d2787ce94e44812,0+1,1,1,18,74
heldout,346,9825100b50640590bae201a5479a0ab2c1129104a1a17da52d2787ce94e44812,0+2,0,0,10,41
heldout,346,9825100b50640590bae201a5479a0ab2c1129104a1a17da52d2787ce94e44812,1+2,0,7,18,84
heldout,346,9825100b50640590bae201a5479a0ab2c1129104a1a17da52d2787ce94e44812,0+1+2,0,0,7,34
heldout,347,307b989deec21675ba758638bb0b5f885fce6f1bef2f360175f941e729f2bbfe,0+1,0,12,25,87
heldout,347,307b989deec21675ba758638bb0b5f885fce6f1bef2f360175f941e729f2bbfe,0+2,0,2,13,40
heldout,347,307b989deec21675ba758638bb0b5f885fce6f1bef2f360175f941e729f2bbfe,1+2,0,2,22,81
heldout,347,307b989deec21675ba758638bb0b5f885fce6f1bef2f360175f941e729f2bbfe,0+1+2,0,2,13,37
heldout,348,4f489caee1430c428eac74ea3472ebb46eacb06b32f6641893032e8a26f1130e,0+1,10,10,22,58
heldout,348,4f489caee1430c428eac74ea3472ebb46eacb06b32f6641893032e8a26f1130e,0+2,8,8,17,31
heldout,348,4f489caee1430c428eac74ea3472ebb46eacb06b32f6641893032e8a26f1130e,1+2,12,12,23,58
heldout,348,4f489caee1430c428eac74ea3472ebb46eacb06b32f6641893032e8a26f1130e,0+1+2,8,8,17,30
heldout,349,936513d637afc9235aab55a4f5fef877075d83a39726986f97b110704462e8c9,0+1,5,5,34,94
heldout,349,936513d637afc9235aab55a4f5fef877075d83a39726986f97b110704462e8c9,0+2,0,0,10,38
heldout,349,936513d637afc9235aab55a4f5fef877075d83a39726986f97b110704462e8c9,1+2,0,10,22,88
heldout,349,936513d637afc9235aab55a4f5fef877075d83a39726986f97b110704462e8c9,0+1+2,0,0,10,32
heldout,350,7afe1c1b9a87b36d986bf9c6a836ddeb0d7cc9f75b57a70b0c957699168b91ee,0+1,9,10,24,94
heldout,350,7afe1c1b9a87b36d986bf9c6a836ddeb0d7cc9f75b57a70b0c957699168b91ee,0+2,0,6,7,34
heldout,350,7afe1c1b9a87b36d986bf9c6a836ddeb0d7cc9f75b57a70b0c957699168b91ee,1+2,0,1,20,82
heldout,350,7afe1c1b9a87b36d986bf9c6a836ddeb0d7cc9f75b57a70b0c957699168b91ee,0+1+2,0,1,2,24
heldout,351,40cc92de06d9116ea28917a2a590fa103cbe4b9ef8010f1d847f8745dab9eafb,0+1,0,2,21,79
heldout,351,40cc92de06d9116ea28917a2a590fa103cbe4b9ef8010f1d847f8745dab9eafb,0+2,0,0,5,26
heldout,351,40cc92de06d9116ea28917a2a590fa103cbe4b9ef8010f1d847f8745dab9eafb,1+2,1,9,20,78
heldout,351,40cc92de06d9116ea28917a2a590fa103cbe4b9ef8010f1d847f8745dab9eafb,0+1+2,0,0,0,16
heldout,352,1b9202d82ff0902c69157d749af756cdee659e937ede7fe3153046fc09235451,0+1,0,8,23,93
heldout,352,1b9202d82ff0902c69157d749af756cdee659e937ede7fe3153046fc09235451,0+2,0,0,4,36
heldout,352,1b9202d82ff0902c69157d749af756cdee659e937ede7fe3153046fc09235451,1+2,0,6,19,92
heldout,352,1b9202d82ff0902c69157d749af756cdee659e937ede7fe3153046fc09235451,0+1+2,0,0,0,25
heldout,353,7af30bbcba4e66cf38b9e125d71998d749e665629c264b7973912c9794fc6ec2,0+1,0,7,18,60
heldout,353,7af30bbcba4e66cf38b9e125d71998d749e665629c264b7973912c9794fc6ec2,0+2,0,4,10,28
heldout,353,7af30bbcba4e66cf38b9e125d71998d749e665629c264b7973912c9794fc6ec2,1+2,0,9,13,55
heldout,353,7af30bbcba4e66cf38b9e125d71998d749e665629c264b7973912c9794fc6ec2,0+1+2,0,4,7,24
heldout,354,11ca2f00eb76f4edaf4461b3724310d628261aaa80c09f0ebbee0608014ba1b9,0+1,0,9,24,103
heldout,354,11ca2f00eb76f4edaf4461b3724310d628261aaa80c09f0ebbee0608014ba1b9,0+2,0,0,6,32
heldout,354,11ca2f00eb76f4edaf4461b3724310d628261aaa80c09f0ebbee0608014ba1b9,1+2,9,17,34,114
heldout,354,11ca2f00eb76f4edaf4461b3724310d628261aaa80c09f0ebbee0608014ba1b9,0+1+2,0,0,2,24
heldout,355,9b1d33d037fb10a7aa655da65fd27a74adecfa5a07986845e50d4f0571adf8e6,0+1,10,19,33,101
heldout,355,9b1d33d037fb10a7aa655da65fd27a74adecfa5a07986845e50d4f0571adf8e6,0+2,0,0,7,32
heldout,355,9b1d33d037fb10a7aa655da65fd27a74adecfa5a07986845e50d4f0571adf8e6,1+2,0,4,21,87
heldout,355,9b1d33d037fb10a7aa655da65fd27a74adecfa5a07986845e50d4f0571adf8e6,0+1+2,0,0,4,26
heldout,356,8f5a2a40c3eef97db86711b66fac1cb286cda7b8d99f6a1415f031efb7e379b4,0+1,0,12,12,33
heldout,356,8f5a2a40c3eef97db86711b66fac1cb286cda7b8d99f6a1415f031efb7e379b4,0+2,0,7,7,19
heldout,356,8f5a2a40c3eef97db86711b66fac1cb286cda7b8d99f6a1415f031efb7e379b4,1+2,0,8,8,24
heldout,356,8f5a2a40c3eef97db86711b66fac1cb286cda7b8d99f6a1415f031efb7e379b4,0+1+2,0,7,7,18
heldout,357,36f64d956513985c02d48a4bb25a6b1cac8e7089a139f292cbae31e5c35fbbd4,0+1,0,0,38,115
heldout,357,36f64d956513985c02d48a4bb25a6b1cac8e7089a139f292cbae31e5c35fbbd4,0+2,0,0,14,39
heldout,357,36f64d956513985c02d48a4bb25a6b1cac8e7089a139f292cbae31e5c35fbbd4,1+2,2,11,30,110
heldout,357,36f64d956513985c02d48a4bb25a6b1cac8e7089a139f292cbae31e5c35fbbd4,0+1+2,0,0,13,31
heldout,358,9f2135b3c9942d1c9fcefba1644b43a54b7cb7372fa08d6a6371e1eac4e5f3e8,0+1,0,0,29,106
heldout,358,9f2135b3c9942d1c9fcefba1644b43a54b7cb7372fa08d6a6371e1eac4e5f3e8,0+2,0,0,7,35
heldout,358,9f2135b3c9942d1c9fcefba1644b43a54b7cb7372fa08d6a6371e1eac4e5f3e8,1+2,8,12,35,112
heldout,358,9f2135b3c9942d1c9fcefba1644b43a54b7cb7372fa08d6a6371e1eac4e5f3e8,0+1+2,0,0,7,29
heldout,359,65d7cee808b689bf83d24b5af51597c2f1d459df7a7e20c8fb6ae58e6857b59f,0+1,0,8,9,40
heldout,359,65d7cee808b689bf83d24b5af51597c2f1d459df7a7e20c8fb6ae58e6857b59f,0+2,0,2,2,24
heldout,359,65d7cee808b689bf83d24b5af51597c2f1d459df7a7e20c8fb6ae58e6857b59f,1+2,0,6,11,48
heldout,359,65d7cee808b689bf83d24b5af51597c2f1d459df7a7e20c8fb6ae58e6857b59f,0+1+2,0,2,2,24
heldout,360,5c0b891656814d4c7cdbaf8cd0a2a6bb5d71af212ceebd7bfa92d256b51df038,0+1,2,2,14,64
heldout,360,5c0b891656814d4c7cdbaf8cd0a2a6bb5d71af212ceebd7bfa92d256b51df038,0+2,2,2,15,35
heldout,360,5c0b891656814d4c7cdbaf8cd0a2a6bb5d71af212ceebd7bfa92d256b51df038,1+2,11,11,23,76
heldout,360,5c0b891656814d4c7cdbaf8cd0a2a6bb5d71af212ceebd7bfa92d256b51df038,0+1+2,2,2,14,32
heldout,361,74e917ed46f4107aead9c39e5cba0bd3883eb3a015fb2611498eb5005737c9f8,0+1,0,0,0,21
heldout,361,74e917ed46f4107aead9c39e5cba0bd3883eb3a015fb2611498eb5005737c9f8,0+2,0,0,0,12
heldout,361,74e917ed46f4107aead9c39e5cba0bd3883eb3a015fb2611498eb5005737c9f8,1+2,0,0,0,24
heldout,361,74e917ed46f4107aead9c39e5cba0bd3883eb3a015fb2611498eb5005737c9f8,0+1+2,0,0,0,12
heldout,362,c730a02b838a65c2fcb3d4ea1ede7d233383ccc18757e01ddbda350ebbd5470e,0+1,12,18,21,74
heldout,362,c730a02b838a65c2fcb3d4ea1ede7d233383ccc18757e01ddbda350ebbd5470e,0+2,4,5,5,36
heldout,362,c730a02b838a65c2fcb3d4ea1ede7d233383ccc18757e01ddbda350ebbd5470e,1+2,5,12,16,60
heldout,362,c730a02b838a65c2fcb3d4ea1ede7d233383ccc18757e01ddbda350ebbd5470e,0+1+2,4,5,5,35
heldout,363,854424c499ac82b4799bf03582a62bc8a329300ac7a6a9fbcd940ee0c7499b68,0+1,8,8,25,88
heldout,363,854424c499ac82b4799bf03582a62bc8a329300ac7a6a9fbcd940ee0c7499b68,0+2,1,1,7,41
heldout,363,854424c499ac82b4799bf03582a62bc8a329300ac7a6a9fbcd940ee0c7499b68,1+2,5,5,17,79
heldout,363,854424c499ac82b4799bf03582a62bc8a329300ac7a6a9fbcd940ee0c7499b68,0+1+2,1,1,7,37
heldout,364,1348f15aca00ac77d0cf4fcdf5f0c2c64ea0ebc2072295eacb28089260c13fb7,0+1,4,4,23,77
heldout,364,1348f15aca00ac77d0cf4fcdf5f0c2c64ea0ebc2072295eacb28089260c13fb7,0+2,3,3,7,42
heldout,364,1348f15aca00ac77d0cf4fcdf5f0c2c64ea0ebc2072295eacb28089260c13fb7,1+2,11,11,22,82
heldout,364,1348f15aca00ac77d0cf4fcdf5f0c2c64ea0ebc2072295eacb28089260c13fb7,0+1+2,3,3,7,36
heldout,365,f1e4b0bc91d2f3d05e26825743dcaa4e85ee772cca6eb4bc139bd563c849aebe,0+1,8,8,30,95
heldout,365,f1e4b0bc91d2f3d05e26825743dcaa4e85ee772cca6eb4bc139bd563c849aebe,0+2,8,8,15,45
heldout,365,f1e4b0bc91d2f3d05e26825743dcaa4e85ee772cca6eb4bc139bd563c849aebe,1+2,13,17,24,82
heldout,365,f1e4b0bc91d2f3d05e26825743dcaa4e85ee772cca6eb4bc139bd563c849aebe,0+1+2,8,8,15,37
heldout,366,28f006ec4f848f41cfc20b10f3a922e0773985b8ac578c10fcec83b28e5d166b,0+1,0,0,8,60
heldout,366,28f006ec4f848f41cfc20b10f3a922e0773985b8ac578c10fcec83b28e5d166b,0+2,0,0,5,29
heldout,366,28f006ec4f848f41cfc20b10f3a922e0773985b8ac578c10fcec83b28e5d166b,1+2,0,0,13,69
heldout,366,28f006ec4f848f41cfc20b10f3a922e0773985b8ac578c10fcec83b28e5d166b,0+1+2,0,0,5,26
heldout,367,8e059a407303de837d245e1b6cadd115a62e72661cdb1c4949a79d31316aa853,0+1,10,20,38,93
heldout,367,8e059a407303de837d245e1b6cadd115a62e72661cdb1c4949a79d31316aa853,0+2,0,0,8,33
heldout,367,8e059a407303de837d245e1b6cadd115a62e72661cdb1c4949a79d31316aa853,1+2,0,1,21,80
heldout,367,8e059a407303de837d245e1b6cadd115a62e72661cdb1c4949a79d31316aa853,0+1+2,0,0,5,23
heldout,368,c61ecd2f47b6a64d0cf7f6be926d96c1a49d132f5b5df3045b3bddccddf7d437,0+1,8,9,32,95
heldout,368,c61ecd2f47b6a64d0cf7f6be926d96c1a49d132f5b5df3045b3bddccddf7d437,0+2,0,0,2,33
heldout,368,c61ecd2f47b6a64d0cf7f6be926d96c1a49d132f5b5df3045b3bddccddf7d437,1+2,0,8,20,86
heldout,368,c61ecd2f47b6a64d0cf7f6be926d96c1a49d132f5b5df3045b3bddccddf7d437,0+1+2,0,0,0,22
heldout,369,b6b0314dc8ba90a3d7f4f11ce8b8c9036c029c1756fce1bcebddad04f1e10246,0+1,4,6,22,104
heldout,369,b6b0314dc8ba90a3d7f4f11ce8b8c9036c029c1756fce1bcebddad04f1e10246,0+2,4,6,12,36
heldout,369,b6b0314dc8ba90a3d7f4f11ce8b8c9036c029c1756fce1bcebddad04f1e10246,1+2,0,0,22,96
heldout,369,b6b0314dc8ba90a3d7f4f11ce8b8c9036c029c1756fce1bcebddad04f1e10246,0+1+2,0,0,5,25
heldout,370,b9243942e67bad29c6cc8a8e8c69f5fddecc501cee1f56814d2478235badb3fa,0+1,1,1,33,107
heldout,370,b9243942e67bad29c6cc8a8e8c69f5fddecc501cee1f56814d2478235badb3fa,0+2,6,8,15,35
heldout,370,b9243942e67bad29c6cc8a8e8c69f5fddecc501cee1f56814d2478235badb3fa,1+2,3,6,29,99
heldout,370,b9243942e67bad29c6cc8a8e8c69f5fddecc501cee1f56814d2478235badb3fa,0+1+2,1,1,8,22
heldout,371,d0e426c9fe0a0fe06c1bff2c0c3335e9ce65e33147d11da0af1c1eeabc376b8e,0+1,6,17,31,85
heldout,371,d0e426c9fe0a0fe06c1bff2c0c3335e9ce65e33147d11da0af1c1eeabc376b8e,0+2,0,0,14,31
heldout,371,d0e426c9fe0a0fe06c1bff2c0c3335e9ce65e33147d11da0af1c1eeabc376b8e,1+2,0,0,24,71
heldout,371,d0e426c9fe0a0fe06c1bff2c0c3335e9ce65e33147d11da0af1c1eeabc376b8e,0+1+2,0,0,14,28
heldout,372,f7d88ac5a67b57e276e8a1c374083148bc63d7a2c515e1a23a2238d127373dd1,0+1,10,30,40,97
heldout,372,f7d88ac5a67b57e276e8a1c374083148bc63d7a2c515e1a23a2238d127373dd1,0+2,0,14,14,32
heldout,372,f7d88ac5a67b57e276e8a1c374083148bc63d7a2c515e1a23a2238d127373dd1,1+2,0,14,25,92
heldout,372,f7d88ac5a67b57e276e8a1c374083148bc63d7a2c515e1a23a2238d127373dd1,0+1+2,0,14,14,24
heldout,373,27f81fc6480d6d4191e576133287fedcf724c8d522321dad03c94bb3a22ea785,0+1,5,5,33,102
heldout,373,27f81fc6480d6d4191e576133287fedcf724c8d522321dad03c94bb3a22ea785,0+2,0,0,12,30
heldout,373,27f81fc6480d6d4191e576133287fedcf724c8d522321dad03c94bb3a22ea785,1+2,0,0,29,96
heldout,373,27f81fc6480d6d4191e576133287fedcf724c8d522321dad03c94bb3a22ea785,0+1+2,0,0,12,21
heldout,374,a9c19cbffc494690e9b382ff9c6457ac6a14d26505299c7da07c24d5b79de56b,0+1,5,12,29,97
heldout,374,a9c19cbffc494690e9b382ff9c6457ac6a14d26505299c7da07c24d5b79de56b,0+2,0,0,6,29
heldout,374,a9c19cbffc494690e9b382ff9c6457ac6a14d26505299c7da07c24d5b79de56b,1+2,0,9,21,96
heldout,374,a9c19cbffc494690e9b382ff9c6457ac6a14d26505299c7da07c24d5b79de56b,0+1+2,0,0,2,20
heldout,375,0da8d6fa1d4c0914d3342969cefd1a3591e23aa36abc93bbd419f9356e6916d2,0+1,0,0,26,92
heldout,375,0da8d6fa1d4c0914d3342969cefd1a3591e23aa36abc93bbd419f9356e6916d2,0+2,0,0,13,37
heldout,375,0da8d6fa1d4c0914d3342969cefd1a3591e23aa36abc93bbd419f9356e6916d2,1+2,11,22,43,117
heldout,375,0da8d6fa1d4c0914d3342969cefd1a3591e23aa36abc93bbd419f9356e6916d2,0+1+2,0,0,9,30
heldout,376,a0d7e73e1906282b68d8490f7de92136116cf24ad413057b8074d1babba036fa,0+1,8,8,42,106
heldout,376,a0d7e73e1906282b68d8490f7de92136116cf24ad413057b8074d1babba036fa,0+2,8,8,21,46
heldout,376,a0d7e73e1906282b68d8490f7de92136116cf24ad413057b8074d1babba036fa,1+2,6,15,28,98
heldout,376,a0d7e73e1906282b68d8490f7de92136116cf24ad413057b8074d1babba036fa,0+1+2,6,6,18,37
heldout,377,181a4f0b48ea6c27040fc26f9791c380da0c295d31924dcddaa2adb76cc8d3a1,0+1,4,11,20,85
heldout,377,181a4f0b48ea6c27040fc26f9791c380da0c295d31924dcddaa2adb76cc8d3a1,0+2,0,0,4,35
heldout,377,181a4f0b48ea6c27040fc26f9791c380da0c295d31924dcddaa2adb76cc8d3a1,1+2,0,5,21,88
heldout,377,181a4f0b48ea6c27040fc26f9791c380da0c295d31924dcddaa2adb76cc8d3a1,0+1+2,0,0,0,28
heldout,378,c5aa47a5f723adb3711ff415b8f4ae25945f13e85fb62b957d2de3019b3fecd6,0+1,0,6,18,85
heldout,378,c5aa47a5f723adb3711ff415b8f4ae25945f13e85fb62b957d2de3019b3fecd6,0+2,0,0,7,40
heldout,378,c5aa47a5f723adb3711ff415b8f4ae25945f13e85fb62b957d2de3019b3fecd6,1+2,0,0,21,78
heldout,378,c5aa47a5f723adb3711ff415b8f4ae25945f13e85fb62b957d2de3019b3fecd6,0+1+2,0,0,6,35
heldout,379,635fab029c3dfdcfbb2d68326efb0dd7b4f8857b0b4673aa3538b224fbb96266,0+1,0,6,15,69
heldout,379,635fab029c3dfdcfbb2d68326efb0dd7b4f8857b0b4673aa3538b224fbb96266,0+2,0,0,0,33
heldout,379,635fab029c3dfdcfbb2d68326efb0dd7b4f8857b0b4673aa3538b224fbb96266,1+2,0,0,11,68
heldout,379,635fab029c3dfdcfbb2d68326efb0dd7b4f8857b0b4673aa3538b224fbb96266,0+1+2,0,0,0,30
heldout,380,dd1f66b6126cf0dcc4bb7aea6babf1ce5395eee7a3ea17c0125600ad7011c4eb,0+1,0,9,20,78
heldout,380,dd1f66b6126cf0dcc4bb7aea6babf1ce5395eee7a3ea17c0125600ad7011c4eb,0+2,0,5,12,39
heldout,380,dd1f66b6126cf0dcc4bb7aea6babf1ce5395eee7a3ea17c0125600ad7011c4eb,1+2,0,3,21,76
heldout,380,dd1f66b6126cf0dcc4bb7aea6babf1ce5395eee7a3ea17c0125600ad7011c4eb,0+1+2,0,3,10,34
heldout,381,a43ea86715b84f1d9441ffea0af8c3013242485e008eb7e258c048e3c6971a93,0+1,0,0,4,39
heldout,381,a43ea86715b84f1d9441ffea0af8c3013242485e008eb7e258c048e3c6971a93,0+2,0,0,0,22
heldout,381,a43ea86715b84f1d9441ffea0af8c3013242485e008eb7e258c048e3c6971a93,1+2,0,0,1,34
heldout,381,a43ea86715b84f1d9441ffea0af8c3013242485e008eb7e258c048e3c6971a93,0+1+2,0,0,0,22
heldout,382,57527f48cdb32b8c50c93a8ca16f609159e0f5500b099c0d10681e53f4f314e7,0+1,8,17,27,80
heldout,382,57527f48cdb32b8c50c93a8ca16f609159e0f5500b099c0d10681e53f4f314e7,0+2,0,0,5,36
heldout,382,57527f48cdb32b8c50c93a8ca16f609159e0f5500b099c0d10681e53f4f314e7,1+2,0,3,20,90
heldout,382,57527f48cdb32b8c50c93a8ca16f609159e0f5500b099c0d10681e53f4f314e7,0+1+2,0,0,4,30
heldout,383,e39d590affd4f39ae75afd5c64ad240b9f9e583eac8cda656b9d099796e58560,0+1,0,7,23,97
heldout,383,e39d590affd4f39ae75afd5c64ad240b9f9e583eac8cda656b9d099796e58560,0+2,0,0,7,31
heldout,383,e39d590affd4f39ae75afd5c64ad240b9f9e583eac8cda656b9d099796e58560,1+2,9,18,37,107
heldout,383,e39d590affd4f39ae75afd5c64ad240b9f9e583eac8cda656b9d099796e58560,0+1+2,0,0,4,26
heldout,384,4a3748911035b065e32219f8ad3a38947716e44005ae4c7926df8e4d57753243,0+1,0,0,9,39
heldout,384,4a3748911035b065e32219f8ad3a38947716e44005ae4c7926df8e4d57753243,0+2,0,0,8,15
heldout,384,4a3748911035b065e32219f8ad3a38947716e44005ae4c7926df8e4d57753243,1+2,0,0,13,30
heldout,384,4a3748911035b065e32219f8ad3a38947716e44005ae4c7926df8e4d57753243,0+1+2,0,0,8,15
heldout,385,10a46a1a4ac60eb44f34083768e5c4196c10089367e6422e1d6f17f84b87a0af,0+1,4,4,31,96
heldout,385,10a46a1a4ac60eb44f34083768e5c4196c10089367e6422e1d6f17f84b87a0af,0+2,3,3,5,35
heldout,385,10a46a1a4ac60eb44f34083768e5c4196c10089367e6422e1d6f17f84b87a0af,1+2,0,10,18,94
heldout,385,10a46a1a4ac60eb44f34083768e5c4196c10089367e6422e1d6f17f84b87a0af,0+1+2,0,0,0,23
heldout,386,1e0b00f339d75ce5d31e370758c853310533620ddc04e49e33501c1560c8e3b0,0+1,0,10,28,103
heldout,386,1e0b00f339d75ce5d31e370758c853310533620ddc04e49e33501c1560c8e3b0,0+2,0,0,0,29
heldout,386,1e0b00f339d75ce5d31e370758c853310533620ddc04e49e33501c1560c8e3b0,1+2,9,14,29,103
heldout,386,1e0b00f339d75ce5d31e370758c853310533620ddc04e49e33501c1560c8e3b0,0+1+2,0,0,0,21
heldout,387,e0dc4d90b28ef0555fa133da10824c4981c1f61aaba4649f2719ae13be7bb1c3,0+1,2,18,27,95
heldout,387,e0dc4d90b28ef0555fa133da10824c4981c1f61aaba4649f2719ae13be7bb1c3,0+2,0,11,11,28
heldout,387,e0dc4d90b28ef0555fa133da10824c4981c1f61aaba4649f2719ae13be7bb1c3,1+2,0,19,29,102
heldout,387,e0dc4d90b28ef0555fa133da10824c4981c1f61aaba4649f2719ae13be7bb1c3,0+1+2,0,11,11,19
heldout,388,02e0e369f67bd7e86373ca6e5fd5b891f70ab3f73834539561ec46b9915c7f6b,0+1,0,0,12,43
heldout,388,02e0e369f67bd7e86373ca6e5fd5b891f70ab3f73834539561ec46b9915c7f6b,0+2,0,0,2,20
heldout,388,02e0e369f67bd7e86373ca6e5fd5b891f70ab3f73834539561ec46b9915c7f6b,1+2,0,0,11,45
heldout,388,02e0e369f67bd7e86373ca6e5fd5b891f70ab3f73834539561ec46b9915c7f6b,0+1+2,0,0,1,17
heldout,389,017bb657070697065dbc9c984276f7fe8e0b6799e92eaecf92f77c0d08e24c82,0+1,7,22,32,94
heldout,389,017bb657070697065dbc9c984276f7fe8e0b6799e92eaecf92f77c0d08e24c82,0+2,0,3,5,29
heldout,389,017bb657070697065dbc9c984276f7fe8e0b6799e92eaecf92f77c0d08e24c82,1+2,0,13,27,93
heldout,389,017bb657070697065dbc9c984276f7fe8e0b6799e92eaecf92f77c0d08e24c82,0+1+2,0,3,3,19
heldout,390,6f58da83ea4eac2a98a80b3be1c2600668cb50c37f92d071340442f42d95ec2b,0+1,0,0,13,45
heldout,390,6f58da83ea4eac2a98a80b3be1c2600668cb50c37f92d071340442f42d95ec2b,0+2,0,0,8,24
heldout,390,6f58da83ea4eac2a98a80b3be1c2600668cb50c37f92d071340442f42d95ec2b,1+2,0,0,11,45
heldout,390,6f58da83ea4eac2a98a80b3be1c2600668cb50c37f92d071340442f42d95ec2b,0+1+2,0,0,8,24
heldout,391,245d75c3f94c6d13ba6b934cc961d04a056ba534488064087ebd102006cd660e,0+1,7,13,26,101
heldout,391,245d75c3f94c6d13ba6b934cc961d04a056ba534488064087ebd102006cd660e,0+2,6,6,15,39
heldout,391,245d75c3f94c6d13ba6b934cc961d04a056ba534488064087ebd102006cd660e,1+2,3,3,25,102
heldout,391,245d75c3f94c6d13ba6b934cc961d04a056ba534488064087ebd102006cd660e,0+1+2,3,3,9,29
heldout,392,2616d22e42505a70626331b589fe69c0929fd4e7ce19e6b1a67cc8c2f251a2fb,0+1,11,11,33,90
heldout,392,2616d22e42505a70626331b589fe69c0929fd4e7ce19e6b1a67cc8c2f251a2fb,0+2,0,0,11,37
heldout,392,2616d22e42505a70626331b589fe69c0929fd4e7ce19e6b1a67cc8c2f251a2fb,1+2,0,0,24,88
heldout,392,2616d22e42505a70626331b589fe69c0929fd4e7ce19e6b1a67cc8c2f251a2fb,0+1+2,0,0,11,30
heldout,393,7dce2a1f32265f8b0b9bc12078a8f253abf6d0749e6ce767c609395e6c9717ce,0+1,0,0,18,73
heldout,393,7dce2a1f32265f8b0b9bc12078a8f253abf6d0749e6ce767c609395e6c9717ce,0+2,0,0,10,33
heldout,393,7dce2a1f32265f8b0b9bc12078a8f253abf6d0749e6ce767c609395e6c9717ce,1+2,0,2,20,83
heldout,393,7dce2a1f32265f8b0b9bc12078a8f253abf6d0749e6ce767c609395e6c9717ce,0+1+2,0,0,9,25
heldout,394,1a2c72d351592677f3c633b99f311b5acab2c0033176ff954b4cec2fcbdf0e4f,0+1,5,10,23,86
heldout,394,1a2c72d351592677f3c633b99f311b5acab2c0033176ff954b4cec2fcbdf0e4f,0+2,0,8,12,41
heldout,394,1a2c72d351592677f3c633b99f311b5acab2c0033176ff954b4cec2fcbdf0e4f,1+2,0,4,21,77
heldout,394,1a2c72d351592677f3c633b99f311b5acab2c0033176ff954b4cec2fcbdf0e4f,0+1+2,0,4,8,35
heldout,395,2642807b06f0abceeca32e2d8ea1d80ce6f5ffa10ac0ac46eb79438d790f0605,0+1,0,3,9,65
heldout,395,2642807b06f0abceeca32e2d8ea1d80ce6f5ffa10ac0ac46eb79438d790f0605,0+2,0,0,0,34
heldout,395,2642807b06f0abceeca32e2d8ea1d80ce6f5ffa10ac0ac46eb79438d790f0605,1+2,0,4,10,67
heldout,395,2642807b06f0abceeca32e2d8ea1d80ce6f5ffa10ac0ac46eb79438d790f0605,0+1+2,0,0,0,33
heldout,396,f4e4f64846845034e191c777aa556d621eef90dba132ec039d5bc2bb3be9c8d2,0+1,0,0,9,56
heldout,396,f4e4f64846845034e191c777aa556d621eef90dba132ec039d5bc2bb3be9c8d2,0+2,0,0,5,33
heldout,396,f4e4f64846845034e191c777aa556d621eef90dba132ec039d5bc2bb3be9c8d2,1+2,3,5,14,68
heldout,396,f4e4f64846845034e191c777aa556d621eef90dba132ec039d5bc2bb3be9c8d2,0+1+2,0,0,5,30
heldout,397,022e24bf022e10d5fb43f420c0e13b4163b6c6f51f7620dcc3745a7ca8bb7f8d,0+1,0,7,18,53
heldout,397,022e24bf022e10d5fb43f420c0e13b4163b6c6f51f7620dcc3745a7ca8bb7f8d,0+2,0,1,12,22
heldout,397,022e24bf022e10d5fb43f420c0e13b4163b6c6f51f7620dcc3745a7ca8bb7f8d,1+2,0,0,23,64
heldout,397,022e24bf022e10d5fb43f420c0e13b4163b6c6f51f7620dcc3745a7ca8bb7f8d,0+1+2,0,0,11,18
heldout,398,50b95187ac17b9d6b78c2cea54481f6683dabd99a2c7112c2d5282de294da63a,0+1,10,20,33,98
heldout,398,50b95187ac17b9d6b78c2cea54481f6683dabd99a2c7112c2d5282de294da63a,0+2,0,0,6,34
heldout,398,50b95187ac17b9d6b78c2cea54481f6683dabd99a2c7112c2d5282de294da63a,1+2,0,2,20,86
heldout,398,50b95187ac17b9d6b78c2cea54481f6683dabd99a2c7112c2d5282de294da63a,0+1+2,0,0,6,27
heldout,399,a2406f5c59aefc7a61c46bdf583e486e8610c971b6333702ab6258697164139a,0+1,8,12,26,98
heldout,399,a2406f5c59aefc7a61c46bdf583e486e8610c971b6333702ab6258697164139a,0+2,0,4,7,31
heldout,399,a2406f5c59aefc7a61c46bdf583e486e8610c971b6333702ab6258697164139a,1+2,0,0,20,82
heldout,399,a2406f5c59aefc7a61c46bdf583e486e8610c971b6333702ab6258697164139a,0+1+2,0,0,2,21
heldout,400,4322e14ef71a0da3f0be96372914f7d910200495ea6b8f3160a00f69f7587572,0+1,0,0,0,20
heldout,400,4322e14ef71a0da3f0be96372914f7d910200495ea6b8f3160a00f69f7587572,0+2,0,0,0,13
heldout,400,4322e14ef71a0da3f0be96372914f7d910200495ea6b8f3160a00f69f7587572,1+2,0,0,0,20
heldout,400,4322e14ef71a0da3f0be96372914f7d910200495ea6b8f3160a00f69f7587572,0+1+2,0,0,0,13
heldout,401,beb3f21a8b4665eec4ed31549c87056ecab68cb7948dbd5d165d72544c608281,0+1,0,0,10,30
heldout,401,beb3f21a8b4665eec4ed31549c87056ecab68cb7948dbd5d165d72544c608281,0+2,0,0,11,18
heldout,401,beb3f21a8b4665eec4ed31549c87056ecab68cb7948dbd5d165d72544c608281,1+2,0,0,12,25
heldout,401,beb3f21a8b4665eec4ed31549c87056ecab68cb7948dbd5d165d72544c608281,0+1+2,0,0,10,17
heldout,402,757fcb5cf77fa16fe7058d8842f123ac0de27c042b008b26797125b443650310,0+1,9,9,39,108
heldout,402,757fcb5cf77fa16fe7058d8842f123ac0de27c042b008b26797125b443650310,0+2,0,0,15,36
heldout,402,757fcb5cf77fa16fe7058d8842f123ac0de27c042b008b26797125b443650310,1+2,0,7,28,100
heldout,402,757fcb5cf77fa16fe7058d8842f123ac0de27c042b008b26797125b443650310,0+1+2,0,0,13,25
heldout,403,d7965d5bafaa08b07f662e3582ea2e2749c2f046f7204d9fc01f77feebe3ed0c,0+1,9,12,37,110
heldout,403,d7965d5bafaa08b07f662e3582ea2e2749c2f046f7204d9fc01f77feebe3ed0c,0+2,0,0,4,33
heldout,403,d7965d5bafaa08b07f662e3582ea2e2749c2f046f7204d9fc01f77feebe3ed0c,1+2,0,5,25,101
heldout,403,d7965d5bafaa08b07f662e3582ea2e2749c2f046f7204d9fc01f77feebe3ed0c,0+1+2,0,0,1,23
heldout,404,b7c536620be8611b6978a6bac0abc756a761b02c4a5d7d8d91e13ea98be347de,0+1,0,0,13,40
heldout,404,b7c536620be8611b6978a6bac0abc756a761b02c4a5d7d8d91e13ea98be347de,0+2,0,0,7,24
heldout,404,b7c536620be8611b6978a6bac0abc756a761b02c4a5d7d8d91e13ea98be347de,1+2,0,0,11,41
heldout,404,b7c536620be8611b6978a6bac0abc756a761b02c4a5d7d8d91e13ea98be347de,0+1+2,0,0,7,23
heldout,405,64386a2d1b8bdf343c551e2ef13287bcbc44cdf77328514cad7d30522a483021,0+1,0,1,23,96
heldout,405,64386a2d1b8bdf343c551e2ef13287bcbc44cdf77328514cad7d30522a483021,0+2,0,0,4,32
heldout,405,64386a2d1b8bdf343c551e2ef13287bcbc44cdf77328514cad7d30522a483021,1+2,0,6,23,99
heldout,405,64386a2d1b8bdf343c551e2ef13287bcbc44cdf77328514cad7d30522a483021,0+1+2,0,0,1,23
heldout,406,b89aeaf896757207f57a2e94d2a3d5e32e4b465ffc49b8a039c2ebe090e9fffb,0+1,0,8,24,94
heldout,406,b89aeaf896757207f57a2e94d2a3d5e32e4b465ffc49b8a039c2ebe090e9fffb,0+2,0,0,7,35
heldout,406,b89aeaf896757207f57a2e94d2a3d5e32e4b465ffc49b8a039c2ebe090e9fffb,1+2,11,12,41,114
heldout,406,b89aeaf896757207f57a2e94d2a3d5e32e4b465ffc49b8a039c2ebe090e9fffb,0+1+2,0,0,4,24
heldout,407,4941552f4f06523db528fa01c3e25b87f27c5bae41fc1f0e67d5184ea4f38b20,0+1,11,11,29,96
heldout,407,4941552f4f06523db528fa01c3e25b87f27c5bae41fc1f0e67d5184ea4f38b20,0+2,0,2,2,31
heldout,407,4941552f4f06523db528fa01c3e25b87f27c5bae41fc1f0e67d5184ea4f38b20,1+2,0,2,18,91
heldout,407,4941552f4f06523db528fa01c3e25b87f27c5bae41fc1f0e67d5184ea4f38b20,0+1+2,0,0,0,22
heldout,408,67076e1d4af256070461c569d530c3e38abaec4c4421a878980f5dea8278e649,0+1,4,4,27,96
heldout,408,67076e1d4af256070461c569d530c3e38abaec4c4421a878980f5dea8278e649,0+2,0,0,4,34
heldout,408,67076e1d4af256070461c569d530c3e38abaec4c4421a878980f5dea8278e649,1+2,0,3,18,81
heldout,408,67076e1d4af256070461c569d530c3e38abaec4c4421a878980f5dea8278e649,0+1+2,0,0,4,26
heldout,409,8e191a36b56e5d0cf49d26cb7a45f845126fe8771c7bae8310e0fbc60ee8f958,0+1,0,3,18,80
heldout,409,8e191a36b56e5d0cf49d26cb7a45f845126fe8771c7bae8310e0fbc60ee8f958,0+2,0,0,9,36
heldout,409,8e191a36b56e5d0cf49d26cb7a45f845126fe8771c7bae8310e0fbc60ee8f958,1+2,0,10,23,89
heldout,409,8e191a36b56e5d0cf49d26cb7a45f845126fe8771c7bae8310e0fbc60ee8f958,0+1+2,0,0,7,30
heldout,410,a119fb26e7307f7bad70739af464dd2457b03961f53dd4fbbfdb8707b8daecdd,0+1,1,8,19,64
heldout,410,a119fb26e7307f7bad70739af464dd2457b03961f53dd4fbbfdb8707b8daecdd,0+2,0,0,7,32
heldout,410,a119fb26e7307f7bad70739af464dd2457b03961f53dd4fbbfdb8707b8daecdd,1+2,5,5,28,73
heldout,410,a119fb26e7307f7bad70739af464dd2457b03961f53dd4fbbfdb8707b8daecdd,0+1+2,0,0,6,29
heldout,411,7b7f8e936ad2e17c0db7b9c6be07e8c31585956bb8dfcb20291fb7b47f3cc93f,0+1,8,14,17,71
heldout,411,7b7f8e936ad2e17c0db7b9c6be07e8c31585956bb8dfcb20291fb7b47f3cc93f,0+2,6,11,11,39
heldout,411,7b7f8e936ad2e17c0db7b9c6be07e8c31585956bb8dfcb20291fb7b47f3cc93f,1+2,11,22,23,77
heldout,411,7b7f8e936ad2e17c0db7b9c6be07e8c31585956bb8dfcb20291fb7b47f3cc93f,0+1+2,6,11,11,36
heldout,412,c79151f51908c25d5416cfe1b494d99e86ad9e30a45f1af4a08e0db2b54f1b39,0+1,0,11,11,58
heldout,412,c79151f51908c25d5416cfe1b494d99e86ad9e30a45f1af4a08e0db2b54f1b39,0+2,0,4,4,25
heldout,412,c79151f51908c25d5416cfe1b494d99e86ad9e30a45f1af4a08e0db2b54f1b39,1+2,0,5,11,48
heldout,412,c79151f51908c25d5416cfe1b494d99e86ad9e30a45f1af4a08e0db2b54f1b39,0+1+2,0,4,4,25
heldout,413,d17f3b708a6a44d02490e81add11466a0a62ffb5c8d5df4a086807dc5615788e,0+1,3,15,28,94
heldout,413,d17f3b708a6a44d02490e81add11466a0a62ffb5c8d5df4a086807dc5615788e,0+2,0,5,14,41
heldout,413,d17f3b708a6a44d02490e81add11466a0a62ffb5c8d5df4a086807dc5615788e,1+2,0,4,19,86
heldout,413,d17f3b708a6a44d02490e81add11466a0a62ffb5c8d5df4a086807dc5615788e,0+1+2,0,4,12,35
heldout,414,db602c6b3f6e2bdb6d121abab34ff5a1c439ca27ccff8d7c45d59826648d2a0b,0+1,0,0,20,72
heldout,414,db602c6b3f6e2bdb6d121abab34ff5a1c439ca27ccff8d7c45d59826648d2a0b,0+2,0,0,6,30
heldout,414,db602c6b3f6e2bdb6d121abab34ff5a1c439ca27ccff8d7c45d59826648d2a0b,1+2,7,9,28,80
heldout,414,db602c6b3f6e2bdb6d121abab34ff5a1c439ca27ccff8d7c45d59826648d2a0b,0+1+2,0,0,6,23
heldout,415,97640ab2b7b1232dd08af346f512246feebeba203285788506b27a4372c96e38,0+1,6,6,30,85
heldout,415,97640ab2b7b1232dd08af346f512246feebeba203285788506b27a4372c96e38,0+2,0,0,12,30
heldout,415,97640ab2b7b1232dd08af346f512246feebeba203285788506b27a4372c96e38,1+2,0,0,24,82
heldout,415,97640ab2b7b1232dd08af346f512246feebeba203285788506b27a4372c96e38,0+1+2,0,0,11,20
heldout,416,8ed760a11865a6386622a9dd4f3bb36ecb28614dfc5699fcf3bce15e506a8b5c,0+1,0,11,31,96
heldout,416,8ed760a11865a6386622a9dd4f3bb36ecb28614dfc5699fcf3bce15e506a8b5c,0+2,0,0,10,28
heldout,416,8ed760a11865a6386622a9dd4f3bb36ecb28614dfc5699fcf3bce15e506a8b5c,1+2,8,8,35,96
heldout,416,8ed760a11865a6386622a9dd4f3bb36ecb28614dfc5699fcf3bce15e506a8b5c,0+1+2,0,0,9,20
heldout,417,344d112bbd992f3626709cd14d10f74d2b0ec1943cdae135adaa1b9c3fa06ad6,0+1,0,0,35,105
heldout,417,344d112bbd992f3626709cd14d10f74d2b0ec1943cdae135adaa1b9c3fa06ad6,0+2,0,0,13,31
heldout,417,344d112bbd992f3626709cd14d10f74d2b0ec1943cdae135adaa1b9c3fa06ad6,1+2,7,7,38,112
heldout,417,344d112bbd992f3626709cd14d10f74d2b0ec1943cdae135adaa1b9c3fa06ad6,0+1+2,0,0,13,25
heldout,418,d08ad590dc571d6db07d8e6afeff7fef1190c1cdd111d9d4ba90222c4b40006d,0+1,0,0,27,97
heldout,418,d08ad590dc571d6db07d8e6afeff7fef1190c1cdd111d9d4ba90222c4b40006d,0+2,0,2,2,28
heldout,418,d08ad590dc571d6db07d8e6afeff7fef1190c1cdd111d9d4ba90222c4b40006d,1+2,9,9,28,102
heldout,418,d08ad590dc571d6db07d8e6afeff7fef1190c1cdd111d9d4ba90222c4b40006d,0+1+2,0,0,0,20
heldout,419,3635d51abcefaf3cd786a9d6c9c80f3f32aae5581ed7540db5a4aa1d691db3ce,0+1,0,0,26,104
heldout,419,3635d51abcefaf3cd786a9d6c9c80f3f32aae5581ed7540db5a4aa1d691db3ce,0+2,5,6,11,39
heldout,419,3635d51abcefaf3cd786a9d6c9c80f3f32aae5581ed7540db5a4aa1d691db3ce,1+2,1,7,23,106
heldout,419,3635d51abcefaf3cd786a9d6c9c80f3f32aae5581ed7540db5a4aa1d691db3ce,0+1+2,0,0,5,25
heldout,420,5a3a84351d935029287a6276ffab8c162ab34c005b198189558bdbd59026ad7e,0+1,0,0,18,80
heldout,420,5a3a84351d935029287a6276ffab8c162ab34c005b198189558bdbd59026ad7e,0+2,0,0,2,31
heldout,420,5a3a84351d935029287a6276ffab8c162ab34c005b198189558bdbd59026ad7e,1+2,7,17,26,93
heldout,420,5a3a84351d935029287a6276ffab8c162ab34c005b198189558bdbd59026ad7e,0+1+2,0,0,0,22
heldout,421,2bcdd10df553a77f797c2e4dd6b6a57b6578bcc7c7aea68c3649a8b839dfdea5,0+1,3,15,24,94
heldout,421,2bcdd10df553a77f797c2e4dd6b6a57b6578bcc7c7aea68c3649a8b839dfdea5,0+2,7,7,14,40
heldout,421,2bcdd10df553a77f797c2e4dd6b6a57b6578bcc7c7aea68c3649a8b839dfdea5,1+2,2,2,25,100
heldout,421,2bcdd10df553a77f797c2e4dd6b6a57b6578bcc7c7aea68c3649a8b839dfdea5,0+1+2,2,2,4,25
heldout,422,aa396de70cd25766e7d1cece35c385390912425adae66fa08b69e7da4da466d4,0+1,0,15,24,90
heldout,422,aa396de70cd25766e7d1cece35c385390912425adae66fa08b69e7da4da466d4,0+2,1,4,7,33
heldout,422,aa396de70cd25766e7d1cece35c385390912425adae66fa08b69e7da4da466d4,1+2,7,22,36,99
heldout,422,aa396de70cd25766e7d1cece35c385390912425adae66fa08b69e7da4da466d4,0+1+2,0,3,3,22
heldout,423,503e70e10c73cfbbc0bf091da311f4ba49be5fc35f48d1fa0ca008975ef932e7,0+1,0,7,19,86
heldout,423,503e70e10c73cfbbc0bf091da311f4ba49be5fc35f48d1fa0ca008975ef932e7,0+2,0,0,2,27
heldout,423,503e70e10c73cfbbc0bf091da311f4ba49be5fc35f48d1fa0ca008975ef932e7,1+2,0,4,16,77
heldout,423,503e70e10c73cfbbc0bf091da311f4ba49be5fc35f48d1fa0ca008975ef932e7,0+1+2,0,0,2,18
heldout,424,504385c4d58976e666c92a50aca5a1721d6d22d787877d23c82f2547d16f901e,0+1,0,0,16,71
heldout,424,504385c4d58976e666c92a50aca5a1721d6d22d787877d23c82f2547d16f901e,0+2,0,0,11,30
heldout,424,504385c4d58976e666c92a50aca5a1721d6d22d787877d23c82f2547d16f901e,1+2,0,2,20,79
heldout,424,504385c4d58976e666c92a50aca5a1721d6d22d787877d23c82f2547d16f901e,0+1+2,0,0,9,24
heldout,425,8774507f26039456e037edbeb477f3fb63b1c2d53e47b296f4c778ff88ea8644,0+1,0,0,0,22
heldout,425,8774507f26039456e037edbeb477f3fb63b1c2d53e47b296f4c778ff88ea8644,0+2,0,0,0,12
heldout,425,8774507f26039456e037edbeb477f3fb63b1c2d53e47b296f4c778ff88ea8644,1+2,0,0,0,24
heldout,425,8774507f26039456e037edbeb477f3fb63b1c2d53e47b296f4c778ff88ea8644,0+1+2,0,0,0,12
heldout,426,8d361e8b1a6151ebb3a1b8a872937619574f4b2013cf13460280c06c68ee9858,0+1,0,0,9,18
heldout,426,8d361e8b1a6151ebb3a1b8a872937619574f4b2013cf13460280c06c68ee9858,0+2,0,0,7,13
heldout,426,8d361e8b1a6151ebb3a1b8a872937619574f4b2013cf13460280c06c68ee9858,1+2,0,0,11,22
heldout,426,8d361e8b1a6151ebb3a1b8a872937619574f4b2013cf13460280c06c68ee9858,0+1+2,0,0,7,13
heldout,427,32cf4e090dc1b736ae113c3b9908b32a8a696a79b559145e22e844cf9b391056,0+1,0,0,11,58
heldout,427,32cf4e090dc1b736ae113c3b9908b32a8a696a79b559145e22e844cf9b391056,0+2,0,0,9,34
heldout,427,32cf4e090dc1b736ae113c3b9908b32a8a696a79b559145e22e844cf9b391056,1+2,0,0,12,66
heldout,427,32cf4e090dc1b736ae113c3b9908b32a8a696a79b559145e22e844cf9b391056,0+1+2,0,0,9,32
heldout,428,2c0efe02bcccd4c0a8e38314cdf2e8751da1302446ca716c85c5b6a9563d2b17,0+1,7,7,31,69
heldout,428,2c0efe02bcccd4c0a8e38314cdf2e8751da1302446ca716c85c5b6a9563d2b17,0+2,5,5,20,38
heldout,428,2c0efe02bcccd4c0a8e38314cdf2e8751da1302446ca716c85c5b6a9563d2b17,1+2,11,11,25,72
heldout,428,2c0efe02bcccd4c0a8e38314cdf2e8751da1302446ca716c85c5b6a9563d2b17,0+1+2,5,5,19,37
heldout,429,5814f4b8fa6e92705a042a8a3b95e7a8ad18da4b5e481407af262440975336da,0+1,0,9,22,82
heldout,429,5814f4b8fa6e92705a042a8a3b95e7a8ad18da4b5e481407af262440975336da,0+2,0,0,8,37
heldout,429,5814f4b8fa6e92705a042a8a3b95e7a8ad18da4b5e481407af262440975336da,1+2,0,0,19,84
heldout,429,5814f4b8fa6e92705a042a8a3b95e7a8ad18da4b5e481407af262440975336da,0+1+2,0,0,8,29
heldout,430,69639d320c2a72ab06c671681c2fde3989a2d5bcc7af1a1537d72ade16f40983,0+1,11,12,23,81
heldout,430,69639d320c2a72ab06c671681c2fde3989a2d5bcc7af1a1537d72ade16f40983,0+2,1,3,3,32
heldout,430,69639d320c2a72ab06c671681c2fde3989a2d5bcc7af1a1537d72ade16f40983,1+2,0,10,12,75
heldout,430,69639d320c2a72ab06c671681c2fde3989a2d5bcc7af1a1537d72ade16f40983,0+1+2,0,1,1,24
heldout,431,2930f2e6cfc34e00c84941d249d057554ad4a719bd064bd48ac258c228014629,0+1,0,6,14,82
heldout,431,2930f2e6cfc34e00c84941d249d057554ad4a719bd064bd48ac258c228014629,0+2,0,0,7,30
heldout,431,2930f2e6cfc34e00c84941d249d057554ad4a719bd064bd48ac258c228014629,1+2,10,17,29,100
heldout,431,2930f2e6cfc34e00c84941d249d057554ad4a719bd064bd48ac258c228014629,0+1+2,0,0,2,22
heldout,432,9d42f4b43c9f412a47e1344f22a33ffe55ab45fdbbba1ae7e95815a25749ae13,0+1,0,0,0,21
heldout,432,9d42f4b43c9f412a47e1344f22a33ffe55ab45fdbbba1ae7e95815a25749ae13,0+2,0,0,0,13
heldout,432,9d42f4b43c9f412a47e1344f22a33ffe55ab45fdbbba1ae7e95815a25749ae13,1+2,0,0,0,21
heldout,432,9d42f4b43c9f412a47e1344f22a33ffe55ab45fdbbba1ae7e95815a25749ae13,0+1+2,0,0,0,13
heldout,433,e1deeafe3ffa79f439064db542b7f32f2400e2793b534d04160ff7606008a0d0,0+1,0,0,9,45
heldout,433,e1deeafe3ffa79f439064db542b7f32f2400e2793b534d04160ff7606008a0d0,0+2,0,0,0,23
heldout,433,e1deeafe3ffa79f439064db542b7f32f2400e2793b534d04160ff7606008a0d0,1+2,0,0,12,46
heldout,433,e1deeafe3ffa79f439064db542b7f32f2400e2793b534d04160ff7606008a0d0,0+1+2,0,0,0,21
heldout,434,708d41d37ed37e487ca3698d99492e5d1be64f30cd9e3de8e03f158196db0ba2,0+1,0,0,9,59
heldout,434,708d41d37ed37e487ca3698d99492e5d1be64f30cd9e3de8e03f158196db0ba2,0+2,0,0,1,25
heldout,434,708d41d37ed37e487ca3698d99492e5d1be64f30cd9e3de8e03f158196db0ba2,1+2,0,0,12,66
heldout,434,708d41d37ed37e487ca3698d99492e5d1be64f30cd9e3de8e03f158196db0ba2,0+1+2,0,0,1,21
heldout,435,0e0c539bbd4277aecf8a75d2a00672f931491e4bcfe13f1543f6620968b6df95,0+1,9,9,43,114
heldout,435,0e0c539bbd4277aecf8a75d2a00672f931491e4bcfe13f1543f6620968b6df95,0+2,0,0,10,30
heldout,435,0e0c539bbd4277aecf8a75d2a00672f931491e4bcfe13f1543f6620968b6df95,1+2,0,9,28,100
heldout,435,0e0c539bbd4277aecf8a75d2a00672f931491e4bcfe13f1543f6620968b6df95,0+1+2,0,0,10,24
heldout,436,308f880271e41cc30558fb841699e9d0061e80ea624ae80dc0e0f4b660434b23,0+1,0,0,12,62
heldout,436,308f880271e41cc30558fb841699e9d0061e80ea624ae80dc0e0f4b660434b23,0+2,0,0,3,31
heldout,436,308f880271e41cc30558fb841699e9d0061e80ea624ae80dc0e0f4b660434b23,1+2,0,8,12,67
heldout,436,308f880271e41cc30558fb841699e9d0061e80ea624ae80dc0e0f4b660434b23,0+1+2,0,0,3,26
heldout,437,e0f466e6a147c09ebb3bb9163c454f70361c5aa64a6035206ff35d9b9da4b955,0+1,4,22,32,107
heldout,437,e0f466e6a147c09ebb3bb9163c454f70361c5aa64a6035206ff35d9b9da4b955,0+2,0,0,1,30
heldout,437,e0f466e6a147c09ebb3bb9163c454f70361c5aa64a6035206ff35d9b9da4b955,1+2,0,0,17,96
heldout,437,e0f466e6a147c09ebb3bb9163c454f70361c5aa64a6035206ff35d9b9da4b955,0+1+2,0,0,0,21
heldout,438,11c2cc1ac7780c95eff529a861cf48c86b236e2d76b50538c4912b32856b8a7d,0+1,6,14,30,91
heldout,438,11c2cc1ac7780c95eff529a861cf48c86b236e2d76b50538c4912b32856b8a7d,0+2,0,0,5,28
heldout,438,11c2cc1ac7780c95eff529a861cf48c86b236e2d76b50538c4912b32856b8a7d,1+2,0,8,20,92
heldout,438,11c2cc1ac7780c95eff529a861cf48c86b236e2d76b50538c4912b32856b8a7d,0+1+2,0,0,0,18
heldout,439,bdf8c33f38eac9a930536aec443cdcfd5455c9357d474b8d9cac8e36b4b44f54,0+1,0,0,0,19
heldout,439,bdf8c33f38eac9a930536aec443cdcfd5455c9357d474b8d9cac8e36b4b44f54,0+2,0,0,0,12
heldout,439,bdf8c33f38eac9a930536aec443cdcfd5455c9357d474b8d9cac8e36b4b44f54,1+2,0,0,0,20
heldout,439,bdf8c33f38eac9a930536aec443cdcfd5455c9357d474b8d9cac8e36b4b44f54,0+1+2,0,0,0,12
heldout,440,9a4e41dad6a3cd4d4dfc3a5b418af3635fe302bc8fab8705efa8224aee06ae21,0+1,4,5,20,88
heldout,440,9a4e41dad6a3cd4d4dfc3a5b418af3635fe302bc8fab8705efa8224aee06ae21,0+2,0,0,10,30
heldout,440,9a4e41dad6a3cd4d4dfc3a5b418af3635fe302bc8fab8705efa8224aee06ae21,1+2,0,1,19,81
heldout,440,9a4e41dad6a3cd4d4dfc3a5b418af3635fe302bc8fab8705efa8224aee06ae21,0+1+2,0,0,8,24
heldout,441,b1599a3cf07d7ff95f5756991853b2aa4bd16eefe48284b0e142fbf1ca67984c,0+1,0,10,19,54
heldout,441,b1599a3cf07d7ff95f5756991853b2aa4bd16eefe48284b0e142fbf1ca67984c,0+2,0,7,7,29
heldout,441,b1599a3cf07d7ff95f5756991853b2aa4bd16eefe48284b0e142fbf1ca67984c,1+2,1,11,12,49
heldout,441,b1599a3cf07d7ff95f5756991853b2aa4bd16eefe48284b0e142fbf1ca67984c,0+1+2,0,7,7,25
heldout,442,0104f17b154a378ad5de0c9f25a021bcc0a5f9e158848245d746bdbb20929eab,0+1,0,0,16,48
heldout,442,0104f17b154a378ad5de0c9f25a021bcc0a5f9e158848245d746bdbb20929eab,0+2,0,0,7,22
heldout,442,0104f17b154a378ad5de0c9f25a021bcc0a5f9e158848245d746bdbb20929eab,1+2,0,0,11,45
heldout,442,0104f17b154a378ad5de0c9f25a021bcc0a5f9e158848245d746bdbb20929eab,0+1+2,0,0,6,21
heldout,443,24f38dc0952a01f14123a1350618ce724baab7353854659e95cdb7471fcbb8fb,0+1,0,7,18,62
heldout,443,24f38dc0952a01f14123a1350618ce724baab7353854659e95cdb7471fcbb8fb,0+2,0,0,7,32
heldout,443,24f38dc0952a01f14123a1350618ce724baab7353854659e95cdb7471fcbb8fb,1+2,0,1,22,65
heldout,443,24f38dc0952a01f14123a1350618ce724baab7353854659e95cdb7471fcbb8fb,0+1+2,0,0,6,30
heldout,444,c5d7bea40722e973dc2ec2eb2fc6952179dcb673293aa4728d0a6d6efb6d3ed9,0+1,0,0,8,19
heldout,444,c5d7bea40722e973dc2ec2eb2fc6952179dcb673293aa4728d0a6d6efb6d3ed9,0+2,0,0,2,12
heldout,444,c5d7bea40722e973dc2ec2eb2fc6952179dcb673293aa4728d0a6d6efb6d3ed9,1+2,0,0,12,25
heldout,444,c5d7bea40722e973dc2ec2eb2fc6952179dcb673293aa4728d0a6d6efb6d3ed9,0+1+2,0,0,2,12
heldout,445,42c3d3662fb0dd2daf111fb8ab11afe2fb375757076d0826eb53e385c4523816,0+1,13,25,25,79
heldout,445,42c3d3662fb0dd2daf111fb8ab11afe2fb375757076d0826eb53e385c4523816,0+2,6,11,11,37
heldout,445,42c3d3662fb0dd2daf111fb8ab11afe2fb375757076d0826eb53e385c4523816,1+2,6,12,18,78
heldout,445,42c3d3662fb0dd2daf111fb8ab11afe2fb375757076d0826eb53e385c4523816,0+1+2,6,11,11,34
heldout,446,952adda2d02458d469f8a8998cb96a5f02520147048c59a5797b00db3d3d4a86,0+1,0,0,12,41
heldout,446,952adda2d02458d469f8a8998cb96a5f02520147048c59a5797b00db3d3d4a86,0+2,0,0,11,26
heldout,446,952adda2d02458d469f8a8998cb96a5f02520147048c59a5797b00db3d3d4a86,1+2,0,0,13,41
heldout,446,952adda2d02458d469f8a8998cb96a5f02520147048c59a5797b00db3d3d4a86,0+1+2,0,0,11,25
heldout,447,dfc805101a984512fa51093a027e5309bf201ff6988289d97f1983c68970cbb7,0+1,0,1,18,61
heldout,447,dfc805101a984512fa51093a027e5309bf201ff6988289d97f1983c68970cbb7,0+2,0,0,5,23
heldout,447,dfc805101a984512fa51093a027e5309bf201ff6988289d97f1983c68970cbb7,1+2,0,6,21,68
heldout,447,dfc805101a984512fa51093a027e5309bf201ff6988289d97f1983c68970cbb7,0+1+2,0,0,2,18
heldout,448,e78b19a5af8dad8feee1d8ea3998f846908d1f90086bce4daa38962a467d4a7f,0+1,0,13,24,60
heldout,448,e78b19a5af8dad8feee1d8ea3998f846908d1f90086bce4daa38962a467d4a7f,0+2,0,9,9,27
heldout,448,e78b19a5af8dad8feee1d8ea3998f846908d1f90086bce4daa38962a467d4a7f,1+2,4,14,24,66
heldout,448,e78b19a5af8dad8feee1d8ea3998f846908d1f90086bce4daa38962a467d4a7f,0+1+2,0,9,9,21
heldout,449,90daa5812ad798bdd06de483b21f8e6308d85eeabbe202acd56e233f8fe7945d,0+1,0,0,29,87
heldout,449,90daa5812ad798bdd06de483b21f8e6308d85eeabbe202acd56e233f8fe7945d,0+2,0,0,13,34
heldout,449,90daa5812ad798bdd06de483b21f8e6308d85eeabbe202acd56e233f8fe7945d,1+2,6,6,29,89
heldout,449,90daa5812ad798bdd06de483b21f8e6308d85eeabbe202acd56e233f8fe7945d,0+1+2,0,0,12,24
heldout,450,7633646be063a9757d3fb50cce6faebaac51759d09687e6f822433222fc8ba42,0+1,0,4,19,105
heldout,450,7633646be063a9757d3fb50cce6faebaac51759d09687e6f822433222fc8ba42,0+2,0,0,7,28
heldout,450,7633646be063a9757d3fb50cce6faebaac51759d09687e6f822433222fc8ba42,1+2,1,10,26,98
heldout,450,7633646be063a9757d3fb50cce6faebaac51759d09687e6f822433222fc8ba42,0+1+2,0,0,6,22
heldout,451,184bb531b4adde1acba15bd9148984f4ebcb1886f766f27e769cc134a1df12ad,0+1,0,0,20,87
heldout,451,184bb531b4adde1acba15bd9148984f4ebcb1886f766f27e769cc134a1df12ad,0+2,0,0,12,25
heldout,451,184bb531b4adde1acba15bd9148984f4ebcb1886f766f27e769cc134a1df12ad,1+2,8,9,35,100
heldout,451,184bb531b4adde1acba15bd9148984f4ebcb1886f766f27e769cc134a1df12ad,0+1+2,0,0,10,13
heldout,452,9cb3ad7eaffc706b0e563adb05532d09139d457f9ca95d93c16f86da03772b53,0+1,0,0,26,88
heldout,452,9cb3ad7eaffc706b0e563adb05532d09139d457f9ca95d93c16f86da03772b53,0+2,0,0,10,25
heldout,452,9cb3ad7eaffc706b0e563adb05532d09139d457f9ca95d93c16f86da03772b53,1+2,0,8,27,85
heldout,452,9cb3ad7eaffc706b0e563adb05532d09139d457f9ca95d93c16f86da03772b53,0+1+2,0,0,9,16
heldout,453,c37f84b3da0284956c330dfbb8a69a1355f46a178da5db4cf365af895c4d081c,0+1,8,15,31,97
heldout,453,c37f84b3da0284956c330dfbb8a69a1355f46a178da5db4cf365af895c4d081c,0+2,0,0,5,26
heldout,453,c37f84b3da0284956c330dfbb8a69a1355f46a178da5db4cf365af895c4d081c,1+2,0,6,25,93
heldout,453,c37f84b3da0284956c330dfbb8a69a1355f46a178da5db4cf365af895c4d081c,0+1+2,0,0,1,16
heldout,454,a4d7e2f78b2cc006f1ee6d441643a93dc56905944ca3466ef51b53c940bd5651,0+1,6,9,21,95
heldout,454,a4d7e2f78b2cc006f1ee6d441643a93dc56905944ca3466ef51b53c940bd5651,0+2,0,0,10,27
heldout,454,a4d7e2f78b2cc006f1ee6d441643a93dc56905944ca3466ef51b53c940bd5651,1+2,0,4,15,84
heldout,454,a4d7e2f78b2cc006f1ee6d441643a93dc56905944ca3466ef51b53c940bd5651,0+1+2,0,0,6,17
heldout,455,4533f93a981048b39830194a516a0967e5284a9b3d2b2c02692711038fa99f9d,0+1,0,0,11,71
heldout,455,4533f93a981048b39830194a516a0967e5284a9b3d2b2c02692711038fa99f9d,0+2,0,0,0,28
heldout,455,4533f93a981048b39830194a516a0967e5284a9b3d2b2c02692711038fa99f9d,1+2,3,3,14,74
heldout,455,4533f93a981048b39830194a516a0967e5284a9b3d2b2c02692711038fa99f9d,0+1+2,0,0,0,21
heldout,456,1c07f603c40a29fd8277f5f6eb644e6c0f61d0182c914d203f3d4b71ea849dfe,0+1,0,6,9,39
heldout,456,1c07f603c40a29fd8277f5f6eb644e6c0f61d0182c914d203f3d4b71ea849dfe,0+2,0,0,0,21
heldout,456,1c07f603c40a29fd8277f5f6eb644e6c0f61d0182c914d203f3d4b71ea849dfe,1+2,6,10,18,52
heldout,456,1c07f603c40a29fd8277f5f6eb644e6c0f61d0182c914d203f3d4b71ea849dfe,0+1+2,0,0,0,18
heldout,457,36c51b24a073f59fbbf8ce3da68bb243b9e15a303cdebc798b4cf9fd128177d7,0+1,0,0,20,57
heldout,457,36c51b24a073f59fbbf8ce3da68bb243b9e15a303cdebc798b4cf9fd128177d7,0+2,0,0,8,31
heldout,457,36c51b24a073f59fbbf8ce3da68bb243b9e15a303cdebc798b4cf9fd128177d7,1+2,0,0,23,66
heldout,457,36c51b24a073f59fbbf8ce3da68bb243b9e15a303cdebc798b4cf9fd128177d7,0+1+2,0,0,8,28
heldout,458,037ce00f7bd477f015ed9d4cc9db4364dae32bc1a6d8ae9a96438dc12a1c0187,0+1,0,0,12,43
heldout,458,037ce00f7bd477f015ed9d4cc9db4364dae32bc1a6d8ae9a96438dc12a1c0187,0+2,0,0,2,22
heldout,458,037ce00f7bd477f015ed9d4cc9db4364dae32bc1a6d8ae9a96438dc12a1c0187,1+2,0,0,12,48
heldout,458,037ce00f7bd477f015ed9d4cc9db4364dae32bc1a6d8ae9a96438dc12a1c0187,0+1+2,0,0,2,19
heldout,459,edf8a8cbe85c5ffe7d7fa9918e3e2bc4a1b78ba9df0ff966d5b59e8f32e34e23,0+1,0,6,8,40
heldout,459,edf8a8cbe85c5ffe7d7fa9918e3e2bc4a1b78ba9df0ff966d5b59e8f32e34e23,0+2,0,0,1,23
heldout,459,edf8a8cbe85c5ffe7d7fa9918e3e2bc4a1b78ba9df0ff966d5b59e8f32e34e23,1+2,0,1,12,46
heldout,459,edf8a8cbe85c5ffe7d7fa9918e3e2bc4a1b78ba9df0ff966d5b59e8f32e34e23,0+1+2,0,0,1,22
heldout,460,5c977e21b8966a097c38ab867206290fa17f2b9a42c7236f320541192d4a8857,0+1,0,0,9,61
heldout,460,5c977e21b8966a097c38ab867206290fa17f2b9a42c7236f320541192d4a8857,0+2,0,0,6,33
heldout,460,5c977e21b8966a097c38ab867206290fa17f2b9a42c7236f320541192d4a8857,1+2,0,0,12,56
heldout,460,5c977e21b8966a097c38ab867206290fa17f2b9a42c7236f320541192d4a8857,0+1+2,0,0,6,31
heldout,461,0c77930bdda4a9f733c37ed2bc4871286b1b6b1242dc0bc87d4a715f114e9e7c,0+1,0,0,9,19
heldout,461,0c77930bdda4a9f733c37ed2bc4871286b1b6b1242dc0bc87d4a715f114e9e7c,0+2,0,0,3,12
heldout,461,0c77930bdda4a9f733c37ed2bc4871286b1b6b1242dc0bc87d4a715f114e9e7c,1+2,0,5,11,24
heldout,461,0c77930bdda4a9f733c37ed2bc4871286b1b6b1242dc0bc87d4a715f114e9e7c,0+1+2,0,0,3,12
heldout,462,3635c48b8c20eb27fca4496e4b6648414afa6e69b9d54cf1c27ca7ab2f8e692b,0+1,0,0,19,74
heldout,462,3635c48b8c20eb27fca4496e4b6648414afa6e69b9d54cf1c27ca7ab2f8e692b,0+2,0,0,8,33
heldout,462,3635c48b8c20eb27fca4496e4b6648414afa6e69b9d54cf1c27ca7ab2f8e692b,1+2,9,9,21,77
heldout,462,3635c48b8c20eb27fca4496e4b6648414afa6e69b9d54cf1c27ca7ab2f8e692b,0+1+2,0,0,7,23
heldout,463,c4073a14ce19531658b6f16f7b0fdfebcca9e18a008665714f71bcf6204646aa,0+1,0,0,10,31
heldout,463,c4073a14ce19531658b6f16f7b0fdfebcca9e18a008665714f71bcf6204646aa,0+2,0,0,8,16
heldout,463,c4073a14ce19531658b6f16f7b0fdfebcca9e18a008665714f71bcf6204646aa,1+2,0,0,13,31
heldout,463,c4073a14ce19531658b6f16f7b0fdfebcca9e18a008665714f71bcf6204646aa,0+1+2,0,0,8,16
heldout,464,c23be156135a4655f307f978f581bb5d1c1b5790437f9ecf99a52ebdf3395131,0+1,6,6,23,91
heldout,464,c23be156135a4655f307f978f581bb5d1c1b5790437f9ecf99a52ebdf3395131,0+2,0,2,5,33
heldout,464,c23be156135a4655f307f978f581bb5d1c1b5790437f9ecf99a52ebdf3395131,1+2,0,9,21,88
heldout,464,c23be156135a4655f307f978f581bb5d1c1b5790437f9ecf99a52ebdf3395131,0+1+2,0,0,0,21
heldout,465,53bcf42b202dbb9a1444e0a3ab81f4939128d61e5ff1cd511bcf0812cf6f3a4c,0+1,8,12,26,99
heldout,465,53bcf42b202dbb9a1444e0a3ab81f4939128d61e5ff1cd511bcf0812cf6f3a4c,0+2,0,7,7,23
heldout,465,53bcf42b202dbb9a1444e0a3ab81f4939128d61e5ff1cd511bcf0812cf6f3a4c,1+2,0,8,17,80
heldout,465,53bcf42b202dbb9a1444e0a3ab81f4939128d61e5ff1cd511bcf0812cf6f3a4c,0+1+2,0,4,4,15
heldout,466,5e61f051f8d9abcf82c316c28ddaa7383476ce62c5c1e5a5276f991a15f1b64b,0+1,0,5,17,61
heldout,466,5e61f051f8d9abcf82c316c28ddaa7383476ce62c5c1e5a5276f991a15f1b64b,0+2,0,4,11,27
heldout,466,5e61f051f8d9abcf82c316c28ddaa7383476ce62c5c1e5a5276f991a15f1b64b,1+2,0,11,13,45
heldout,466,5e61f051f8d9abcf82c316c28ddaa7383476ce62c5c1e5a5276f991a15f1b64b,0+1+2,0,4,6,20
heldout,467,52539cbcf70d43f32142532107e15d84a87589a8862b4645d157d93ef9be22d0,0+1,0,0,21,80
heldout,467,52539cbcf70d43f32142532107e15d84a87589a8862b4645d157d93ef9be22d0,0+2,0,4,4,23
heldout,467,52539cbcf70d43f32142532107e15d84a87589a8862b4645d157d93ef9be22d0,1+2,10,12,31,97
heldout,467,52539cbcf70d43f32142532107e15d84a87589a8862b4645d157d93ef9be22d0,0+1+2,0,0,0,13
heldout,468,a22bba7a3a263cd0d437acacf92b8160723bb6d9ba3159d5ffd7ec57db7a8bc6,0+1,0,0,27,105
heldout,468,a22bba7a3a263cd0d437acacf92b8160723bb6d9ba3159d5ffd7ec57db7a8bc6,0+2,0,0,7,36
heldout,468,a22bba7a3a263cd0d437acacf92b8160723bb6d9ba3159d5ffd7ec57db7a8bc6,1+2,6,12,29,108
heldout,468,a22bba7a3a263cd0d437acacf92b8160723bb6d9ba3159d5ffd7ec57db7a8bc6,0+1+2,0,0,6,28
heldout,469,3c3dceac41527153df6d5fb41366e97482a129549e6223e4a15aa5e37228514d,0+1,0,1,24,80
heldout,469,3c3dceac41527153df6d5fb41366e97482a129549e6223e4a15aa5e37228514d,0+2,0,0,5,30
heldout,469,3c3dceac41527153df6d5fb41366e97482a129549e6223e4a15aa5e37228514d,1+2,8,13,35,95
heldout,469,3c3dceac41527153df6d5fb41366e97482a129549e6223e4a15aa5e37228514d,0+1+2,0,0,3,21
heldout,470,80a3058faa0f492d98bb957cde9a8f2a3045ba07a99b0032b9b7910feba260e2,0+1,7,7,30,82
heldout,470,80a3058faa0f492d98bb957cde9a8f2a3045ba07a99b0032b9b7910feba260e2,0+2,0,0,8,25
heldout,470,80a3058faa0f492d98bb957cde9a8f2a3045ba07a99b0032b9b7910feba260e2,1+2,0,7,19,74
heldout,470,80a3058faa0f492d98bb957cde9a8f2a3045ba07a99b0032b9b7910feba260e2,0+1+2,0,0,8,19
heldout,471,421c0dce77008dc3ab8e3d90679277f5a66114995220ce8557e6e75462b5df4e,0+1,0,0,8,36
heldout,471,421c0dce77008dc3ab8e3d90679277f5a66114995220ce8557e6e75462b5df4e,0+2,0,0,4,23
heldout,471,421c0dce77008dc3ab8e3d90679277f5a66114995220ce8557e6e75462b5df4e,1+2,0,0,12,42
heldout,471,421c0dce77008dc3ab8e3d90679277f5a66114995220ce8557e6e75462b5df4e,0+1+2,0,0,4,21
heldout,472,26f57c49fd4b9053a707c686cd9d5183f2c26bbc5b67374cc0412dabf12d8db7,0+1,0,10,19,68
heldout,472,26f57c49fd4b9053a707c686cd9d5183f2c26bbc5b67374cc0412dabf12d8db7,0+2,0,4,4,27
heldout,472,26f57c49fd4b9053a707c686cd9d5183f2c26bbc5b67374cc0412dabf12d8db7,1+2,0,7,21,79
heldout,472,26f57c49fd4b9053a707c686cd9d5183f2c26bbc5b67374cc0412dabf12d8db7,0+1+2,0,4,4,20
heldout,473,99bb24c482e15c66af1931f418bdc7e1da167cb84cc652dba05e1066650dc078,0+1,0,10,23,80
heldout,473,99bb24c482e15c66af1931f418bdc7e1da167cb84cc652dba05e1066650dc078,0+2,0,0,5,33
heldout,473,99bb24c482e15c66af1931f418bdc7e1da167cb84cc652dba05e1066650dc078,1+2,0,0,16,73
heldout,473,99bb24c482e15c66af1931f418bdc7e1da167cb84cc652dba05e1066650dc078,0+1+2,0,0,5,25
heldout,474,6b76669a35f0ba1e801f7b42e40c7d28b02161787e09001fd9753f043dc591da,0+1,5,5,18,53
heldout,474,6b76669a35f0ba1e801f7b42e40c7d28b02161787e09001fd9753f043dc591da,0+2,0,0,4,23
heldout,474,6b76669a35f0ba1e801f7b42e40c7d28b02161787e09001fd9753f043dc591da,1+2,0,0,11,45
heldout,474,6b76669a35f0ba1e801f7b42e40c7d28b02161787e09001fd9753f043dc591da,0+1+2,0,0,4,22
heldout,475,fd1c4378d69918f12205bd3db8d35dc23787a59b69a7d29e4dc5f02d6c12224c,0+1,0,0,9,61
heldout,475,fd1c4378d69918f12205bd3db8d35dc23787a59b69a7d29e4dc5f02d6c12224c,0+2,0,0,2,34
heldout,475,fd1c4378d69918f12205bd3db8d35dc23787a59b69a7d29e4dc5f02d6c12224c,1+2,0,0,12,69
heldout,475,fd1c4378d69918f12205bd3db8d35dc23787a59b69a7d29e4dc5f02d6c12224c,0+1+2,0,0,2,33
heldout,476,04262448cd3f45110336a7c632e2e7dd2599917909ea4c16717ded5f96b7bdcf,0+1,0,0,10,52
heldout,476,04262448cd3f45110336a7c632e2e7dd2599917909ea4c16717ded5f96b7bdcf,0+2,0,0,0,23
heldout,476,04262448cd3f45110336a7c632e2e7dd2599917909ea4c16717ded5f96b7bdcf,1+2,0,0,4,39
heldout,476,04262448cd3f45110336a7c632e2e7dd2599917909ea4c16717ded5f96b7bdcf,0+1+2,0,0,0,22
heldout,477,45e8164b7e12b5cc4806bbc372754f94da819210bf311dbc7d473ab3efc3b1f3,0+1,0,0,23,58
heldout,477,45e8164b7e12b5cc4806bbc372754f94da819210bf311dbc7d473ab3efc3b1f3,0+2,0,0,14,23
heldout,477,45e8164b7e12b5cc4806bbc372754f94da819210bf311dbc7d473ab3efc3b1f3,1+2,0,0,13,47
heldout,477,45e8164b7e12b5cc4806bbc372754f94da819210bf311dbc7d473ab3efc3b1f3,0+1+2,0,0,13,21
heldout,478,8cf3c75a3b82405df740c0846e69dfbe791d7f8c9c035cc0dde2127c4821aca4,0+1,0,2,17,75
heldout,478,8cf3c75a3b82405df740c0846e69dfbe791d7f8c9c035cc0dde2127c4821aca4,0+2,0,6,6,28
heldout,478,8cf3c75a3b82405df740c0846e69dfbe791d7f8c9c035cc0dde2127c4821aca4,1+2,8,12,29,75
heldout,478,8cf3c75a3b82405df740c0846e69dfbe791d7f8c9c035cc0dde2127c4821aca4,0+1+2,0,2,2,20
heldout,479,2b0f29c3ed578e3aae4c7fda01fa0a46613078bf020e7aadef83ceb16f4c3d18,0+1,11,11,43,104
heldout,479,2b0f29c3ed578e3aae4c7fda01fa0a46613078bf020e7aadef83ceb16f4c3d18,0+2,0,0,14,34
heldout,479,2b0f29c3ed578e3aae4c7fda01fa0a46613078bf020e7aadef83ceb16f4c3d18,1+2,0,0,25,87
heldout,479,2b0f29c3ed578e3aae4c7fda01fa0a46613078bf020e7aadef83ceb16f4c3d18,0+1+2,0,0,14,27
heldout,480,d4518d39431f1bae383c0039b18d2f56e24f20b81dea538285cb6fc28db8726c,0+1,0,7,14,69
heldout,480,d4518d39431f1bae383c0039b18d2f56e24f20b81dea538285cb6fc28db8726c,0+2,0,10,10,28
heldout,480,d4518d39431f1bae383c0039b18d2f56e24f20b81dea538285cb6fc28db8726c,1+2,11,18,22,77
heldout,480,d4518d39431f1bae383c0039b18d2f56e24f20b81dea538285cb6fc28db8726c,0+1+2,0,7,7,20
heldout,481,2d5240eee2f70294a737b53e758ae7961237d183e0fa2f972c40788956e51319,0+1,0,0,23,94
heldout,481,2d5240eee2f70294a737b53e758ae7961237d183e0fa2f972c40788956e51319,0+2,0,0,12,34
heldout,481,2d5240eee2f70294a737b53e758ae7961237d183e0fa2f972c40788956e51319,1+2,7,8,33,109
heldout,481,2d5240eee2f70294a737b53e758ae7961237d183e0fa2f972c40788956e51319,0+1+2,0,0,10,23
heldout,482,b3eda87b8e40523820e69dca415dc887b26f6c216c0b0876b68833d5f053ec22,0+1,0,7,14,88
heldout,482,b3eda87b8e40523820e69dca415dc887b26f6c216c0b0876b68833d5f053ec22,0+2,0,8,8,24
heldout,482,b3eda87b8e40523820e69dca415dc887b26f6c216c0b0876b68833d5f053ec22,1+2,7,14,25,102
heldout,482,b3eda87b8e40523820e69dca415dc887b26f6c216c0b0876b68833d5f053ec22,0+1+2,0,5,5,16
heldout,483,dc79bf90ed3b2329a4817973f45a970490d063366fa780b33837d9ebb4b18498,0+1,2,17,25,90
heldout,483,dc79bf90ed3b2329a4817973f45a970490d063366fa780b33837d9ebb4b18498,0+2,0,0,5,25
heldout,483,dc79bf90ed3b2329a4817973f45a970490d063366fa780b33837d9ebb4b18498,1+2,0,0,24,93
heldout,483,dc79bf90ed3b2329a4817973f45a970490d063366fa780b33837d9ebb4b18498,0+1+2,0,0,0,15
heldout,484,5c99043564b0820c7bf12d0a4e758c93e2da6373e9c2fa56bf179298405ee4b5,0+1,0,12,12,35
heldout,484,5c99043564b0820c7bf12d0a4e758c93e2da6373e9c2fa56bf179298405ee4b5,0+2,0,9,9,15
heldout,484,5c99043564b0820c7bf12d0a4e758c93e2da6373e9c2fa56bf179298405ee4b5,1+2,0,10,12,25
heldout,484,5c99043564b0820c7bf12d0a4e758c93e2da6373e9c2fa56bf179298405ee4b5,0+1+2,0,9,9,15
heldout,485,5d45c953f8c8ae8b76700434cda382229414ba98b76675fd3c28f73e53d67402,0+1,8,10,27,94
heldout,485,5d45c953f8c8ae8b76700434cda382229414ba98b76675fd3c28f73e53d67402,0+2,0,0,10,24
heldout,485,5d45c953f8c8ae8b76700434cda382229414ba98b76675fd3c28f73e53d67402,1+2,0,0,28,90
heldout,485,5d45c953f8c8ae8b76700434cda382229414ba98b76675fd3c28f73e53d67402,0+1+2,0,0,9,18
heldout,486,75a735bded94a13cb47784c472ed06f9d7697ea503c9a1703de2d84b025a3d4e,0+1,0,5,18,96
heldout,486,75a735bded94a13cb47784c472ed06f9d7697ea503c9a1703de2d84b025a3d4e,0+2,3,9,9,31
heldout,486,75a735bded94a13cb47784c472ed06f9d7697ea503c9a1703de2d84b025a3d4e,1+2,3,13,22,93
heldout,486,75a735bded94a13cb47784c472ed06f9d7697ea503c9a1703de2d84b025a3d4e,0+1+2,0,5,5,23
heldout,487,a6f40aeb7192324108247e1255f0af424203aebc2d6a26fdb107d169828e7a48,0+1,1,2,22,89
heldout,487,a6f40aeb7192324108247e1255f0af424203aebc2d6a26fdb107d169828e7a48,0+2,5,9,9,36
heldout,487,a6f40aeb7192324108247e1255f0af424203aebc2d6a26fdb107d169828e7a48,1+2,4,9,29,97
heldout,487,a6f40aeb7192324108247e1255f0af424203aebc2d6a26fdb107d169828e7a48,0+1+2,1,2,2,22
heldout,488,25158c3aa4f11eb364cd1f0fa30708677b9c9c07ddd801003da11574e0a0bc47,0+1,0,1,9,36
heldout,488,25158c3aa4f11eb364cd1f0fa30708677b9c9c07ddd801003da11574e0a0bc47,0+2,0,0,0,21
heldout,488,25158c3aa4f11eb364cd1f0fa30708677b9c9c07ddd801003da11574e0a0bc47,1+2,0,10,11,37
heldout,488,25158c3aa4f11eb364cd1f0fa30708677b9c9c07ddd801003da11574e0a0bc47,0+1+2,0,0,0,20
heldout,489,516042d2c4652e29173534edfe76a6c2e8a45ad6b95323bb3b9cf0576b7173b3,0+1,0,0,0,0
heldout,489,516042d2c4652e29173534edfe76a6c2e8a45ad6b95323bb3b9cf0576b7173b3,0+2,0,0,0,0
heldout,489,516042d2c4652e29173534edfe76a6c2e8a45ad6b95323bb3b9cf0576b7173b3,1+2,0,0,0,0
heldout,489,516042d2c4652e29173534edfe76a6c2e8a45ad6b95323bb3b9cf0576b7173b3,0+1+2,0,0,0,0
heldout,490,b48fec131fe337f554376490b7bd045935ca85fb54447b9c14250dde696124de,0+1,0,12,12,42
heldout,490,b48fec131fe337f554376490b7bd045935ca85fb54447b9c14250dde696124de,0+2,0,2,2,21
heldout,490,b48fec131fe337f554376490b7bd045935ca85fb54447b9c14250dde696124de,1+2,0,3,11,44
heldout,490,b48fec131fe337f554376490b7bd045935ca85fb54447b9c14250dde696124de,0+1+2,0,2,2,20
heldout,491,e1a40d88e2fc49636a082f22000b686826e9de38f467fed6a27ec8222fd20034,0+1,2,5,11,31
heldout,491,e1a40d88e2fc49636a082f22000b686826e9de38f467fed6a27ec8222fd20034,0+2,0,0,0,12
heldout,491,e1a40d88e2fc49636a082f22000b686826e9de38f467fed6a27ec8222fd20034,1+2,0,5,11,24
heldout,491,e1a40d88e2fc49636a082f22000b686826e9de38f467fed6a27ec8222fd20034,0+1+2,0,0,0,12
heldout,492,4501ce0d04acb671725adcc057bdb41c7b37607e1d102697311555d61cfb9a65,0+1,0,2,9,40
heldout,492,4501ce0d04acb671725adcc057bdb41c7b37607e1d102697311555d61cfb9a65,0+2,0,0,5,24
heldout,492,4501ce0d04acb671725adcc057bdb41c7b37607e1d102697311555d61cfb9a65,1+2,0,1,11,43
heldout,492,4501ce0d04acb671725adcc057bdb41c7b37607e1d102697311555d61cfb9a65,0+1+2,0,0,5,23
heldout,493,118224badde16adf2d963740f3953dceef208b437d64294db296a1ebc4025bca,0+1,12,25,25,79
heldout,493,118224badde16adf2d963740f3953dceef208b437d64294db296a1ebc4025bca,0+2,4,8,8,33
heldout,493,118224badde16adf2d963740f3953dceef208b437d64294db296a1ebc4025bca,1+2,4,8,14,70
heldout,493,118224badde16adf2d963740f3953dceef208b437d64294db296a1ebc4025bca,0+1+2,4,8,8,29
heldout,494,172032ee46b43a3d1b4634d549ceab9dfab247c7e57b4e011ad00ad00f234217,0+1,0,2,15,69
heldout,494,172032ee46b43a3d1b4634d549ceab9dfab247c7e57b4e011ad00ad00f234217,0+2,0,0,11,27
heldout,494,172032ee46b43a3d1b4634d549ceab9dfab247c7e57b4e011ad00ad00f234217,1+2,8,8,19,73
heldout,494,172032ee46b43a3d1b4634d549ceab9dfab247c7e57b4e011ad00ad00f234217,0+1+2,0,0,8,21
heldout,495,af0c99eb52a689d743ff4f8fd6211bfc9859e4872cb7971791432ff06fa508e9,0+1,0,2,15,73
heldout,495,af0c99eb52a689d743ff4f8fd6211bfc9859e4872cb7971791432ff06fa508e9,0+2,0,0,9,24
heldout,495,af0c99eb52a689d743ff4f8fd6211bfc9859e4872cb7971791432ff06fa508e9,1+2,4,5,21,82
heldout,495,af0c99eb52a689d743ff4f8fd6211bfc9859e4872cb7971791432ff06fa508e9,0+1+2,0,0,5,17
heldout,496,7bfbed8d7e4ea44456d182d34e598dc2753d4281992ebce97ad366cd78c0f767,0+1,0,8,8,46
heldout,496,7bfbed8d7e4ea44456d182d34e598dc2753d4281992ebce97ad366cd78c0f767,0+2,0,9,9,21
heldout,496,7bfbed8d7e4ea44456d182d34e598dc2753d4281992ebce97ad366cd78c0f767,1+2,0,6,12,48
heldout,496,7bfbed8d7e4ea44456d182d34e598dc2753d4281992ebce97ad366cd78c0f767,0+1+2,0,6,6,18
heldout,497,ab6eda39b16882ec03f46de08915487e5dea75ed3d741d0b5b185b8c708192a2,0+1,0,12,12,41
heldout,497,ab6eda39b16882ec03f46de08915487e5dea75ed3d741d0b5b185b8c708192a2,0+2,0,5,5,11
heldout,497,ab6eda39b16882ec03f46de08915487e5dea75ed3d741d0b5b185b8c708192a2,1+2,0,5,10,29
heldout,497,ab6eda39b16882ec03f46de08915487e5dea75ed3d741d0b5b185b8c708192a2,0+1+2,0,5,5,11
heldout,498,e8ab511fc026509b8235aa5b5b0c9a4d37b5207ed553bc4db12220b8b5ea3796,0+1,0,6,20,88
heldout,498,e8ab511fc026509b8235aa5b5b0c9a4d37b5207ed553bc4db12220b8b5ea3796,0+2,5,5,6,26
heldout,498,e8ab511fc026509b8235aa5b5b0c9a4d37b5207ed553bc4db12220b8b5ea3796,1+2,0,5,15,88
heldout,498,e8ab511fc026509b8235aa5b5b0c9a4d37b5207ed553bc4db12220b8b5ea3796,0+1+2,0,0,0,13
heldout,499,669031e5308869f72ba68bbdb1974201184501a97669d7e81c85006f884fdf91,0+1,9,18,24,82
heldout,499,669031e5308869f72ba68bbdb1974201184501a97669d7e81c85006f884fdf91,0+2,0,7,7,26
heldout,499,669031e5308869f72ba68bbdb1974201184501a97669d7e81c85006f884fdf91,1+2,0,5,18,84
heldout,499,669031e5308869f72ba68bbdb1974201184501a97669d7e81c85006f884fdf91,0+1+2,0,5,5,15
heldout,500,78683747d05a6455950e30b29c99f158be2dd8383f4e57afbfa0e153ff0812fe,0+1,0,0,9,37
heldout,500,78683747d05a6455950e30b29c99f158be2dd8383f4e57afbfa0e153ff0812fe,0+2,0,0,2,20
heldout,500,78683747d05a6455950e30b29c99f158be2dd8383f4e57afbfa0e153ff0812fe,1+2,0,0,11,46
heldout,500,78683747d05a6455950e30b29c99f158be2dd8383f4e57afbfa0e153ff0812fe,0+1+2,0,0,2,17
heldout,501,e8e06f2da77bf9c15ecca3b3923f7fa5282ad92e06b1a417fcb87bd7917176b7,0+1,5,9,18,90
heldout,501,e8e06f2da77bf9c15ecca3b3923f7fa5282ad92e06b1a417fcb87bd7917176b7,0+2,0,0,8,21
heldout,501,e8e06f2da77bf9c15ecca3b3923f7fa5282ad92e06b1a417fcb87bd7917176b7,1+2,0,2,17,90
heldout,501,e8e06f2da77bf9c15ecca3b3923f7fa5282ad92e06b1a417fcb87bd7917176b7,0+1+2,0,0,5,16
heldout,502,9aebddcf6b5308b04837c91dc0565d00125c8458b3f4e4e54be03dc5826fe801,0+1,0,0,0,14
heldout,502,9aebddcf6b5308b04837c91dc0565d00125c8458b3f4e4e54be03dc5826fe801,0+2,0,0,0,12
heldout,502,9aebddcf6b5308b04837c91dc0565d00125c8458b3f4e4e54be03dc5826fe801,1+2,0,0,0,18
heldout,502,9aebddcf6b5308b04837c91dc0565d00125c8458b3f4e4e54be03dc5826fe801,0+1+2,0,0,0,12
heldout,503,25a7d8677471bc5bee1f349c6e859fefbd0d7eb7cbf5072c27e3beb27a8bb8ee,0+1,9,10,25,88
heldout,503,25a7d8677471bc5bee1f349c6e859fefbd0d7eb7cbf5072c27e3beb27a8bb8ee,0+2,0,0,8,27
heldout,503,25a7d8677471bc5bee1f349c6e859fefbd0d7eb7cbf5072c27e3beb27a8bb8ee,1+2,0,5,18,82
heldout,503,25a7d8677471bc5bee1f349c6e859fefbd0d7eb7cbf5072c27e3beb27a8bb8ee,0+1+2,0,0,6,18
heldout,504,d35e37e607d30df36fefc7dc07d36138e3ea283b7abda7333e6ef01dfc531caa,0+1,0,0,13,60
heldout,504,d35e37e607d30df36fefc7dc07d36138e3ea283b7abda7333e6ef01dfc531caa,0+2,0,0,4,26
heldout,504,d35e37e607d30df36fefc7dc07d36138e3ea283b7abda7333e6ef01dfc531caa,1+2,10,10,20,71
heldout,504,d35e37e607d30df36fefc7dc07d36138e3ea283b7abda7333e6ef01dfc531caa,0+1+2,0,0,2,17
heldout,505,35c6a963ae7448592281f9a76c389a6607485ed925142fea5e49cffd921a509c,0+1,11,11,19,47
heldout,505,35c6a963ae7448592281f9a76c389a6607485ed925142fea5e49cffd921a509c,0+2,1,1,10,22
heldout,505,35c6a963ae7448592281f9a76c389a6607485ed925142fea5e49cffd921a509c,1+2,2,2,14,49
heldout,505,35c6a963ae7448592281f9a76c389a6607485ed925142fea5e49cffd921a509c,0+1+2,1,1,8,20
heldout,506,08a762b4f918027fb93dc90db07eb70951485d580c230b5152cf88218bdd979e,0+1,0,4,8,42
heldout,506,08a762b4f918027fb93dc90db07eb70951485d580c230b5152cf88218bdd979e,0+2,0,0,4,21
heldout,506,08a762b4f918027fb93dc90db07eb70951485d580c230b5152cf88218bdd979e,1+2,0,0,12,47
heldout,506,08a762b4f918027fb93dc90db07eb70951485d580c230b5152cf88218bdd979e,0+1+2,0,0,4,21
heldout,507,ceda4ab455175b7d5464713d589e631210add8259794e8312ddc4d8bbd1a5717,0+1,0,0,12,23
heldout,507,ceda4ab455175b7d5464713d589e631210add8259794e8312ddc4d8bbd1a5717,0+2,0,0,12,12
heldout,507,ceda4ab455175b7d5464713d589e631210add8259794e8312ddc4d8bbd1a5717,1+2,0,0,14,26
heldout,507,ceda4ab455175b7d5464713d589e631210add8259794e8312ddc4d8bbd1a5717,0+1+2,0,0,12,12
heldout,508,ad5ed538add63a12e8a294483df432b7dee3b9c6b0f0db6f756525694016e50b,0+1,12,14,22,53
heldout,508,ad5ed538add63a12e8a294483df432b7dee3b9c6b0f0db6f756525694016e50b,0+2,12,12,15,35
heldout,508,ad5ed538add63a12e8a294483df432b7dee3b9c6b0f0db6f756525694016e50b,1+2,14,18,25,53
heldout,508,ad5ed538add63a12e8a294483df432b7dee3b9c6b0f0db6f756525694016e50b,0+1+2,12,12,15,35
heldout,509,952d217b2b81e86ea1de0ff20d93bbfda7637815a616d2642a9db49844ea1375,0+1,0,0,0,18
heldout,509,952d217b2b81e86ea1de0ff20d93bbfda7637815a616d2642a9db49844ea1375,0+2,0,0,0,10
heldout,509,952d217b2b81e86ea1de0ff20d93bbfda7637815a616d2642a9db49844ea1375,1+2,0,0,0,10
heldout,509,952d217b2b81e86ea1de0ff20d93bbfda7637815a616d2642a9db49844ea1375,0+1+2,0,0,0,9
heldout,510,c64c2d84cccb761fa719f21fb86205d8f70db6905859e518608c0cbf1fcf9e47,0+1,0,0,24,75
heldout,510,c64c2d84cccb761fa719f21fb86205d8f70db6905859e518608c0cbf1fcf9e47,0+2,0,0,12,32
heldout,510,c64c2d84cccb761fa719f21fb86205d8f70db6905859e518608c0cbf1fcf9e47,1+2,0,0,25,78
heldout,510,c64c2d84cccb761fa719f21fb86205d8f70db6905859e518608c0cbf1fcf9e47,0+1+2,0,0,12,25
heldout,511,837e1a4fd2895c6e43d5a0e09770534724fcac847c5a62ea97eb3c898012f815,0+1,5,12,21,85
heldout,511,837e1a4fd2895c6e43d5a0e09770534724fcac847c5a62ea97eb3c898012f815,0+2,0,0,4,27
heldout,511,837e1a4fd2895c6e43d5a0e09770534724fcac847c5a62ea97eb3c898012f815,1+2,0,9,21,83
heldout,511,837e1a4fd2895c6e43d5a0e09770534724fcac847c5a62ea97eb3c898012f815,0+1+2,0,0,1,19
