source_channel,reference_frequency_mhz,best_drift_hz_s,robust_track_score
739495,8419.320592191070,-3.938775510204,10.218754129
739496,8419.320589397103,-3.928571428571,10.783881354
739498,8419.320583809167,-3.908163265306,11.285044425
739499,8419.320581015199,-3.887755102041,10.747257429
739503,8419.320569839329,-3.846938775510,10.161103409
739506,8419.320561457425,-3.816326530612,10.173616407
739507,8419.320558663458,-3.806122448980,10.262344343
739508,8419.320555869490,-3.785714285714,10.489000955
739515,8419.320536311716,-3.714285714286,10.556044512
739520,8419.320522341877,-3.897959183673,11.008031747
739521,8419.320519547909,-3.887755102041,11.498364345
739525,8419.320508372039,-3.591836734694,10.256324228
739527,8419.320502784103,-3.571428571429,10.629962509
739528,8419.320499990135,-3.561224489796,10.422114140
739530,8419.320494402200,-3.540816326531,10.517051378
739531,8419.320491608232,-3.530612244898,10.903677050
739535,8419.320480432361,-3.489795918367,10.013186249
739542,8419.320460874587,-3.418367346939,11.540795274
739543,8419.320458080620,-3.408163265306,10.486664856
739544,8419.320455286652,-3.397959183673,10.604941987
739545,8419.320452492684,-3.387755102041,10.489779549
739546,8419.320449698716,-3.377551020408,10.204754614
739547,8419.320446904749,-3.367346938776,10.463688113
739548,8419.320444110781,-3.357142857143,11.603870372
739549,8419.320441316813,-3.346938775510,11.144253692
739556,8419.320421759039,-3.734693877551,10.709068546
739557,8419.320418965071,-3.724489795918,10.358489271
739558,8419.320416171104,-3.714285714286,10.331652185
739559,8419.320413377136,-3.989795918367,11.761493557
739560,8419.320410583168,-3.979591836735,13.079202949
739561,8419.320407789201,-4.000000000000,12.605447223
739562,8419.320404995233,-3.193877551020,11.132493737
739563,8419.320402201265,-3.948979591837,12.390698530
739564,8419.320399407297,-3.928571428571,12.748031124
739565,8419.320396613330,-3.908163265306,11.481836837
739566,8419.320393819362,-3.928571428571,11.670888506
739567,8419.320391025394,-3.908163265306,11.996472517
739568,8419.320388231426,-3.897959183673,13.220657074
739569,8419.320385437459,-3.877551020408,13.543425482
739570,8419.320382643491,-3.836734693878,12.402133296
739571,8419.320379849523,-3.846938775510,11.245419301
739572,8419.320377055556,-3.836734693878,12.103321987
739573,8419.320374261588,-3.826530612245,11.506406537
739574,8419.320371467620,-3.816326530612,12.799127388
739575,8419.320368673652,-3.765306122449,11.342063760
739576,8419.320365879685,-3.785714285714,11.342562603
739577,8419.320363085717,-3.775510204082,11.360346026
739578,8419.320360291749,-3.734693877551,10.951000090
739579,8419.320357497782,-3.744897959184,10.149144700
739582,8419.320349115878,-3.673469387755,10.197547157
739583,8419.320346321911,-3.653061224490,11.322448211
739584,8419.320343527943,-3.989795918367,10.832063487
739585,8419.320340733975,-3.632653061224,10.440132762
739586,8419.320337940007,-3.622448979592,10.719589612
739587,8419.320335146040,-2.928571428571,10.581601894
739588,8419.320332352072,-3.928571428571,12.536466590
739589,8419.320329558104,-3.918367346939,12.616915185
739590,8419.320326764137,-3.897959183673,16.632106316
739591,8419.320323970169,-3.887755102041,17.650961607
739592,8419.320321176201,-3.877551020408,15.406917777
739593,8419.320318382233,-3.857142857143,13.920315136
739594,8419.320315588266,-3.836734693878,15.234201925
739595,8419.320312794298,-3.826530612245,13.884317952
739596,8419.320310000330,-3.816326530612,14.025485708
739597,8419.320307206362,-3.469387755102,13.069853803
739598,8419.320304412395,-3.448979591837,12.720114380
739599,8419.320301618427,-3.438775510204,11.841819474
739600,8419.320298824459,-3.428571428571,12.423482766
739601,8419.320296030492,-3.428571428571,10.971702776
739602,8419.320293236524,-3.724489795918,11.720344552
739603,8419.320290442556,-3.408163265306,12.698016655
739604,8419.320287648588,-3.387755102041,12.688958365
739605,8419.320284854621,-3.979591836735,11.969081020
739606,8419.320282060653,-3.367346938776,13.009154642
739607,8419.320279266685,-3.959183673469,14.472021807
739608,8419.320276472718,-3.948979591837,13.529357642
739609,8419.320273678750,-3.938775510204,17.782509571
739610,8419.320270884782,-3.928571428571,16.458556646
739611,8419.320268090814,-3.918367346939,16.305860333
739612,8419.320265296847,-3.908163265306,22.591750767
739613,8419.320262502879,-3.887755102041,18.655404970
739614,8419.320259708911,-3.877551020408,18.669480039
739615,8419.320256914943,-3.867346938776,18.325180052
739616,8419.320254120976,-3.857142857143,19.330769143
739617,8419.320251327008,-3.846938775510,18.887181581
739618,8419.320248533040,-3.826530612245,17.238425111
739619,8419.320245739073,-3.816326530612,16.998613671
739620,8419.320242945105,-3.173469387755,13.072038840
739621,8419.320240151137,-3.163265306122,13.431866982
739622,8419.320237357169,-3.734693877551,11.810897689
739623,8419.320234563202,-3.132653061224,13.010410615
739624,8419.320231769234,-3.775510204082,13.517471503
739625,8419.320228975266,-3.102040816327,12.227901974
739626,8419.320226181298,-3.755102040816,12.854579249
739627,8419.320223387331,-3.734693877551,13.973035996
739628,8419.320220593363,-3.724489795918,14.407879284
739629,8419.320217799395,-3.704081632653,13.166888763
739630,8419.320215005428,-3.010204081633,12.225726354
739631,8419.320212211460,-3.693877551020,12.526821312
739632,8419.320209417492,-3.938775510204,12.867749337
739633,8419.320206623524,-3.918367346939,13.823123975
739634,8419.320203829557,-3.918367346939,18.320221142
739635,8419.320201035589,-3.908163265306,18.650669848
739636,8419.320198241621,-3.887755102041,17.821833059
739637,8419.320195447654,-3.887755102041,15.945467397
739638,8419.320192653686,-3.857142857143,15.372215607
739639,8419.320189859718,-3.846938775510,14.126401182
739640,8419.320187065750,-3.591836734694,13.255254183
739641,8419.320184271783,-3.571428571429,12.602356817
739642,8419.320181477815,-3.561224489796,13.856964852
739643,8419.320178683847,-3.561224489796,13.722409170
739644,8419.320175889879,-3.540816326531,14.546367079
739645,8419.320173095912,-3.346938775510,14.108614859
739646,8419.320170301944,-3.326530612245,15.997424352
739647,8419.320167507976,-3.316326530612,17.912991214
739648,8419.320164714009,-3.306122448980,17.048495842
739649,8419.320161920041,-3.295918367347,16.702274360
739650,8419.320159126073,-3.285714285714,16.894859033
739651,8419.320156332105,-3.255102040816,14.662361355
739652,8419.320153538138,-3.244897959184,15.051977195
739653,8419.320150744170,-3.234693877551,13.842709756
739654,8419.320147950202,-3.438775510204,13.497942316
739655,8419.320145156235,-3.418367346939,13.599615836
739656,8419.320142362267,-3.928571428571,13.239507796
739657,8419.320139568299,-3.918367346939,13.522639352
739658,8419.320136774331,-3.397959183673,14.233624624
739659,8419.320133980364,-3.387755102041,14.727947812
739660,8419.320131186396,-3.377551020408,15.566745827
739661,8419.320128392428,-3.367346938776,15.479553381
739662,8419.320125598460,-3.357142857143,14.192345106
739663,8419.320122804493,-3.346938775510,17.453121044
739664,8419.320120010525,-3.336734693878,18.087979431
739665,8419.320117216557,-3.326530612245,21.970434056
739666,8419.320114422590,-3.306122448980,20.859810673
739667,8419.320111628622,-3.285714285714,21.174578979
739668,8419.320108834654,-3.275510204082,20.964006065
739669,8419.320106040686,-3.265306122449,19.104202373
739670,8419.320103246719,-3.255102040816,17.540505003
739671,8419.320100452751,-3.244897959184,13.773365196
739672,8419.320097658783,-2.908163265306,14.659631766
739673,8419.320094864815,-2.897959183673,13.701682897
739674,8419.320092070848,-2.867346938776,13.745871447
739675,8419.320089276880,-3.438775510204,14.868874474
739676,8419.320086482912,-3.428571428571,15.006529498
739677,8419.320083688945,-3.193877551020,13.230068649
739678,8419.320080894977,-3.969387755102,16.929323332
739679,8419.320078101009,-3.948979591837,16.386214440
739680,8419.320075307041,-3.928571428571,19.418056028
739681,8419.320072513074,-3.908163265306,18.463893447
739682,8419.320069719106,-3.897959183673,19.437405751
739683,8419.320066925138,-3.867346938776,18.502340529
739684,8419.320064131171,-3.857142857143,19.703278209
739685,8419.320061337203,-3.836734693878,20.689674836
739686,8419.320058543235,-3.806122448980,18.707945313
739687,8419.320055749267,-2.908163265306,16.321064842
739688,8419.320052955300,-3.285714285714,17.683423546
739689,8419.320050161332,-2.867346938776,15.590993729
739690,8419.320047367364,-2.857142857143,15.640283217
739691,8419.320044573396,-3.030612244898,14.444492132
739692,8419.320041779429,-3.234693877551,13.783653849
739693,8419.320038985461,-2.785714285714,13.980900706
739694,8419.320036191493,-2.765306122449,13.793467915
739695,8419.320033397526,-2.755102040816,14.058731106
739696,8419.320030603558,-2.744897959184,14.529948813
739697,8419.320027809590,-3.489795918367,14.188246427
739698,8419.320025015622,-3.500000000000,14.954735635
739699,8419.320022221655,-3.153061224490,15.243330196
739700,8419.320019427687,-3.142857142857,14.975855389
739701,8419.320016633719,-3.122448979592,13.033599235
739702,8419.320013839751,-3.112244897959,13.642959795
739703,8419.320011045784,-2.908163265306,17.352739219
739704,8419.320008251816,-3.316326530612,18.275566515
739705,8419.320005457848,-3.306122448980,18.222431800
739706,8419.320002663881,-2.877551020408,19.207556815
739707,8419.319999869913,-3.275510204082,18.775464716
739708,8419.319997075945,-2.846938775510,17.011708877
739709,8419.319994281977,-2.826530612245,15.481538107
739710,8419.319991488010,-2.836734693878,15.538386944
739711,8419.319988694042,-2.816326530612,15.908137667
739712,8419.319985900074,-2.806122448980,16.939109860
739713,8419.319983106107,-2.795918367347,14.484778463
739714,8419.319980312139,-3.071428571429,13.314769098
739715,8419.319977518171,-2.775510204082,14.034121783
739716,8419.319974724203,-2.346938775510,14.823940869
739717,8419.319971930236,-2.602040816327,15.028042701
739718,8419.319969136268,-2.571428571429,16.150530206
739719,8419.319966342300,-2.102040816327,13.781852594
739720,8419.319963548332,-2.908163265306,23.263108097
739721,8419.319960754365,-2.897959183673,21.351555456
739722,8419.319957960397,-2.887755102041,21.233443540
739723,8419.319955166429,-2.867346938776,21.691583261
739724,8419.319952372462,-3.295918367347,18.945981100
739725,8419.319949578494,-3.285714285714,17.578400330
739726,8419.319946784526,-3.928571428571,20.205695036
739727,8419.319943990558,-3.908163265306,22.905505374
739728,8419.319941196591,-3.877551020408,19.995388234
739729,8419.319938402623,-3.877551020408,18.000757556
739730,8419.319935608655,-3.857142857143,16.274171897
739731,8419.319932814687,-3.836734693878,16.881237041
739732,8419.319930020720,-2.591836734694,22.693773903
739733,8419.319927226752,-2.581632653061,23.442511334
739734,8419.319924432784,-2.571428571429,23.276066745
739735,8419.319921638817,-2.561224489796,24.755058752
739736,8419.319918844849,-2.520408163265,16.379042514
739737,8419.319916050881,-2.540816326531,16.892979750
739738,8419.319913256913,-2.479591836735,17.206470289
739739,8419.319910462946,-2.459183673469,16.740934179
739740,8419.319907668978,-2.857142857143,17.804589710
739741,8419.319904875010,-2.826530612245,17.081000257
739742,8419.319902081043,-2.336734693878,21.174002573
739743,8419.319899287075,-2.316326530612,21.904830702
739744,8419.319896493107,-2.306122448980,20.040740478
739745,8419.319893699139,-2.295918367347,18.793648106
739746,8419.319890905172,-2.275510204082,16.945527737
739747,8419.319888111204,-2.591836734694,21.386195123
739748,8419.319885317236,-2.581632653061,22.160184630
739749,8419.319882523268,-2.571428571429,23.429727064
739750,8419.319879729301,-2.551020408163,25.357938395
739751,8419.319876935333,-3.897959183673,19.548041037
739752,8419.319874141365,-3.887755102041,17.671410011
739753,8419.319871347398,-2.908163265306,18.396680012
739754,8419.319868553430,-2.867346938776,18.828130667
739755,8419.319865759462,-2.846938775510,16.752091771
739756,8419.319862965494,-2.316326530612,22.756720701
739757,8419.319860171527,-2.316326530612,22.223000086
739758,8419.319857377559,-2.306122448980,23.641336379
739759,8419.319854583591,-1.938775510204,18.162603904
739760,8419.319851789623,-3.357142857143,17.207717122
739761,8419.319848995656,-2.275510204082,17.937294666
739762,8419.319846201688,-3.316326530612,20.739015845
739763,8419.319843407720,-3.285714285714,19.274063750
739764,8419.319840613753,-3.275510204082,19.683969870
739765,8419.319837819785,-2.234693877551,18.763808184
739766,8419.319835025817,-2.214285714286,20.006746091
739767,8419.319832231849,-2.357142857143,21.685026070
739768,8419.319829437882,-2.193877551020,20.967657480
739769,8419.319826643914,-2.326530612245,18.498785290
739770,8419.319823849946,-2.897959183673,18.826052820
739771,8419.319821055979,-2.163265306122,19.162672979
739772,8419.319818262011,-2.153061224490,19.747041597
739773,8419.319815468043,-2.142857142857,23.523237774
739774,8419.319812674075,-2.122448979592,23.603033101
739775,8419.319809880108,-2.122448979592,21.004142159
739776,8419.319807086140,-2.591836734694,21.045479693
739777,8419.319804292172,-2.561224489796,22.159133574
739778,8419.319801498204,-2.540816326531,21.533753552
739779,8419.319798704237,-2.520408163265,18.888826930
739780,8419.319795910269,-2.346938775510,18.591487126
739781,8419.319793116301,-2.336734693878,20.733143293
739782,8419.319790322334,-2.316326530612,20.359129098
739783,8419.319787528366,-1.755102040816,20.959070445
739784,8419.319784734398,-1.724489795918,20.027341300
739785,8419.319781940430,-2.142857142857,24.892602595
739786,8419.319779146463,-2.122448979592,21.175238017
739787,8419.319776352495,-1.989795918367,23.346660212
739788,8419.319773558527,-1.979591836735,28.885438549
739789,8419.319770764560,-1.959183673469,28.477910986
739790,8419.319767970592,-1.948979591837,23.151468376
739791,8419.319765176624,-1.846938775510,22.145387935
739792,8419.319762382656,-1.244897959184,18.577256598
739793,8419.319759588689,-1.367346938776,19.945832039
739794,8419.319756794721,-2.040816326531,18.316690833
739795,8419.319754000753,-2.316326530612,18.856683195
739796,8419.319751206785,-3.908163265306,22.071416102
739797,8419.319748412818,-3.887755102041,21.677283146
739798,8419.319745618850,-1.867346938776,20.447104314
739799,8419.319742824882,-1.979591836735,20.947578192
739800,8419.319740030915,-1.948979591837,21.722499365
739801,8419.319737236947,-1.836734693878,23.920585091
739802,8419.319734442979,-0.571428571429,22.748346009
739803,8419.319731649011,-0.561224489796,23.134281290
739804,8419.319728855044,-0.551020408163,24.342908216
739805,8419.319726061076,-0.540816326531,22.877660036
739806,8419.319723267108,-0.530612244898,27.245559523
739807,8419.319720473140,-0.520408163265,28.938631562
739808,8419.319717679173,-0.510204081633,29.433622957
739809,8419.319714885205,-0.500000000000,29.298353697
739810,8419.319712091237,-0.489795918367,29.197791978
739811,8419.319709297270,-0.479591836735,31.830128971
739812,8419.319706503302,-0.469387755102,41.214803553
739813,8419.319703709334,-0.459183673469,41.456366297
739814,8419.319700915366,-0.448979591837,43.813417917
739815,8419.319698121399,-0.438775510204,49.649174633
739816,8419.319695327431,-0.448979591837,54.071256434
739817,8419.319692533463,-0.418367346939,63.375761401
739818,8419.319689739496,-0.408163265306,86.517846506
739819,8419.319686945528,-0.397959183673,106.710532457
739820,8419.319684151560,-0.367346938776,110.582219593
739821,8419.319681357592,-0.357142857143,98.904928146
739822,8419.319678563625,-0.346938775510,76.435839432
739823,8419.319675769657,-0.336734693878,64.841955327
739824,8419.319672975689,-0.316326530612,55.091512163
739825,8419.319670181721,-0.306122448980,49.332004820
739826,8419.319667387754,-0.295918367347,48.039498741
739827,8419.319664593786,-0.275510204082,40.721990271
739828,8419.319661799818,-0.265306122449,36.848696676
739829,8419.319659005851,-0.244897959184,34.408649220
739830,8419.319656211883,-0.224489795918,35.464175225
739831,8419.319653417915,-0.234693877551,29.861117979
739832,8419.319650623947,-0.193877551020,28.860697730
739833,8419.319647829980,-0.214285714286,26.909936587
739834,8419.319645036012,-0.224489795918,27.194956643
739835,8419.319642242044,-0.183673469388,29.014986067
739836,8419.319639448076,-0.204081632653,26.694130581
739837,8419.319636654109,-0.122448979592,25.926926278
739838,8419.319633860141,-0.112244897959,25.215750414
739839,8419.319631066173,-0.173469387755,22.955668297
739840,8419.319628272206,-0.163265306122,24.727266750
739841,8419.319625478238,-0.153061224490,23.886569486
739842,8419.319622684270,-0.142857142857,24.890738723
739843,8419.319619890302,-0.132653061224,24.548947906
739844,8419.319617096335,-0.122448979592,25.044697044
739845,8419.319614302367,-0.112244897959,21.785597177
739846,8419.319611508399,-0.102040816327,21.130551580
739847,8419.319608714432,-0.091836734694,21.682680108
739848,8419.319605920464,-0.081632653061,23.093972954
739849,8419.319603126496,-0.051020408163,22.140162642
739850,8419.319600332528,-0.040816326531,23.952803416
739851,8419.319597538561,-0.040816326531,20.942897432
739852,8419.319594744593,-1.275510204082,24.209934098
739853,8419.319591950625,-1.255102040816,20.888981990
739854,8419.319589156657,-0.428571428571,20.998965346
739855,8419.319586362690,-1.244897959184,21.119076957
739856,8419.319583568722,0.010204081633,22.301668098
739857,8419.319580774754,0.030612244898,24.320375068
739858,8419.319577980787,0.030612244898,23.202087698
739859,8419.319575186819,0.040816326531,21.922512243
739860,8419.319572392851,-1.193877551020,21.910258429
739861,8419.319569598883,0.081632653061,22.632975192
739862,8419.319566804916,-1.173469387755,22.017251116
739863,8419.319564010948,-1.163265306122,21.444478266
739864,8419.319561216980,-1.214285714286,22.444575882
739865,8419.319558423012,-1.204081632653,21.382630309
739866,8419.319555629045,0.122448979592,22.540070658
739867,8419.319552835077,-1.112244897959,20.431011170
739868,8419.319550041109,-1.102040816327,22.197443810
739869,8419.319547247142,-1.091836734694,25.247757429
739870,8419.319544453174,-1.081632653061,23.395576190
739871,8419.319541659206,-1.071428571429,23.561083723
739872,8419.319538865238,0.193877551020,22.337494068
739873,8419.319536071271,-1.051020408163,21.736420763
739874,8419.319533277303,0.204081632653,21.162200479
739875,8419.319530483335,0.234693877551,21.340285677
739876,8419.319527689368,-1.020408163265,22.715516532
739877,8419.319524895400,-1.010204081633,25.281029756
739878,8419.319522101432,-0.989795918367,22.436836774
739879,8419.319519307464,0.214285714286,22.905086475
739880,8419.319516513497,0.285714285714,23.638833854
739881,8419.319513719529,-0.959183673469,22.542075996
739882,8419.319510925561,-0.948979591837,21.351808319
739883,8419.319508131593,0.316326530612,21.182495864
739884,8419.319505337626,0.326530612245,23.276707077
739885,8419.319502543658,-0.918367346939,20.201515501
739886,8419.319499749690,-0.908163265306,20.795635659
739887,8419.319496955723,0.357142857143,20.285700783
739888,8419.319494161755,0.367346938776,22.009423650
739889,8419.319491367787,0.448979591837,21.830635785
739890,8419.319488573819,0.377551020408,23.345787691
739891,8419.319485779852,0.397959183673,23.392166553
739892,8419.319482985884,0.408163265306,21.418478571
739893,8419.319480191916,-0.816326530612,21.186391470
739894,8419.319477397949,0.367346938776,20.063733918
739895,8419.319474603981,0.397959183673,24.527851871
739896,8419.319471810013,0.408163265306,22.190109491
739897,8419.319469016045,-0.775510204082,23.893151958
739898,8419.319466222078,0.469387755102,23.173556296
739899,8419.319463428110,0.479591836735,22.403431277
739900,8419.319460634142,0.500000000000,22.654430894
739901,8419.319457840174,0.500000000000,20.949650198
739902,8419.319455046207,0.510204081633,22.249373631
739903,8419.319452252239,0.520408163265,24.524119449
739904,8419.319449458271,0.540816326531,21.551485082
739905,8419.319446664304,-0.734693877551,24.061975959
739906,8419.319443870336,0.510204081633,21.197915319
739907,8419.319441076368,0.520408163265,22.868062911
739908,8419.319438282400,-0.663265306122,22.095876657
739909,8419.319435488433,-0.642857142857,23.161983414
739910,8419.319432694465,-0.673469387755,23.569239826
739911,8419.319429900497,0.612244897959,23.593539113
739912,8419.319427106529,0.632653061224,22.668546044
739913,8419.319424312562,0.642857142857,22.557738819
739914,8419.319421518594,-0.622448979592,20.888614739
739915,8419.319418724626,0.663265306122,22.458019019
739916,8419.319415930659,0.673469387755,22.492057242
739917,8419.319413136691,-0.591836734694,28.454119558
739918,8419.319410342723,-0.561224489796,27.178837062
739919,8419.319407548755,-0.551020408163,25.050279941
739920,8419.319404754788,-0.551020408163,25.379273941
739921,8419.319401960820,-0.540816326531,27.397746573
739922,8419.319399166852,-0.530612244898,27.658530525
739923,8419.319396372885,-0.510204081633,28.430606163
739924,8419.319393578917,-0.510204081633,30.341737828
739925,8419.319390784949,-0.479591836735,34.446062862
739926,8419.319387990981,-0.469387755102,39.002052566
739927,8419.319385197014,-0.459183673469,40.283776267
739928,8419.319382403046,-0.448979591837,43.052810815
739929,8419.319379609078,-0.438775510204,46.628536005
739930,8419.319376815110,-0.438775510204,53.461181372
739931,8419.319374021143,-0.448979591837,61.655427755
739932,8419.319371227175,-0.408163265306,86.346060116
739933,8419.319368433207,-0.397959183673,114.434058739
739934,8419.319365639240,-0.387755102041,110.418983163
739935,8419.319362845272,-0.367346938776,106.386899633
739936,8419.319360051304,-0.357142857143,84.201196309
739937,8419.319357257336,-0.336734693878,72.361792308
739938,8419.319354463369,-0.326530612245,65.602464122
739939,8419.319351669401,-0.316326530612,46.912363474
739940,8419.319348875433,-0.306122448980,41.705569212
739941,8419.319346081465,-0.295918367347,40.268644209
739942,8419.319343287498,-0.255102040816,36.897314820
739943,8419.319340493530,-0.244897959184,30.080194584
739944,8419.319337699562,-0.224489795918,28.462862204
739945,8419.319334905595,-0.255102040816,27.681167891
739946,8419.319332111627,-0.193877551020,24.485962850
739947,8419.319329317659,1.397959183673,23.090378567
739948,8419.319326523691,-0.224489795918,22.293256605
739949,8419.319323729724,-0.214285714286,23.595731452
739950,8419.319320935756,-0.204081632653,23.534781463
739951,8419.319318141788,-0.193877551020,24.724182846
739952,8419.319315347821,0.346938775510,21.235525907
739953,8419.319312553853,0.989795918367,24.256243184
739954,8419.319309759885,1.081632653061,26.189561229
739955,8419.319306965917,1.091836734694,22.304213160
739956,8419.319304171950,1.224489795918,21.906992355
739957,8419.319301377982,0.551020408163,21.780792930
739958,8419.319298584014,0.826530612245,21.956261393
739959,8419.319295790046,0.622448979592,20.445012556
739960,8419.319292996079,0.653061224490,22.736002288
739961,8419.319290202111,0.673469387755,22.128018090
739962,8419.319287408143,1.061224489796,23.449844189
739963,8419.319284614176,1.071428571429,26.131181073
739964,8419.319281820208,1.102040816327,26.784944758
739965,8419.319279026240,1.214285714286,25.891004672
739966,8419.319276232272,1.214285714286,29.029014185
739967,8419.319273438305,0.918367346939,22.257593028
739968,8419.319270644337,1.367346938776,21.983877681
739969,8419.319267850369,1.377551020408,24.068533611
739970,8419.319265056401,1.051020408163,19.283835775
739971,8419.319262262434,1.071428571429,19.953774248
739972,8419.319259468466,1.102040816327,22.001242997
739973,8419.319256674498,1.581632653061,24.618920254
739974,8419.319253880531,1.183673469388,26.916807876
739975,8419.319251086563,1.214285714286,25.337261704
739976,8419.319248292595,1.224489795918,22.338283863
739977,8419.319245498627,1.806122448980,22.283703856
739978,8419.319242704660,1.346938775510,26.831961262
739979,8419.319239910692,1.367346938776,26.779732760
739980,8419.319237116724,1.377551020408,21.163366958
739981,8419.319234322757,1.387755102041,18.092143529
739982,8419.319231528789,2.102040816327,18.604799938
739983,8419.319228734821,1.540816326531,25.392464267
739984,8419.319225940853,1.561224489796,24.539156373
739985,8419.319223146886,1.581632653061,20.546793259
739986,8419.319220352918,1.591836734694,21.775630222
739987,8419.319217558950,1.693877551020,17.938925652
739988,8419.319214764982,1.459183673469,17.791390330
739989,8419.319211971015,1.469387755102,18.377295738
739990,8419.319209177047,1.795918367347,23.190476031
739991,8419.319206383079,2.520408163265,21.046994912
739992,8419.319203589112,2.540816326531,22.128593652
739993,8419.319200795144,1.397959183673,18.572374386
739994,8419.319198001176,1.520408163265,17.764519088
739995,8419.319195207208,1.989795918367,18.965685827
739996,8419.319192413241,1.540816326531,24.056295529
739997,8419.319189619273,2.071428571429,25.600324216
739998,8419.319186825305,2.091836734694,24.568467118
739999,8419.319184031337,2.132653061224,23.403264382
740000,8419.319181237370,2.132653061224,20.081942912
740001,8419.319178443402,1.612244897959,18.268566415
740002,8419.319175649434,3.112244897959,19.363326885
740003,8419.319172855467,3.132653061224,20.927279709
740004,8419.319170061499,3.153061224490,21.006457778
740005,8419.319167267531,1.806122448980,21.865938554
740006,8419.319164473563,1.826530612245,20.847229319
740007,8419.319161679596,1.836734693878,18.597152532
740008,8419.319158885628,2.489795918367,21.968973687
740009,8419.319156091660,2.510204081633,22.085729427
740010,8419.319153297693,1.551020408163,19.007203964
740011,8419.319150503725,1.581632653061,20.155002911
740012,8419.319147709757,1.714285714286,17.618071132
740013,8419.319144915789,1.724489795918,16.688877388
740014,8419.319142121822,1.744897959184,16.232330624
740015,8419.319139327854,2.122448979592,17.481454823
740016,8419.319136533886,2.795918367347,16.155058043
740017,8419.319133739918,2.142857142857,15.524192031
740018,8419.319130945951,1.785714285714,16.382070555
740019,8419.319128151983,1.795918367347,21.384770475
740020,8419.319125358015,1.806122448980,22.531401182
740021,8419.319122564048,1.826530612245,22.925379017
740022,8419.319119770080,3.040816326531,21.537524352
740023,8419.319116976112,3.061224489796,21.971851462
740024,8419.319114182144,3.102040816327,21.110964189
740025,8419.319111388177,3.112244897959,17.003308404
740026,8419.319108594209,3.122448979592,16.376716139
740027,8419.319105800241,2.489795918367,19.378116300
740028,8419.319103006274,2.510204081633,19.126297351
740029,8419.319100212306,2.551020408163,19.598655583
740030,8419.319097418338,2.561224489796,19.537493404
740031,8419.319094624370,2.091836734694,18.785503337
740032,8419.319091830403,2.122448979592,19.507399783
740033,8419.319089036435,2.132653061224,19.720051705
740034,8419.319086242467,2.622448979592,16.001071057
740035,8419.319083448499,2.163265306122,16.254070319
740036,8419.319080654532,2.183673469388,16.475117618
740037,8419.319077860564,3.591836734694,14.862074269
740038,8419.319075066596,1.612244897959,15.683333530
740039,8419.319072272629,1.632653061224,15.760259605
740040,8419.319069478661,2.316326530612,15.879225627
740041,8419.319066684693,1.653061224490,16.119318818
740042,8419.319063890725,3.785714285714,15.076496743
740043,8419.319061096758,1.704081632653,16.042587249
740044,8419.319058302790,3.877551020408,16.190745183
740045,8419.319055508822,3.918367346939,16.201124534
740046,8419.319052714854,3.959183673469,20.514968040
740047,8419.319049920887,3.979591836735,21.011081643
740048,8419.319047126919,4.000000000000,20.556320650
740049,8419.319044332951,2.551020408163,20.430916574
740050,8419.319041538984,3.142857142857,17.939589286
740051,8419.319038745016,2.142857142857,17.102762235
740052,8419.319035951048,2.163265306122,16.576152259
740053,8419.319033157080,2.163265306122,14.231505753
740054,8419.319030363113,2.173469387755,14.831829732
740055,8419.319027569145,2.183673469388,16.307986574
740056,8419.319024775177,2.193877551020,15.126227212
740057,8419.319021981210,2.204081632653,14.336365987
740058,8419.319019187242,2.214285714286,14.751591091
740059,8419.319016393274,2.244897959184,13.999550183
740060,8419.319013599306,2.030612244898,15.383666184
740061,8419.319010805339,2.071428571429,15.832396248
740062,8419.319008011371,2.081632653061,16.830541924
740063,8419.319005217403,2.091836734694,18.747034506
740064,8419.319002423435,2.102040816327,19.356720566
740065,8419.318999629468,2.112244897959,21.517507412
740066,8419.318996835500,2.122448979592,21.267645473
740067,8419.318994041532,2.153061224490,20.252517766
740068,8419.318991247565,2.163265306122,17.939876767
740069,8419.318988453597,2.173469387755,19.885933817
740070,8419.318985659629,3.091836734694,18.720997898
740071,8419.318982865661,3.122448979592,19.480354734
740072,8419.318980071694,3.142857142857,20.812697343
740073,8419.318977277726,3.153061224490,19.949576956
740074,8419.318974483758,3.173469387755,16.925859880
740075,8419.318971689790,3.938775510204,17.722687726
740076,8419.318968895823,3.969387755102,18.639841483
740077,8419.318966101855,4.000000000000,20.163969852
740078,8419.318963307887,4.000000000000,17.607339214
740079,8419.318960513920,2.459183673469,16.289056348
740080,8419.318957719952,2.469387755102,16.076663691
740081,8419.318954925984,2.479591836735,16.223909216
740082,8419.318952132016,2.489795918367,15.245975032
740083,8419.318949338049,2.489795918367,17.089000499
740084,8419.318946544081,2.510204081633,18.222264881
740085,8419.318943750113,2.530612244898,21.383200345
740086,8419.318940956146,2.530612244898,22.072796937
740087,8419.318938162178,2.551020408163,23.882242514
740088,8419.318935368210,2.561224489796,23.302818564
740089,8419.318932574242,2.571428571429,21.938541329
740090,8419.318929780275,2.581632653061,20.922646922
740091,8419.318926986307,2.602040816327,18.543831040
740092,8419.318924192339,2.612244897959,18.510192475
740093,8419.318921398371,2.316326530612,15.158677631
740094,8419.318918604404,3.122448979592,14.924154674
740095,8419.318915810436,3.142857142857,15.857632520
740096,8419.318913016468,3.153061224490,13.251685608
740097,8419.318910222501,2.377551020408,14.401303053
740098,8419.318907428533,3.510204081633,14.038228302
740099,8419.318904634565,3.183673469388,13.389289449
740100,8419.318901840597,2.673469387755,13.221245657
740101,8419.318899046630,3.551020408163,13.142368793
740102,8419.318896252662,2.489795918367,17.330460039
740103,8419.318893458694,2.500000000000,18.221682484
740104,8419.318890664726,2.510204081633,17.627569946
740105,8419.318887870759,2.520408163265,19.478725945
740106,8419.318885076791,2.551020408163,20.005194214
740107,8419.318882282823,2.561224489796,17.557782544
740108,8419.318879488856,2.571428571429,20.049002344
740109,8419.318876694888,2.581632653061,21.528549636
740110,8419.318873900920,2.602040816327,14.717326522
740111,8419.318871106952,2.622448979592,15.704092182
740112,8419.318868312985,2.632653061224,15.436873917
740113,8419.318865519017,2.653061224490,14.822910610
740114,8419.318862725049,2.673469387755,14.855361154
740115,8419.318859931082,2.683673469388,13.628523391
740116,8419.318857137114,3.102040816327,14.326521729
740117,8419.318854343146,3.122448979592,16.853977461
740118,8419.318851549178,3.132653061224,17.451074789
740119,8419.318848755211,3.142857142857,17.692742237
740120,8419.318845961243,3.153061224490,17.746778578
740121,8419.318843167275,3.183673469388,16.930282952
740122,8419.318840373307,3.193877551020,15.174480157
740123,8419.318837579340,2.928571428571,15.125947830
740124,8419.318834785372,2.948979591837,14.429108831
740125,8419.318831991404,3.265306122449,13.392675947
740126,8419.318829197437,2.867346938776,13.549690685
740127,8419.318826403469,3.877551020408,12.637576250
740128,8419.318823609501,2.908163265306,14.191446079
740129,8419.318820815533,2.928571428571,13.796955378
740130,8419.318818021566,3.918367346939,14.393491408
740131,8419.318815227598,3.938775510204,14.942860071
740132,8419.318812433630,3.948979591837,15.847089789
740133,8419.318809639663,3.969387755102,16.495474366
740134,8419.318806845695,4.000000000000,14.192187728
740135,8419.318804051727,3.989795918367,14.117021027
740136,8419.318801257759,3.071428571429,12.332616060
740137,8419.318798463792,3.081632653061,18.627158538
740138,8419.318795669824,3.102040816327,18.233460702
740139,8419.318792875856,3.112244897959,20.859912197
740140,8419.318790081888,3.112244897959,17.795663132
740141,8419.318787287921,3.122448979592,21.913184867
740142,8419.318784493953,3.153061224490,19.273417455
740143,8419.318781699985,3.163265306122,20.529041567
740144,8419.318778906018,3.173469387755,20.685837619
740145,8419.318776112050,3.193877551020,15.999226511
740146,8419.318773318082,3.214285714286,12.597558060
740147,8419.318770524114,3.224489795918,12.602906747
740148,8419.318767730147,3.693877551020,13.765927244
740149,8419.318764936179,3.214285714286,13.038051728
740150,8419.318762142211,3.744897959184,12.502941179
740151,8419.318759348243,3.295918367347,13.303086334
740152,8419.318756554276,3.775510204082,14.102430173
740153,8419.318753760308,3.336734693878,14.960528002
740154,8419.318750966340,3.346938775510,13.845910136
740155,8419.318748172373,3.285714285714,13.923148039
740156,8419.318745378405,3.306122448980,13.618160053
740157,8419.318742584437,3.397959183673,11.596169106
740158,8419.318739790469,3.418367346939,11.976327310
740159,8419.318736996502,3.948979591837,12.439533598
740160,8419.318734202534,3.081632653061,15.926380523
740161,8419.318731408566,3.091836734694,17.158739750
740162,8419.318728614599,3.102040816327,14.725121024
740163,8419.318725820631,4.000000000000,18.126196314
740164,8419.318723026663,4.000000000000,15.310588426
740165,8419.318720232695,3.153061224490,16.372447527
740166,8419.318717438728,3.163265306122,15.225766741
740167,8419.318714644760,3.571428571429,13.233594634
740168,8419.318711850792,3.183673469388,14.043164626
740169,8419.318709056824,3.612244897959,13.723522070
740170,8419.318706262857,3.622448979592,13.519517820
740171,8419.318703468889,3.632653061224,13.445659728
740172,8419.318700674921,3.653061224490,14.922193034
740173,8419.318697880954,3.673469387755,13.746191117
740174,8419.318695086986,3.683673469388,12.837210355
740175,8419.318692293018,3.500000000000,12.304339504
740176,8419.318689499050,3.510204081633,12.830328795
740177,8419.318686705083,3.520408163265,13.247674283
740178,8419.318683911115,3.540816326531,12.924272732
740179,8419.318681117147,2.500000000000,11.220881401
740180,8419.318678323179,3.785714285714,12.047962695
740181,8419.318675529212,3.295918367347,11.728444661
740182,8419.318672735244,3.581632653061,11.613712718
740183,8419.318669941276,3.846938775510,11.731881800
740184,8419.318667147309,3.867346938776,13.029718827
740185,8419.318664353341,3.877551020408,13.051024174
740186,8419.318661559373,3.918367346939,14.262102701
740187,8419.318658765405,3.928571428571,14.207104925
740188,8419.318655971438,3.938775510204,14.293538191
740189,8419.318653177470,3.969387755102,15.813407739
740190,8419.318650383502,3.979591836735,17.023410607
740191,8419.318647589535,3.989795918367,16.722553961
740192,8419.318644795567,4.000000000000,18.494721808
740193,8419.318642001599,3.693877551020,11.396616999
740194,8419.318639207631,3.234693877551,11.744568105
740195,8419.318636413664,3.724489795918,11.422360840
740196,8419.318633619696,3.724489795918,12.571742307
740197,8419.318630825728,3.734693877551,11.535702470
740198,8419.318628031760,3.755102040816,11.977499372
740199,8419.318625237793,3.765306122449,10.377769106
740200,8419.318622443825,3.785714285714,13.003658425
740201,8419.318619649857,3.795918367347,13.360480972
740202,8419.318616855890,3.806122448980,12.200121698
740203,8419.318614061922,3.816326530612,11.293390983
740204,8419.318611267954,2.785714285714,11.246358930
740205,8419.318608473986,3.836734693878,11.963202188
740206,8419.318605680019,3.846938775510,13.213641822
740207,8419.318602886051,3.857142857143,10.882814646
740208,8419.318600092083,3.867346938776,10.790238814
740209,8419.318597298115,2.846938775510,11.545034187
740210,8419.318594504148,3.877551020408,10.846442317
740211,8419.318591710180,3.887755102041,11.981328022
740212,8419.318588916212,3.918367346939,11.945239937
740213,8419.318586122245,2.663265306122,10.217600632
740214,8419.318583328277,3.928571428571,13.534160979
740215,8419.318580534309,3.938775510204,12.920051876
740216,8419.318577740341,3.948979591837,12.685244915
740217,8419.318574946374,3.959183673469,11.817137717
740218,8419.318572152406,3.969387755102,16.013314530
740219,8419.318569358438,3.979591836735,17.709244786
740220,8419.318566564471,4.000000000000,18.572678603
740221,8419.318563770503,4.000000000000,15.729373951
740222,8419.318560976535,2.765306122449,11.683889756
740224,8419.318555388600,3.030612244898,11.112673669
740225,8419.318552594632,3.673469387755,11.121457813
740226,8419.318549800664,3.693877551020,12.131562046
740227,8419.318547006696,3.061224489796,10.138561657
740228,8419.318544212729,3.081632653061,11.658011874
740229,8419.318541418761,2.846938775510,10.407482885
740230,8419.318538624793,2.857142857143,10.245967383
740231,8419.318535830826,3.112244897959,10.655123231
740232,8419.318533036858,2.877551020408,11.091095033
740233,8419.318530242890,3.132653061224,10.561784261
740234,8419.318527448922,3.142857142857,10.355129694
740235,8419.318524654955,3.153061224490,11.770466756
740236,8419.318521860987,3.163265306122,11.971797755
740237,8419.318519067019,3.173469387755,11.802018850
740238,8419.318516273052,3.846938775510,11.148492734
740239,8419.318513479084,3.887755102041,15.207711266
740240,8419.318510685116,3.897959183673,15.725627710
740241,8419.318507891148,3.908163265306,13.772965247
740242,8419.318505097181,3.918367346939,12.603648595
740243,8419.318502303213,3.928571428571,13.718649258
740244,8419.318499509245,3.938775510204,12.506540311
740245,8419.318496715277,3.948979591837,14.163574681
740246,8419.318493921310,3.959183673469,16.126050452
740247,8419.318491127342,3.969387755102,16.041286577
740248,8419.318488333374,3.979591836735,16.567379351
740249,8419.318485539407,3.989795918367,17.488488991
740250,8419.318482745439,4.000000000000,13.602492341
740251,8419.318479951471,3.346938775510,11.688530858
740252,8419.318477157503,3.357142857143,10.608167744
740253,8419.318474363536,3.102040816327,10.207401619
740254,8419.318471569568,3.112244897959,10.869467088
740255,8419.318468775600,3.397959183673,10.108390856
740256,8419.318465981632,3.408163265306,10.739327863
740257,8419.318463187665,3.418367346939,11.601742362
740258,8419.318460393697,3.428571428571,10.959727330
740259,8419.318457599729,3.173469387755,11.053885422
740260,8419.318454805762,3.183673469388,11.264834793
740261,8419.318452011794,3.459183673469,10.216471111
740262,8419.318449217826,3.469387755102,11.519651416
740263,8419.318446423858,3.479591836735,10.877089927
740264,8419.318443629891,3.224489795918,11.403860370
740266,8419.318438041955,3.520408163265,10.463518777
740267,8419.318435247988,3.255102040816,10.134150255
740269,8419.318429660052,3.275510204082,10.790852966
740271,8419.318424072117,3.591836734694,11.524557087
740273,8419.318418484181,3.602040816327,10.513261967
740274,8419.318415690213,3.948979591837,10.414011789
740275,8419.318412896246,3.346938775510,10.413612206
740276,8419.318410102278,3.632653061224,10.758367397
740277,8419.318407308310,3.653061224490,11.526640264
740278,8419.318404514343,3.663265306122,10.673745318
740279,8419.318401720375,3.673469387755,10.444345831
740282,8419.318393338472,3.704081632653,10.126194537
740284,8419.318387750536,3.734693877551,10.779503240
740286,8419.318382162601,3.765306122449,10.091228270
740287,8419.318379368633,3.479591836735,10.052465317
740288,8419.318376574665,3.775510204082,10.204855855
740289,8419.318373780698,3.795918367347,10.060856692
740290,8419.318370986730,3.806122448980,10.018430349
740292,8419.318365398794,3.826530612245,10.742525114
740293,8419.318362604827,3.836734693878,10.270976278
740295,8419.318357016891,3.867346938776,10.076989017
740296,8419.318354222924,3.877551020408,10.214618957
740297,8419.318351428956,3.887755102041,10.631819499
740298,8419.318348634988,3.591836734694,10.296733983
740299,8419.318345841020,3.612244897959,11.256173670
740300,8419.318343047053,3.622448979592,10.424173612
740301,8419.318340253085,3.632653061224,10.160439055
740302,8419.318337459117,3.642857142857,10.625488552
740304,8419.318331871182,3.969387755102,11.196207684
740305,8419.318329077214,3.979591836735,11.868210884
740306,8419.318326283246,3.989795918367,12.408376955
740307,8419.318323489279,4.000000000000,11.700563433
740308,8419.318320695311,3.704081632653,11.238052174
740309,8419.318317901343,3.714285714286,10.381862662
740320,8419.318287167698,3.836734693878,10.227484161
740335,8419.318245258182,4.000000000000,10.222488957
747573,8419.298022519797,-4.000000000000,43.238093057
747574,8419.298019725829,-4.000000000000,55.723586855
747575,8419.298016931862,-3.989795918367,57.190801778
747576,8419.298014137894,-3.979591836735,57.168052480
747577,8419.298011343926,-3.969387755102,56.566035783
747578,8419.298008549958,-3.959183673469,57.593885991
747579,8419.298005755991,-3.948979591837,57.334936448
747580,8419.298002962023,-3.938775510204,57.280954931
747581,8419.298000168055,-3.928571428571,56.794401752
747582,8419.297997374088,-3.918367346939,57.645632146
747583,8419.297994580120,-3.908163265306,56.639540049
747584,8419.297991786152,-3.897959183673,57.052438275
747585,8419.297988992184,-3.887755102041,56.997584551
747586,8419.297986198217,-3.877551020408,55.567685370
747587,8419.297983404249,-3.867346938776,57.085680418
747588,8419.297980610281,-3.857142857143,57.842153407
747589,8419.297977816314,-3.846938775510,56.795616205
747590,8419.297975022346,-3.836734693878,56.525148831
747591,8419.297972228378,-3.826530612245,56.978193577
747592,8419.297969434410,-3.816326530612,56.910338131
747593,8419.297966640443,-3.806122448980,56.993659730
747594,8419.297963846475,-3.795918367347,57.225412527
747595,8419.297961052507,-3.785714285714,59.188260923
747596,8419.297958258539,-3.775510204082,57.996482207
747597,8419.297955464572,-4.000000000000,61.442017039
747598,8419.297952670604,-4.000000000000,65.346517853
747599,8419.297949876636,-3.989795918367,64.795262999
747600,8419.297947082669,-3.979591836735,63.642116611
747601,8419.297944288701,-3.969387755102,63.078997435
747602,8419.297941494733,-3.959183673469,62.943560420
747603,8419.297938700765,-3.948979591837,63.125941735
747604,8419.297935906798,-3.938775510204,64.341717467
747605,8419.297933112830,-3.928571428571,63.980698614
747606,8419.297930318862,-3.918367346939,63.934626897
747607,8419.297927524894,-3.897959183673,64.938486663
747608,8419.297924730927,-3.887755102041,64.448416449
747609,8419.297921936959,-3.877551020408,63.824805046
747610,8419.297919142991,-3.867346938776,64.840969614
747611,8419.297916349024,-3.857142857143,64.545036433
747612,8419.297913555056,-3.846938775510,64.503076723
747613,8419.297910761088,-3.836734693878,64.850998906
747614,8419.297907967120,-3.826530612245,64.574120127
747615,8419.297905173153,-3.816326530612,63.178376350
747616,8419.297902379185,-3.806122448980,63.194171493
747617,8419.297899585217,-3.795918367347,64.071113699
747618,8419.297896791250,-3.785714285714,64.401507303
747619,8419.297893997282,-3.775510204082,63.909392385
747620,8419.297891203314,-3.765306122449,63.682225635
747621,8419.297888409346,-3.755102040816,63.425563925
747622,8419.297885615379,-3.734693877551,62.715365054
747623,8419.297882821411,-3.724489795918,63.271938406
747624,8419.297880027443,-3.714285714286,63.770782280
747625,8419.297877233475,-3.704081632653,65.750747220
747626,8419.297874439508,-3.693877551020,65.180578224
747627,8419.297871645540,-3.683673469388,65.852406076
747628,8419.297868851572,-3.673469387755,64.632984465
747629,8419.297866057605,-3.663265306122,63.872375476
747630,8419.297863263637,-3.653061224490,64.651604651
747631,8419.297860469669,-3.642857142857,64.349530447
747632,8419.297857675701,-3.632653061224,63.444640952
747633,8419.297854881734,-3.622448979592,64.109405575
747634,8419.297852087766,-3.612244897959,63.688364265
747635,8419.297849293798,-3.591836734694,62.985142215
747636,8419.297846499830,-3.581632653061,63.650522447
747637,8419.297843705863,-3.571428571429,64.888671741
747638,8419.297840911895,-3.561224489796,63.137604222
747639,8419.297838117927,-3.551020408163,63.461074023
747640,8419.297835323960,-3.540816326531,64.357454968
747641,8419.297832529992,-3.530612244898,63.832246617
747642,8419.297829736024,-3.520408163265,64.565741458
747643,8419.297826942056,-3.510204081633,63.756299935
747644,8419.297824148089,-3.500000000000,65.243188529
747645,8419.297821354121,-3.489795918367,65.840640971
747646,8419.297818560153,-3.479591836735,65.921726264
747647,8419.297815766186,-3.469387755102,64.978948522
747648,8419.297812972218,-3.459183673469,65.520006794
747649,8419.297810178250,-3.438775510204,65.225648067
747650,8419.297807384282,-3.428571428571,64.727826897
747651,8419.297804590315,-3.418367346939,64.591170733
747652,8419.297801796347,-3.408163265306,65.048815404
747653,8419.297799002379,-3.397959183673,65.155446769
747654,8419.297796208411,-3.387755102041,62.546240463
747655,8419.297793414444,-3.377551020408,63.516147449
747656,8419.297790620476,-3.857142857143,64.375001584
747657,8419.297787826508,-3.357142857143,65.509035644
747658,8419.297785032541,-3.346938775510,64.511504863
747659,8419.297782238573,-3.336734693878,66.087565673
747660,8419.297779444605,-3.326530612245,65.294388270
747661,8419.297776650637,-3.316326530612,64.249087691
747662,8419.297773856670,-3.306122448980,64.033266494
747663,8419.297771062702,-3.295918367347,65.825641405
747664,8419.297768268734,-3.275510204082,65.737352982
747665,8419.297765474766,-3.265306122449,63.182873188
747666,8419.297762680799,-3.255102040816,64.034932257
747667,8419.297759886831,-3.459183673469,63.401649237
747668,8419.297757092863,-3.234693877551,64.064048296
747669,8419.297754298896,-3.224489795918,65.285685097
747670,8419.297751504928,-3.214285714286,65.059760866
747671,8419.297748710960,-3.204081632653,64.090831006
747672,8419.297745916992,-3.653061224490,64.622502862
747673,8419.297743123025,-3.183673469388,64.315513307
747674,8419.297740329057,-3.173469387755,63.898727131
747675,8419.297737535089,-3.163265306122,65.164786361
747676,8419.297734741122,-3.153061224490,64.441560546
747677,8419.297731947154,-3.142857142857,64.936155407
747678,8419.297729153186,-3.122448979592,65.373858527
747679,8419.297726359218,-3.112244897959,64.765531959
747680,8419.297723565251,-3.102040816327,64.093115055
747681,8419.297720771283,-3.091836734694,65.283314389
747682,8419.297717977315,-3.520408163265,63.614507726
747683,8419.297715183347,-3.510204081633,62.534187967
747684,8419.297712389380,-3.489795918367,63.234913093
747685,8419.297709595412,-3.051020408163,64.185471713
747686,8419.297706801444,-3.040816326531,64.058248892
747687,8419.297704007477,-3.459183673469,64.153220792
747688,8419.297701213509,-3.734693877551,64.072821932
747689,8419.297698419541,-3.010204081633,64.674294139
747690,8419.297695625573,-3.000000000000,63.492973414
747691,8419.297692831606,-2.979591836735,63.201526633
747692,8419.297690037638,-3.989795918367,74.362621228
747693,8419.297687243670,-3.979591836735,74.898939159
747694,8419.297684449703,-3.969387755102,73.673801680
747695,8419.297681655735,-3.948979591837,73.025350521
747696,8419.297678861767,-3.928571428571,73.455191338
747697,8419.297676067799,-3.918367346939,72.287431931
747698,8419.297673273832,-3.897959183673,72.887755711
747699,8419.297670479864,-3.887755102041,74.457814272
747700,8419.297667685896,-3.877551020408,73.722356054
747701,8419.297664891928,-3.857142857143,72.976574477
747702,8419.297662097961,-3.846938775510,72.969229024
747703,8419.297659303993,-3.826530612245,73.182360919
747704,8419.297656510025,-3.816326530612,73.411506238
747705,8419.297653716058,-3.795918367347,74.446127615
747706,8419.297650922090,-3.785714285714,74.504899145
747707,8419.297648128122,-3.765306122449,74.013855943
747708,8419.297645334154,-3.755102040816,73.480732379
747709,8419.297642540187,-3.734693877551,73.018156287
747710,8419.297639746219,-3.724489795918,73.332049744
747711,8419.297636952251,-3.704081632653,72.950962213
747712,8419.297634158283,-3.693877551020,74.469025365
747713,8419.297631364316,-3.673469387755,73.688272815
747714,8419.297628570348,-3.653061224490,75.436697489
747715,8419.297625776380,-3.642857142857,73.664623714
747716,8419.297622982413,-3.622448979592,74.843800376
747717,8419.297620188445,-3.612244897959,73.620143913
747718,8419.297617394477,-3.591836734694,73.782218720
747719,8419.297614600509,-3.581632653061,73.476599571
747720,8419.297611806542,-3.571428571429,73.871818195
747721,8419.297609012574,-3.551020408163,74.930593107
747722,8419.297606218606,-3.530612244898,73.606550732
747723,8419.297603424639,-3.520408163265,69.627688979
747724,8419.297600630671,-3.510204081633,72.082444485
747725,8419.297597836703,-3.489795918367,72.835987728
747726,8419.297595042735,-3.479591836735,72.064886645
747727,8419.297592248768,-3.459183673469,71.810698102
747728,8419.297589454800,-3.438775510204,72.903519899
747729,8419.297586660832,-3.428571428571,71.409515461
747730,8419.297583866864,-3.408163265306,73.490183156
747731,8419.297581072897,-3.397959183673,72.860595414
747732,8419.297578278929,-3.377551020408,72.695389943
747733,8419.297575484961,-3.367346938776,73.179997055
747734,8419.297572690994,-3.357142857143,73.493057832
747735,8419.297569897026,-3.336734693878,72.606786544
747736,8419.297567103058,-3.326530612245,73.285376896
747737,8419.297564309090,-3.306122448980,72.693257521
747738,8419.297561515123,-3.285714285714,72.429317716
747739,8419.297558721155,-3.275510204082,72.566899413
747740,8419.297555927187,-3.265306122449,73.367097566
747741,8419.297553133219,-3.244897959184,73.426008613
747742,8419.297550339252,-3.234693877551,73.162083534
747743,8419.297547545284,-3.214285714286,73.027751171
747744,8419.297544751316,-3.204081632653,73.866559055
747745,8419.297541957349,-3.183673469388,73.036931197
747746,8419.297539163381,-3.163265306122,73.275812506
747747,8419.297536369413,-3.153061224490,73.234269854
747748,8419.297533575445,-3.142857142857,73.816796840
747749,8419.297530781478,-3.122448979592,72.979016000
747750,8419.297527987510,-3.112244897959,73.475743728
747751,8419.297525193542,-3.091836734694,73.214751914
747752,8419.297522399575,-3.081632653061,73.447031216
747753,8419.297519605607,-3.061224489796,74.766729968
747754,8419.297516811639,-3.040816326531,73.705773847
747755,8419.297514017671,-3.030612244898,72.690012342
747756,8419.297511223704,-3.020408163265,73.605615853
747757,8419.297508429736,-3.000000000000,72.776931298
747758,8419.297505635768,-2.979591836735,75.188666436
747759,8419.297502841800,-2.969387755102,73.968359201
747760,8419.297500047833,-2.948979591837,74.410443396
747761,8419.297497253865,-2.938775510204,74.164427456
747762,8419.297494459897,-2.918367346939,74.421057065
747763,8419.297491665930,-2.908163265306,73.477425387
747764,8419.297488871962,-2.897959183673,72.747231993
747765,8419.297486077994,-2.877551020408,73.399922439
747766,8419.297483284026,-2.867346938776,73.828906384
747767,8419.297480490059,-2.846938775510,72.906907546
747768,8419.297477696091,-2.826530612245,74.236394284
747769,8419.297474902123,-2.816326530612,74.015410211
747770,8419.297472108155,-2.795918367347,74.880850872
747771,8419.297469314188,-2.785714285714,75.545304084
747772,8419.297466520220,-2.775510204082,75.413417745
747773,8419.297463726252,-2.755102040816,75.303112161
747774,8419.297460932285,-2.734693877551,74.208991862
747775,8419.297458138317,-2.724489795918,73.800764435
747776,8419.297455344349,-2.714285714286,76.018066998
747777,8419.297452550381,-2.693877551020,75.648347706
747778,8419.297449756414,-2.673469387755,74.712802827
747779,8419.297446962446,-2.663265306122,74.646285234
747780,8419.297444168478,-2.642857142857,74.637702569
747781,8419.297441374511,-2.632653061224,74.448406296
747782,8419.297438580543,-2.622448979592,75.406726149
747783,8419.297435786575,-2.602040816327,75.877200241
747784,8419.297432992607,-2.591836734694,75.410659416
747785,8419.297430198640,-2.571428571429,75.824245638
747786,8419.297427404672,-2.561224489796,75.397536188
747787,8419.297424610704,-2.540816326531,74.245662439
747788,8419.297421816736,-2.520408163265,74.547093356
747789,8419.297419022769,-2.510204081633,73.466570702
747790,8419.297416228801,-2.500000000000,73.953543092
747791,8419.297413434833,-2.479591836735,74.474753598
747792,8419.297410640866,-2.459183673469,73.217084059
747793,8419.297407846898,-2.448979591837,72.928714359
747794,8419.297405052930,-2.428571428571,74.589485219
747795,8419.297402258962,-2.418367346939,74.096307238
747796,8419.297399464995,-2.397959183673,75.653653437
747797,8419.297396671027,-2.387755102041,75.478022243
747798,8419.297393877059,-2.367346938776,74.502708558
747799,8419.297391083091,-2.357142857143,73.297018405
747800,8419.297388289124,-2.346938775510,72.536643020
747801,8419.297385495156,-2.326530612245,71.973878726
747802,8419.297382701188,-2.316326530612,73.836652339
747803,8419.297379907221,-2.295918367347,73.692358135
747804,8419.297377113253,-2.285714285714,73.870293027
747805,8419.297374319285,-2.265306122449,73.825585312
747806,8419.297371525317,-2.255102040816,74.383588275
747807,8419.297368731350,-2.234693877551,73.333638125
747808,8419.297365937382,-2.214285714286,75.751474364
747809,8419.297363143414,-2.204081632653,76.112666914
747810,8419.297360349447,-2.183673469388,74.788498070
747811,8419.297357555479,-2.173469387755,76.393373597
747812,8419.297354761511,-2.153061224490,76.330232645
747813,8419.297351967543,-2.142857142857,75.745949544
747814,8419.297349173576,-2.132653061224,76.770627273
747815,8419.297346379608,-2.112244897959,76.542309345
747816,8419.297343585640,-2.091836734694,77.215625032
747817,8419.297340791672,-2.081632653061,76.048553700
747818,8419.297337997705,-2.071428571429,78.004922091
747819,8419.297335203737,-2.051020408163,77.657273524
747820,8419.297332409769,-2.040816326531,77.837692438
747821,8419.297329615802,-2.020408163265,77.398708764
747822,8419.297326821834,-2.000000000000,76.904793952
747823,8419.297324027866,-1.989795918367,76.844466312
747824,8419.297321233898,-1.979591836735,76.961124407
747825,8419.297318439931,-1.959183673469,75.817735580
747826,8419.297315645963,-1.948979591837,75.846242074
747827,8419.297312851995,-1.928571428571,75.198047183
747828,8419.297310058028,-1.908163265306,74.669220853
747829,8419.297307264060,-1.897959183673,74.634571952
747830,8419.297304470092,-1.887755102041,75.039095966
747831,8419.297301676124,-1.867346938776,74.265687353
747832,8419.297298882157,-1.857142857143,75.053808006
747833,8419.297296088189,-1.836734693878,75.557553205
747834,8419.297293294221,-1.826530612245,76.673155488
747835,8419.297290500253,-1.806122448980,75.550760405
747836,8419.297287706286,-1.795918367347,75.515057413
747837,8419.297284912318,-1.775510204082,74.768479923
747838,8419.297282118350,-1.765306122449,75.151330096
747839,8419.297279324383,-1.744897959184,74.895794553
747840,8419.297276530415,-1.734693877551,75.937533266
747841,8419.297273736447,-1.714285714286,75.558521265
747842,8419.297270942479,-1.704081632653,75.177221178
747843,8419.297268148512,-1.683673469388,74.530475639
747844,8419.297265354544,-1.673469387755,74.852315252
747845,8419.297262560576,-1.653061224490,73.400034768
747846,8419.297259766608,-1.632653061224,74.169664242
747847,8419.297256972641,-1.622448979592,74.185627125
747848,8419.297254178673,-1.602040816327,74.525729381
747849,8419.297251384705,-1.591836734694,73.621316169
747850,8419.297248590738,-1.571428571429,74.893478225
747851,8419.297245796770,-1.561224489796,73.081855037
747852,8419.297243002802,-1.540816326531,73.426978480
747853,8419.297240208834,-1.530612244898,74.605870314
747854,8419.297237414867,-1.520408163265,73.843732979
747855,8419.297234620899,-1.500000000000,74.704933504
747856,8419.297231826931,-1.479591836735,74.125971308
747857,8419.297229032964,-1.948979591837,72.569415580
747858,8419.297226238996,-1.448979591837,73.031011144
747859,8419.297223445028,-1.438775510204,73.818310298
747860,8419.297220651060,-1.418367346939,73.874055642
747861,8419.297217857093,-1.408163265306,74.337779404
747862,8419.297215063125,-1.387755102041,74.376850623
747863,8419.297212269157,-2.040816326531,73.759823945
747864,8419.297209475189,-1.357142857143,74.697376321
747865,8419.297206681222,-1.346938775510,73.156044075
747866,8419.297203887254,-1.336734693878,74.737472856
747867,8419.297201093286,-1.316326530612,73.517008672
747868,8419.297198299319,-1.306122448980,75.108265878
747869,8419.297195505351,-1.285714285714,76.122257865
747870,8419.297192711383,-1.275510204082,75.409897534
747871,8419.297189917415,-1.255102040816,75.467965884
747872,8419.297187123448,-1.234693877551,76.410277700
747873,8419.297184329480,-1.224489795918,76.617671810
747874,8419.297181535512,-1.204081632653,75.463220896
747875,8419.297178741544,-1.193877551020,75.347681715
747876,8419.297175947577,-1.183673469388,76.739694035
747877,8419.297173153609,-1.163265306122,76.960120225
747878,8419.297170359641,-1.142857142857,76.975950554
747879,8419.297167565674,-1.132653061224,75.748829397
747880,8419.297164771706,-1.122448979592,75.525522005
747881,8419.297161977738,-1.102040816327,75.780806042
747882,8419.297159183770,-1.081632653061,77.331773332
747883,8419.297156389803,-1.071428571429,74.791557191
747884,8419.297153595835,-1.061224489796,77.229756179
747885,8419.297150801867,-1.040816326531,75.932251224
747886,8419.297148007900,-1.020408163265,75.265182369
747887,8419.297145213932,-1.010204081633,74.599512175
747888,8419.297142419964,-1.000000000000,76.659184888
747889,8419.297139625996,-0.979591836735,76.953044740
747890,8419.297136832029,-0.969387755102,77.721415352
747891,8419.297134038061,-0.948979591837,76.766124904
747892,8419.297131244093,-0.938775510204,77.245535321
747893,8419.297128450125,-0.918367346939,76.893902216
747894,8419.297125656158,-0.908163265306,78.223404594
747895,8419.297122862190,-0.887755102041,78.823442712
747896,8419.297120068222,-0.867346938776,80.531560061
747897,8419.297117274255,-0.857142857143,76.659011587
747898,8419.297114480287,-0.724489795918,111.580983436
747899,8419.297111686319,-0.714285714286,113.194515496
747900,8419.297108892351,-0.683673469388,116.151324390
747901,8419.297106098384,-0.673469387755,114.767539127
747902,8419.297103304416,-0.663265306122,115.773024283
747903,8419.297100510448,-0.653061224490,116.444227550
747904,8419.297097716480,-0.642857142857,119.248127019
747905,8419.297094922513,-0.632653061224,120.506713005
747906,8419.297092128545,-0.714285714286,127.631039384
747907,8419.297089334577,-0.663265306122,119.748980956
747908,8419.297086540610,-0.683673469388,127.595305073
747909,8419.297083746642,-0.673469387755,129.947346362
747910,8419.297080952674,-0.653061224490,128.374142702
747911,8419.297078158706,-0.571428571429,166.224498514
747912,8419.297075364739,-0.591836734694,164.964018853
747913,8419.297072570771,-0.551020408163,162.994699690
747914,8419.297069776803,-0.540816326531,164.540075731
747915,8419.297066982836,-0.530612244898,186.383391885
747916,8419.297064188868,-0.520408163265,185.216837980
747917,8419.297061394900,-0.510204081633,188.886345818
747918,8419.297058600932,-0.510204081633,201.372212422
747919,8419.297055806965,-0.500000000000,212.247002611
747920,8419.297053012997,-0.479591836735,250.742440963
747921,8419.297050219029,-0.469387755102,310.510755799
747922,8419.297047425061,-0.469387755102,317.739895831
747923,8419.297044631094,-0.459183673469,321.408851735
747924,8419.297041837126,-0.438775510204,442.308366303
747925,8419.297039043158,-0.428571428571,501.302967484
747926,8419.297036249191,-0.418367346939,597.572483549
747927,8419.297033455223,-0.408163265306,773.793106805
747928,8419.297030661255,-0.387755102041,1004.085070105
747929,8419.297027867287,-0.377551020408,1004.120538847
747930,8419.297025073320,-0.357142857143,929.328749683
747931,8419.297022279352,-0.346938775510,648.346757411
747932,8419.297019485384,-0.336734693878,519.114731237
747933,8419.297016691417,-0.326530612245,433.850001216
747934,8419.297013897449,-0.285714285714,335.482307076
747935,8419.297011103481,-0.295918367347,327.604351526
747936,8419.297008309513,-0.295918367347,299.939557464
747937,8419.297005515546,-0.265306122449,248.237942875
747938,8419.297002721578,-0.265306122449,208.945077274
747939,8419.296999927610,-0.255102040816,194.303847718
747940,8419.296997133642,-0.204081632653,183.570585635
747941,8419.296994339675,-0.224489795918,176.401165508
747942,8419.296991545707,-0.214285714286,178.557397800
747943,8419.296988751739,-0.224489795918,157.729899388
747944,8419.296985957772,-0.183673469388,165.668327854
747945,8419.296983163804,-0.173469387755,162.901999198
747946,8419.296980369836,-0.193877551020,156.941165746
747947,8419.296977575868,-0.091836734694,133.115486095
747948,8419.296974781901,-0.071428571429,128.300569050
747949,8419.296971987933,-0.081632653061,122.865420292
747950,8419.296969193965,-0.040816326531,130.146232861
747951,8419.296966399997,-0.051020408163,122.564705432
747952,8419.296963606030,-0.071428571429,117.121471171
747953,8419.296960812062,-0.061224489796,119.357064907
747954,8419.296958018094,-0.112244897959,111.422394707
747955,8419.296955224127,-0.102040816327,112.281536712
747956,8419.296952430159,-0.020408163265,116.297812375
747957,8419.296949636191,-0.081632653061,111.432667717
747958,8419.296946842223,-0.051020408163,106.818914286
747959,8419.296944048256,-0.040816326531,107.761144820
747960,8419.296941254288,0.112244897959,79.934566486
747961,8419.296938460320,0.122448979592,77.456105821
747962,8419.296935666353,0.132653061224,78.022469893
747963,8419.296932872385,0.153061224490,78.653616551
747964,8419.296930078417,0.163265306122,78.362043795
747965,8419.296927284449,0.183673469388,77.502622383
747966,8419.296924490482,0.193877551020,77.789510213
747967,8419.296921696514,0.214285714286,75.175480469
747968,8419.296918902546,0.234693877551,75.950932633
747969,8419.296916108578,0.244897959184,74.923474673
747970,8419.296913314611,0.265306122449,74.959454261
747971,8419.296910520643,0.275510204082,76.039378947
747972,8419.296907726675,0.295918367347,75.389253720
747973,8419.296904932708,0.306122448980,74.895446050
747974,8419.296902138740,0.316326530612,75.401776037
747975,8419.296899344772,0.336734693878,75.302077487
747976,8419.296896550804,0.357142857143,75.431296733
747977,8419.296893756837,0.367346938776,77.998442231
747978,8419.296890962869,0.387755102041,78.603329918
747979,8419.296888168901,0.397959183673,78.008258165
747980,8419.296885374933,0.408163265306,76.962486302
747981,8419.296882580966,0.428571428571,76.566457828
747982,8419.296879786998,0.438775510204,76.985663161
747983,8419.296876993030,0.459183673469,76.518219681
747984,8419.296874199063,0.469387755102,76.500094152
747985,8419.296871405095,0.489795918367,76.080340897
747986,8419.296868611127,0.500000000000,74.536201605
747987,8419.296865817159,0.520408163265,74.920477768
747988,8419.296863023192,0.530612244898,76.060500458
747989,8419.296860229224,0.551020408163,75.097698031
747990,8419.296857435256,0.571428571429,75.459779085
747991,8419.296854641289,0.581632653061,74.624748169
747992,8419.296851847321,0.602040816327,73.717530475
747993,8419.296849053353,0.612244897959,72.564844366
747994,8419.296846259385,0.632653061224,73.763578733
747995,8419.296843465418,0.642857142857,75.179114361
747996,8419.296840671450,0.653061224490,73.879994411
747997,8419.296837877482,0.673469387755,74.010685760
747998,8419.296835083514,0.683673469388,74.447233921
747999,8419.296832289547,0.704081632653,73.978436402
748000,8419.296829495579,0.714285714286,74.912184361
748001,8419.296826701611,0.734693877551,74.220200530
748002,8419.296823907644,0.755102040816,73.985169329
748003,8419.296821113676,0.765306122449,72.789848999
748004,8419.296818319708,0.775510204082,74.841487379
748005,8419.296815525740,0.795918367347,74.498718120
748006,8419.296812731773,0.816326530612,75.056872720
748007,8419.296809937805,0.826530612245,72.900280212
748008,8419.296807143837,0.846938775510,74.166659222
748009,8419.296804349869,0.857142857143,73.757192288
748010,8419.296801555902,0.877551020408,75.742059547
748011,8419.296798761934,0.887755102041,74.470095066
748012,8419.296795967966,0.897959183673,74.026740925
748013,8419.296793173999,0.918367346939,72.475510315
748014,8419.296790380031,0.928571428571,73.370505348
748015,8419.296787586063,0.948979591837,74.733020698
748016,8419.296784792095,0.969387755102,76.135309688
748017,8419.296781998128,0.979591836735,74.459951939
748018,8419.296779204160,0.989795918367,75.646096127
748019,8419.296776410192,1.010204081633,75.271914814
748020,8419.296773616225,1.030612244898,74.234128444
748021,8419.296770822257,1.040816326531,75.543448432
748022,8419.296768028289,1.051020408163,75.631111471
748023,8419.296765234321,1.071428571429,75.367440234
748024,8419.296762440354,1.091836734694,76.245289173
748025,8419.296759646386,1.102040816327,74.559717800
748026,8419.296756852418,1.122448979592,76.470210759
748027,8419.296754058450,1.132653061224,75.795512951
748028,8419.296751264483,1.142857142857,78.015358656
748029,8419.296748470515,1.163265306122,76.848818968
748030,8419.296745676547,1.183673469388,76.585500613
748031,8419.296742882580,1.193877551020,75.955195279
748032,8419.296740088612,1.214285714286,76.564604134
748033,8419.296737294644,1.224489795918,76.030141198
748034,8419.296734500676,1.234693877551,76.450608126
748035,8419.296731706709,1.255102040816,75.802832217
748036,8419.296728912741,1.265306122449,77.230071458
748037,8419.296726118773,1.285714285714,76.646138570
748038,8419.296723324805,1.295918367347,77.197111560
748039,8419.296720530838,1.316326530612,76.615159043
748040,8419.296717736870,1.326530612245,77.426352711
748041,8419.296714942902,1.346938775510,75.085680434
748042,8419.296712148935,1.357142857143,75.964856315
748043,8419.296709354967,1.377551020408,76.316394332
748044,8419.296706560999,1.397959183673,75.958511973
748045,8419.296703767031,1.408163265306,74.545155691
748046,8419.296700973064,1.428571428571,75.551610483
748047,8419.296698179096,1.438775510204,76.491084645
748048,8419.296695385128,1.459183673469,75.048900053
748049,8419.296692591161,1.469387755102,73.355609865
748050,8419.296689797193,1.489795918367,75.883134540
748051,8419.296687003225,1.500000000000,74.538239551
748052,8419.296684209257,1.520408163265,74.603434186
748053,8419.296681415290,1.530612244898,74.497316538
748054,8419.296678621322,1.540816326531,74.689177121
748055,8419.296675827354,1.561224489796,74.592143721
748056,8419.296673033386,1.581632653061,75.410238793
748057,8419.296670239419,1.591836734694,75.454404924
748058,8419.296667445451,1.602040816327,74.271905442
748059,8419.296664651483,1.622448979592,74.834832762
748060,8419.296661857516,1.632653061224,74.233287929
748061,8419.296659063548,1.653061224490,73.396740226
748062,8419.296656269580,1.663265306122,74.390513147
748063,8419.296653475612,1.683673469388,74.556142725
748064,8419.296650681645,1.693877551020,74.807152936
748065,8419.296647887677,1.714285714286,74.011561307
748066,8419.296645093709,1.734693877551,74.673630130
748067,8419.296642299742,1.744897959184,73.830979296
748068,8419.296639505774,1.765306122449,74.609795196
748069,8419.296636711806,1.775510204082,72.613490765
748070,8419.296633917838,1.785714285714,72.941958168
748071,8419.296631123871,1.806122448980,73.130496556
748072,8419.296628329903,1.816326530612,75.501337751
748073,8419.296625535935,1.836734693878,75.710780123
748074,8419.296622741967,1.857142857143,76.644964610
748075,8419.296619948000,1.867346938776,73.961362479
748076,8419.296617154032,1.887755102041,73.388705311
748077,8419.296614360064,1.897959183673,74.125944329
748078,8419.296611566097,1.918367346939,73.002783877
748079,8419.296608772129,1.928571428571,74.162402346
748080,8419.296605978161,1.948979591837,73.467892151
748081,8419.296603184193,1.959183673469,72.583788461
748082,8419.296600390226,1.969387755102,73.104465126
748083,8419.296597596258,1.989795918367,72.572994081
748084,8419.296594802290,2.000000000000,72.170193438
748085,8419.296592008322,2.020408163265,72.107567440
748086,8419.296589214355,2.030612244898,73.501657728
748087,8419.296586420387,2.051020408163,72.725972041
748088,8419.296583626419,2.071428571429,72.951865035
748089,8419.296580832452,2.081632653061,72.955078415
748090,8419.296578038484,2.091836734694,73.194919888
748091,8419.296575244516,2.112244897959,72.698473648
748092,8419.296572450548,2.122448979592,73.336901124
748093,8419.296569656581,2.142857142857,73.960986409
748094,8419.296566862613,2.153061224490,73.708432015
748095,8419.296564068645,2.173469387755,71.457749511
748096,8419.296561274678,2.183673469388,72.957569980
748097,8419.296558480710,2.204081632653,73.158403479
748098,8419.296555686742,2.224489795918,73.651143044
748099,8419.296552892774,2.234693877551,71.997871533
748100,8419.296550098807,2.244897959184,73.795438343
748101,8419.296547304839,2.265306122449,74.863546379
748102,8419.296544510871,2.285714285714,73.807920331
748103,8419.296541716903,2.295918367347,73.813599632
748104,8419.296538922936,2.306122448980,73.267253846
748105,8419.296536128968,2.326530612245,73.239762491
748106,8419.296533335000,2.346938775510,72.688087780
748107,8419.296530541033,2.357142857143,73.144716686
748108,8419.296527747065,2.377551020408,73.091916161
748109,8419.296524953097,2.387755102041,74.082142371
748110,8419.296522159129,2.408163265306,73.350921696
748111,8419.296519365162,2.418367346939,72.460034340
748112,8419.296516571194,2.428571428571,73.866454640
748113,8419.296513777226,2.448979591837,73.603911441
748114,8419.296510983258,2.469387755102,73.560235805
748115,8419.296508189291,2.479591836735,73.900233667
748116,8419.296505395323,2.500000000000,73.649618329
748117,8419.296502601355,2.510204081633,73.694129751
748118,8419.296499807388,2.520408163265,74.605361143
748119,8419.296497013420,2.540816326531,73.576722685
748120,8419.296494219452,2.551020408163,74.216991644
748121,8419.296491425484,2.571428571429,73.292523017
748122,8419.296488631517,2.591836734694,72.980320885
748123,8419.296485837549,2.602040816327,71.889477428
748124,8419.296483043581,2.612244897959,71.957393529
748125,8419.296480249614,2.632653061224,72.743638811
748126,8419.296477455646,2.653061224490,73.772197491
748127,8419.296474661678,2.663265306122,73.337761570
748128,8419.296471867710,2.673469387755,73.728532057
748129,8419.296469073743,2.693877551020,73.526667729
748130,8419.296466279775,2.714285714286,73.940750315
748131,8419.296463485807,2.724489795918,73.190922188
748132,8419.296460691839,2.734693877551,73.579638087
748133,8419.296457897872,2.755102040816,73.269770380
748134,8419.296455103904,2.775510204082,74.575565765
748135,8419.296452309936,2.785714285714,73.273623327
748136,8419.296449515969,2.795918367347,74.090045629
748137,8419.296446722001,2.816326530612,74.474113921
748138,8419.296443928033,2.826530612245,75.308757348
748139,8419.296441134065,2.846938775510,74.288420229
748140,8419.296438340098,2.857142857143,73.557451473
748141,8419.296435546130,2.877551020408,73.542432166
748142,8419.296432752162,2.887755102041,75.186455249
748143,8419.296429958194,2.908163265306,74.036752701
748144,8419.296427164227,2.918367346939,74.190197337
748145,8419.296424370259,2.938775510204,72.326166507
748146,8419.296421576291,2.959183673469,73.285563802
748147,8419.296418782324,2.969387755102,73.732877160
748148,8419.296415988356,2.989795918367,73.980257862
748149,8419.296413194388,3.000000000000,72.734606766
748150,8419.296410400420,3.020408163265,72.501377432
748151,8419.296407606453,3.030612244898,72.987936910
748152,8419.296404812485,3.040816326531,73.344251715
748153,8419.296402018517,3.061224489796,71.857765805
748154,8419.296399224550,3.081632653061,72.798798296
748155,8419.296396430582,3.091836734694,72.188240652
748156,8419.296393636614,3.112244897959,72.629043793
748157,8419.296390842646,3.122448979592,72.355880497
748158,8419.296388048679,3.132653061224,73.010060838
748159,8419.296385254711,3.153061224490,72.682984032
748160,8419.296382460743,3.163265306122,73.076976267
748161,8419.296379666775,3.183673469388,72.634093171
748162,8419.296376872808,3.204081632653,73.224608434
748163,8419.296374078840,3.214285714286,73.353366776
748164,8419.296371284872,3.234693877551,73.565436769
748165,8419.296368490905,3.244897959184,71.761136078
748166,8419.296365696937,3.255102040816,73.591179237
748167,8419.296362902969,3.275510204082,71.720230756
748168,8419.296360109001,3.285714285714,72.723998738
748169,8419.296357315034,3.306122448980,72.649957489
748170,8419.296354521066,3.326530612245,73.643579384
748171,8419.296351727098,3.336734693878,72.290143373
748172,8419.296348933131,3.357142857143,73.234197333
748173,8419.296346139163,3.367346938776,72.685613442
748174,8419.296343345195,3.377551020408,72.808928068
748175,8419.296340551227,3.397959183673,73.325378555
748176,8419.296337757260,3.418367346939,73.526626993
748177,8419.296334963292,3.428571428571,72.941223076
748178,8419.296332169324,3.438775510204,72.490375751
748179,8419.296329375356,3.459183673469,71.527843864
748180,8419.296326581389,3.479591836735,72.866247588
748181,8419.296323787421,3.489795918367,72.972350113
748182,8419.296320993453,3.510204081633,74.837486488
748183,8419.296318199486,3.520408163265,73.017268085
748184,8419.296315405518,3.530612244898,73.576915926
748185,8419.296312611550,3.551020408163,72.310713971
748186,8419.296309817582,3.571428571429,72.558580079
748187,8419.296307023615,3.581632653061,72.711986727
748188,8419.296304229647,3.602040816327,73.121529837
748189,8419.296301435679,3.612244897959,71.126219745
748190,8419.296298641711,3.632653061224,72.928665783
748191,8419.296295847744,3.642857142857,71.826959170
748192,8419.296293053776,3.663265306122,71.826228141
748193,8419.296290259808,3.673469387755,71.870720365
748194,8419.296287465841,3.683673469388,72.545131136
748195,8419.296284671873,3.704081632653,72.539506732
748196,8419.296281877905,3.714285714286,74.153121341
748197,8419.296279083937,3.734693877551,73.848092977
748198,8419.296276289970,3.755102040816,73.678967120
748199,8419.296273496002,3.765306122449,72.238094451
748200,8419.296270702034,3.785714285714,73.245323331
748201,8419.296267908067,3.795918367347,72.394796027
748202,8419.296265114099,3.816326530612,72.784322314
748203,8419.296262320131,3.826530612245,73.538533145
748204,8419.296259526163,3.836734693878,73.640183042
748205,8419.296256732196,3.857142857143,73.545906472
748206,8419.296253938228,3.867346938776,74.112683046
748207,8419.296251144260,3.887755102041,72.367660992
748208,8419.296248350292,3.908163265306,72.797775149
748209,8419.296245556325,3.918367346939,72.704453992
748210,8419.296242762357,3.938775510204,74.207560755
748211,8419.296239968389,3.948979591837,73.207111590
748212,8419.296237174422,3.969387755102,74.502940478
748213,8419.296234380454,3.979591836735,74.078196908
748214,8419.296231586486,3.989795918367,73.791882838
748215,8419.296228792518,4.000000000000,66.542779644
748216,8419.296225998551,2.755102040816,64.456413831
748217,8419.296223204583,2.765306122449,64.710428944
748218,8419.296220410615,2.775510204082,64.391337928
748219,8419.296217616647,2.785714285714,63.518530706
748220,8419.296214822680,2.795918367347,62.942570444
748221,8419.296212028712,2.806122448980,62.968238375
748222,8419.296209234744,3.367346938776,63.094898823
748223,8419.296206440777,2.826530612245,63.152231257
748224,8419.296203646809,2.846938775510,63.642426590
748225,8419.296200852841,2.857142857143,63.826571375
748226,8419.296198058873,2.867346938776,64.909510952
748227,8419.296195264906,2.877551020408,63.696111780
748228,8419.296192470938,2.887755102041,62.677303616
748229,8419.296189676970,2.897959183673,63.528287976
748230,8419.296186883003,2.908163265306,64.149210933
748231,8419.296184089035,2.918367346939,63.920931754
748232,8419.296181295067,3.489795918367,64.124283781
748233,8419.296178501099,2.938775510204,64.423566901
748234,8419.296175707132,2.948979591837,64.632000143
748235,8419.296172913164,2.959183673469,65.169786966
748236,8419.296170119196,2.969387755102,65.066626198
748237,8419.296167325228,2.979591836735,64.670210533
748238,8419.296164531261,3.000000000000,65.635241856
748239,8419.296161737293,3.010204081633,64.458519497
748240,8419.296158943325,3.020408163265,64.601024987
748241,8419.296156149358,3.030612244898,64.345470861
748242,8419.296153355390,3.040816326531,63.974250667
748243,8419.296150561422,3.632653061224,62.288557183
748244,8419.296147767454,3.061224489796,63.399014440
748245,8419.296144973487,3.071428571429,62.910994091
748246,8419.296142179519,3.081632653061,63.987428324
748247,8419.296139385551,3.091836734694,64.033096576
748248,8419.296136591583,3.102040816327,64.971432819
748249,8419.296133797616,3.112244897959,63.615154127
748250,8419.296131003648,3.724489795918,64.486652958
748251,8419.296128209680,3.132653061224,64.981305329
748252,8419.296125415713,3.153061224490,65.097817197
748253,8419.296122621745,3.163265306122,64.131370546
748254,8419.296119827777,3.775510204082,64.212652251
748255,8419.296117033809,3.183673469388,63.177733362
748256,8419.296114239842,3.193877551020,63.089338631
748257,8419.296111445874,3.204081632653,62.234416469
748258,8419.296108651906,3.214285714286,63.075355326
748259,8419.296105857939,3.836734693878,63.933338525
748260,8419.296103063971,3.857142857143,63.545241347
748261,8419.296100270003,3.244897959184,63.127617507
748262,8419.296097476035,3.255102040816,64.660857420
748263,8419.296094682068,3.265306122449,65.151409617
748264,8419.296091888100,3.275510204082,64.267171924
748265,8419.296089094132,3.285714285714,64.963258359
748266,8419.296086300164,3.306122448980,64.774756410
748267,8419.296083506197,3.316326530612,64.895839116
748268,8419.296080712229,3.326530612245,65.094118309
748269,8419.296077918261,3.336734693878,64.754217833
748270,8419.296075124294,3.346938775510,63.541352597
748271,8419.296072330326,3.357142857143,64.446582301
748272,8419.296069536358,3.367346938776,64.526723616
748273,8419.296066742390,3.377551020408,64.201583941
748274,8419.296063948423,3.387755102041,63.236003090
748275,8419.296061154455,3.397959183673,62.942879167
748276,8419.296058360487,3.408163265306,64.618812992
748277,8419.296055566519,3.418367346939,63.494189376
748278,8419.296052772552,3.428571428571,64.231793555
748279,8419.296049978584,3.448979591837,64.170739204
748280,8419.296047184616,3.459183673469,64.103727872
748281,8419.296044390649,3.469387755102,64.400280678
748282,8419.296041596681,3.479591836735,65.802881112
748283,8419.296038802713,3.489795918367,63.879328684
748284,8419.296036008745,3.500000000000,63.860415734
748285,8419.296033214778,3.510204081633,63.774390380
748286,8419.296030420810,3.520408163265,65.542519090
748287,8419.296027626842,3.530612244898,63.053943953
748288,8419.296024832875,3.540816326531,64.516802249
748289,8419.296022038907,3.551020408163,65.075883312
748290,8419.296019244939,3.561224489796,66.717183510
748291,8419.296016450971,3.571428571429,66.234908538
748292,8419.296013657004,3.581632653061,65.443638638
748293,8419.296010863036,3.591836734694,67.048300740
748294,8419.296008069068,3.612244897959,67.317195106
748295,8419.296005275100,3.622448979592,65.810270959
748296,8419.296002481133,3.632653061224,66.456326487
748297,8419.295999687165,3.642857142857,65.254316264
748298,8419.295996893197,3.653061224490,64.118163306
748299,8419.295994099230,3.663265306122,66.735040866
748300,8419.295991305262,3.673469387755,64.337683415
748301,8419.295988511294,3.683673469388,64.437878694
748302,8419.295985717326,3.693877551020,64.991264503
748303,8419.295982923359,3.704081632653,64.973124467
748304,8419.295980129391,3.714285714286,63.997772732
748305,8419.295977335423,3.724489795918,64.741995088
748306,8419.295974541456,3.734693877551,63.535325425
748307,8419.295971747488,3.744897959184,65.033719924
748308,8419.295968953520,3.765306122449,65.591934535
748309,8419.295966159552,3.775510204082,65.040111722
748310,8419.295963365585,3.785714285714,65.592376787
748311,8419.295960571617,3.795918367347,65.481139188
748312,8419.295957777649,3.806122448980,64.846072729
748313,8419.295954983681,3.816326530612,63.987643858
748314,8419.295952189714,3.826530612245,65.106941737
748315,8419.295949395746,3.836734693878,64.837565143
748316,8419.295946601778,3.846938775510,64.796375147
748317,8419.295943807811,3.857142857143,65.994937618
748318,8419.295941013843,3.867346938776,66.607745826
748319,8419.295938219875,3.877551020408,63.431754456
748320,8419.295935425907,3.887755102041,64.684353356
748321,8419.295932631940,3.908163265306,64.496313702
748322,8419.295929837972,3.918367346939,63.664467425
748323,8419.295927044004,3.928571428571,64.361097873
748324,8419.295924250036,3.938775510204,64.346433383
748325,8419.295921456069,3.948979591837,65.992188843
748326,8419.295918662101,3.959183673469,64.908337532
748327,8419.295915868133,3.969387755102,64.039935433
748328,8419.295913074166,3.979591836735,63.854234584
748329,8419.295910280198,3.989795918367,64.055616424
748330,8419.295907486230,4.000000000000,63.998583606
748331,8419.295904692262,3.724489795918,57.736708079
748332,8419.295901898295,3.734693877551,57.717968648
748333,8419.295899104327,3.744897959184,57.837612987
748334,8419.295896310359,3.755102040816,56.809755037
748335,8419.295893516392,3.765306122449,55.672721801
748336,8419.295890722424,3.775510204082,55.789899196
748337,8419.295887928456,3.785714285714,55.846677895
748338,8419.295885134488,3.795918367347,57.486023777
748339,8419.295882340521,3.806122448980,56.565376687
748340,8419.295879546553,3.816326530612,57.622337244
748341,8419.295876752585,3.826530612245,56.788500539
748342,8419.295873958617,3.836734693878,57.085518930
748343,8419.295871164650,3.846938775510,56.717147353
748344,8419.295868370682,3.857142857143,56.966387767
748345,8419.295865576714,3.867346938776,56.557550260
748346,8419.295862782747,3.877551020408,57.424738083
748347,8419.295859988779,3.887755102041,57.803547164
748348,8419.295857194811,3.897959183673,56.739765646
748349,8419.295854400843,3.908163265306,55.832607426
748350,8419.295851606876,3.918367346939,57.273931619
748351,8419.295848812908,3.928571428571,56.689883178
748352,8419.295846018940,3.938775510204,55.946389073
748353,8419.295843224972,3.948979591837,56.593168976
748354,8419.295840431005,3.959183673469,56.660394567
748355,8419.295837637037,3.969387755102,56.491223922
748356,8419.295834843069,3.979591836735,56.672972535
748357,8419.295832049102,3.989795918367,57.099675263
748358,8419.295829255134,4.000000000000,56.815174763
748359,8419.295826461166,4.000000000000,53.420073722
755594,8419.275612104684,-3.979591836735,10.007032088
755601,8419.275592546910,-3.897959183673,10.503964148
755602,8419.275589752942,-3.877551020408,10.906838273
755604,8419.275584165007,-3.857142857143,10.033521916
755616,8419.275550637394,-4.000000000000,11.258608021
755617,8419.275547843426,-3.989795918367,11.247431975
755619,8419.275542255491,-3.969387755102,10.627571573
755620,8419.275539461523,-3.959183673469,11.945381094
755621,8419.275536667556,-3.948979591837,10.853872356
755622,8419.275533873588,-3.673469387755,10.808645352
755623,8419.275531079620,-3.918367346939,10.883940699
755624,8419.275528285652,-3.908163265306,10.980822883
755625,8419.275525491685,-3.897959183673,10.443160030
755626,8419.275522697717,-3.887755102041,10.506826788
755627,8419.275519903749,-3.877551020408,10.357065214
755628,8419.275517109782,-3.857142857143,12.617784784
755629,8419.275514315814,-3.846938775510,11.019733643
755630,8419.275511521846,-3.836734693878,10.831976320
755631,8419.275508727878,-3.826530612245,10.797513750
755632,8419.275505933911,-3.561224489796,10.387755326
755641,8419.275480788201,-3.704081632653,10.501414879
755643,8419.275475200266,-3.959183673469,11.167267690
755644,8419.275472406298,-3.428571428571,10.560413567
755646,8419.275466818362,-3.653061224490,10.889192191
755647,8419.275464024395,-3.642857142857,10.770850695
755648,8419.275461230427,-3.887755102041,12.190325281
755649,8419.275458436459,-3.877551020408,11.293008561
755650,8419.275455642492,-3.602040816327,10.900128923
755651,8419.275452848524,-3.846938775510,11.657864753
755652,8419.275450054556,-3.581632653061,12.149788868
755653,8419.275447260588,-3.571428571429,10.793249350
755654,8419.275444466621,-3.561224489796,11.047987306
755655,8419.275441672653,-3.316326530612,11.553069236
755656,8419.275438878685,-3.530612244898,10.617950213
755657,8419.275436084718,-3.520408163265,11.147108425
755658,8419.275433290750,-3.510204081633,11.713277440
755659,8419.275430496782,-3.755102040816,10.558580470
755660,8419.275427702814,-3.479591836735,10.189814416
755661,8419.275424908847,-3.469387755102,10.343787346
755662,8419.275422114879,-3.459183673469,11.204435875
755663,8419.275419320911,-3.438775510204,10.953526489
755664,8419.275416526943,-3.428571428571,11.621115033
755665,8419.275413732976,-3.418367346939,10.755078061
755666,8419.275410939008,-3.408163265306,11.519299981
755667,8419.275408145040,-3.397959183673,12.906177606
755668,8419.275405351073,-3.387755102041,10.357002125
755669,8419.275402557105,-3.918367346939,12.073966737
755670,8419.275399763137,-3.908163265306,13.266237173
755671,8419.275396969169,-3.897959183673,13.370993601
755672,8419.275394175202,-3.877551020408,12.375398635
755673,8419.275391381234,-3.336734693878,14.729909822
755674,8419.275388587266,-3.316326530612,12.084207890
755675,8419.275385793298,-3.295918367347,11.702746823
755676,8419.275382999331,-3.295918367347,10.599343291
755677,8419.275380205363,-3.806122448980,10.978005394
755678,8419.275377411395,-3.795918367347,10.211047944
755679,8419.275374617428,-3.785714285714,10.775120000
755680,8419.275371823460,-3.775510204082,11.171684987
755683,8419.275363441557,-3.734693877551,11.254574153
755684,8419.275360647589,-3.204081632653,11.342468745
755685,8419.275357853621,-3.193877551020,11.294894978
755686,8419.275355059654,-3.683673469388,11.318356203
755687,8419.275352265686,-3.948979591837,11.584565282
755688,8419.275349471718,-3.653061224490,11.729305938
755689,8419.275346677750,-3.642857142857,11.297793537
755690,8419.275343883783,-3.132653061224,10.694650028
755691,8419.275341089815,-3.928571428571,12.755550650
755692,8419.275338295847,-3.918367346939,13.413832264
755693,8419.275335501879,-3.908163265306,14.429893605
755694,8419.275332707912,-3.581632653061,12.042184070
755695,8419.275329913944,-3.867346938776,16.578869280
755696,8419.275327119976,-3.857142857143,16.137156799
755697,8419.275324326009,-3.846938775510,14.435746981
755698,8419.275321532041,-3.836734693878,13.143416172
755699,8419.275318738073,-3.826530612245,13.505596291
755700,8419.275315944105,-3.816326530612,12.802162364
755701,8419.275313150138,-3.806122448980,11.485644763
755702,8419.275310356170,-2.989795918367,11.503756014
755703,8419.275307562202,-2.979591836735,10.069578163
755704,8419.275304768234,-3.438775510204,11.144540553
755705,8419.275301974267,-3.428571428571,10.922308171
755706,8419.275299180299,-4.000000000000,12.975916165
755707,8419.275296386331,-4.000000000000,14.461324016
755708,8419.275293592364,-3.989795918367,13.588620091
755709,8419.275290798396,-3.979591836735,16.293100442
755710,8419.275288004428,-3.346938775510,14.370438949
755711,8419.275285210460,-3.959183673469,16.289207829
755712,8419.275282416493,-3.948979591837,16.973977194
755713,8419.275279622525,-3.938775510204,21.440595358
755714,8419.275276828557,-3.928571428571,22.463359011
755715,8419.275274034590,-3.918367346939,21.380980752
755716,8419.275271240622,-3.897959183673,21.984338770
755717,8419.275268446654,-3.887755102041,20.444945736
755718,8419.275265652686,-3.877551020408,21.791102808
755719,8419.275262858719,-3.867346938776,22.190678356
755720,8419.275260064751,-3.857142857143,19.012111781
755721,8419.275257270783,-3.846938775510,18.825781519
755722,8419.275254476815,-3.836734693878,14.370841227
755723,8419.275251682848,-3.826530612245,15.006752932
755724,8419.275248888880,-3.816326530612,16.044370229
755725,8419.275246094912,-3.806122448980,15.009199356
755726,8419.275243300945,-3.795918367347,13.720842386
755727,8419.275240506977,-3.785714285714,14.203619792
755728,8419.275237713009,-3.775510204082,13.467106855
755729,8419.275234919041,-3.765306122449,13.331534298
755730,8419.275232125074,-3.744897959184,13.480006852
755731,8419.275229331106,-3.734693877551,13.815217955
755732,8419.275226537138,-3.724489795918,13.187106801
755733,8419.275223743170,-3.714285714286,14.120430320
755734,8419.275220949203,-3.704081632653,12.699108877
755735,8419.275218155235,-3.693877551020,13.252351363
755736,8419.275215361267,-3.683673469388,12.905868208
755737,8419.275212567300,-3.673469387755,16.575030552
755738,8419.275209773332,-3.663265306122,14.828483691
755739,8419.275206979364,-3.897959183673,15.103268416
755740,8419.275204185396,-3.887755102041,14.787739258
755741,8419.275201391429,-3.877551020408,15.017448129
755742,8419.275198597461,-3.857142857143,14.725480256
755743,8419.275195803493,-3.846938775510,15.060427481
755744,8419.275193009526,-3.602040816327,12.717373873
755745,8419.275190215558,-3.581632653061,14.313174588
755746,8419.275187421590,-3.571428571429,14.392960222
755747,8419.275184627622,-3.561224489796,13.990743235
755748,8419.275181833655,-3.346938775510,15.101271330
755749,8419.275179039687,-3.336734693878,15.971969639
755750,8419.275176245719,-3.326530612245,16.467741634
755751,8419.275173451751,-3.295918367347,17.762344038
755752,8419.275170657784,-3.306122448980,18.420496726
755753,8419.275167863816,-3.275510204082,18.505398331
755754,8419.275165069848,-3.265306122449,18.097410629
755755,8419.275162275881,-3.255102040816,16.971881268
755756,8419.275159481913,-3.469387755102,16.219070595
755757,8419.275156687945,-3.459183673469,17.248440273
755758,8419.275153893977,-3.438775510204,17.325064319
755759,8419.275151100010,-3.428571428571,15.948443474
755760,8419.275148306042,-3.418367346939,14.740661413
755761,8419.275145512074,-3.408163265306,15.221111109
755762,8419.275142718107,-3.397959183673,13.906552228
755763,8419.275139924139,-3.387755102041,15.135843338
755764,8419.275137130171,-3.377551020408,16.683728459
755765,8419.275134336203,-3.367346938776,15.729300498
755766,8419.275131542236,-3.357142857143,15.939946434
755767,8419.275128748268,-3.346938775510,20.884175641
755768,8419.275125954300,-3.336734693878,21.954133746
755769,8419.275123160332,-3.326530612245,21.784282418
755770,8419.275120366365,-3.316326530612,23.621005815
755771,8419.275117572397,-3.306122448980,23.631791740
755772,8419.275114778429,-3.295918367347,25.229416300
755773,8419.275111984462,-3.275510204082,26.554941429
755774,8419.275109190494,-3.265306122449,22.002157514
755775,8419.275106396526,-3.244897959184,19.321412844
755776,8419.275103602558,-3.234693877551,17.412112832
755777,8419.275100808591,-3.234693877551,14.361959941
755778,8419.275098014623,-3.224489795918,14.225406859
755779,8419.275095220655,-3.214285714286,13.612789205
755780,8419.275092426687,-3.204081632653,16.456706955
755781,8419.275089632720,-3.193877551020,15.904239140
755782,8419.275086838752,-3.183673469388,14.566999846
755783,8419.275084044784,-3.173469387755,14.307411568
755784,8419.275081250817,-3.928571428571,18.543898869
755785,8419.275078456849,-3.908163265306,19.763152495
755786,8419.275075662881,-3.887755102041,20.347639137
755787,8419.275072868913,-3.867346938776,22.173441144
755788,8419.275070074946,-3.857142857143,21.968602790
755789,8419.275067280978,-3.836734693878,20.420390536
755790,8419.275064487010,-3.806122448980,18.446774716
755791,8419.275061693043,-2.887755102041,18.115846507
755792,8419.275058899075,-3.285714285714,17.268957851
755793,8419.275056105107,-2.867346938776,17.453606558
755794,8419.275053311139,-2.877551020408,18.165946635
755795,8419.275050517172,-2.846938775510,16.207193471
755796,8419.275047723204,-2.836734693878,16.012381210
755797,8419.275044929236,-2.826530612245,13.838620212
755798,8419.275042135268,-2.816326530612,13.875167829
755799,8419.275039341301,-3.000000000000,14.320530826
755800,8419.275036547333,-2.989795918367,17.185920866
755801,8419.275033753365,-2.969387755102,15.768480795
755802,8419.275030959398,-2.775510204082,13.826477566
755803,8419.275028165430,-2.948979591837,16.367230471
755804,8419.275025371462,-2.938775510204,16.264575778
755805,8419.275022577494,-2.744897959184,15.759312658
755806,8419.275019783527,-3.938775510204,18.744193068
755807,8419.275016989559,-2.908163265306,21.094627289
755808,8419.275014195591,-2.887755102041,19.784561282
755809,8419.275011401623,-3.887755102041,19.665274387
755810,8419.275008607656,-2.877551020408,19.910425506
755811,8419.275005813688,-2.867346938776,19.812895906
755812,8419.275003019720,-3.836734693878,16.366679985
755813,8419.275000225753,-2.846938775510,15.055118760
755814,8419.274997431785,-2.826530612245,17.201423561
755815,8419.274994637817,-2.816326530612,17.069764128
755816,8419.274991843849,-2.806122448980,16.003522500
755817,8419.274989049882,-2.795918367347,17.295695514
755818,8419.274986255914,-2.785714285714,16.115012258
755819,8419.274983461946,-2.775510204082,16.209094683
755820,8419.274980667979,-2.765306122449,15.900463469
755821,8419.274977874011,-2.602040816327,17.489140322
755822,8419.274975080043,-2.571428571429,16.485076225
755823,8419.274972286075,-2.561224489796,16.472500367
755824,8419.274969492108,-2.908163265306,18.008706471
755825,8419.274966698140,-2.887755102041,19.520328919
755826,8419.274963904172,-2.877551020408,20.074755436
755827,8419.274961110204,-2.867346938776,20.731055162
755828,8419.274958316237,-3.295918367347,19.852770690
755829,8419.274955522269,-3.275510204082,20.988875042
755830,8419.274952728301,-3.908163265306,19.839918253
755831,8419.274949934334,-3.918367346939,20.149890863
755832,8419.274947140366,-3.877551020408,19.208108601
755833,8419.274944346398,-2.622448979592,16.060953295
755834,8419.274941552430,-2.612244897959,17.314129732
755835,8419.274938758463,-2.602040816327,18.769507476
755836,8419.274935964495,-2.591836734694,23.830919209
755837,8419.274933170527,-2.581632653061,23.109678516
755838,8419.274930376559,-2.571428571429,22.896343427
755839,8419.274927582592,-2.561224489796,23.264599328
755840,8419.274924788624,-2.551020408163,16.904452105
755841,8419.274921994656,-2.510204081633,16.291513126
755842,8419.274919200689,-2.867346938776,15.045063418
755843,8419.274916406721,-2.857142857143,16.258540128
755844,8419.274913612753,-3.357142857143,18.779297146
755845,8419.274910818785,-3.336734693878,18.485461099
755846,8419.274908024818,-3.316326530612,20.196174228
755847,8419.274905230850,-3.306122448980,20.601681806
755848,8419.274902436882,-2.306122448980,20.498179716
755849,8419.274899642915,-2.295918367347,21.227930629
755850,8419.274896848947,-2.591836734694,18.383767933
755851,8419.274894054979,-2.581632653061,17.727529867
755852,8419.274891261011,-2.581632653061,18.334450052
755853,8419.274888467044,-3.908163265306,19.752864663
755854,8419.274885673076,-3.887755102041,19.175961866
755855,8419.274882879108,-2.928571428571,19.670073021
755856,8419.274880085140,-2.908163265306,20.328538779
755857,8419.274877291173,-2.897959183673,21.055206912
755858,8419.274874497205,-2.346938775510,22.721115788
755859,8419.274871703237,-2.336734693878,22.044612765
755860,8419.274868909270,-2.326530612245,22.248643163
755861,8419.274866115302,-2.316326530612,21.122324125
755862,8419.274863321334,-2.306122448980,21.306440585
755863,8419.274860527366,-1.928571428571,17.946402240
755864,8419.274857733399,-3.346938775510,21.770955721
755865,8419.274854939431,-3.326530612245,22.292045042
755866,8419.274852145463,-3.316326530612,23.232642104
755867,8419.274849351496,-3.285714285714,21.911707020
755868,8419.274846557528,-2.244897959184,19.932718948
755869,8419.274843763560,-2.234693877551,20.185841756
755870,8419.274840969592,-2.224489795918,19.670928878
755871,8419.274838175625,-2.346938775510,18.213313998
755872,8419.274835381657,-2.326530612245,20.043176006
755873,8419.274832587689,-2.908163265306,20.937358327
755874,8419.274829793721,-2.897959183673,23.856217342
755875,8419.274826999754,-2.163265306122,24.634100304
755876,8419.274824205786,-2.153061224490,25.098451751
755877,8419.274821411818,-2.142857142857,24.698181906
755878,8419.274818617851,-2.122448979592,20.707071916
755879,8419.274815823883,-2.591836734694,20.926960391
755880,8419.274813029915,-2.561224489796,22.517673100
755881,8419.274810235947,-2.540816326531,24.409171543
755882,8419.274807441980,-1.959183673469,19.767579199
755883,8419.274804648012,-2.520408163265,18.370758034
755884,8419.274801854044,-2.336734693878,18.849770412
755885,8419.274799060076,-2.316326530612,21.369728552
755886,8419.274796266109,-2.306122448980,21.543790550
755887,8419.274793472141,-1.755102040816,18.898938665
755888,8419.274790678173,-2.153061224490,19.999700504
755889,8419.274787884206,-2.142857142857,23.445557483
755890,8419.274785090238,-2.000000000000,20.005999876
755891,8419.274782296270,-1.989795918367,25.659257671
755892,8419.274779502302,-1.979591836735,28.349240630
755893,8419.274776708335,-1.959183673469,25.157973399
755894,8419.274773914367,-1.836734693878,23.459483423
755895,8419.274771120399,-1.826530612245,24.476318178
755896,8419.274768326432,-2.561224489796,24.097032860
755897,8419.274765532464,-1.928571428571,20.593194052
755898,8419.274762738496,-1.918367346939,22.462098987
755899,8419.274759944528,-2.295918367347,22.309268579
755900,8419.274757150561,-1.530612244898,19.018479956
755901,8419.274754356593,-1.877551020408,22.032256789
755902,8419.274751562625,-1.867346938776,22.060766200
755903,8419.274748768657,-1.969387755102,23.091872953
755904,8419.274745974690,-1.846938775510,22.172850882
755905,8419.274743180722,-1.836734693878,28.285056481
755906,8419.274740386754,-1.826530612245,24.235729498
755907,8419.274737592787,-0.581632653061,22.525929522
755908,8419.274734798819,-2.857142857143,23.231908443
755909,8419.274732004851,-0.540816326531,23.882608148
755910,8419.274729210883,-2.561224489796,25.091542466
755911,8419.274726416916,-0.530612244898,25.537925717
755912,8419.274723622948,-0.510204081633,29.202302902
755913,8419.274720828980,-0.500000000000,28.894499589
755914,8419.274718035012,-0.489795918367,30.491575986
755915,8419.274715241045,-0.479591836735,35.702373307
755916,8419.274712447077,-0.469387755102,39.698828536
755917,8419.274709653109,-0.459183673469,39.625900550
755918,8419.274706859142,-0.448979591837,40.878659192
755919,8419.274704065174,-0.438775510204,58.452469105
755920,8419.274701271206,-0.428571428571,60.861120641
755921,8419.274698477238,-0.408163265306,71.921611702
755922,8419.274695683271,-0.397959183673,101.900623021
755923,8419.274692889303,-0.387755102041,106.021413946
755924,8419.274690095335,-0.367346938776,104.442858669
755925,8419.274687301368,-0.357142857143,88.706924599
755926,8419.274684507400,-0.346938775510,67.925813571
755927,8419.274681713432,-0.326530612245,61.938028233
755928,8419.274678919464,-0.316326530612,52.924219659
755929,8419.274676125497,-0.306122448980,47.843605861
755930,8419.274673331529,-0.295918367347,48.033855521
755931,8419.274670537561,-0.285714285714,36.146834764
755932,8419.274667743593,-0.265306122449,33.818919752
755933,8419.274664949626,-0.255102040816,32.753974323
755934,8419.274662155658,-0.255102040816,29.463656508
755935,8419.274659361690,-0.244897959184,27.395937263
755936,8419.274656567723,-0.224489795918,28.414440266
755937,8419.274653773755,-0.214285714286,26.422514979
755938,8419.274650979787,-0.214285714286,26.416034179
755939,8419.274648185819,-0.204081632653,25.963453750
755940,8419.274645391852,-0.193877551020,27.489605374
755941,8419.274642597884,-0.173469387755,24.752441752
755942,8419.274639803916,-1.428571428571,24.938491590
755943,8419.274637009948,-0.153061224490,27.047411637
755944,8419.274634215981,-0.142857142857,23.419907183
755945,8419.274631422013,-0.132653061224,23.142563281
755946,8419.274628628045,-0.122448979592,24.643660724
755947,8419.274625834078,-1.377551020408,24.138666889
755948,8419.274623040110,-1.357142857143,22.133402254
755949,8419.274620246142,-1.357142857143,22.795231182
755950,8419.274617452174,-1.346938775510,23.366815183
755951,8419.274614658207,-1.336734693878,24.535812155
755952,8419.274611864239,-0.051020408163,22.184825661
755953,8419.274609070271,-0.040816326531,23.440501578
755954,8419.274606276304,-1.295918367347,22.463095242
755955,8419.274603482336,-1.285714285714,23.337568240
755956,8419.274600688368,-1.275510204082,23.514111623
755957,8419.274597894400,-1.265306122449,24.056210234
755958,8419.274595100433,-1.255102040816,22.740514248
755959,8419.274592306465,-1.244897959184,22.728952105
755960,8419.274589512497,-1.234693877551,22.678983420
755961,8419.274586718529,-1.224489795918,22.502045061
755962,8419.274583924562,-1.214285714286,26.573125968
755963,8419.274581130594,-1.204081632653,22.562541148
755964,8419.274578336626,-1.193877551020,23.055966012
755965,8419.274575542659,-1.183673469388,23.105763727
755966,8419.274572748691,-1.173469387755,23.068933802
755967,8419.274569954723,-1.163265306122,23.333865003
755968,8419.274567160755,-1.153061224490,24.073984135
755969,8419.274564366788,-1.132653061224,23.888850854
755970,8419.274561572820,-1.122448979592,22.283101344
755971,8419.274558778852,-1.112244897959,22.030547144
755972,8419.274555984885,-1.102040816327,22.440044633
755973,8419.274553190917,-1.091836734694,22.588728110
755974,8419.274550396949,-1.081632653061,23.081566875
755975,8419.274547602981,-1.071428571429,22.541976646
755976,8419.274544809014,-1.061224489796,22.841340363
755977,8419.274542015046,-1.051020408163,23.036466063
755978,8419.274539221078,-1.040816326531,23.890774676
755979,8419.274536427110,-1.030612244898,25.269140694
755980,8419.274533633143,-1.020408163265,25.227821829
755981,8419.274530839175,-1.010204081633,26.923748573
755982,8419.274528045207,-0.989795918367,27.502018663
755983,8419.274525251240,-0.979591836735,23.436960047
755984,8419.274522457272,0.285714285714,21.831188641
755985,8419.274519663304,0.306122448980,22.350422527
755986,8419.274516869336,-0.948979591837,23.570593774
755987,8419.274514075369,-0.938775510204,22.026817688
755988,8419.274511281401,-0.928571428571,23.998623990
755989,8419.274508487433,-0.918367346939,23.229612297
755990,8419.274505693465,-0.908163265306,21.997880559
755991,8419.274502899498,0.408163265306,21.411080027
755992,8419.274500105530,0.418367346939,23.961541190
755993,8419.274497311562,-0.877551020408,27.203878953
755994,8419.274494517595,-0.867346938776,21.326421880
755995,8419.274491723627,-0.857142857143,21.101675936
755996,8419.274488929659,-0.846938775510,22.717428852
755997,8419.274486135691,-0.826530612245,19.430511035
755998,8419.274483341724,0.500000000000,22.973759533
755999,8419.274480547756,-0.397959183673,20.312617320
756000,8419.274477753788,-0.795918367347,19.921221758
756001,8419.274474959821,-0.785714285714,22.432198634
756002,8419.274472165853,0.479591836735,20.616745881
756003,8419.274469371885,0.489795918367,19.556686874
756004,8419.274466577917,0.500000000000,21.961680392
756005,8419.274463783950,-0.744897959184,20.697925349
756006,8419.274460989982,-0.734693877551,20.571550734
756007,8419.274458196014,-0.724489795918,24.520027809
756008,8419.274455402046,-0.714285714286,23.370069260
756009,8419.274452608079,-0.704081632653,26.293043292
756010,8419.274449814111,-0.683673469388,23.607295460
756011,8419.274447020143,-0.663265306122,23.635552254
756012,8419.274444226176,-0.653061224490,23.486750152
756013,8419.274441432208,-0.642857142857,22.266630058
756014,8419.274438638240,-0.642857142857,24.989783710
756015,8419.274435844272,-0.632653061224,26.159927443
756016,8419.274433050305,-0.622448979592,25.706376137
756017,8419.274430256337,-0.612244897959,25.829452445
756018,8419.274427462369,-0.602040816327,26.504792859
756019,8419.274424668401,-0.581632653061,24.972699656
756020,8419.274421874434,-0.571428571429,25.055262064
756021,8419.274419080466,-0.591836734694,27.355658370
756022,8419.274416286498,-0.663265306122,23.087647567
756023,8419.274413492531,-0.653061224490,23.549018779
756024,8419.274410698563,-0.551020408163,28.346851785
756025,8419.274407904595,-0.540816326531,26.657223027
756026,8419.274405110627,-0.510204081633,28.263218375
756027,8419.274402316660,-0.500000000000,29.345235459
756028,8419.274399522692,-0.489795918367,32.819200952
756029,8419.274396728724,-0.479591836735,38.050875189
756030,8419.274393934757,-0.469387755102,47.579239863
756031,8419.274391140789,-0.459183673469,48.230816754
756032,8419.274388346821,-0.448979591837,49.477500262
756033,8419.274385552853,-0.438775510204,52.640061406
756034,8419.274382758886,-0.438775510204,55.180657691
756035,8419.274379964918,-0.418367346939,65.145646312
756036,8419.274377170950,-0.408163265306,96.512428288
756037,8419.274374376982,-0.397959183673,114.814556189
756038,8419.274371583015,-0.387755102041,112.204538670
756039,8419.274368789047,-0.357142857143,104.057000882
756040,8419.274365995079,-0.346938775510,81.529725146
756041,8419.274363201112,-0.336734693878,73.543456743
756042,8419.274360407144,-0.326530612245,62.375963390
756043,8419.274357613176,-0.306122448980,50.564440151
756044,8419.274354819208,-0.295918367347,47.040628378
756045,8419.274352025241,-0.275510204082,43.227015501
756046,8419.274349231273,-0.255102040816,38.834895461
756047,8419.274346437305,-0.244897959184,35.381511174
756048,8419.274343643337,-0.224489795918,34.764247003
756049,8419.274340849370,-0.071428571429,24.371972774
756050,8419.274338055402,-0.193877551020,30.378465622
756051,8419.274335261434,-0.234693877551,26.633467385
756052,8419.274332467467,-0.224489795918,28.239129864
756053,8419.274329673499,-0.214285714286,27.482763566
756054,8419.274326879531,-0.204081632653,26.613874323
756055,8419.274324085563,-0.193877551020,25.852316082
756056,8419.274321291596,0.357142857143,22.702457412
756057,8419.274318497628,0.367346938776,22.428967949
756058,8419.274315703660,1.091836734694,25.938114059
756059,8419.274312909693,1.112244897959,24.428733117
756060,8419.274310115725,0.489795918367,22.309396415
756061,8419.274307321757,0.520408163265,23.607560126
756062,8419.274304527789,0.561224489796,21.650520870
756063,8419.274301733822,1.163265306122,21.926459679
756064,8419.274298939854,0.989795918367,20.899830422
756065,8419.274296145886,0.704081632653,20.491847617
756066,8419.274293351918,1.061224489796,22.605597354
756067,8419.274290557951,0.765306122449,24.545319557
756068,8419.274287763983,0.785714285714,23.023387898
756069,8419.274284970015,1.214285714286,22.682795881
756070,8419.274282176048,1.224489795918,24.703930724
756071,8419.274279382080,1.367346938776,20.527633100
756072,8419.274276588112,1.367346938776,22.551649263
756073,8419.274273794144,1.377551020408,25.177957079
756074,8419.274271000177,1.030612244898,19.981656418
756075,8419.274268206209,1.551020408163,20.574439196
756076,8419.274265412241,1.571428571429,20.544022854
756077,8419.274262618273,1.163265306122,21.321381935
756078,8419.274259824306,1.183673469388,26.434946086
756079,8419.274257030338,1.193877551020,22.748540192
756080,8419.274254236370,1.275510204082,22.090142929
756081,8419.274251442403,1.295918367347,22.991181261
756082,8419.274248648435,1.357142857143,25.889729638
756083,8419.274245854467,1.377551020408,27.176128959
756084,8419.274243060499,1.387755102041,22.673083256
756085,8419.274240266532,1.397959183673,21.722055368
756086,8419.274237472564,1.510204081633,20.051375816
756087,8419.274234678596,1.540816326531,27.497108956
756088,8419.274231884629,1.551020408163,29.560126707
756089,8419.274229090661,1.571428571429,22.323307530
756090,8419.274226296693,1.591836734694,18.117296583
756091,8419.274223502725,1.448979591837,17.142698963
756092,8419.274220708758,1.469387755102,18.054725619
756093,8419.274217914790,1.030612244898,17.186234092
756094,8419.274215120822,1.795918367347,24.456216814
756095,8419.274212326854,1.357142857143,22.690676361
756096,8419.274209532887,1.367346938776,22.732166493
756097,8419.274206738919,1.122448979592,17.220292901
756098,8419.274203944951,1.173469387755,17.421761376
756099,8419.274201150984,1.193877551020,17.367015081
756100,8419.274198357016,1.540816326531,20.928415788
756101,8419.274195563048,2.081632653061,25.908574173
756102,8419.274192769080,2.102040816327,24.612396850
756103,8419.274189975113,1.581632653061,21.940421780
756104,8419.274187181145,1.612244897959,21.571287917
756105,8419.274184387177,2.163265306122,18.746430438
756106,8419.274181593210,3.122448979592,18.390099837
756107,8419.274178799242,3.132653061224,18.308389546
756108,8419.274176005274,1.785714285714,21.095802199
756109,8419.274173211306,1.795918367347,22.994332497
756110,8419.274170417339,1.816326530612,20.862901263
756111,8419.274167623371,1.826530612245,20.920762221
756112,8419.274164829403,1.540816326531,19.294242168
756113,8419.274162035435,2.530612244898,22.551745137
756114,8419.274159241468,1.581632653061,19.493549350
756115,8419.274156447500,1.591836734694,19.700921687
756116,8419.274153653532,1.602040816327,20.440078130
756117,8419.274150859565,1.632653061224,17.075823229
756118,8419.274148065597,1.673469387755,15.965186314
756119,8419.274145271629,2.122448979592,20.464979275
756120,8419.274142477661,2.132653061224,20.143671039
756121,8419.274139683694,2.142857142857,19.008626234
756122,8419.274136889726,1.795918367347,23.189980458
756123,8419.274134095758,1.816326530612,22.277715891
756124,8419.274131301790,1.826530612245,20.785401689
756125,8419.274128507823,1.826530612245,21.227694465
756126,8419.274125713855,3.040816326531,19.502096853
756127,8419.274122919887,3.071428571429,19.705305005
756128,8419.274120125920,3.112244897959,22.442200482
756129,8419.274117331952,3.122448979592,22.853045135
756130,8419.274114537984,3.132653061224,18.685613932
756131,8419.274111744016,3.163265306122,17.604832129
756132,8419.274108950049,2.520408163265,17.553003428
756133,8419.274106156081,2.530612244898,18.933226323
756134,8419.274103362113,2.091836734694,23.418370083
756135,8419.274100568146,2.112244897959,21.583358101
756136,8419.274097774178,2.122448979592,21.262997150
756137,8419.274094980210,2.132653061224,21.321284697
756138,8419.274092186242,2.142857142857,16.104322277
756139,8419.274089392275,2.193877551020,14.461248084
756140,8419.274086598307,2.183673469388,17.044288686
756141,8419.274083804339,3.602040816327,14.494564939
756142,8419.274081010371,3.632653061224,15.322339049
756143,8419.274078216404,3.683673469388,16.137857672
756144,8419.274075422436,3.704081632653,16.718942387
756145,8419.274072628468,2.336734693878,14.945976531
756146,8419.274069834501,3.785714285714,13.684823074
756147,8419.274067040533,3.826530612245,14.490989471
756148,8419.274064246565,3.877551020408,15.497623368
756149,8419.274061452597,3.918367346939,20.997776484
756150,8419.274058658630,3.938775510204,22.113911974
756151,8419.274055864662,2.530612244898,20.545081248
756152,8419.274053070694,4.000000000000,20.398569978
756153,8419.274050276726,2.551020408163,19.873047008
756154,8419.274047482759,2.142857142857,16.836476828
756155,8419.274044688791,2.571428571429,14.753037466
756156,8419.274041894823,2.591836734694,16.024945040
756157,8419.274039100856,2.367346938776,14.079150051
756158,8419.274036306888,2.377551020408,15.380042987
756159,8419.274033512920,2.387755102041,14.088522127
756160,8419.274030718952,2.397959183673,14.404995400
756161,8419.274027924985,2.744897959184,13.957635765
756162,8419.274025131017,2.428571428571,14.500705579
756163,8419.274022337049,2.438775510204,14.497709329
756164,8419.274019543082,2.448979591837,15.048358722
756165,8419.274016749114,2.071428571429,16.012219930
756166,8419.274013955146,2.091836734694,16.589145465
756167,8419.274011161178,2.479591836735,18.361227686
756168,8419.274008367211,2.500000000000,18.958968211
756169,8419.274005573243,2.510204081633,19.577352372
756170,8419.274002779275,2.530612244898,17.504674994
756171,8419.273999985307,2.530612244898,17.117935223
756172,8419.273997191340,3.071428571429,18.442199684
756173,8419.273994397372,3.091836734694,18.541326556
756174,8419.273991603404,3.102040816327,19.763729612
756175,8419.273988809437,3.122448979592,21.299629924
756176,8419.273986015469,3.132653061224,20.184913606
756177,8419.273983221501,3.153061224490,18.577738362
756178,8419.273980427533,1.989795918367,14.019630494
756179,8419.273977633566,3.959183673469,16.514455905
756180,8419.273974839598,3.989795918367,17.820342247
756181,8419.273972045630,4.000000000000,17.577442735
756182,8419.273969251662,2.061224489796,16.272692178
756183,8419.273966457695,2.081632653061,16.127458746
756184,8419.273963663727,2.438775510204,14.024086895
756185,8419.273960869759,2.469387755102,13.905116021
756186,8419.273958075792,2.132653061224,14.969414190
756187,8419.273955281824,2.489795918367,16.770865651
756188,8419.273952487856,2.510204081633,20.290993727
756189,8419.273949693888,2.520408163265,19.853401210
756190,8419.273946899921,2.540816326531,19.099860050
756191,8419.273944105953,2.561224489796,20.482968949
756192,8419.273941311985,2.561224489796,19.197164077
756193,8419.273938518018,2.581632653061,17.533606092
756194,8419.273935724050,2.581632653061,16.857667357
756195,8419.273932930082,2.602040816327,16.748837920
756196,8419.273930136114,2.612244897959,16.524238565
756197,8419.273927342147,2.306122448980,14.291107021
756198,8419.273924548179,2.336734693878,14.097363414
756199,8419.273921754211,2.632653061224,14.875546457
756200,8419.273918960243,2.357142857143,15.020993329
756201,8419.273916166276,2.887755102041,13.871298615
756202,8419.273913372308,2.397959183673,13.792605773
756203,8419.273910578340,2.438775510204,13.876339462
756204,8419.273907784373,2.448979591837,14.477888234
756205,8419.273904990405,2.479591836735,14.317034510
756206,8419.273902196437,2.489795918367,17.344535203
756207,8419.273899402469,2.500000000000,18.310320745
756208,8419.273896608502,2.510204081633,20.823991448
756209,8419.273893814534,2.520408163265,20.801859906
756210,8419.273891020566,2.530612244898,19.292044198
756211,8419.273888226599,2.551020408163,18.493227314
756212,8419.273885432631,2.561224489796,17.676812998
756213,8419.273882638663,2.581632653061,17.240828017
756214,8419.273879844695,2.602040816327,14.605005223
756215,8419.273877050728,2.622448979592,15.319782540
756216,8419.273874256760,2.632653061224,15.232239312
756217,8419.273871462792,2.132653061224,14.083024853
756218,8419.273868668824,3.081632653061,18.065452821
756219,8419.273865874857,3.091836734694,18.799786532
756220,8419.273863080889,3.112244897959,19.282564909
756221,8419.273860286921,3.132653061224,18.857054637
756222,8419.273857492954,3.132653061224,16.554134278
756223,8419.273854698986,3.153061224490,15.468958885
756224,8419.273851905018,3.153061224490,15.511048544
756225,8419.273849111050,3.183673469388,15.260606376
756226,8419.273846317083,2.500000000000,14.821499845
756227,8419.273843523115,2.510204081633,13.396537755
756228,8419.273840729147,2.530612244898,14.828238230
756229,8419.273837935179,2.540816326531,13.779636971
756230,8419.273835141212,2.561224489796,14.748030111
756231,8419.273832347244,3.234693877551,12.759405532
756232,8419.273829553276,2.928571428571,12.606897716
756233,8419.273826759309,3.918367346939,15.572832597
756234,8419.273823965341,3.938775510204,15.075011663
756235,8419.273821171373,2.979591836735,14.259463564
756236,8419.273818377405,2.979591836735,14.655770943
756237,8419.273815583438,4.000000000000,14.121752272
756238,8419.273812789470,3.010204081633,14.061523664
756239,8419.273809995502,3.030612244898,16.056975757
756240,8419.273807201535,3.040816326531,15.185441494
756241,8419.273804407567,3.081632653061,17.944283223
756242,8419.273801613599,3.102040816327,18.229950413
756243,8419.273798819631,3.112244897959,19.472760185
756244,8419.273796025664,3.122448979592,20.094763792
756245,8419.273793231696,3.142857142857,21.921872335
756246,8419.273790437728,3.153061224490,21.548275261
756247,8419.273787643760,3.163265306122,21.000177690
756248,8419.273784849793,3.173469387755,20.830441777
756249,8419.273782055825,3.193877551020,20.384755455
756250,8419.273779261857,3.214285714286,14.287768014
756251,8419.273776467890,3.224489795918,14.357749725
756252,8419.273773673922,3.244897959184,14.272238201
756253,8419.273770879954,3.265306122449,14.760435393
756254,8419.273768085986,3.275510204082,13.853944821
756255,8419.273765292019,3.295918367347,14.201103894
756256,8419.273762498051,3.255102040816,14.719105513
756257,8419.273759704083,3.265306122449,15.720529521
756258,8419.273756910115,3.357142857143,12.099061229
756259,8419.273754116148,3.285714285714,14.064413626
756260,8419.273751322180,2.040816326531,13.148727687
756261,8419.273748528212,2.051020408163,13.380738623
756262,8419.273745734245,3.040816326531,13.161701134
756263,8419.273742940277,3.948979591837,17.703457227
756264,8419.273740146309,3.969387755102,17.992187891
756265,8419.273737352341,3.091836734694,18.435321029
756266,8419.273734558374,3.989795918367,18.771675668
756267,8419.273731764406,4.000000000000,16.187711938
756268,8419.273728970438,3.142857142857,15.862563245
756269,8419.273726176471,2.142857142857,15.206162537
756270,8419.273723382503,3.173469387755,15.630544205
756271,8419.273720588535,3.704081632653,14.143484283
756272,8419.273717794567,3.724489795918,14.688140009
756273,8419.273715000600,3.622448979592,13.693858656
756274,8419.273712206632,3.234693877551,14.517759796
756275,8419.273709412664,3.642857142857,14.326752586
756276,8419.273706618696,3.673469387755,14.445036330
756277,8419.273703824729,3.683673469388,14.629630605
756278,8419.273701030761,3.693877551020,12.993591949
756279,8419.273698236793,3.704081632653,13.477683770
756280,8419.273695442826,3.316326530612,13.818974636
756281,8419.273692648858,3.744897959184,14.101965737
756282,8419.273689854890,3.755102040816,12.691991005
756283,8419.273687060922,3.775510204082,13.124614493
756284,8419.273684266955,3.795918367347,13.121986601
756285,8419.273681472987,3.806122448980,13.828730217
756286,8419.273678679019,3.602040816327,12.078909939
756287,8419.273675885051,3.846938775510,13.954523120
756288,8419.273673091084,3.908163265306,16.029442576
756289,8419.273670297116,3.918367346939,16.589986720
756290,8419.273667503148,3.928571428571,17.081617374
756291,8419.273664709181,3.938775510204,16.557813772
756292,8419.273661915213,3.948979591837,14.963107058
756293,8419.273659121245,3.969387755102,20.911495708
756294,8419.273656327277,3.979591836735,20.738612045
756295,8419.273653533310,3.989795918367,20.244983880
756296,8419.273650739342,4.000000000000,19.013884189
756297,8419.273647945374,3.224489795918,12.631635575
756298,8419.273645151407,3.244897959184,13.393150604
756299,8419.273642357439,3.255102040816,13.028090199
756300,8419.273639563471,3.265306122449,12.498934509
756301,8419.273636769503,2.489795918367,12.801286485
756302,8419.273633975536,3.295918367347,13.790562376
756303,8419.273631181568,3.306122448980,12.853897954
756304,8419.273628387600,3.795918367347,13.041761534
756305,8419.273625593632,3.357142857143,12.312600699
756306,8419.273622799665,2.551020408163,13.638960576
756307,8419.273620005697,3.367346938776,12.584665199
756308,8419.273617211729,2.571428571429,12.372197418
756309,8419.273614417762,2.581632653061,12.827102131
756310,8419.273611623794,3.785714285714,13.190312333
756311,8419.273608829826,3.428571428571,12.600400740
756312,8419.273606035858,2.612244897959,12.642131605
756313,8419.273603241891,3.826530612245,13.240934004
756314,8419.273600447923,3.846938775510,13.534729571
756315,8419.273597653955,3.908163265306,13.373191639
756316,8419.273594859987,3.489795918367,13.672023173
756317,8419.273592066020,3.928571428571,13.532247426
756318,8419.273589272052,3.948979591837,12.218457666
756319,8419.273586478084,3.540816326531,11.517066874
756320,8419.273583684117,3.938775510204,11.764667951
756321,8419.273580890149,3.948979591837,12.252335792
756322,8419.273578096181,3.969387755102,16.364244760
756323,8419.273575302213,3.979591836735,17.477675693
756324,8419.273572508246,4.000000000000,20.595206132
756325,8419.273569714278,2.755102040816,14.656320296
756326,8419.273566920310,2.765306122449,13.391737078
756327,8419.273564126343,2.775510204082,13.824516446
756328,8419.273561332375,2.785714285714,12.922898840
756329,8419.273558538407,3.693877551020,13.027627693
756330,8419.273555744439,3.704081632653,11.163407500
756331,8419.273552950472,2.816326530612,12.010935646
756332,8419.273550156504,2.826530612245,14.193961119
756333,8419.273547362536,2.846938775510,14.465067083
756334,8419.273544568568,2.857142857143,12.576903882
756335,8419.273541774601,2.867346938776,11.551168013
756336,8419.273538980633,3.428571428571,10.460662138
756337,8419.273536186665,3.785714285714,11.238031668
756338,8419.273533392698,3.795918367347,11.816133768
756339,8419.273530598730,2.908163265306,12.551223243
756340,8419.273527804762,2.918367346939,11.796240808
756341,8419.273525010794,2.928571428571,12.175579253
756342,8419.273522216827,3.867346938776,12.110029825
756343,8419.273519422859,3.887755102041,15.920637822
756344,8419.273516628891,3.897959183673,15.528963134
756345,8419.273513834924,3.908163265306,15.952474406
756346,8419.273511040956,3.918367346939,16.582525118
756347,8419.273508246988,3.928571428571,18.173438072
756348,8419.273505453020,3.938775510204,18.259700145
756349,8419.273502659053,3.948979591837,17.059567763
756350,8419.273499865085,3.959183673469,16.747801595
756351,8419.273497071117,3.969387755102,14.641096243
756352,8419.273494277149,3.979591836735,13.651995825
756353,8419.273491483182,3.989795918367,15.207095945
756354,8419.273488689214,3.071428571429,12.873389524
756355,8419.273485895246,3.081632653061,12.436563881
756356,8419.273483101279,3.091836734694,14.045070432
756357,8419.273480307311,3.102040816327,15.548916574
756358,8419.273477513343,3.112244897959,13.541054199
756359,8419.273474719375,3.122448979592,13.158838946
756360,8419.273471925408,3.142857142857,13.392515480
756361,8419.273469131440,3.153061224490,13.782370313
756362,8419.273466337472,3.163265306122,13.426336345
756363,8419.273463543504,3.173469387755,12.818816547
756364,8419.273460749537,3.183673469388,12.490803506
756365,8419.273457955569,3.193877551020,13.388078478
756366,8419.273455161601,3.204081632653,11.673366278
756367,8419.273452367634,3.214285714286,12.082423793
756368,8419.273449573666,3.224489795918,12.195084396
756369,8419.273446779698,3.234693877551,12.473462914
756370,8419.273443985730,3.244897959184,11.614605685
756371,8419.273441191763,3.255102040816,11.665438423
756372,8419.273438397795,3.265306122449,12.941644303
756373,8419.273435603827,3.275510204082,12.769357511
756374,8419.273432809860,3.295918367347,12.365302997
756375,8419.273430015892,3.306122448980,12.382555935
756376,8419.273427221924,3.316326530612,11.696397525
756377,8419.273424427956,3.326530612245,10.831368322
756378,8419.273421633989,3.336734693878,10.732011271
756379,8419.273418840021,3.346938775510,11.355983699
756380,8419.273416046053,3.357142857143,11.085630733
756381,8419.273413252085,3.367346938776,12.249918488
756382,8419.273410458118,3.377551020408,11.920239182
756383,8419.273407664150,3.387755102041,10.793577013
756384,8419.273404870182,3.397959183673,10.549407421
756385,8419.273402076215,3.408163265306,11.198766752
756386,8419.273399282247,3.418367346939,11.590926924
756387,8419.273396488279,3.428571428571,11.808841844
756388,8419.273393694311,3.438775510204,13.069814614
756389,8419.273390900344,3.459183673469,13.790771564
756390,8419.273388106376,3.469387755102,13.048940559
756391,8419.273385312408,3.479591836735,11.391645652
756392,8419.273382518440,3.489795918367,11.066970137
756393,8419.273379724473,3.500000000000,12.305919603
756394,8419.273376930505,3.510204081633,12.554254379
756395,8419.273374136537,3.520408163265,11.836386986
756396,8419.273371342570,3.530612244898,11.593965800
756397,8419.273368548602,3.540816326531,13.289550481
756398,8419.273365754634,3.551020408163,13.954388809
756399,8419.273362960666,3.561224489796,13.909343493
756400,8419.273360166699,3.571428571429,11.528624150
756401,8419.273357372731,3.581632653061,12.717367853
756402,8419.273354578763,3.591836734694,11.887536902
756403,8419.273351784796,3.612244897959,11.609416639
756404,8419.273348990828,3.622448979592,11.274277749
756405,8419.273346196860,3.632653061224,11.652036704
756406,8419.273343402892,3.642857142857,11.079379549
756407,8419.273340608925,3.653061224490,10.393550968
756408,8419.273337814957,3.663265306122,11.231040296
756409,8419.273335020989,3.673469387755,10.842706658
756410,8419.273332227021,3.683673469388,11.348906919
756411,8419.273329433054,3.693877551020,11.486665669
756412,8419.273326639086,3.704081632653,11.369670583
756413,8419.273323845118,3.714285714286,12.656398410
756414,8419.273321051151,3.724489795918,12.195019909
756415,8419.273318257183,3.734693877551,11.820435179
756416,8419.273315463215,3.744897959184,11.845589743
756417,8419.273312669247,3.765306122449,11.249891871
756418,8419.273309875280,3.775510204082,11.591986235
756419,8419.273307081312,3.785714285714,11.922384298
756420,8419.273304287344,3.795918367347,12.635723749
756421,8419.273301493376,3.806122448980,11.949598700
756422,8419.273298699409,3.816326530612,12.690960221
756423,8419.273295905441,3.826530612245,12.067862695
756424,8419.273293111473,3.836734693878,13.005336170
756425,8419.273290317506,3.846938775510,13.199236771
756426,8419.273287523538,3.857142857143,12.735528937
756427,8419.273284729570,3.867346938776,12.403723130
756428,8419.273281935602,3.877551020408,12.224342295
756429,8419.273279141635,3.887755102041,12.697400992
756430,8419.273276347667,3.908163265306,13.614417340
756431,8419.273273553699,3.918367346939,12.774243692
756432,8419.273270759732,3.928571428571,12.764783793
756433,8419.273267965764,3.938775510204,13.533147828
756434,8419.273265171796,3.948979591837,13.102478682
756435,8419.273262377828,3.959183673469,12.411587510
756436,8419.273259583861,3.969387755102,13.195049002
756437,8419.273256789893,3.979591836735,13.361521358
756438,8419.273253995925,3.989795918367,13.848796938
756439,8419.273251201957,4.000000000000,14.169894200
