stage,ordinal,truth_id,active_epochs,baseline_candidate_cells,disk16_candidate_cells,checker32_candidate_cells,disk32_candidate_cells,disk16_cause,disk32_cause
development,0,c8b740db7c301e068774c44d6e1ee14af8c6afe3957989c07735b0f550f2eb41,0+1,5,34,59,129,,
development,1,27c0ff7ddc442314197a3795ec2e6c82934c2b8854c31635608d569ced590308,0+1,9,34,51,100,,
development,2,3106f8bf72c1f7140cdd9ea9681c39149b305ab93fd3ba3286725de33508c511,0+1,0,28,54,116,,
development,3,4d1f0c05f34235153e5b850cb2856ee63d06975d4eb21533ecac5c9beed16912,0+1,9,26,54,120,,
development,4,67012809d9227fc8aa8bed37d1b9743d74d0de3b7a1883222d0650e1969accfa,0+1,0,26,61,132,,
development,5,2323ae03589ef3de36fae9fbcf5267098224b1ff804bd17e4aa5a2e2f8fef983,0+1,0,26,60,133,,
development,6,8815f2bf5a638c8354a88eb102aa940af8d5ad2722c03d6c0d91447d0ca75b02,0+1,0,18,42,86,,
development,7,3530047b0f297b5221b8b350b993170dfc84c502968e08b4ac65864a8933f360,0+1,0,40,70,126,,
development,8,72b6992b7b3ae7b6710ec207de63682b3fc34a7c81cd96d5e97955e575a743e5,0+2,13,25,38,62,,
development,9,c1d1d101b182bef21998df9f9cc00f1eaca9e2e35f88d0fc166a708e8dcda08d,0+2,0,12,23,47,,
development,10,253fcbb81d841235fb30635666546083df43703fca5a08fe7a9dc0ebbbd6c9ce,0+2,0,13,25,49,,
development,11,1f2b9fd8f76ca3eeb55499e14e4af242bbe5c44256756d9122678b5dbed80dff,0+2,0,14,23,48,,
development,12,691f1b093ffa3268df47ccce93f4c2e69141c544fc75f45d3833c03bc2a2070c,0+2,4,18,30,56,,
development,13,f56f32e3e8d59aeec8098bf11588ec9b8ed945b4614e1d7bea36086fbb5f3624,0+2,0,13,23,46,,
development,14,f276d82bcf7f379ec4326f4cfdd9f2bc8a2d803f3610a46e832468d7473bc106,0+2,0,10,21,47,,
development,15,479480af33c568e607ecf90230ebd0e07674fa6b46d78e4013cbd31f3af47eee,0+2,2,14,26,49,,
development,16,d08d826fab861c3ccd5da17ffaf3ce4daafcf2dc4cb9c521c6037b2c430f1277,1+2,0,22,45,107,,
development,17,c530054584eaba3f8a60927ed4f37f2e34a9447a6f00d19d55c5fa594bcfea38,1+2,0,32,63,128,,
development,18,ea4a37bdb55ee408131802dbeb4176e899d6c0ea9b5a428bead01079fdd96401,1+2,12,46,79,138,,
development,19,4c355242e97d863af790a5d1ef0810addc3c7b7e15b6f51ed8c0c5cc80e8c0bd,1+2,0,31,63,129,,
development,20,cfd2fd07096c330a6c6bb6ff1aca9cddba23d91ed207d44f8cdee072611a3484,1+2,0,31,64,126,,
development,21,fc9ae2e89d689c6e30037b53f67a8388ec3089327911a48eab1e61bbde6c3828,1+2,0,24,44,103,,
development,22,da5fc5e6be52019ee4ba9e04f6fad34a1a6756be2116f73c9480f39e52a11cb1,1+2,0,32,63,129,,
development,23,b2074ebd2f8925b1bc88d0ce448698d2bb72b786ade1dea2beaeb5489014cf2a,1+2,3,37,69,131,,
development,24,2a19b2653ecb873c5eb24c78ffb2eb10d52389d2f608cedd7030e4a48ec54fb4,0+1+2,5,18,25,45,,
development,25,7d4b3dd70f1ea3b47f41d2ea9e84a302ebe257e21d40660bccd060cfa377d115,0+1+2,0,9,18,36,,
development,26,79108155d8643046279f483e50b55e1b9315f039b5239004e8bded71698b6ea5,0+1+2,1,9,19,37,,
development,27,57fff066326a7df14fcf013e0506c9666912c969f2cd2eb0fdf13bf585e72ed2,0+1+2,0,8,17,35,,
development,28,74ad53fe4e06c90f6610e2b147b7081117c9a7b48dda5a64cbd73b39eaaae0c0,0+1+2,6,19,26,46,,
development,29,4f3eb95ceb6254b2ed66c2384cd84de053745514b6950a476975820c96f26e7d,0+1+2,1,9,19,37,,
development,30,ad7604d0768dc4419c0f5a9a2eb9627e2432842e6770213964cead63daadb0ed,0+1+2,6,19,25,45,,
development,31,46c9d2e726ce5db16445ef1aa84873cf039058ac08d8eac4f76b7c974ec69564,0+1+2,11,21,30,47,,
development,32,53e9fc19b81568dcfb2807d7c0be605f937a634a9d322c2efec08632a9b7f457,0+1,5,32,53,101,,
development,33,6bc47007753b0e7beb0dda82df9f31cbbcd3ce9c050f1b37562679831e705a66,0+1,4,30,63,135,,
development,34,55c7299ebff79c502ccf8e78829aac9803dfd8220dce470a577fbcaa9a65384c,0+1,0,24,54,120,,
development,35,6e5f64041754f7a6ac9740bac6d30685b8b3c37c2262020b5d98f6ee9b5bb372,0+2,3,16,30,51,,
development,36,79367610a20f3502e872cfaf0deabf32965ef4ae1d381c80d42aa09cf9965edb,0+2,0,14,20,46,,
development,37,577259e56adea31508b58e19562d54acc1382d0f7b41b408c0d4f82b75c0fc05,0+2,0,13,22,44,,
development,38,f8780c37954023ef4665652ece945a91826adfb1375d535d597360840558620a,0+2,0,11,25,49,,
development,39,69b6e1270bd62d908422e4484083b908df9ddb4f303643b583f46d3f12b58bfc,0+2,0,7,21,48,,
development,40,bc6518a0df997914e8570a5ac8d47d229152175f70f8a9d135a5af30bd55f8a9,0+2,0,14,25,48,,
development,41,eda5822a797b86e8063ef96a8c77438d4b340a83bcb53ead2379123cf4dd61f9,0+2,0,11,24,51,,
development,42,354b61cc3d501d72fc03d6ab918d43c8acebd9b3c43816b4247e18e8e9fe24d4,0+2,0,12,22,42,,
development,43,b21db8164b0cbb3b771c64fa5e43fccc1f497ed96bf49ec9a29bb36a3ea1663b,1+2,0,32,63,126,,
development,44,0f29a34c80a9e5bbbf0ae902a15b361a4a3a08aff9770a191770858d4389902c,1+2,7,41,73,139,,
development,45,450c2401e7655344c76105978f612c1231b2bdce3f1b10ca59e05f000ae36250,1+2,0,34,66,128,,
development,46,dbc710bd75ec4920f0ba35c279425b61c8a26bbc4a38c760bc4654864435cc0b,1+2,12,43,66,131,,
development,47,b9f770e5cbe976fe42c4206072ab123b2045af4acf3130f2bac44715325f7777,1+2,1,26,57,119,,
development,48,1c6bcf725f320037669b7c07b77c378b9307bd3953b7dd6dc5cc9769edd8ba0d,1+2,0,33,63,130,,
development,49,09d2d0fbfb505c99ba3d2c61f4709650a3e3bd18e58e225f9315c08fcc4487aa,1+2,0,32,64,128,,
development,50,28cd21d5b3f6fc06cc42d4b654afead534208993e28ad714f0d49d051046edf2,1+2,0,31,64,122,,
development,51,94448e3305d38026ebe55ea823a794ffa8f3f91d759629c725df2ea4b32759e7,0+1+2,0,6,19,37,,
development,52,816e33c8b5e66be92e816708f13ddcf141055c537a5c1072022796f5beb2bcf5,0+1+2,8,14,26,41,,
development,53,d405839923501282d6b1b92e5dd1b09d6a34e13bf697e47858b987bb8945155d,0+1+2,0,10,19,37,,
development,54,e8396c22de440389cde880d076842c92945fd9dd309d71ab22661b2033bc7c95,0+1+2,10,19,28,47,,
development,55,496824196515b36deac3904cfea1dca7a590c5aa3d28d76ac825cc3e57112175,0+1+2,0,13,20,38,,
development,56,9225ce911ee7d39dc38e806f1827dd335ab9c3f87f96b4a2c052b00ee9b56c1e,0+1+2,4,17,22,41,,
development,57,af491452bedd374139c5fdc4dbe388f20d1f3237eaa8a7ab7b2d1465f0688c97,0+1+2,11,24,29,48,,
development,58,039544ed4382d75be734bf5cb2a55574b9fbc9691f075d3749cd56f5fd06aa4e,0+1+2,0,10,18,36,,
development,59,fa1b0e1717f61ec33a6572aecef1364ad528ebbdf539924947a63469287a475f,0+1,0,34,66,121,,
development,60,c3d11cbbc03619a6128ebffb3b4c18dfe6ca4d6604007ab05a7e769fd402fd5d,0+1,0,35,63,116,,
development,61,fb99767168d0bfa954f796103ce879ec4941f01b60a772210851765cd1f47981,0+1,4,29,58,114,,
development,62,5e4835e7b7675ccaefa4c7b78220cec2e089c31b06c84402a6af63379c9da567,0+1,0,34,54,95,,
development,63,e71db54801a0fe08bdd38df515d1b3b5c497a7d84ab7c5b741f33b4ce6ff3f37,0+1,10,40,68,124,,
development,64,72737fa7b30f52fe0c6305d622b7bef6d5b890bbd8edc1bfca54cd10864faacf,0+2,0,12,24,49,,
development,65,0a2aae7bfc3c72c5d345d318f488266845feaac9ce63e5692b931cda9daef369,0+2,0,12,24,47,,
development,66,ade27625fdb90ebd38cbbf12bb36ddf6636afcdf50d492cd63bc10bae8f7a121,0+2,0,10,19,45,,
development,67,0d2ad03f069c864e85cdccd1b64ed7aa3dab6cae0890eeb1b46405b04aecf9a7,0+2,0,13,21,34,,
development,68,981eaf4e4048beee1fd0259c77a0519af846226db27e5830a946c69b77d2a53e,0+2,0,14,27,46,,
development,69,45e3354a6e37bea9605820830d603697516826ecb0bb77c5ca4678a6d41663c4,0+2,0,8,21,46,,
development,70,c2f2de55c076a847fa5f34e59c882ea725d6cec999674a108c052cf6c7e204fe,1+2,0,29,60,122,,
development,71,d439f0b5d97b030016ed8e12267c25f99e7dfaca15d2505ec9ed7de1dd51a490,1+2,9,43,75,138,,
development,72,f9285321611ef4ad7bfb5cdd1564f2483d2131dca4442f5f51540b1c22612d16,1+2,0,31,64,125,,
development,73,d025a162fb3aa683ed785ea0d3894a3e9191fb1ad969a202aed5e7f180fe1bc6,1+2,1,32,63,125,,
development,74,728100d1f1c2ce51f52dd858190401edf39439b9501d228217e3ac5638d6b446,1+2,0,28,53,117,,
development,75,c79ea63276ced4b7ff136dfd462cced633734d4984e24754023b9531bb01110b,1+2,2,35,65,131,,
development,76,b948b9a517d2ab65b4808340b65a1f0883b2a8d55776881537c84c81909eaf45,1+2,0,33,58,118,,
development,77,115d60fb75d73c62610340375149cf71c3fc7b21017dc8271f03ecb4a29e25b3,1+2,0,24,55,101,,
development,78,67fab61f7721825f92ca23579495a603da2b1a89087c2e4eb8d3a27d87233ef4,0+1+2,1,8,20,37,,
development,79,77a77cc527c366c92c87ed4d88a5a17b0ffc103e66db5a9f49a723da18b74bc6,0+1+2,7,12,26,46,,
development,80,314fa59d5f40a3fa7cfa861686ccf2a06671bb2c7195dc5eaa3a84bd70ac814b,0+1+2,0,13,19,37,,
development,81,f440f1f0c614bd99663be5b5fc8bfc820ca83890f1ccb2198df487340b65e117,0+1+2,8,21,26,47,,
development,82,541a756e98fb714af730ddc3acd8e173cc3d259baf53e5db8b7a2063703d4110,0+1+2,0,3,16,37,,
development,83,2fced79b77bab97061aadd66ca54fcf05a69886d3739adef27fb51d83a004fbb,0+1+2,0,7,19,37,,
development,84,a20e0ccb3ecb72729e767ff1b286b4b1b5d39ea3e2220d9b9555c49e4ce02c3c,0+1+2,0,14,21,39,,
development,85,f9a2b9dcfce56d9203bed7b3ad527348b95b0e19b00e7412a3a52ae8d3b4e326,0+1+2,0,12,20,36,,
development,86,3bb11eea419adafb1ce07af8536c4eee3e727832de3414066070781613d14ab8,0+1,12,54,81,137,,
development,87,00adf600b1901825842859d008ffb0165981266db430d0b05406325f0d6da916,0+1,0,31,55,110,,
development,88,692f65d0d2c0832c479550b15ff0a269a8cef98c3dfb4f1d7bd7ca1492b47a02,0+1,0,27,54,115,,
development,89,3c6a5107e9e7693901c0fb90f9936ab680b1af993f724e239169f4b298dc7ed9,0+1,12,38,65,120,,
development,90,f6625c9d31159df94b3f81ad6640694b2725d5e2675f76a2831401135c422634,0+1,0,35,60,120,,
development,91,4f0b1ffaf7fe12c4e29f92c7d91410c84064933b23002a3d957663072a3981b4,0+1,7,33,64,117,,
development,92,d764cd52698d50fc765c7db96ac7665f09cf89d50372a5b60706196ef915871e,0+1,0,34,60,135,,
development,93,9293805372775c69228cafd884913cd32046b49563e42b159cb936f580ccada6,0+1,13,32,52,106,,
development,94,ad3b540b21872aa935e8cf6716a4e47cb249d9f661efb84d9b765bab2214ecc6,0+2,0,11,24,47,,
development,95,2bf040140d1794c5bde3190aea601e7c543dd9b030ca4f8350e0d82aed3efa72,0+2,5,19,30,50,,
development,96,7cb85edcaa86352d04956c0cf2d2cba25cf1be9a08aea1c3112abdc3e7b70d98,0+2,0,13,26,44,,
development,97,56b1112f63f3fd07576a4448aed57768b10a8989f6df993d36b856319f459f3c,1+2,0,31,61,124,,
development,98,422a7feeec5a1f4e5f1929ca28cd101d7e86feb83612ef6eb1b3e3245e61c7a5,1+2,10,34,57,85,,
development,99,a7fe387ed770137b8bb4649807c0785d88b447b2c42d641a9c6b84dab7514446,1+2,9,37,59,119,,
development,100,91e323b0570546b4b5b4718047fc6b930de913a1b1a4a061605b8e9d3543f814,1+2,0,30,60,116,,
development,101,aa57f269e92d0e85af636c0dc841621d15fd81aa483baf5248b03ffa51241082,1+2,0,26,55,117,,
development,102,0384da9e4cfe06d04f5abdf5f4e0d082292537be9fac98c9a512dfd301dcfe14,1+2,0,30,62,117,,
development,103,01f33b3decba851c5be3c8c8393869234eeea27135f53a357d8c0df0ccf9b758,1+2,7,30,53,99,,
development,104,50c0ac35204729b1180e3433e868472ac374c4c23d1942139ea4420cc6a7259c,1+2,0,21,44,108,,
development,105,9dff31aae773bc9192bfac584a133dd8072c7856ca9df029019c31840ebfae0d,0+1+2,0,12,18,38,,
development,106,a5b3433b6271c3609e39fc9f3233a196fa1ec57c1b17c11130eaf7c6965ad277,0+1+2,9,20,28,48,,
development,107,ac8960f814812a246f4a481bc7089cff2eee7bb5741e2c67c342aea2c7c21904,0+1+2,0,5,19,38,,
development,108,511d844801d730cd141df166f59c19a2e88b903c8214afec317f21d182453f35,0+1+2,13,17,29,47,,
development,109,7cfddeaa2fcbd2b1a4a84a7889a0100e129e9e3abd880c887e2b95f15d5d9c32,0+1+2,11,21,29,47,,
development,110,24e7e1a96b94d91d330db76045df056622633bac347fdf6381d0ef6b3c09004c,0+1+2,0,10,19,37,,
development,111,5967a78654b376d9a201952580200ddbb1b1008b334d929b86b45c92065ad3c4,0+1+2,0,9,18,36,,
development,112,f1511091d90565ce42aa0918b654c43afedae08a7515e50cb540e93e1d6b7575,0+1+2,1,4,15,34,,
development,113,697dab3b266402f2876f61718b2c0e889803bda43d1d87be00aaea506ff148aa,0+1,0,28,68,125,,
development,114,33195dfc79c9349b28488ad032b9dea2de7b11c2d8ba74355d5052965f88a569,0+1,0,40,68,123,,
development,115,1303ee63148e62fa605ffd62ff2006f45a901aeed89bb5ce39aefcb275551d3a,0+1,0,28,69,126,,
development,116,9a019c1c086cfea653a942ebdd05788eae9bf9f606d20ad2beb3e3765692c77d,0+1,1,35,63,118,,
development,117,e1fc2bffb9a82d7bcf70fc0278fd328c938dd4fb639e7022a8f8f0d241d6cb66,0+1,0,31,59,116,,
development,118,634ed64d056c2034d8b6308b5b12faf80737c3f6f322c9c3ac1dffab379abdca,0+1,4,31,71,126,,
development,119,0496ba84716b513d485df89f82249b0fa1fda1cdfaf84440cc9026dc6b04509a,0+1,1,24,57,125,,
development,120,773e74e873d4e4fc6f51eb6b4e4993cdf8f77e40d3193e0485bdaeb5f4b4f70f,0+1,0,34,59,125,,
development,121,5fff1a25a4660298e02c6d28eeda9c9b9177077be4c0b82efdad4af617799da3,0+2,0,12,24,47,,
development,122,b0749879e9fd1600b0afdb39fcc2a55840d387a7a928a49f7f627404d370114a,0+2,0,13,25,45,,
development,123,6a0ae04d68ca8ac5ff74a5ccdbd21df6ea60fa3709414db38fdabc5912b436a5,0+2,0,13,21,42,,
development,124,68957b5d565858b752804213d1f53025c5deb338eee32a641ec98c3c28ada267,0+2,0,12,25,51,,
development,125,f500f42d1eca5ac2947a5177b3d57d6a366fa349e4840c586b75260ca15240f7,0+2,0,12,21,44,,
development,126,105eebde8a3abb11c7878e7f6e274ebd363417e5a0292173b72a20a79e173162,0+2,5,17,30,53,,
development,127,b059b7d383b7207fced5407417df63ccc66de3766404723b06b7fb623f64dfc2,0+2,0,13,19,44,,
development,128,1d5bc08ea1eb95246ad47c373ef7500c3b44a98fba4cb384fbcd1745099c0ff2,1+2,0,13,25,70,,
development,129,b045dbe774dc5fae9bc2155afe98207441bcd8139b1598586e12540c6f044533,1+2,0,31,60,105,,
development,130,ed5910b28ce5f8412e49fe6ba7928065b8dc39cfb96a117a2ead04d1fb558f83,1+2,0,27,54,112,,
development,131,d1e852806ee0dca1914140ec5a6e605b75c5f809378c636123b50f7506ab715b,1+2,3,27,56,119,,
development,132,a6b70f80b8b27ae75a106b3b838be2d75b4393b747da1d2848a75a1688fadccc,0+1+2,0,8,18,30,,
development,133,cc9c162f17a1f139d355fef1247cf5abdc9d26bafed9fb9b3cd820725738f38d,0+1+2,0,5,17,33,,
development,134,4d7d4d9ebeef9fb63889591703a22b2fd7c90bec7d44037e8e164380a20a3bd8,0+1+2,0,6,18,35,,
development,135,6af92d2c8dcac3f308b5a29d3d3db7131a51e45d8f7a78c1db50947c7e8f7f6f,0+1+2,7,20,25,43,,
development,136,2a3a2136bb205f74eed4cf41522309619aff073f7fb8f3200d4a97ccf8039410,0+1+2,0,9,19,38,,
development,137,417bee674098d134cde946ec90282661b88d0635fd1133e825c40e3583181b5e,0+1+2,0,12,20,39,,
development,138,c41b20d79185d5294e662d37456da1be7e3e720688802c137540b0f720c30e59,0+1+2,0,10,17,35,,
development,139,3d27f3c0658fb8964e0aa65ef8f6d2ab969c87b1b67e94c051e27268e7d460f4,0+1+2,0,13,21,38,,
development,140,8838e73622ac562977d08c00d9ce0b77e46153b7d4b43d5e7476b1688f3e1689,0+1,0,27,55,108,,
development,141,0c9603857004018721f7362ff9d37df297b7fdcb97b82ad530087ff21fa7a529,0+1,11,36,65,119,,
development,142,cb65a12e67126a414b57c5aa07cc510015554f59b924c080c8af5df87f422015,0+1,0,24,57,111,,
development,143,81afb44d93293da3860f0a1b888fd54a1c0774c2afb027790347bd3fb9edaea5,0+1,0,26,58,96,,
development,144,6e330f942e9dc8a52cebc2fdc6fef2e34f21d2879c93744ebd566b1f1b514a51,0+1,12,36,68,126,,
development,145,85d0172d1611c884dd9b84b49994c7e0d2cb57cb01b7265f375bbdab0f5a8de1,0+1,0,29,50,115,,
development,146,e4f4f91de33c82fb271847823b9143f5aaddba27d02e969e5c2b34df3e915725,0+1,0,34,65,114,,
development,147,cfa1698c44d3bfc9f2901769f84bf3e883334ec09a1f91264ae4d00e61fbba47,0+1,0,25,59,111,,
development,148,437ba7cce210db3fb4c87beb311bee56ac2c29ed737db7bcef40daed3b742676,0+2,0,5,18,37,,
development,149,b766ec5e8dc2127286ace4bac5fb0ff1cd873d5e93f94a1261840d31f75530b7,0+2,6,17,28,49,,
development,150,e0ab8e3989c544ecb145b6d31392c67c7b117800b05b58633c7e4ea00184bc5a,0+2,2,9,21,47,,
development,151,ecf13519795930dfdf06c0fd223a419a0d6ed59a70e3f44fd02e70865d96d0d1,0+2,5,18,31,51,,
development,152,76206e4395b5aa4dee9ad103af5b7a95d37dc2d332a1ebd9634d1597e5eb8ec1,0+2,0,7,21,46,,
development,153,e0ecbb5e99f976c438f4558266cc67b77395c6771588104c26593939782fab7c,0+2,0,12,25,52,,
development,154,c6a8fd5cbd022be2ade1d3a0f7910b4caebb3192b6ebff5df2c90c593891038f,0+2,0,13,19,45,,
development,155,e86768bef589d5708cec545cf02466cd88969ba2e958028368246ad63f677ca4,0+2,3,16,25,48,,
development,156,a674543e8540098488dbb9b99e8310a210d3aa0e530464561d1a2ddaab8137ef,1+2,1,26,49,114,,
development,157,bf4b0e2f0216d1aa6d16d91d2085575abc701107b60e260078ee8aed91d53aec,1+2,0,33,66,119,,
development,158,b63c1f82164fc55fb7bf94f6ae8e5fde3127cdfb769104c88926cda11bdd30ad,1+2,3,25,48,110,,
development,159,be58f25c36bd4f0bc2e766e004476ba234f35062848fd2a1f4f9f24c16c74fee,1+2,0,24,43,88,,
development,160,f5ae44189fa84d25bea9d90a46c297aa09d1075623c9f1ad0085827b4ece2abc,0+1+2,0,10,18,37,,
development,161,9f8fe1517336a462a168dadb7f261c83d6b80e1f15e1a31f3c8de50e28da8705,0+1+2,0,10,19,36,,
development,162,d2f6dd570bc18a4edc197034749ef581a07f4eee82ae364bd665fbbb2f271f42,0+1+2,4,7,19,41,,
development,163,e0818bd513c8c4a0629fdaf7c55b5c7f0b347a00ce28d2a4ba07cb8a90b4cb4f,0+1+2,0,5,13,32,,
development,164,afd43321fe42f63885e030cf23e2516d1c6a377d678ee10bfb6a05e5932c55a8,0+1+2,0,13,17,33,,
development,165,8ada3633196cb73d597cf269524f5f2cc0c41123013e0d89b4516649d3b129df,0+1+2,0,10,17,30,,
development,166,5787323558568c7bcfb3252c75b006390975ae83fbeeed848a27530ea28a88ba,0+1+2,0,4,16,35,,
development,167,e6ea3c8ad95d73817070db11f72a5e47ddd654edb0dea0e69c3c3084faa8ccbf,0+1,0,33,60,109,,
development,168,83b7471cd7b59fda3990fdd208c612e6d4e099a2c93f3afe29179e3d24fe7d94,0+1,0,26,55,109,,
development,169,5cfdc648c6701211f9feed303b4e38c31a612fbee03e56a9df2b6a3e903316e2,0+1,0,19,38,74,,
development,170,6d6d9d891b8f84e5bbb40a5f8d734020b284b7ef2021214680387be668763b1a,0+1,0,25,49,108,,
development,171,9200451fa36a546d1012f63d27eabb285693492a83d3f059c947e27439195fc5,0+1,0,24,55,102,,
development,172,28b624a51a0336d67d81584776701df76cc0739eb93a2cbcb669e81d3a29712b,0+1,0,21,41,97,,
development,173,ca8f70e3580ebf52510935f6d1a30b05d9537bb87b5fd365affd88d61a993b32,0+1,6,32,58,111,,
development,174,2db8f46b6a6a70012ced93f049e1c86aa716feb0bd6f24966621692b722186a8,0+1,0,29,64,116,,
development,175,02898f68a628a73fa7cf84db714dc956d2559b5f0d8ee0726349e475e404ff52,0+2,8,18,32,55,,
development,176,7aab0340e79d1818bfb6ea136fe05abecf155cf88fa35c186de351220c08b8a8,0+2,0,12,26,42,,
development,177,a5fe13f282ebefe6f4edb082086e7f7b2d5eaf0467287ac5bd45946c180ac8c6,0+2,0,14,22,41,,
development,178,0164349541611f07bc0d0b5f58233225fc511907ad1b4e28ecbe52c42d215823,0+2,0,6,19,37,,
development,179,a245985ce7278ae03949031d13011923a7569b50cc541b51ade709a86420f765,0+2,0,13,17,42,,
development,180,ee2c3b98f8c8e97eb3b3891cd017d2c91d4055b4274b79e825eb84dddf7b9a61,0+2,0,6,19,46,,
development,181,ec2a3771f6340fb7763e23b7fef3d3ab432c6d0b46ab022023b13da9457258f4,0+2,0,13,18,40,,
development,182,3154d98ec29cc4427ccdc3eca6d2a163bf7303266b1b12fe0302941833d67a8d,0+2,0,11,22,44,,
development,183,c8e3b0b6d4eecd15924368f74393962c62467d0d751af35e0b35d34b75af20f7,1+2,0,21,41,106,,
development,184,9831222a133a0b2b5b9021ed8454d7f7daed59a829e241f10163a0d4747b3f38,1+2,0,30,61,102,,
development,185,5d911a6e2f228dba6584cfc82de085517999d477a36d02954a3556262536e033,1+2,0,30,61,103,,
development,186,8c62cdca780294ace46641a6b82f6d947b95dd800bade174bd6b155baf8caa3e,1+2,0,32,66,113,,
development,187,406ca95a14dd8d38efb9f912de868fdc378fc2adef38c84fefc2bfd9da114159,1+2,0,24,47,113,,
development,188,c18475f3aefb4527a4af27def910548b4857f95966e9f92a69a84278af48d25a,1+2,0,21,46,99,,
development,189,7c9db0a1cfff24d8beb21e2bcc79fb7c82b7e3eeaec8295b52a6af39091c62ba,1+2,0,11,22,68,,
development,190,a3a6866986e3efc2a8939aabe10c4f4b75fd8ba62d91bf74a5619820d25c2096,1+2,8,31,60,104,,
development,191,6b503b0664882bd537b3e86e130b813d018636e57714da8660a4524e8b30d884,0+1+2,0,13,18,39,,
development,192,b977e852efac8a2f759f1a3dd63a9d897b83e7f2d34454060e9240f2bbf86960,0+1+2,0,11,17,36,,
development,193,a3b8208825bf516a98ce91e113262ee46ee274f0a9e14c41905b3e0cb226c704,0+1+2,0,5,15,33,,
development,194,6c00d6eb62ab0e36d647e59eb3190f7948ed5fe8190354c8e9d202610d074f32,0+1,0,30,52,116,,
development,195,b47822ef070f7c6df492b2002df81f13bc039ad0e8f32a873a6ec75713831900,0+1,0,18,36,89,,
development,196,0f42f392d34e6a2a48dadf7fd41a590f1d5c7b3995eeff13de693c14db03d1d0,0+1,0,23,54,120,,
development,197,c7e884ab0860a844aaf728ebd3c1ff49a391cf170372ac81f2fc55f8f89fbe30,0+1,0,27,50,112,,
development,198,c678dd9120df3b85c90dcd810c7ab58036e67acb8e53407ca8d7e3e433a73c5e,0+1,0,32,59,111,,
development,199,295e3320b871cdd97191cf009a4c294da0150e8994545a90388fdb4836338c95,0+1,0,24,53,109,,
development,200,4584b0bc0c8fec1358f6fee112a473028af4152f2643fbcca5cdadf03536a3e7,0+1,10,28,46,100,,
development,201,eec9c63af27bed3ca62969e61660ccb6ceacdf27f107da3a7e98b34eade56366,0+1,0,25,58,112,,
development,202,69d8225de0af18ae707bf0b8936702c74b9253639db634eadafa7fb0a6a9fce3,0+2,3,15,30,49,,
development,203,f3bf36028b5509327590189cd3e4c71f3c47dc5c399c742611d898103082524d,0+2,10,24,29,53,,
development,204,224c1a756047f3ed034a75c20c56b17b7e699d1fd1260136e8ae113bfc2ab08e,0+2,0,9,23,42,,
development,205,55395d81ca9563f54983dd888d32f2b0d1249ee520785186612d905312da11c1,0+2,0,13,24,46,,
development,206,12775e33795d7c90a9ffafdd39d96db0150bc542684073ee2e136231211b1781,0+2,7,18,31,54,,
development,207,40bc8fbde79154725c1d3eebfe0e07b53b667c1376bbe9b1a733eca994954a6c,0+2,0,12,26,43,,
development,208,c85221b7cb1bf81d2cbcac33aeaff6af4394982675f0199a3bb1503804d55aa7,0+2,0,11,16,39,,
development,209,57d985356b8a9481072abc20b9d75036ebc5880997fe85fb7600ad674231d1f1,0+2,0,9,19,38,,
development,210,7b0911e71feca5bb480c227e886d7249fc6e4d9c695457a2d0a49ec83bffe0fc,1+2,0,33,64,122,,
development,211,1b61bf682e379ca3e397d4c86a7fa36a00ac3453d844106587cb0d51bd28b575,1+2,0,27,53,115,,
development,212,799a203d300bf3e5710ee88939125f063f999d35de068ae75ea04b783741c50a,1+2,9,41,69,127,,
development,213,c4f07bc72fd8149264b1b31b4c34de7fe5c7bbccd5d254e643541ea55459dbbd,1+2,0,32,61,115,,
development,214,2453e8fd8b6c9ba4fb56eba138b69ea1aeebf69953a3410aeb2b12f7f5702471,1+2,0,22,45,85,,
development,215,41369d165f65c9ee92dcad3fdd4b08d60eb5346eaf78973f22606a9889c3e5c0,1+2,0,20,44,99,,
development,216,ea06e21e8e23b0843e32c02ad703bbdba17af9ab0b861207d387ea46594fc0fc,1+2,1,26,47,109,,
development,217,9fbc03faece06a58387cbf63bb8e171721d39524aefd8986f548963399486f1b,1+2,0,22,43,104,,
development,218,5c8107abd029729eb9f4fdd4e2548a75df98583a42253f8dce9eb944338947c9,0+1+2,0,6,19,39,,
development,219,2861110fa7fdcfdc1adc5f100c8a890ffaef5cbd6ea99f72a6392923f7f8d4b5,0+1+2,0,10,17,35,,
development,220,e8ce8de12641ce37b3a3af234e24c7d617709e08a21c677acf730a5bcb530720,0+1+2,12,25,31,49,,
development,221,5a2c30cb98bbafe7a4a826cfd121f06810416b1bfafc4e80a1b0481653d13bc8,0+1+2,0,13,20,39,,
development,222,1db8036ea8485c8bbd0a2e602684614f85ed2020b34c58a80088aec764cf77ec,0+1+2,0,9,17,32,,
development,223,ca7ce3b7eac4aa2a6d026ddaf90359dd3a1cf1b5f1608782dc0e0cac03ea7d18,0+1+2,0,4,17,32,,
development,224,3d926fe8db8803d4c284ce864f42c6694922a60f5d88bfdb626cc851875fe0cd,0+1,7,36,60,110,,
development,225,effd7e9256bc0a08a094282a620fb9863ec69775a91867af8c32ae8d354f8a79,0+1,3,15,23,63,,
development,226,af4d62d90fee387bf9b5334661340aad69d7439523f4382de289f1ca485d9299,0+1,0,28,51,88,,
development,227,4cc13c1af1ca2b2936ca23c6ab359d12576b0ee8638c2c1aa1ba230c93f2f9fc,0+1,9,47,73,123,,
development,228,0f0896376e292eae4cc10790fe4fd0edab411820c018930c43cd015865722541,0+1,0,22,54,122,,
development,229,3abe0924b7d29952b44c93b95d89e868a9264df93e80ceff3ac82de81fc2b4ff,0+2,3,12,26,45,,
development,230,bf156a41cecd6e4c12a3015b16b18d00882c7c6619d495b9f67e94870721c43b,0+2,0,3,13,34,,
development,231,366bb2b2ea3dde7fd599d76facd6401a45ab17510719df79fae067dce2191a50,0+2,0,13,23,41,,
development,232,2feb6bb8d303a9a635552c12800062079d94f8bc5af53840da35c1631cf94fe2,0+2,0,12,26,46,,
development,233,8fc74a81a9ef4dbcdf23dafa8cc1e3c1b608a1073c8a3f01f6c4218878c49c4a,0+2,0,10,20,37,,
development,234,7386bfc1302ebaded4733d3598a9ae35ca66b7f82b031a3ef0ecffca2095769e,0+2,5,19,32,54,,
development,235,cbb98410516f5c3161e97ae936f1d6f869522a3b88cb4c142f523e37192116b6,0+2,0,14,19,38,,
development,236,38b75fa3d561eb78841c745e2cf9996364885c18ddba4c5158e98dd0e7b75305,0+2,0,11,20,46,,
development,237,a6e13f8605c7ccdcc4fe041e939acaee4c140a2c85149b69f3a4bd69db19952a,1+2,0,22,43,104,,
development,238,fa72e2c2bdff8fd4484b6028d7903e2b1d017b8949b92c574b2e6257c69d14d4,1+2,3,35,62,106,,
development,239,35411f46843fd66d01b0febb812a42f41d2f58cc9e3ce677aa03b648112a9744,1+2,0,21,42,101,,
development,240,6bb8a6fe890a34403d9042d48a8ae8fa9b38eaf45f1f549400b02e87297d9d61,1+2,10,42,72,127,,
development,241,ceb60abd2469c8c8d7dd0a73d01c75bafeec48043945cc89b57336a442be298d,1+2,3,29,52,109,,
development,242,8936bffc7d91596e7fdd0784601ea2b98feb612ad92dacccad60aa1d06299d39,1+2,0,28,57,106,,
development,243,73cb982bdcaa80eed4ac5d0bc26fc0307e637404b98fa304eacc72cb9a0db7de,1+2,0,27,50,110,,
development,244,5b5f64969b25170cdc6734eaec1c72030edd87f1bbe74a022f2f6a4a32f100c0,1+2,0,28,58,96,,
development,245,27f90e31c0857f03a66fd123f2300ac246d16bb6758043b93c37ac81dca12106,0+1+2,0,12,13,31,,
development,246,d615d20bdfe89b2773e04d049958b3d64f61e3033100eafa9d6735689d34b2e3,0+1+2,4,17,22,36,,
development,247,2e457b6bea9aa569eaaefc0ebbb434f2faff23a4466f9b4dfe3399dfeb5113c2,0+1+2,0,8,16,36,,
development,248,59e454394509b6efca066345a939af5cfeb279749027714de87e91bdecfe627a,0+1+2,0,13,16,34,,
development,249,6ddb58e5ebb6ead28c6fcb83b2e1f5e71f248c412c7c9cfc206ec4289db693ac,0+1+2,0,11,18,37,,
development,250,c6faf130a8e893b9e7ddb2953cf4f55745cd91bb150a5e9e503f65bfa37c8cf4,0+1+2,0,5,14,31,,
development,251,7ee5f635272fb2d7ce7edf4fc89ff17120392308ebc361c528a5fb9e8d769d9a,0+1+2,0,8,18,38,,
development,252,2306b6cdba20a4cd4a344f9c1774c5da28f7086f167006c15e7f1dc1bfe0018e,0+1+2,11,21,27,45,,
development,253,615a643544482bd906e9287956cab4a896d2b41e037ee0832f43c45eaa4376f8,0+1,12,37,70,110,,
development,254,8588d1147eab124d12354b537b861344cf7b4989f54a36face8c2afb15d19f67,0+1,10,36,64,114,,
development,255,13866f5932db055dfc4aa3846658ab6612368efcdcef8de96b0a30e6e84e8fcb,0+1,0,21,51,104,,
development,256,91864bc04f1805bfaad0b23d857e9a42538a69009a345f79bfaba572a1d8c693,0+2,1,6,17,38,,
development,257,8766fc8634b69b62cde60b2ba02fcbcfcf26502e204833a322f0281353ca8a00,0+2,0,10,20,40,,
development,258,2adf33b10a3af217000ea80c0a999924a02ddc983b660625f6263d942d80eb93,0+2,0,11,22,37,,
development,259,07c3a8d7b6eab502003d8ff3842f8eacc3cd12259881a01bdcc8b8d96af3bec1,0+2,0,11,24,43,,
development,260,1f9b12028f9bdb319b81d99c4050c342857ff9cd0f0fceb98eed4b71a520cd59,0+2,0,14,19,41,,
development,261,753047b5bc0f8563288e85f44bcdbe0bcb5c9da54c1ddbf7853982746c9549e7,0+2,0,9,20,41,,
development,262,8098c697e50e639b949d33763a58bc187009f8ebb253a5be6b8ac9ae7d88d5d0,0+2,0,5,20,35,,
development,263,9a02d61e7d203b374c7b0d45f3fee968016612c2aad0975c5858473df87dfeaa,0+2,3,10,22,40,,
development,264,dbb4416b4e1631031d65475c2870eac51b5f84a3823629225617ae4eec1a87ee,1+2,0,19,41,100,,
development,265,b12e4aa77337a847cbfa20ecb7be339859894d683284cc718cc25d2a489bb420,1+2,2,26,56,100,,
development,266,2f81389c6d4198cb5b72e0fb5ac9122a184f17e53f6fad27a825c52bf67f0308,1+2,13,38,64,107,,
development,267,c921c6dfe054a3b14dd7288703dbbb22f5c552bc5127fe58bdbc1528f75e39f8,1+2,2,24,45,89,,
development,268,fd4a82140e4368a6f4db1011bd36216783b5d3d499a72c569bd829479c52e271,1+2,12,33,56,104,,
development,269,299f00f80990e17c455d8e55225aa0dfaa4fcccb595b33a65a2ab762adf5d361,1+2,3,24,47,100,,
development,270,851ee3f029482a2b3eb1782d023e58d05ab2d366094c1186392dff5a71c1b4b3,1+2,0,14,37,77,,
development,271,12286762fd70c919d9647b7a50ae09b2443bcee175834b4e81996336ea233480,1+2,7,30,58,116,,
development,272,1cf453054420c794fed52d2ea81b997a2822b4f55782213cd314755a9c3023c5,0+1+2,0,10,15,32,,
development,273,ec01538b0e747754738663e80d47e4b995ac0975f6f657175512a32701442361,0+1+2,0,9,18,32,,
development,274,77754955c18dca94bd87289ca965b8b07d61f28e7101dcfb033704abb80e839b,0+1+2,0,9,9,25,,
development,275,e465a88f615e309cf0edb1ec54a432aeb36306724643d011a1a54f96f38774dc,0+1+2,0,13,15,32,,
development,276,29eb34fe383c812025030df0f13af4a0e844033cae58fa8f91ddd8cd10594b09,0+1+2,0,2,15,31,,
development,277,4699403f17518116fe3e523e1ccba2a1a48abbbb91c9510409815b13b7988c85,0+1+2,0,1,14,29,,
development,278,6ccc4c3b2be3ae59815082ac1c7e39db5224b0bc3afa70d28cccaee47121161b,0+1+2,0,9,18,28,,
development,279,982e1f3376b30c18fa64f8dd54b1d77f967a0f3d7e8efdd9eb90973d94fd6346,0+1+2,0,12,18,30,,
development,280,91bc8d14cee1b777b074a12783050dae80e5dabe6d2af8bb344cee420582269b,0+1,6,30,47,94,,
development,281,beb24dbf4c2cbb959b98081f4329047e57ffa477f6e17555f3ee6a8ae298c912,0+1,5,35,60,98,,
development,282,e622653e8cf9183f846ee93d5bddaa131a0f4a5a37f4da3dd705671e684a5104,0+1,0,18,37,75,,
development,283,e4f9c83309c5376b90303983263a1bb35095959b5721704f98f90b5cc2e15ef4,0+1,11,36,54,117,,
development,284,0fb968bab243a6e3f77c44e501e27a76c3595f68a539e9eab797d5e0a6b064cb,0+1,10,43,68,107,,
development,285,7827403977c54b06b92fd821afd2b9c5ab672722ab2efbe29b113557f3b5f336,0+1,0,19,43,102,,
development,286,6b31b7efe6428ded58c055697bc44c8110641c904821f753b57ef1843ace21d8,0+1,0,24,42,85,,
development,287,fe351434c62d21c64d933c0a666c860687ca167d1293fee690f9d73ccaa33f88,0+1,8,27,53,103,,
development,288,320ccfe3b53abd59185cbfd3f9ffb21b946d1c5ce21916eca085b5692e0e9524,0+2,0,13,21,39,,
development,289,00134a2b7cd15d16939bc9849e5f77dcf03c1ddd97acb90f51d871b732ad6060,0+2,2,11,19,39,,
development,290,40e212fd07a49e52f5da762c4346cb792282e39091ee7e6331b7c697a51f2ecb,0+2,0,10,14,38,,
development,291,04eb62e19546f87485b249847eb09b830404ea4eec0d65bb49f39b8820ffa314,1+2,0,11,31,54,,
development,292,303bee67fe727e7f4e5e679353bbb09bda908b95698670a17bc62cbde86188ab,1+2,10,32,55,98,,
development,293,1baf2a23e24eee3a19b13a7824d674489651909f02945487b883a566726b19e2,1+2,4,29,55,112,,
development,294,2075cf3ccb51c34f3eef178036164cd4624bebf96495c031ab9f2fa0942b2915,1+2,9,33,59,116,,
development,295,87dee7ebf3a3c719d74ec1941f0fc2f04cbffefa37d5ef7033394147a1a83732,1+2,4,26,55,115,,
development,296,c349b012edb87ebd69a64f7714ca187bd4dd0d31425818cd4fee18a6edf0a1a7,1+2,0,10,26,50,,
development,297,2c86e082bb692214d0d0fe5b12ccda694266c9143873b01067bc9c945a9d95ac,1+2,0,23,46,90,,
development,298,cbf7da269ff33a8b8b3b8f7eec6e38344bb6b05e529ba60bdc6452b8f27c8a58,1+2,7,32,55,100,,
development,299,dfc23ac52e5e749bb73a58301a728da4ca60559002f4a38571793246ef248429,0+1+2,0,14,19,35,,
development,300,8feaa9554c1a4882d9233607d97cf024e7e12a8e57e88898dee7b19c69bf3649,0+1+2,3,10,23,41,,
development,301,5f515244d37a6170281fdd5eb089de0a94248e64ce64bb38cd0f7741236d2454,0+1+2,0,15,20,36,,
development,302,ee06b741acde305cf19ac448c7a6c24b1ee9a7f05dfbc16344966f60456589db,0+1+2,0,12,19,38,,
development,303,a3e884b8ae5438c1ba31fde6a57cbc8d67d12f98ffb7fcf94edaec88218e4ad8,0+1+2,1,11,11,28,,
development,304,1a391893fd55d1017462e08282d3188a0906c01ab6b88c76a0d55332bea25c04,0+1+2,0,5,11,27,,
development,305,df13c40a4c4bd5a5626538ec829a4fc82e3e6d40b06897e8a90b38b4d778bc87,0+1+2,0,2,10,23,,
development,306,ad11118302752117c55716c3e34b3fb491e18a17df681d6544e719ba7aa207fd,0+1+2,0,8,13,31,,
development,307,f6709724a8cf5a2ba477c953fa4cb833d851b08f53d3ecd0aa1755da7ef8e2c5,0+1,7,36,66,113,,
development,308,23e6739843f1d20001904a98cf4bbf21fb7800faac81d5b78fb914dab45d7d99,0+1,0,30,50,116,,
development,309,f3e7498426a300b319021cefd35e49ffc61e81dd4df695af20d90274b0494c80,0+1,10,36,55,104,,
development,310,c93975ab2362a771bc8272eacf9b94b5fdde7cfbb6228cc31a1d1520e1a41a4f,0+1,0,23,44,101,,
development,311,7e7fdcfcc48564797789a47112e849f0a9acb83bf724a26a765de6c9ef981eab,0+1,0,11,21,58,,
development,312,3fff3c647771af6fe6e20786f8cf706f18bc4359c6f0b24b1b79a54ab01abd56,0+1,0,30,52,110,,
development,313,bad4d5e84e2165ee11e3c86f0aa58026cd86e214f956be147d9c1425d0754dc8,0+1,0,19,38,76,,
development,314,a8ced5b498f3b5b8193e0a9a621fbdf82ebc197154562f3fc6acd57c9f4e1e72,0+1,0,24,45,87,,
development,315,a4625c559dd93a6e33a1e6a491c708d55791c8401d1c3829bb4726fd048d304e,0+2,0,6,19,41,,
development,316,8f9e0af4afdf5b2c657364c5e344ee78219956742f968a3fae3c816280da7445,0+2,8,14,27,54,,
development,317,bec5eebb8ff7ce80f2a77ce3c3b22078ff34056e2fc4094d5f217e575e838bc5,0+2,0,11,24,44,,
development,318,fecfda1e48ff74258f1b47d510ed298346592bf5df8c0b9b18a9f03f762455a8,0+2,0,8,22,39,,
development,319,d8f12ca0907c51440531072116650cf7e33034e4d3dd7c876deb91ca2f231897,0+2,0,8,21,37,,
development,320,163a84709d71a18e210637d5735c62228beff3fcbc0aaca1bedde1b19a783d38,1+2,0,28,54,91,,
development,321,f0926f4db8fef50e54dfe5aaa6d168e9125fc530893d12d76460549d5a97b955,1+2,5,27,54,109,,
development,322,e5faea25cba7427a5b36a368ab82480ec0fb4c7964c007423b5afbea89fc3beb,1+2,0,11,23,66,,
development,323,4caa6ba206d35947968353f492f34a4909a4a79c797c376f9924420737d547b9,1+2,0,29,57,96,,
development,324,97dd8c294e8567a6dea007580110cf4676a5f572dc31669220301ddc8636b1f4,1+2,0,24,44,96,,
development,325,3274aeb6d1465edcbeb84922a123356833bfbc3f47cd0036e9bd2ca497443992,1+2,0,29,55,103,,
development,326,fd5926305b456640abec633de8da2d5f0edcab4be33691b498d93a20ce5eb9f6,0+1+2,0,6,17,29,,
development,327,a14be27dd0e210223d0c2d6e8ef3c0698e14d97abe50b1e4cc89f35bf481310f,0+1+2,0,7,13,29,,
development,328,70926b32eff979d92242a5d3a98598a6aa80eb5bc9c4deb11c9e71206ef29f72,0+1+2,0,13,17,28,,
development,329,d053043b17b56cc93b38c9f9098a4ee9f68e132c614eb2687923ccda395b4458,0+1+2,0,6,18,33,,
development,330,bd0df7bf586a30ad188672f53c3fbf3cc8a1bcc209e687f892c90edff756cef5,0+1+2,0,12,17,33,,
development,331,f071327004063813803f357fcb0fef5273b5013f7eab04b4b7526b48e4e75419,0+1+2,0,11,16,34,,
development,332,346861969d88576ead588f340e38b879d52aa900e29b9f257e4e4a5a3eb9be85,0+1+2,12,18,31,44,,
development,333,72175f4a227b76359441427db43ab1efb0c3ad9126637c10c6a659ba5d300483,0+1+2,0,10,17,34,,
development,334,790d7b3aaadd47dfa61d77793770690c2e1e01106a1d621b49e3267518d46e04,0+1,0,22,53,102,,
development,335,37eec89bb598e285deb3139140bba4f8a93049f2e2559dd60c5a56038312e781,0+1,4,26,57,93,,
development,336,928e50dfffe57e67661beae49d99014ece68daafae94de08da8e5fae53af4c4c,0+1,0,25,42,81,,
development,337,a8393a5e86e1ec587526e3cc57faaa2e5a7d16534f5e38eefe6be5b366a8cfe2,0+1,0,37,61,111,,
development,338,dadf7984b302cd8b2f2e52bc3e0b923f4f0452a37f4d93bec7bfa0ac14bfac3d,0+1,10,39,69,116,,
development,339,fc4b65d4c2c4be33d9f32e4a1671db66bdc91139f772df6d90040d64c7c11ef8,0+1,1,31,48,107,,
development,340,17a022973cf54c549975f5794e26dccb3d9e114f21cccb950d032184b167cf31,0+1,3,24,53,98,,
development,341,42c7e40fba40a18f31cdf76dbff9aca9dcfba87ca1e150ea18c0ed8e27a05bfa,0+1,5,27,50,91,,
development,342,6d354d5356329362ef6659eadc1be34cdbe0fe7c5727cb4dfa5a3038c2eff464,0+2,3,7,18,38,,
development,343,8ee8f274c4aa29179413b6c4107ee35f83d0034061aa2b136735d68ac0adec51,0+2,8,21,28,46,,
development,344,371546964c6c6a10fa31e8401dafc64e4f10ed778f4aa5c29ceb95790f4486dd,0+2,0,11,16,40,,
development,345,70f48b50c25a9fe604575d5710da1ffa54300f833212544e134ba53f8a37a993,0+2,0,9,18,37,,
development,346,61f3b543ae6dd239dd60183189f434ac87c0ade5111b43d0e7e78c80a9267ee9,0+2,0,13,19,38,,
development,347,c514666d200b17c34499511fe617f6239569720e7bcbe1d3fa3c7d1e54f4e8e7,0+2,0,11,19,39,,
development,348,0a0aaf8b64127558ba7ce20d5bfe1cec1e986027623e3a4f6c41189798cc7b33,0+2,0,12,19,40,,
development,349,5a6a60c2e257376f3ef38e85d986a566daad333787d8899a85a23fbe6b9f204d,0+2,8,18,30,53,,
development,350,43467ea0e8fe0a0bab675b95dad67feb66767f0ec0d19258f9d8319aa8403298,1+2,7,29,53,95,,
development,351,66318600f07e51ba64de439360712610eea98844a633e0eb174623af22d5d985,1+2,0,21,42,101,,
development,352,9653ec3e49dbcfc341dc98ff839ee9840b093a9839df34b5364319ada4a313e6,1+2,0,12,23,57,,
development,353,c645b1675e6b18c44c1bc71e8b75f5a560e780371e5ad7cee41ff163b0fd6eed,0+1+2,0,3,16,24,,
development,354,3e88ea001b6e492a2ffff7196c4f96e3949a740443864983eb937fc00b29e63d,0+1+2,0,5,8,22,,
development,355,39280d949ccdf31f0d431d2f2727ef9714ba57266f48070a886782b68b124d55,0+1+2,0,11,13,19,,
development,356,fda33b83a1b7513e443a2b42854f8e6e71d7e6c26ea56b44f5d11ed6f3854936,0+1+2,0,10,12,23,,
development,357,1ab3feb38be899c34407618b59520572abc77f09ae3db0eaee7387f62d8dbab3,0+1+2,0,5,8,20,,
development,358,30f4825297c7f05f47ef4468f8f3f3382fb0bdf736c43d29c4eecf335e54f045,0+1+2,0,8,13,23,,
development,359,448fe2d136a2365dfa958a604c8b478ed7d3a64db34020e6ba7318d8f40c3a07,0+1+2,0,13,18,32,,
development,360,0164f24016a28d2efaff1e55c1b1c89e606464bfc43db09f750e41c81ff7fe73,0+1+2,0,6,15,24,,
development,361,7d2be0dc1b48995e2ca78c39d6ea29d74c8f121a4aa072fd941b7ed6c6e5abd8,0+1,1,18,40,76,,
development,362,1cca51168a5fe7d4e126d4f452248b82ba3c6b9050574506451e256284767df2,0+1,0,13,22,64,,
development,363,cd9ff820e8167dd1709234cf6307c224ad68c61151a46e4841b9c62e8f2407da,0+1,5,17,29,67,,
development,364,62ab11050b657e41bcee5aae8f0bce12e175521ac2bfe685a7fbc9c9edddbb99,0+1,0,20,37,75,,
development,365,77a3c4bdcb32b1b4015d1c5396b2bd6173e8e76a607852b54b75d7338b585671,0+1,4,22,40,79,,
development,366,55527a250f953d300985be6da59631243928cb623164a20481099d575c295caf,0+1,11,37,62,97,,
development,367,57db2c68d422645e52993e293e2687ba0fdf7fe5aceb1ebe02f4b8885de2c8c0,0+1,4,19,37,88,,
development,368,3554606932ad1eb7fe1c9150c7a9c31182dbb653fffcb3bbf39397426abe572b,0+1,6,27,51,101,,
development,369,61e9db4bf9ea6f512a5f112d38faec2ce5b52c1af96413ebecb67ca5ca52e1b4,0+2,0,1,10,31,,
development,370,35f5aa6ad3943c8adab6fe97c077821013ea1ad31f56bc2c132b9069db7473b8,0+2,0,10,23,39,,
development,371,d9be9c8442f570b984f1e3dff60f9137bbe437db535b00d1f067dbab63d10be8,0+2,0,4,9,27,,
development,372,89c1ace7d5d54629c561eb553c5f4ceae5f809da96209765eb3e1dad31e7daae,0+2,0,0,8,20,carrier-grid-gap,
development,373,56827ccde0e1e7a57db67ad31182bf91bb7e47b096b98de453b9d63305d237f5,0+2,0,13,21,37,,
development,374,e1d9061f625e8200a21056c1998937be266696bd5ae0f918c5596094391b9e2a,0+2,0,8,18,38,,
development,375,68ff8ba4bae76c667c2789d6f1a6edadaa6f0efb534348fcf8c38bd0a398d775,0+2,0,13,20,39,,
development,376,691172e081691ba414d41aad7ee715a9aaed7c4c3d046cb5528ff0cd69880bed,0+2,0,8,13,33,,
development,377,c507461747a26ec6edfb4e7b2a1cb78fead0e10c4391e8cccd03e53cf8975156,1+2,5,16,30,71,,
development,378,b06c7b56cd6af1c83e46f96d9709dd8fb4de64514e3f6486462a89b258001db3,1+2,0,24,47,89,,
development,379,0717d97081021a4d59f409bd0f630ed9ba4c5efd15c711ed3bd00da2ed7e102b,1+2,1,12,24,70,,
development,380,15505053afa4134d0518bbc4a4f2c46a7d25a083065282478f1b56fdc9b7e322,1+2,0,22,43,76,,
development,381,2c860319c2d34222e23c308856ed1d2a727ea2d43e0f7ab256c113ca5605e7c9,1+2,8,20,38,85,,
development,382,7dfb0fba8a0ef54077988f46761963f981f273cc0d5b0bfd243d179f5d959184,1+2,7,29,55,98,,
development,383,f3735ef00ea0f45079a8e72f4b69242f29e63ac9c42bd0cc5d3ca368ec75a8e8,1+2,0,11,23,66,,
development,384,8847d726f7be3a01ae9c016f519f8c3f7c93bef352242dbd24712db197046f97,0+1+2,0,8,13,19,,
development,385,82a12ac7f9a0f5fb48c513c958de67b116e798373c09daa88886a9403da9a401,0+1+2,0,6,11,29,,
development,386,8bb28c15ecc7e2613d5fa5fc2a3103f4394cd97e6524887ab4c66d75de601c68,0+1+2,0,9,12,28,,
development,387,166933f9c40691a708d810ca87d465fa3423b029609a2072f2419eb72d331318,0+1+2,0,8,8,20,,
development,388,fd8dc93593fdff56bc46c5f251058e31a4c3be4a967f1aab04e85a8b5e0838de,0+1,0,9,22,61,,
development,389,8d3444a1c66f4eb10ee082fa25f0d89d59b0fa653e73518956abcd34d9e3d3fc,0+1,0,21,37,90,,
development,390,702c5367633de20f314841aa2386034b15c9a03ab2ca75a9ecc0f2ac5007a23c,0+1,6,23,49,97,,
development,391,5e8169aec492798218bf8950645e939a1c18a30d45464edf748ff711b8472404,0+1,0,21,50,89,,
development,392,262dfcca1d23397a1b0282a9471dbd37aa8f98d0d6fd087fe011d849dcc74dd4,0+1,5,30,56,88,,
development,393,0eed9be47471f89f2821870779e2ec6eaaa4765082975379a51ff890d1dfa6c4,0+1,0,9,22,65,,
development,394,75d94a9f46d7396fe9b30bb15fc92f97cd3d86e1dcfd1ab7a8a6bad75efb6c1f,0+1,12,23,46,83,,
development,395,bf24516cb9e66672f3de4e21b7d9e3f417d12f2f3a0ec3ba69f3977e2b07b77c,0+1,0,12,21,62,,
development,396,985d4eca00c7a260d9ac9e77b778ff701327de48abfd4898ce9caa202f605299,0+2,0,11,11,30,,
development,397,1e460395a98195c1da84320b4014a0a2dd183421e87094bec301eb7d1d3e383a,0+2,0,13,17,32,,
development,398,6e711a87559e56a9b175f41ee07d5d37c8cd20e5185eecf0aaf9e78815668eb9,0+2,0,9,23,36,,
development,399,52f4e98746d0f62f97027b677ac6f8e7691c4659239304415a40b47f1e6fa8f5,0+2,0,9,23,40,,
development,400,c23bcf0f0341a9f92ead154880d4ce5177e566833d154940d059448c068b5475,0+2,3,8,20,30,,
development,401,9fc288e02020b9f91ed6da6681146d3112a35f78c6a8346f10b831b64ca54e0d,0+2,0,9,15,32,,
development,402,c26ba4249b68bbe1f9050493c93403aacf4a26cb6121bbd010e19be857ac4df6,0+2,0,13,20,29,,
development,403,1c8b6b9b4309d11387f3944914c70511c94ce69b99aeedb62c60f35e41239430,0+2,0,5,16,29,,
development,404,558f6804c4055f51674bf98297db0a8605931453d77ec0cdafc538913a7ccc17,1+2,0,27,56,102,,
development,405,c6d7bc3c036d0cb87b72d792d9868daf64b3cd35de35b7b62ee8c94b1c4b5b5f,1+2,2,30,58,102,,
development,406,73f6472cdf5d4bf30b36cb88b9bddedc1589b9782f01dc2eaafe5d0887708861,1+2,9,40,67,108,,
development,407,c08fc49d66289eb11b25c30ee05b87d9d20f7b6f750714d3960f168c52dd3e80,1+2,3,15,33,76,,
development,408,497045581c4f7d972460c18c5737777d0cb63b77dac40536848cbbcc136090e1,1+2,11,31,51,102,,
development,409,15376f1f44cad9b80048b93d4c862a7e8e8289e802f8850fb6a78b37002570e9,1+2,0,22,43,82,,
development,410,c306a1ec353fc8b9a5ae365fd2555d4b50528c8673e04567d0c3f0fe8b2ae351,1+2,0,17,29,75,,
development,411,e97019a2e1d52b0fcc396b4a3f70ef0b5d62ffa2ecc463b4c20930e6a526b298,1+2,0,12,23,55,,
development,412,acef3768dd86a02bf4ae6e66dcfd047fc2b94c5dc29467c59e42b414a594fc6b,0+1+2,8,20,26,37,,
development,413,97f5dad5dbf30a0698a318bbc9afcafe8090a468c3c49226735924dded53ee1b,0+1+2,4,4,15,24,,
development,414,eea50a1677d43c5be111a1d33fd9c4f7312f20aeaed8f5bb0bd320ecf19a9740,0+1+2,0,9,13,28,,
development,415,aa8fbb9a258504a1fead9173b7a5b06920dae9a7318ae84421d82839b307802d,0+1+2,0,2,14,21,,
development,416,38d68eb617afbe641a9fd3c3ee65c8cbcdd66927ed1e13ef14423e5c1137aeb0,0+1,10,29,56,96,,
development,417,e8573d607e641193e3775d1f367fb65f9c3357fcae8efd3554f292212d3b3714,0+1,0,35,57,103,,
development,418,fd6325d6eacfea2e82910c3d7f3f74c01edc107950f7eb4426209263391e1385,0+1,0,10,18,36,,
development,419,3c507e13003433ce51f17cc5e1323c22857728a06977aab568adfc11e919408d,0+1,8,29,46,79,,
development,420,63910ebeabd5223c5e64c9220a2e6d383dfff95ad13e86d3780c9dce05c5c8b1,0+1,0,21,42,92,,
development,421,0f28a66c426437e52f144da0f037e0b2b6ff9ad3d3307ff7580a1bf51acc9bc0,0+1,0,28,55,98,,
development,422,830ba15bbeebed94d2b0f489716ac658ef749834ac91a5879c129c50fee41794,0+1,3,27,51,98,,
development,423,236a539142e22f49051f7a886285228b03135619818247106c025ff717e7913a,0+2,0,3,11,24,,
development,424,241977d0409346afe887286ea53f5ddca0456ea9a7eef7939edc8f78a9f64b5d,0+2,0,14,19,34,,
development,425,155d4022a774e9d1dc70808ad51886f2a682453a4c9c97e79041d080a7227516,0+2,0,10,21,32,,
development,426,30baf3f66df4829c439910fad726847a79f244506faabd30568080b66cc1bf53,0+2,0,1,13,23,,
development,427,e38b29aaf3eec6f26b333da7f0299005bcfed76a3d800fca88811cdb050174cd,0+2,3,9,23,36,,
development,428,edc944f7b3864ed2cdf8b1c4367fa512d9205a4fffe2e880cf7fc4d4f19a7ca2,0+2,0,2,12,32,,
development,429,be1c218e303c67dd8b60f7a9b2c60802518ed60a7c0d2934900e01791a70e1f5,0+2,2,7,21,33,,
development,430,2b078ffa0bba7684c79c0959337cb3bb5fa3a459a9be5b87621ae905ea91507d,0+2,0,3,12,33,,
development,431,e716d364a9f86c6d8735fcff376ef7747ec01c96ee55408a16bcd3c227a1d9e0,1+2,0,19,40,95,,
development,432,7c879cf652f14788ead15d4f28bb274f92b6e1546725d334d9c76552c3873f56,1+2,0,21,39,87,,
development,433,b742271d969aeb5426f61e641668d969d8e3fbe10e087b1a7eb6d65c8a4c3ef1,1+2,0,19,40,62,,
development,434,448e349672e7f233819cabdbf1f7c3fc0b7adb25e6bbaec717b23c1c055629cc,1+2,0,22,49,96,,
development,435,b0d1f474b4137e1a7570a373418079cd569a6661d221c5ec78cef33e4c46d01b,1+2,2,25,52,94,,
development,436,e044a831224d23db5eea4182f21dd935a397b05806add5f06e99a83cbf5f73e5,1+2,5,27,50,105,,
development,437,74b090c9a1c1a05fbb9f9aa3af64f0fc12c2de787f99b2d281feaf6462abc3e3,1+2,0,21,44,88,,
development,438,0c70f65d119b183f71c03d559cf8732c498bae22450f82438ea49f770dfe8278,1+2,0,21,41,62,,
development,439,292ca39a7e3f29bcdee99a3f71bb9fbda4fff19fd15011929496956cc06833d5,0+1+2,2,10,18,27,,
development,440,151f1d36c8a8f085bb63c995ad2db2180bf2398187d010d2a3b99a186ababc78,0+1+2,0,7,8,23,,
development,441,6b9b69df1e00c567790da779bf13dbf04676d0028b1bf8222e48b15ea41be979,0+1+2,4,11,11,23,,
development,442,a8665cefa16398c95f066b270dd3a46c649739de91e4c73b25985c5f1704803d,0+1+2,10,20,27,38,,
development,443,10b15dda30f29f1e1cd809bedf632ec31eba8d95afd4eb674c67efd1c5b6645e,0+1+2,0,12,12,31,,
development,444,6131376bfb7b5b638f129df05ed61272920af6d01e9cae2198983d3058b1b8ef,0+1+2,0,6,18,29,,
development,445,3d51dcd608cfe28107915c481c7abea48612164c0ab19f8ba04dc17c2e0d9070,0+1+2,0,4,8,22,,
development,446,77b6506b9469eec92ab666c364a4763cc3c524dc09bd3f25a6e495c24574ecb2,0+1+2,0,8,13,21,,
development,447,e27e35f8aba00776138ac258e98578b87bcb992b76ae62ec74c0ca68d1a68df1,0+1,0,24,42,97,,
development,448,26efbf0f3f66e3400c67b6caa67ffd60b374e1080adcb3dcdbf2aa010232a38a,0+1,0,17,40,85,,
development,449,c69220049536273ecee7c72cb75fe0f74c5df9169f4ea0104864433c37abc8ba,0+1,0,9,18,53,,
development,450,305b159dc03b55c2dac680cf0b4f3c76dffb2d4c256356acd79959c78e43876c,0+2,3,13,19,26,,
development,451,8a74f3e6d663c77268aaef0186b2d987fc30ad0b9f205fe26a564191d078443c,0+2,0,0,7,23,track-shape-incompatible,
development,452,4ce8420168aedafe0c012aa3780db674c333e5387d06417dabf5838ef6e28c51,0+2,1,4,16,29,,
development,453,9cdbb56b075d1f6b0d9b9fe267e61038df922fd797fc65e63335f56e7375142d,0+2,0,0,9,27,carrier-grid-gap,
development,454,1cf718f91edeee659e7c82b016862dfadacebeff09a0463709c600028d26804f,0+2,0,6,8,21,,
development,455,c57f668166b522b592507860a862bb97c5fac4223d032b8c4c44a6be60ccf603,0+2,0,12,17,29,,
development,456,c7f10a4b328b72110e196e2c6323f3d1c500dc4738282946f327205fd4ab0c31,0+2,9,17,26,45,,
development,457,e06667dafd90e734f4cbcef34302c7178e858e1ce1d7b47e1121fdb636943115,0+2,0,0,14,29,track-shape-incompatible,
development,458,97feac72f058ca075c712018c1593cf0952a5c72de0f2d5d9a2cad0019406253,1+2,0,0,13,38,track-shape-incompatible,
development,459,d0d2dd6b174701ad19135c1bb3637123f659d9e3d2171d02f2ca5ecd0bbdc87d,1+2,0,11,23,44,,
development,460,2f9c24e2c1d721227f61ee609e993f6440fcde89766fa3c29975121cf570c6ed,1+2,0,10,21,44,,
development,461,b0d90bb191293e9739602dfcc0eef08d2402f67b098d0abd0daa21020a875b03,1+2,5,17,29,72,,
development,462,5b5e5eb59559f0e06d7bb3ac1a45b8ad2e83cc6f359671279f0987268124c8f0,1+2,8,30,54,92,,
development,463,be87dea3d42f8109279a77f9391571dcd45b7dce3d8b3b60d4b1bc004e92e419,1+2,0,13,24,66,,
development,464,1bb20e6384ec36324bd38f79795ed7a95d26cfc1bd521cd4938c45f1320f93c3,1+2,0,20,45,82,,
development,465,f24b5381e724c06a8552c260c5815e25b5abac5040a4e7e2b9171b9b4f020e97,1+2,6,26,52,102,,
development,466,01d915b5ff05dc300e5c846870ed32c7f6d4f8df184875c6f663913b513eedd7,0+1+2,0,8,16,25,,
development,467,01e6d5022c045580b5fa5d69614a839bc570ebfc10ac5c17da6b2ef08ce7cb7f,0+1+2,0,3,9,24,,
development,468,635d09375043add8d1da900b4e62118f9b76230b0e5b76be1e51b2864eed9254,0+1+2,0,3,16,25,,
development,469,20d03173c40d8baccebb0063bd76e60c9e4e8642067208fc6498a3f77482cc02,0+1+2,0,9,14,23,,
development,470,7ec0309f51c6a83bf99e45e2d46777768ae24bdc8e5666c905ae9ef204e50715,0+1+2,0,10,10,23,,
development,471,f23fad96873369b71d46a5739eec7f6e88ebc822bb4c9f7927096c889f030338,0+1+2,0,10,14,23,,
development,472,91621480a030ffa5b655a50f77bd1d78d6da2eb4b2ca0dec3fe01e0bba6740bb,0+1+2,3,12,12,26,,
development,473,c42a6826c504818a6e01c368554f6b69ae7816090732c91babd60266c2429ff0,0+1+2,0,7,9,25,,
development,474,51b903152ce911474b2f6f3ca61486379922b2525fdd30bc8df85878e2df38a0,0+1,0,14,24,63,,
development,475,a03defcd6be922b3353c6c9e6455e691e49c2fa66104dbeaa1980cdda9db47b9,0+1,0,10,20,40,,
development,476,0dc834b4ea7e6f51f2a39fe8eae9db26790e042c82f14d7d5ca22b969abcca6d,0+1,1,12,21,42,,
development,477,63105c2cf4d1afec4155d61988b99b34091ce64ba9aa20fd75ee660a8cf91c28,0+1,10,35,51,76,,
development,478,5a0dc5d44029c84a08c6b0e3ece9da13f6be5ddf0983b2aee359fd1287b4b874,0+1,0,16,39,74,,
development,479,77c56530d07629bea9f951cf1cd0763f71e42ce59407152dc6c38bbdfb912302,0+1,0,9,19,39,,
development,480,ce37390e97ee21005d20f78bfbafe9943b4c4d0db551f975c584b88faf76e7f9,0+2,6,16,24,32,,
development,481,546997b042c0fab2c54b5a6454f1ce4373f3d794ae2e785fa3a2ab526f40ecef,0+2,4,9,13,30,,
development,482,fe56a27f34841e0dde6b4ae69e40b33add2646bd42c234914b3b3fbbbc3cc07e,0+2,0,11,18,29,,
development,483,8495a9e9e9800a96bef06be41493352fdcb8b88d7087f04b4ae09d45e724a211,0+2,0,9,15,24,,
development,484,cfb8246915325eed01938f1e501fb521deda132e4d83f62ebebb640eea6f88ef,0+2,0,7,13,22,,
development,485,1ad2b9afbd64478f4046fd56c191353a731c35a557a47835daea8d359aa990ee,1+2,0,19,38,61,,
development,486,d85dc79c8a60d97fdb2e1249abf90faffd0fa3e08e0e50c6f818dde07f51a48b,1+2,6,27,46,101,,
development,487,13830e282c38627517a55c0b7ab81cf7567dfe0946aa9d054644d924ea49c17f,1+2,0,19,39,88,,
development,488,d6f19010c09c16e923b18c7b49db8da9c74e13ed83fd0f17c4eb9291f6524181,1+2,0,22,42,79,,
development,489,4723a7257f45c7117a07358d08f9e7c4fbb709ddaac10861cffb7f5a8ae89863,1+2,0,12,16,38,,
development,490,3f2a859ffe435517fddeb6a64ad13ff1a79e6390513e285edc262ad9465b9b44,1+2,0,13,24,24,,
development,491,10207fc419c9b8aeeaf8d8ab2bc76154254182d84f7a066aec90353f3c2d2e67,1+2,0,11,22,22,,
development,492,ca7a3af7ddae70f28e2c53b651f0f2d390bd23466cebb6eae094274d165ea977,1+2,8,19,30,49,,
development,493,850d993ed1b0a558d02c0247907610633aa5a685d13003b329b6dc909a1ecbf1,0+1+2,8,11,13,24,,
development,494,e260dfa33f523e0437170d836513a03521705bdb3dbdd8e08439da0fdca3a2a7,0+1+2,0,6,7,23,,
development,495,30a5c50004682d8867653765fb44e39808b20948840d19a37cb20226fcbb9ee9,0+1+2,0,9,12,17,,
development,496,921b430957206ad7a258b14c43d2de43686e49d8eb842f5d6ccbdda1ddbd9e33,0+1+2,0,5,11,16,,
development,497,5c9828bdf30424573160c61a05fc14c2c631cb1adfaa5bd7df0b727a1ef02c98,0+1+2,0,8,10,15,,
development,498,1f000ec29ffdca670c32b4dc66dd7cb2b6dd6aef529e1996e7e3c177e959de02,0+1+2,0,1,12,19,,
development,499,d67f445bb12a511c6041ffb0134a89848acfaa9004df123a49ddd3bb769d516c,0+1+2,0,7,8,21,,
development,500,7d41a1177eedb2969a1e3d0ea627e20564ff493347f8cae741f427bb4821d619,0+1+2,0,10,13,21,,
development,501,bfd7828c449ccae39b3b220a46e70eda6dd4ad40abb066a7899d9df638448615,0+1,2,29,49,87,,
development,502,9cda921ed4f0f4b4a47b3b89cf7f107a4a24e17fc07528613b3c6cca90fa8987,0+1,0,20,51,97,,
development,503,edc5d50c46a89950ed38f802fc621d6d8d2ad3a1156a3c6235457e823a3b19d5,0+1,3,22,51,85,,
development,504,27a33c938a58878c2018c2930fc83bbc7b583eee66a2aba0553f5ca1bbe80aa0,0+1,10,21,37,70,,
development,505,644bc6a94d05512e0395e9ae944eee61f7d1281bf9968155bf12e128a56a6b6c,0+1,9,17,26,43,,
development,506,a526847acb47dbbfa732f4de1d77e32986057c0b63e88375b5405d9e113c717d,0+1,1,13,22,40,,
development,507,c5a9dba9803f563b8b8689ec1bce7759c74d36e333922d61c83345dad17a2af5,0+1,0,11,20,27,,
development,508,e95e1ec0270b99d54fc71143f2068859e9eb245dea246d1861cd91e1d5e19b2e,0+1,1,14,23,43,,
development,509,8e2ddec7830c383f2307df04336c4ebf0be8c0c2aa58441034aff4ce1fb3d15d,0+2,0,0,10,25,track-shape-incompatible,
development,510,a21211166b8edcd7662874ebaf1a70c9d5389d19dfbfdd23f2d75085eeadb5b6,0+2,0,12,12,30,,
development,511,9817b5d88d5aaef6bb810c199e01cc504e779042e2fb3512d08248d07a7d98e9,0+2,8,19,23,35,,
development,512,941c63d232dfac32595e864a60ec088233595bb0c6ac79425c66eada1e7140eb,0+1,3,44,76,135,,
development,513,941c63d232dfac32595e864a60ec088233595bb0c6ac79425c66eada1e7140eb,0+2,0,13,24,48,,
development,514,941c63d232dfac32595e864a60ec088233595bb0c6ac79425c66eada1e7140eb,1+2,0,33,64,123,,
development,515,941c63d232dfac32595e864a60ec088233595bb0c6ac79425c66eada1e7140eb,0+1+2,0,12,18,36,,
development,516,b0ebd88a469d25326f28ca1738f704d802e6c6bcfd7c5de1c62009885c816289,0+1,3,35,59,130,,
development,517,b0ebd88a469d25326f28ca1738f704d802e6c6bcfd7c5de1c62009885c816289,0+2,0,14,25,56,,
development,518,b0ebd88a469d25326f28ca1738f704d802e6c6bcfd7c5de1c62009885c816289,1+2,0,32,64,129,,
development,519,b0ebd88a469d25326f28ca1738f704d802e6c6bcfd7c5de1c62009885c816289,0+1+2,0,13,18,40,,
development,520,93b0908ab4867f1c1b6c273bd245908e7b6d09c8c4abcc936aa4887c2ae95899,0+1,0,27,68,124,,
development,521,93b0908ab4867f1c1b6c273bd245908e7b6d09c8c4abcc936aa4887c2ae95899,0+2,0,13,26,47,,
development,522,93b0908ab4867f1c1b6c273bd245908e7b6d09c8c4abcc936aa4887c2ae95899,1+2,0,31,64,126,,
development,523,93b0908ab4867f1c1b6c273bd245908e7b6d09c8c4abcc936aa4887c2ae95899,0+1+2,0,7,18,36,,
development,524,99dfc55e3e96600eeaf303aac5c7029b28a73138f4169316a37e690a8d5c6d1f,0+1,0,41,71,133,,
development,525,99dfc55e3e96600eeaf303aac5c7029b28a73138f4169316a37e690a8d5c6d1f,0+2,0,14,26,47,,
development,526,99dfc55e3e96600eeaf303aac5c7029b28a73138f4169316a37e690a8d5c6d1f,1+2,0,33,64,124,,
development,527,99dfc55e3e96600eeaf303aac5c7029b28a73138f4169316a37e690a8d5c6d1f,0+1+2,0,13,19,36,,
development,528,de8b7d59b9a6bba32a032db9657cbc0ffb570b5105761f0e4f535908eb8f4a07,0+1,4,24,42,77,,
development,529,de8b7d59b9a6bba32a032db9657cbc0ffb570b5105761f0e4f535908eb8f4a07,0+2,0,13,22,39,,
development,530,de8b7d59b9a6bba32a032db9657cbc0ffb570b5105761f0e4f535908eb8f4a07,1+2,0,22,42,84,,
development,531,de8b7d59b9a6bba32a032db9657cbc0ffb570b5105761f0e4f535908eb8f4a07,0+1+2,0,11,19,34,,
development,532,9c0c288e81228daf6316d6ba473abd1c08f7914ca5f822dfc989dc1facbb6b1a,0+1,0,32,61,127,,
development,533,9c0c288e81228daf6316d6ba473abd1c08f7914ca5f822dfc989dc1facbb6b1a,0+2,0,14,25,53,,
development,534,9c0c288e81228daf6316d6ba473abd1c08f7914ca5f822dfc989dc1facbb6b1a,1+2,0,30,61,126,,
development,535,9c0c288e81228daf6316d6ba473abd1c08f7914ca5f822dfc989dc1facbb6b1a,0+1+2,0,13,18,40,,
development,536,ec5df466705a31a6f2f3fc65843f0015db4d8738dc6c22ea389a67fd816dee1e,0+1,0,26,61,133,,
development,537,ec5df466705a31a6f2f3fc65843f0015db4d8738dc6c22ea389a67fd816dee1e,0+2,0,12,26,55,,
development,538,ec5df466705a31a6f2f3fc65843f0015db4d8738dc6c22ea389a67fd816dee1e,1+2,3,34,66,135,,
development,539,ec5df466705a31a6f2f3fc65843f0015db4d8738dc6c22ea389a67fd816dee1e,0+1+2,0,7,20,41,,
development,540,efd9bd4506ecf13406de56ac47a5b80c3d0ca2f0983768ecd5af48b36d7ae156,0+1,13,34,52,103,,
development,541,efd9bd4506ecf13406de56ac47a5b80c3d0ca2f0983768ecd5af48b36d7ae156,0+2,11,15,27,51,,
development,542,efd9bd4506ecf13406de56ac47a5b80c3d0ca2f0983768ecd5af48b36d7ae156,1+2,11,32,56,104,,
development,543,efd9bd4506ecf13406de56ac47a5b80c3d0ca2f0983768ecd5af48b36d7ae156,0+1+2,11,13,24,42,,
development,544,d2d2d7a4b597bba951955655811b76d84268fa4efab9cad5d221fc0f8f6ea11d,0+1,10,37,63,131,,
development,545,d2d2d7a4b597bba951955655811b76d84268fa4efab9cad5d221fc0f8f6ea11d,0+2,9,21,34,62,,
development,546,d2d2d7a4b597bba951955655811b76d84268fa4efab9cad5d221fc0f8f6ea11d,1+2,12,45,77,142,,
development,547,d2d2d7a4b597bba951955655811b76d84268fa4efab9cad5d221fc0f8f6ea11d,0+1+2,9,18,28,48,,
development,548,5b00430324e8777778a26853d6130b3ecfdbc2bf2c6d181a0f7f197ce03c5d07,0+1,0,31,72,131,,
development,549,5b00430324e8777778a26853d6130b3ecfdbc2bf2c6d181a0f7f197ce03c5d07,0+2,0,17,31,56,,
development,550,5b00430324e8777778a26853d6130b3ecfdbc2bf2c6d181a0f7f197ce03c5d07,1+2,0,24,59,124,,
development,551,5b00430324e8777778a26853d6130b3ecfdbc2bf2c6d181a0f7f197ce03c5d07,0+1+2,0,7,21,39,,
development,552,ba33c10b4c47af81d12cf7fd926e4e5a4d3a21c074c141c25633d35d88ca4814,0+1,13,29,52,107,,
development,553,ba33c10b4c47af81d12cf7fd926e4e5a4d3a21c074c141c25633d35d88ca4814,0+2,12,22,33,54,,
development,554,ba33c10b4c47af81d12cf7fd926e4e5a4d3a21c074c141c25633d35d88ca4814,1+2,13,34,55,97,,
development,555,ba33c10b4c47af81d12cf7fd926e4e5a4d3a21c074c141c25633d35d88ca4814,0+1+2,12,17,28,45,,
development,556,f9f2452935810fbedc142447c993ae2c5ead1f9a25aacf66f25eca852ef6ee29,0+1,1,33,64,120,,
development,557,f9f2452935810fbedc142447c993ae2c5ead1f9a25aacf66f25eca852ef6ee29,0+2,0,14,26,51,,
development,558,f9f2452935810fbedc142447c993ae2c5ead1f9a25aacf66f25eca852ef6ee29,1+2,1,33,65,127,,
development,559,f9f2452935810fbedc142447c993ae2c5ead1f9a25aacf66f25eca852ef6ee29,0+1+2,0,13,19,38,,
development,560,5cb9af157522fd39f349386d20807cb22c125a3bacc6781fac5f73c06921ff5a,0+1,10,30,47,81,,
development,561,5cb9af157522fd39f349386d20807cb22c125a3bacc6781fac5f73c06921ff5a,0+2,7,20,24,33,,
development,562,5cb9af157522fd39f349386d20807cb22c125a3bacc6781fac5f73c06921ff5a,1+2,10,32,55,78,,
development,563,5cb9af157522fd39f349386d20807cb22c125a3bacc6781fac5f73c06921ff5a,0+1+2,7,18,20,28,,
development,564,2b876cc1a87c841399e1be04b327b8fe6c84ab641220e98f0009fc04f69e4b74,0+1,0,18,42,63,,
development,565,2b876cc1a87c841399e1be04b327b8fe6c84ab641220e98f0009fc04f69e4b74,0+2,0,11,20,29,,
development,566,2b876cc1a87c841399e1be04b327b8fe6c84ab641220e98f0009fc04f69e4b74,1+2,0,21,41,63,,
development,567,2b876cc1a87c841399e1be04b327b8fe6c84ab641220e98f0009fc04f69e4b74,0+1+2,0,7,16,23,,
development,568,b45c852a7accbffb199368a19f8d7552fb250644f81487b763cbb29668ff0651,0+1,0,27,60,132,,
development,569,b45c852a7accbffb199368a19f8d7552fb250644f81487b763cbb29668ff0651,0+2,0,11,24,54,,
development,570,b45c852a7accbffb199368a19f8d7552fb250644f81487b763cbb29668ff0651,1+2,0,32,63,123,,
development,571,b45c852a7accbffb199368a19f8d7552fb250644f81487b763cbb29668ff0651,0+1+2,0,5,18,39,,
development,572,02ce8bc9104d0127bbf7c5768a37dba4c9ca3395469a9ee8627fe36a0c4a0176,0+1,0,16,36,86,,
development,573,02ce8bc9104d0127bbf7c5768a37dba4c9ca3395469a9ee8627fe36a0c4a0176,0+2,0,7,17,34,,
development,574,02ce8bc9104d0127bbf7c5768a37dba4c9ca3395469a9ee8627fe36a0c4a0176,1+2,0,19,38,72,,
development,575,02ce8bc9104d0127bbf7c5768a37dba4c9ca3395469a9ee8627fe36a0c4a0176,0+1+2,0,2,11,26,,
development,576,abfadfcc53563032a790582a4db4ccc25d44c90c5717a985291eb2ad9313a656,0+1,0,24,47,103,,
development,577,abfadfcc53563032a790582a4db4ccc25d44c90c5717a985291eb2ad9313a656,0+2,0,12,19,41,,
development,578,abfadfcc53563032a790582a4db4ccc25d44c90c5717a985291eb2ad9313a656,1+2,0,23,45,103,,
development,579,abfadfcc53563032a790582a4db4ccc25d44c90c5717a985291eb2ad9313a656,0+1+2,0,12,16,34,,
development,580,cd9e03b6b6944ec4b28336c1f63573a9b7dff3e372219273b9fbc43bc1974f35,0+1,9,25,49,85,,
development,581,cd9e03b6b6944ec4b28336c1f63573a9b7dff3e372219273b9fbc43bc1974f35,0+2,2,13,21,29,,
development,582,cd9e03b6b6944ec4b28336c1f63573a9b7dff3e372219273b9fbc43bc1974f35,1+2,5,27,48,77,,
development,583,cd9e03b6b6944ec4b28336c1f63573a9b7dff3e372219273b9fbc43bc1974f35,0+1+2,2,9,17,23,,
development,584,b2521d3f09ff7954b11368598a6b9fe2c4254bf96538fb5337b6553d493692de,0+1,6,27,43,91,,
development,585,b2521d3f09ff7954b11368598a6b9fe2c4254bf96538fb5337b6553d493692de,0+2,4,17,22,40,,
development,586,b2521d3f09ff7954b11368598a6b9fe2c4254bf96538fb5337b6553d493692de,1+2,11,34,54,100,,
development,587,b2521d3f09ff7954b11368598a6b9fe2c4254bf96538fb5337b6553d493692de,0+1+2,4,16,17,31,,
development,588,5685fd7a2e09632716cd80b5bcb5bae3bdfad02779ca0d0f25f84543cda2527d,0+1,0,41,70,136,,
development,589,5685fd7a2e09632716cd80b5bcb5bae3bdfad02779ca0d0f25f84543cda2527d,0+2,0,14,27,50,,
development,590,5685fd7a2e09632716cd80b5bcb5bae3bdfad02779ca0d0f25f84543cda2527d,1+2,0,33,64,127,,
development,591,5685fd7a2e09632716cd80b5bcb5bae3bdfad02779ca0d0f25f84543cda2527d,0+1+2,0,12,18,37,,
development,592,39d91e146e87b5228f0cfe04ff131fe1a1a5298eb2107d58fb0857324f677564,0+1,8,17,36,84,,
development,593,39d91e146e87b5228f0cfe04ff131fe1a1a5298eb2107d58fb0857324f677564,0+2,4,6,18,37,,
development,594,39d91e146e87b5228f0cfe04ff131fe1a1a5298eb2107d58fb0857324f677564,1+2,9,23,44,77,,
development,595,39d91e146e87b5228f0cfe04ff131fe1a1a5298eb2107d58fb0857324f677564,0+1+2,4,4,14,27,,
development,596,e5b5bef698603295360148610c05ce95f538777ebbb07181d0de83745f99afcc,0+1,4,37,61,131,,
development,597,e5b5bef698603295360148610c05ce95f538777ebbb07181d0de83745f99afcc,0+2,0,14,24,50,,
development,598,e5b5bef698603295360148610c05ce95f538777ebbb07181d0de83745f99afcc,1+2,1,33,65,130,,
development,599,e5b5bef698603295360148610c05ce95f538777ebbb07181d0de83745f99afcc,0+1+2,0,13,19,38,,
development,600,8b4b8204b06d11835563ff00414929d7cbb1dcac6890ec06752bbf1faa453beb,0+1,0,25,39,77,,
development,601,8b4b8204b06d11835563ff00414929d7cbb1dcac6890ec06752bbf1faa453beb,0+2,0,13,20,35,,
development,602,8b4b8204b06d11835563ff00414929d7cbb1dcac6890ec06752bbf1faa453beb,1+2,2,26,42,72,,
development,603,8b4b8204b06d11835563ff00414929d7cbb1dcac6890ec06752bbf1faa453beb,0+1+2,0,13,17,28,,
development,604,bc2c7eca9cb414eb0712fb753c5038a814d88df5e9217ffb45026c06fb306656,0+1,10,35,69,142,,
development,605,bc2c7eca9cb414eb0712fb753c5038a814d88df5e9217ffb45026c06fb306656,0+2,8,19,33,63,,
development,606,bc2c7eca9cb414eb0712fb753c5038a814d88df5e9217ffb45026c06fb306656,1+2,11,43,76,142,,
development,607,bc2c7eca9cb414eb0712fb753c5038a814d88df5e9217ffb45026c06fb306656,0+1+2,8,13,26,45,,
development,608,614a08648f33b0a09adfdc1e1609acad0844db52d203c6a6a67d0489535bb760,0+1,0,34,56,115,,
development,609,614a08648f33b0a09adfdc1e1609acad0844db52d203c6a6a67d0489535bb760,0+2,0,14,20,42,,
development,610,614a08648f33b0a09adfdc1e1609acad0844db52d203c6a6a67d0489535bb760,1+2,0,24,47,93,,
development,611,614a08648f33b0a09adfdc1e1609acad0844db52d203c6a6a67d0489535bb760,0+1+2,0,14,20,38,,
development,612,62a819cbbc41e270b6ce5bc598be6f94904e608c3f9e9f1eb25c674fdbf07038,0+1,0,34,71,126,,
development,613,62a819cbbc41e270b6ce5bc598be6f94904e608c3f9e9f1eb25c674fdbf07038,0+2,0,8,21,47,,
development,614,62a819cbbc41e270b6ce5bc598be6f94904e608c3f9e9f1eb25c674fdbf07038,1+2,0,32,63,126,,
development,615,62a819cbbc41e270b6ce5bc598be6f94904e608c3f9e9f1eb25c674fdbf07038,0+1+2,0,6,18,36,,
development,616,2e7383689d5fc38adeb5eb0b21fe70ffbdd24f71296f36381f4bc588edc218d1,0+1,11,53,85,144,,
development,617,2e7383689d5fc38adeb5eb0b21fe70ffbdd24f71296f36381f4bc588edc218d1,0+2,7,21,36,61,,
development,618,2e7383689d5fc38adeb5eb0b21fe70ffbdd24f71296f36381f4bc588edc218d1,1+2,9,39,69,132,,
development,619,2e7383689d5fc38adeb5eb0b21fe70ffbdd24f71296f36381f4bc588edc218d1,0+1+2,7,20,27,46,,
development,620,29eed40afb681c2df46745001f64cc633ea5bbd33d62811414dad89a674710a1,0+1,10,37,72,126,,
development,621,29eed40afb681c2df46745001f64cc633ea5bbd33d62811414dad89a674710a1,0+2,7,19,32,52,,
development,622,29eed40afb681c2df46745001f64cc633ea5bbd33d62811414dad89a674710a1,1+2,10,40,72,118,,
development,623,29eed40afb681c2df46745001f64cc633ea5bbd33d62811414dad89a674710a1,0+1+2,7,13,26,44,,
development,624,3f88b0ddd489a5e8afa9aba003b49e32fd0e3deb4ff13c2c4f644cfe911e4e44,0+1,1,31,73,133,,
development,625,3f88b0ddd489a5e8afa9aba003b49e32fd0e3deb4ff13c2c4f644cfe911e4e44,0+2,0,16,29,56,,
development,626,3f88b0ddd489a5e8afa9aba003b49e32fd0e3deb4ff13c2c4f644cfe911e4e44,1+2,0,30,62,126,,
development,627,3f88b0ddd489a5e8afa9aba003b49e32fd0e3deb4ff13c2c4f644cfe911e4e44,0+1+2,0,7,20,40,,
development,628,7842e680132c761fc0afe0212b5c353ecae26cf6a20b75de52f890d7a2900bf4,0+1,0,29,53,118,,
development,629,7842e680132c761fc0afe0212b5c353ecae26cf6a20b75de52f890d7a2900bf4,0+2,0,14,25,50,,
development,630,7842e680132c761fc0afe0212b5c353ecae26cf6a20b75de52f890d7a2900bf4,1+2,0,31,61,123,,
development,631,7842e680132c761fc0afe0212b5c353ecae26cf6a20b75de52f890d7a2900bf4,0+1+2,0,12,18,37,,
development,632,679f30e8862ab4111fb0222ad93d31ddcced760efbbafcabe53a0141c5a1c7e2,0+1,0,32,66,118,,
development,633,679f30e8862ab4111fb0222ad93d31ddcced760efbbafcabe53a0141c5a1c7e2,0+2,0,12,25,48,,
development,634,679f30e8862ab4111fb0222ad93d31ddcced760efbbafcabe53a0141c5a1c7e2,1+2,0,32,63,125,,
development,635,679f30e8862ab4111fb0222ad93d31ddcced760efbbafcabe53a0141c5a1c7e2,0+1+2,0,9,20,38,,
development,636,ab82075b3eead9495086ee6fc0b5c9cd0f23e7d28df0b1becbc6a9a3e9d40de0,0+1,7,35,61,116,,
development,637,ab82075b3eead9495086ee6fc0b5c9cd0f23e7d28df0b1becbc6a9a3e9d40de0,0+2,3,17,29,55,,
development,638,ab82075b3eead9495086ee6fc0b5c9cd0f23e7d28df0b1becbc6a9a3e9d40de0,1+2,8,39,70,133,,
development,639,ab82075b3eead9495086ee6fc0b5c9cd0f23e7d28df0b1becbc6a9a3e9d40de0,0+1+2,3,15,22,42,,
development,640,dc91578f7014e481f07acc25f575e8613b6aafd59bbaf324ef20219da6c1146f,0+1,0,28,52,115,,
development,641,dc91578f7014e481f07acc25f575e8613b6aafd59bbaf324ef20219da6c1146f,0+2,0,11,23,49,,
development,642,dc91578f7014e481f07acc25f575e8613b6aafd59bbaf324ef20219da6c1146f,1+2,0,29,59,121,,
development,643,dc91578f7014e481f07acc25f575e8613b6aafd59bbaf324ef20219da6c1146f,0+1+2,0,9,19,39,,
development,644,ddaffc4380929829b70d0a621234148bb7ee95a55853c51ec3eb16a2770964df,0+1,0,28,57,124,,
development,645,ddaffc4380929829b70d0a621234148bb7ee95a55853c51ec3eb16a2770964df,0+2,0,11,24,49,,
development,646,ddaffc4380929829b70d0a621234148bb7ee95a55853c51ec3eb16a2770964df,1+2,0,32,60,128,,
development,647,ddaffc4380929829b70d0a621234148bb7ee95a55853c51ec3eb16a2770964df,0+1+2,0,6,17,35,,
development,648,46fbab1df1dcb7538cf66ed35a3bcb136f6c20eab7a28d2ec4596abb0c6b8c83,0+1,12,30,50,98,,
development,649,46fbab1df1dcb7538cf66ed35a3bcb136f6c20eab7a28d2ec4596abb0c6b8c83,0+2,6,15,28,45,,
development,650,46fbab1df1dcb7538cf66ed35a3bcb136f6c20eab7a28d2ec4596abb0c6b8c83,1+2,5,28,50,85,,
development,651,46fbab1df1dcb7538cf66ed35a3bcb136f6c20eab7a28d2ec4596abb0c6b8c83,0+1+2,5,13,24,39,,
development,652,376815b592b33571d0b3a0a5c8594a94efef23a5af49fc219949b3ad83072975,0+1,0,32,60,122,,
development,653,376815b592b33571d0b3a0a5c8594a94efef23a5af49fc219949b3ad83072975,0+2,0,12,22,45,,
development,654,376815b592b33571d0b3a0a5c8594a94efef23a5af49fc219949b3ad83072975,1+2,0,31,63,122,,
development,655,376815b592b33571d0b3a0a5c8594a94efef23a5af49fc219949b3ad83072975,0+1+2,0,8,18,35,,
development,656,e080f1c1ad23d5e69dec61ad56bd1d0d364dfdd7083ff4c266190413bff61f3f,0+1,6,48,80,138,,
development,657,e080f1c1ad23d5e69dec61ad56bd1d0d364dfdd7083ff4c266190413bff61f3f,0+2,5,17,28,52,,
development,658,e080f1c1ad23d5e69dec61ad56bd1d0d364dfdd7083ff4c266190413bff61f3f,1+2,12,46,79,139,,
development,659,e080f1c1ad23d5e69dec61ad56bd1d0d364dfdd7083ff4c266190413bff61f3f,0+1+2,5,17,22,40,,
development,660,48d93c9f2150632af879c25ca274ca9e9b918b8404c5f166d148ffa61fdb138a,0+1,0,25,57,127,,
development,661,48d93c9f2150632af879c25ca274ca9e9b918b8404c5f166d148ffa61fdb138a,0+2,0,10,24,51,,
development,662,48d93c9f2150632af879c25ca274ca9e9b918b8404c5f166d148ffa61fdb138a,1+2,8,41,71,139,,
development,663,48d93c9f2150632af879c25ca274ca9e9b918b8404c5f166d148ffa61fdb138a,0+1+2,0,7,19,38,,
development,664,2fb9409b47b79b333e9ce8c51c0ce5e999a3cfdf9a18af7148a5f0ac60c74140,0+1,7,38,63,115,,
development,665,2fb9409b47b79b333e9ce8c51c0ce5e999a3cfdf9a18af7148a5f0ac60c74140,0+2,0,12,23,49,,
development,666,2fb9409b47b79b333e9ce8c51c0ce5e999a3cfdf9a18af7148a5f0ac60c74140,1+2,0,33,66,112,,
development,667,2fb9409b47b79b333e9ce8c51c0ce5e999a3cfdf9a18af7148a5f0ac60c74140,0+1+2,0,12,18,37,,
development,668,b79a9bfe1340427bbd358c63a846ce06f579131e5933bc489f206a7557129c18,0+1,5,39,65,124,,
development,669,b79a9bfe1340427bbd358c63a846ce06f579131e5933bc489f206a7557129c18,0+2,3,18,28,55,,
development,670,b79a9bfe1340427bbd358c63a846ce06f579131e5933bc489f206a7557129c18,1+2,10,43,74,128,,
development,671,b79a9bfe1340427bbd358c63a846ce06f579131e5933bc489f206a7557129c18,0+1+2,3,16,21,41,,
development,672,dfd5655ab0bd0ef374e47f7d42e2b9e3ab597362794486917db20bf1d67e39bc,0+1,0,41,69,128,,
development,673,dfd5655ab0bd0ef374e47f7d42e2b9e3ab597362794486917db20bf1d67e39bc,0+2,0,14,25,49,,
development,674,dfd5655ab0bd0ef374e47f7d42e2b9e3ab597362794486917db20bf1d67e39bc,1+2,0,31,63,129,,
development,675,dfd5655ab0bd0ef374e47f7d42e2b9e3ab597362794486917db20bf1d67e39bc,0+1+2,0,13,19,37,,
development,676,c6adddc9543765043b8762f7d53f58c5e108f848428741c94d1ff18e9f86fe0b,0+1,0,18,37,77,,
development,677,c6adddc9543765043b8762f7d53f58c5e108f848428741c94d1ff18e9f86fe0b,0+2,0,4,17,38,,
development,678,c6adddc9543765043b8762f7d53f58c5e108f848428741c94d1ff18e9f86fe0b,1+2,2,19,42,89,,
development,679,c6adddc9543765043b8762f7d53f58c5e108f848428741c94d1ff18e9f86fe0b,0+1+2,0,1,12,31,,
development,680,42e86a3bb37325981c42e0cd02992bdf144ee6700cbc65bed4f462ae3cd8f4f3,0+1,0,26,60,116,,
development,681,42e86a3bb37325981c42e0cd02992bdf144ee6700cbc65bed4f462ae3cd8f4f3,0+2,0,11,24,48,,
development,682,42e86a3bb37325981c42e0cd02992bdf144ee6700cbc65bed4f462ae3cd8f4f3,1+2,0,30,53,112,,
development,683,42e86a3bb37325981c42e0cd02992bdf144ee6700cbc65bed4f462ae3cd8f4f3,0+1+2,0,6,18,37,,
development,684,1fa9d6dc1ebbd431ee8747d606b694da0df1a1ce49917baefd66d344360317e6,0+1,0,41,72,129,,
development,685,1fa9d6dc1ebbd431ee8747d606b694da0df1a1ce49917baefd66d344360317e6,0+2,0,14,31,54,,
development,686,1fa9d6dc1ebbd431ee8747d606b694da0df1a1ce49917baefd66d344360317e6,1+2,0,30,62,127,,
development,687,1fa9d6dc1ebbd431ee8747d606b694da0df1a1ce49917baefd66d344360317e6,0+1+2,0,13,19,36,,
development,688,712a0a836a600b9ff0135a9f1d22796413747bf366fbb05623e34ac928f3dc3c,0+1,0,27,54,122,,
development,689,712a0a836a600b9ff0135a9f1d22796413747bf366fbb05623e34ac928f3dc3c,0+2,0,13,25,46,,
development,690,712a0a836a600b9ff0135a9f1d22796413747bf366fbb05623e34ac928f3dc3c,1+2,0,30,61,115,,
development,691,712a0a836a600b9ff0135a9f1d22796413747bf366fbb05623e34ac928f3dc3c,0+1+2,0,10,19,36,,
development,692,42ab2098dcc8d6c5bec80963651c953b9ff48cc97c9c84fd49bcec891b515ca5,0+1,0,14,39,79,,
development,693,42ab2098dcc8d6c5bec80963651c953b9ff48cc97c9c84fd49bcec891b515ca5,0+2,0,3,17,36,,
development,694,42ab2098dcc8d6c5bec80963651c953b9ff48cc97c9c84fd49bcec891b515ca5,1+2,3,16,36,82,,
development,695,42ab2098dcc8d6c5bec80963651c953b9ff48cc97c9c84fd49bcec891b515ca5,0+1+2,0,3,17,33,,
development,696,cc0873e79bdbfabc5d44e2148af07fb042d68971c08d0c21bbcc7e55ed42a82b,0+1,13,42,81,137,,
development,697,cc0873e79bdbfabc5d44e2148af07fb042d68971c08d0c21bbcc7e55ed42a82b,0+2,8,19,34,60,,
development,698,cc0873e79bdbfabc5d44e2148af07fb042d68971c08d0c21bbcc7e55ed42a82b,1+2,9,39,70,136,,
development,699,cc0873e79bdbfabc5d44e2148af07fb042d68971c08d0c21bbcc7e55ed42a82b,0+1+2,8,15,28,48,,
development,700,418c374236a7ba438f086d328ce85970f27d9b58c68ef396e4f014bc1d18754f,0+1,10,34,68,137,,
development,701,418c374236a7ba438f086d328ce85970f27d9b58c68ef396e4f014bc1d18754f,0+2,12,25,39,59,,
development,702,418c374236a7ba438f086d328ce85970f27d9b58c68ef396e4f014bc1d18754f,1+2,11,42,72,115,,
development,703,418c374236a7ba438f086d328ce85970f27d9b58c68ef396e4f014bc1d18754f,0+1+2,10,17,29,46,,
development,704,1bda988cd32051c6b0c617ab38e2a02c6390ff5ab9c0233635e3291b3cb49860,0+1,0,15,32,78,,
development,705,1bda988cd32051c6b0c617ab38e2a02c6390ff5ab9c0233635e3291b3cb49860,0+2,0,10,13,29,,
development,706,1bda988cd32051c6b0c617ab38e2a02c6390ff5ab9c0233635e3291b3cb49860,1+2,0,18,36,77,,
development,707,1bda988cd32051c6b0c617ab38e2a02c6390ff5ab9c0233635e3291b3cb49860,0+1+2,0,8,8,21,,
development,708,c110c025f141ed24aefd223366087e6eb1812ce1ad43f39200e600fb55e8cddd,0+1,0,40,69,125,,
development,709,c110c025f141ed24aefd223366087e6eb1812ce1ad43f39200e600fb55e8cddd,0+2,0,14,25,49,,
development,710,c110c025f141ed24aefd223366087e6eb1812ce1ad43f39200e600fb55e8cddd,1+2,0,34,65,128,,
development,711,c110c025f141ed24aefd223366087e6eb1812ce1ad43f39200e600fb55e8cddd,0+1+2,0,12,16,35,,
development,712,2dc403f4d29eaacfe02eff2a00f2bc8b2fa5ad8dd1eea52b8228d6403e3e0151,0+1,0,30,53,121,,
development,713,2dc403f4d29eaacfe02eff2a00f2bc8b2fa5ad8dd1eea52b8228d6403e3e0151,0+2,0,10,22,48,,
development,714,2dc403f4d29eaacfe02eff2a00f2bc8b2fa5ad8dd1eea52b8228d6403e3e0151,1+2,0,29,58,121,,
development,715,2dc403f4d29eaacfe02eff2a00f2bc8b2fa5ad8dd1eea52b8228d6403e3e0151,0+1+2,0,9,19,38,,
development,716,7a75663294dd2844753e084b6f853171914484875a9df42a6162f853401b792a,0+1,0,41,70,127,,
development,717,7a75663294dd2844753e084b6f853171914484875a9df42a6162f853401b792a,0+2,0,15,27,49,,
development,718,7a75663294dd2844753e084b6f853171914484875a9df42a6162f853401b792a,1+2,0,33,63,126,,
development,719,7a75663294dd2844753e084b6f853171914484875a9df42a6162f853401b792a,0+1+2,0,14,20,39,,
development,720,8f3ae7aa5b7bac5299c74e6fe87e7c615163eda56f6007d8a7da9242453c1fff,0+1,0,32,69,123,,
development,721,8f3ae7aa5b7bac5299c74e6fe87e7c615163eda56f6007d8a7da9242453c1fff,0+2,0,12,25,49,,
development,722,8f3ae7aa5b7bac5299c74e6fe87e7c615163eda56f6007d8a7da9242453c1fff,1+2,0,28,59,123,,
development,723,8f3ae7aa5b7bac5299c74e6fe87e7c615163eda56f6007d8a7da9242453c1fff,0+1+2,0,9,18,37,,
development,724,e5fb7816505040d9559143b1e618b94e76a07408cef4ede30188ba47124a9c62,0+1,13,33,49,102,,
development,725,e5fb7816505040d9559143b1e618b94e76a07408cef4ede30188ba47124a9c62,0+2,7,14,21,41,,
development,726,e5fb7816505040d9559143b1e618b94e76a07408cef4ede30188ba47124a9c62,1+2,7,27,49,95,,
development,727,e5fb7816505040d9559143b1e618b94e76a07408cef4ede30188ba47124a9c62,0+1+2,7,13,16,33,,
development,728,5cda2c80342349bbaad02a3c596f164c7e32dce7a8928d9725b269200dd5e946,0+1,0,30,73,138,,
development,729,5cda2c80342349bbaad02a3c596f164c7e32dce7a8928d9725b269200dd5e946,0+2,0,14,28,48,,
development,730,5cda2c80342349bbaad02a3c596f164c7e32dce7a8928d9725b269200dd5e946,1+2,0,30,60,118,,
development,731,5cda2c80342349bbaad02a3c596f164c7e32dce7a8928d9725b269200dd5e946,0+1+2,0,8,21,38,,
development,732,35e1fd3dc8c506e6b8b33a100334abe410ed7bf4034b1031dead3634eb3cd6eb,0+1,4,40,72,129,,
development,733,35e1fd3dc8c506e6b8b33a100334abe410ed7bf4034b1031dead3634eb3cd6eb,0+2,0,13,25,49,,
development,734,35e1fd3dc8c506e6b8b33a100334abe410ed7bf4034b1031dead3634eb3cd6eb,1+2,0,33,64,128,,
development,735,35e1fd3dc8c506e6b8b33a100334abe410ed7bf4034b1031dead3634eb3cd6eb,0+1+2,0,13,19,38,,
development,736,3a599a58d2f70d709f4403023f123cc4606d9ca117cd017adc2816fe1642fd04,0+1,12,44,79,131,,
development,737,3a599a58d2f70d709f4403023f123cc4606d9ca117cd017adc2816fe1642fd04,0+2,13,26,39,64,,
development,738,3a599a58d2f70d709f4403023f123cc4606d9ca117cd017adc2816fe1642fd04,1+2,12,43,74,135,,
development,739,3a599a58d2f70d709f4403023f123cc4606d9ca117cd017adc2816fe1642fd04,0+1+2,12,20,31,49,,
development,740,7dd62eba7ee9345d74f6f7225004c150ee5234a69d9bc679650ac8c24acc365e,0+1,8,42,76,130,,
development,741,7dd62eba7ee9345d74f6f7225004c150ee5234a69d9bc679650ac8c24acc365e,0+2,6,19,30,55,,
development,742,7dd62eba7ee9345d74f6f7225004c150ee5234a69d9bc679650ac8c24acc365e,1+2,11,43,76,141,,
development,743,7dd62eba7ee9345d74f6f7225004c150ee5234a69d9bc679650ac8c24acc365e,0+1+2,6,17,25,44,,
development,744,6cfbb88a0b0c1a4525434bef731e76544071f04cc9f38d29fc0f5e25f764c057,0+1,0,42,75,135,,
development,745,6cfbb88a0b0c1a4525434bef731e76544071f04cc9f38d29fc0f5e25f764c057,0+2,0,14,29,56,,
development,746,6cfbb88a0b0c1a4525434bef731e76544071f04cc9f38d29fc0f5e25f764c057,1+2,0,25,59,121,,
development,747,6cfbb88a0b0c1a4525434bef731e76544071f04cc9f38d29fc0f5e25f764c057,0+1+2,0,13,21,41,,
development,748,d2031f5ba6bf4bd169c918334561dd8ab3475bd60aecb0317934efd06daad614,0+1,4,29,58,121,,
development,749,d2031f5ba6bf4bd169c918334561dd8ab3475bd60aecb0317934efd06daad614,0+2,0,12,25,49,,
development,750,d2031f5ba6bf4bd169c918334561dd8ab3475bd60aecb0317934efd06daad614,1+2,3,33,65,128,,
development,751,d2031f5ba6bf4bd169c918334561dd8ab3475bd60aecb0317934efd06daad614,0+1+2,0,8,19,37,,
development,752,b5c93eb1f0a8c3c2f8f6167828a1b545960188d50bf5736bf01a69c3c177e531,0+1,0,33,59,127,,
development,753,b5c93eb1f0a8c3c2f8f6167828a1b545960188d50bf5736bf01a69c3c177e531,0+2,0,12,24,49,,
development,754,b5c93eb1f0a8c3c2f8f6167828a1b545960188d50bf5736bf01a69c3c177e531,1+2,0,30,61,123,,
development,755,b5c93eb1f0a8c3c2f8f6167828a1b545960188d50bf5736bf01a69c3c177e531,0+1+2,0,11,18,36,,
development,756,d8d4d50cf319e32d770871b47fbd629d3660b22b563c67ca32c63ef25dd0845a,0+1,4,28,58,115,,
development,757,d8d4d50cf319e32d770871b47fbd629d3660b22b563c67ca32c63ef25dd0845a,0+2,0,8,21,45,,
development,758,d8d4d50cf319e32d770871b47fbd629d3660b22b563c67ca32c63ef25dd0845a,1+2,7,40,71,134,,
development,759,d8d4d50cf319e32d770871b47fbd629d3660b22b563c67ca32c63ef25dd0845a,0+1+2,0,7,18,36,,
development,760,01d4358524f5efcf0fb2c924cffec57085e6e5869f0a8a70a8e9965baa5f5600,0+1,0,43,73,129,,
development,761,01d4358524f5efcf0fb2c924cffec57085e6e5869f0a8a70a8e9965baa5f5600,0+2,0,13,25,51,,
development,762,01d4358524f5efcf0fb2c924cffec57085e6e5869f0a8a70a8e9965baa5f5600,1+2,0,33,64,126,,
development,763,01d4358524f5efcf0fb2c924cffec57085e6e5869f0a8a70a8e9965baa5f5600,0+1+2,0,13,19,38,,
development,764,bce4438a2415d67222c55239dde6a8ca9321e66ba65a7f474f44d0e0e395e147,0+1,0,32,74,132,,
development,765,bce4438a2415d67222c55239dde6a8ca9321e66ba65a7f474f44d0e0e395e147,0+2,0,12,26,52,,
development,766,bce4438a2415d67222c55239dde6a8ca9321e66ba65a7f474f44d0e0e395e147,1+2,0,32,67,132,,
development,767,bce4438a2415d67222c55239dde6a8ca9321e66ba65a7f474f44d0e0e395e147,0+1+2,0,6,20,40,,
development,768,fe06f771abe4f7284a3ec9793424bc2016fd6ae7cd73bea6cf3bf262fa5f1630,0+1,7,33,61,113,,
development,769,fe06f771abe4f7284a3ec9793424bc2016fd6ae7cd73bea6cf3bf262fa5f1630,0+2,8,17,31,56,,
development,770,fe06f771abe4f7284a3ec9793424bc2016fd6ae7cd73bea6cf3bf262fa5f1630,1+2,11,45,77,137,,
development,771,fe06f771abe4f7284a3ec9793424bc2016fd6ae7cd73bea6cf3bf262fa5f1630,0+1+2,7,16,27,46,,
development,772,8795b7487dc67513bf127f410df7322b0c2823e12aa0169c137725a35d2d2425,0+1,0,12,20,62,,
development,773,8795b7487dc67513bf127f410df7322b0c2823e12aa0169c137725a35d2d2425,0+2,0,6,11,31,,
development,774,8795b7487dc67513bf127f410df7322b0c2823e12aa0169c137725a35d2d2425,1+2,0,11,23,66,,
development,775,8795b7487dc67513bf127f410df7322b0c2823e12aa0169c137725a35d2d2425,0+1+2,0,6,11,28,,
development,776,9ae0651fd1ecc2d696148a97807ecda6575039b01a4579549c1f1b5d82771ebb,0+1,10,31,59,101,,
development,777,9ae0651fd1ecc2d696148a97807ecda6575039b01a4579549c1f1b5d82771ebb,0+2,0,12,19,32,,
development,778,9ae0651fd1ecc2d696148a97807ecda6575039b01a4579549c1f1b5d82771ebb,1+2,0,21,42,82,,
development,779,9ae0651fd1ecc2d696148a97807ecda6575039b01a4579549c1f1b5d82771ebb,0+1+2,0,8,13,22,,
development,780,555918a95e193068fa8db2c637d01f6a94457681f33db26ba7082ecb451351bb,0+1,0,10,19,46,,
development,781,555918a95e193068fa8db2c637d01f6a94457681f33db26ba7082ecb451351bb,0+2,0,12,12,25,,
development,782,555918a95e193068fa8db2c637d01f6a94457681f33db26ba7082ecb451351bb,1+2,0,12,22,45,,
development,783,555918a95e193068fa8db2c637d01f6a94457681f33db26ba7082ecb451351bb,0+1+2,0,10,10,23,,
development,784,75d52312c5331c3576957731a3cff5c7653aabd78c0e7928223758f72690d82a,0+1,10,40,64,130,,
development,785,75d52312c5331c3576957731a3cff5c7653aabd78c0e7928223758f72690d82a,0+2,7,18,30,56,,
development,786,75d52312c5331c3576957731a3cff5c7653aabd78c0e7928223758f72690d82a,1+2,6,35,64,127,,
development,787,75d52312c5331c3576957731a3cff5c7653aabd78c0e7928223758f72690d82a,0+1+2,6,16,25,43,,
development,788,0a37b2672048ff462a8721e2287cb27c6f5d903f3d8a48bca7033540d0b7e25a,0+1,6,39,70,123,,
development,789,0a37b2672048ff462a8721e2287cb27c6f5d903f3d8a48bca7033540d0b7e25a,0+2,0,13,24,48,,
development,790,0a37b2672048ff462a8721e2287cb27c6f5d903f3d8a48bca7033540d0b7e25a,1+2,0,34,68,130,,
development,791,0a37b2672048ff462a8721e2287cb27c6f5d903f3d8a48bca7033540d0b7e25a,0+1+2,0,10,19,38,,
development,792,c7eb350f38031721f8e22c5933c783bec64993cd479c7a6fab6bf606bf820df4,0+1,7,25,49,89,,
development,793,c7eb350f38031721f8e22c5933c783bec64993cd479c7a6fab6bf606bf820df4,0+2,8,15,29,50,,
development,794,c7eb350f38031721f8e22c5933c783bec64993cd479c7a6fab6bf606bf820df4,1+2,11,31,45,90,,
development,795,c7eb350f38031721f8e22c5933c783bec64993cd479c7a6fab6bf606bf820df4,0+1+2,7,12,25,43,,
development,796,4039505e05544b6eecff9f3445c7be10c29e17c982e72dae6c5a10e7961ed876,0+1,0,29,71,129,,
development,797,4039505e05544b6eecff9f3445c7be10c29e17c982e72dae6c5a10e7961ed876,0+2,0,5,18,46,,
development,798,4039505e05544b6eecff9f3445c7be10c29e17c982e72dae6c5a10e7961ed876,1+2,0,30,59,119,,
development,799,4039505e05544b6eecff9f3445c7be10c29e17c982e72dae6c5a10e7961ed876,0+1+2,0,3,16,37,,
development,800,471223b00138c7aebe834682b23b1d6c46d804cbd84e8f76b59d89caf440e798,0+1,0,23,54,109,,
development,801,471223b00138c7aebe834682b23b1d6c46d804cbd84e8f76b59d89caf440e798,0+2,0,6,20,44,,
development,802,471223b00138c7aebe834682b23b1d6c46d804cbd84e8f76b59d89caf440e798,1+2,3,25,49,95,,
development,803,471223b00138c7aebe834682b23b1d6c46d804cbd84e8f76b59d89caf440e798,0+1+2,0,3,17,34,,
development,804,375c3e1fe70a996b7e97ab5326eff9ad0d81e4c892ce461251b709c7e9485070,0+1,0,25,54,89,,
development,805,375c3e1fe70a996b7e97ab5326eff9ad0d81e4c892ce461251b709c7e9485070,0+2,0,11,25,41,,
development,806,375c3e1fe70a996b7e97ab5326eff9ad0d81e4c892ce461251b709c7e9485070,1+2,0,23,47,87,,
development,807,375c3e1fe70a996b7e97ab5326eff9ad0d81e4c892ce461251b709c7e9485070,0+1+2,0,6,19,30,,
development,808,61d39313988727325740f3f81df607bc5d746c1d8f7d96993e4573d34023e771,0+1,4,22,42,74,,
development,809,61d39313988727325740f3f81df607bc5d746c1d8f7d96993e4573d34023e771,0+2,0,13,21,31,,
development,810,61d39313988727325740f3f81df607bc5d746c1d8f7d96993e4573d34023e771,1+2,1,23,45,68,,
development,811,61d39313988727325740f3f81df607bc5d746c1d8f7d96993e4573d34023e771,0+1+2,0,10,18,27,,
development,812,639ab7c60bbd6a9fa96fdc3ad00b5d23b77230dd05f139623f71e93553ac3ca5,0+1,0,25,53,118,,
development,813,639ab7c60bbd6a9fa96fdc3ad00b5d23b77230dd05f139623f71e93553ac3ca5,0+2,0,12,26,48,,
development,814,639ab7c60bbd6a9fa96fdc3ad00b5d23b77230dd05f139623f71e93553ac3ca5,1+2,0,32,63,111,,
development,815,639ab7c60bbd6a9fa96fdc3ad00b5d23b77230dd05f139623f71e93553ac3ca5,0+1+2,0,8,19,36,,
development,816,2ed1d1e95900448bd57e857d03f4dfad6f3e82fa8fe38bb6021d12c0b0665881,0+1,1,25,58,105,,
development,817,2ed1d1e95900448bd57e857d03f4dfad6f3e82fa8fe38bb6021d12c0b0665881,0+2,0,12,27,47,,
development,818,2ed1d1e95900448bd57e857d03f4dfad6f3e82fa8fe38bb6021d12c0b0665881,1+2,4,37,67,111,,
development,819,2ed1d1e95900448bd57e857d03f4dfad6f3e82fa8fe38bb6021d12c0b0665881,0+1+2,0,7,20,37,,
development,820,85f17ef0ecc916e8b55875701f45966b11b613e3908b98c80e727ade49258ac5,0+1,1,27,55,117,,
development,821,85f17ef0ecc916e8b55875701f45966b11b613e3908b98c80e727ade49258ac5,0+2,0,10,22,47,,
development,822,85f17ef0ecc916e8b55875701f45966b11b613e3908b98c80e727ade49258ac5,1+2,6,36,67,123,,
development,823,85f17ef0ecc916e8b55875701f45966b11b613e3908b98c80e727ade49258ac5,0+1+2,0,7,18,37,,
development,824,0dca5b76a16c5a347deb82fcc0be2fc04a7c79cb016ca7998be14d26c7e717a3,0+1,0,17,35,53,,
development,825,0dca5b76a16c5a347deb82fcc0be2fc04a7c79cb016ca7998be14d26c7e717a3,0+2,0,4,17,26,,
development,826,0dca5b76a16c5a347deb82fcc0be2fc04a7c79cb016ca7998be14d26c7e717a3,1+2,0,18,31,52,,
development,827,0dca5b76a16c5a347deb82fcc0be2fc04a7c79cb016ca7998be14d26c7e717a3,0+1+2,0,3,13,20,,
development,828,d57c7dcbecdbb0aa1991dc6f44b10f1fe5f498f1eddadae48a5f2a8c5b3ce9ef,0+1,0,38,69,122,,
development,829,d57c7dcbecdbb0aa1991dc6f44b10f1fe5f498f1eddadae48a5f2a8c5b3ce9ef,0+2,0,14,28,52,,
development,830,d57c7dcbecdbb0aa1991dc6f44b10f1fe5f498f1eddadae48a5f2a8c5b3ce9ef,1+2,0,34,59,119,,
development,831,d57c7dcbecdbb0aa1991dc6f44b10f1fe5f498f1eddadae48a5f2a8c5b3ce9ef,0+1+2,0,12,19,37,,
development,832,952f247cf5911cfd73fdd50e00eb9d956f29b000d4c9ae5d4af5d7786e415d73,0+1,0,25,58,99,,
development,833,952f247cf5911cfd73fdd50e00eb9d956f29b000d4c9ae5d4af5d7786e415d73,0+2,0,12,25,45,,
development,834,952f247cf5911cfd73fdd50e00eb9d956f29b000d4c9ae5d4af5d7786e415d73,1+2,0,25,58,105,,
development,835,952f247cf5911cfd73fdd50e00eb9d956f29b000d4c9ae5d4af5d7786e415d73,0+1+2,0,6,17,36,,
development,836,88c03e29be33fcda232fb3c1a47b28bc4c1301c9eb27d93ce7450535d38abf27,0+1,0,30,61,117,,
development,837,88c03e29be33fcda232fb3c1a47b28bc4c1301c9eb27d93ce7450535d38abf27,0+2,0,11,24,46,,
development,838,88c03e29be33fcda232fb3c1a47b28bc4c1301c9eb27d93ce7450535d38abf27,1+2,5,34,66,125,,
development,839,88c03e29be33fcda232fb3c1a47b28bc4c1301c9eb27d93ce7450535d38abf27,0+1+2,0,4,16,33,,
development,840,fda6f8a65f4e010e9d49c885d60ac5fae5530060586ed4500012c98cbcee5af0,0+1,7,44,73,127,,
development,841,fda6f8a65f4e010e9d49c885d60ac5fae5530060586ed4500012c98cbcee5af0,0+2,9,23,35,56,,
development,842,fda6f8a65f4e010e9d49c885d60ac5fae5530060586ed4500012c98cbcee5af0,1+2,10,43,79,142,,
development,843,fda6f8a65f4e010e9d49c885d60ac5fae5530060586ed4500012c98cbcee5af0,0+1+2,7,17,26,45,,
development,844,ccd4d26c6b1824050550ec571c005d4164d501d526c7fd4c79e0094db20c3fd5,0+1,0,41,70,128,,
development,845,ccd4d26c6b1824050550ec571c005d4164d501d526c7fd4c79e0094db20c3fd5,0+2,0,13,25,48,,
development,846,ccd4d26c6b1824050550ec571c005d4164d501d526c7fd4c79e0094db20c3fd5,1+2,9,38,70,133,,
development,847,ccd4d26c6b1824050550ec571c005d4164d501d526c7fd4c79e0094db20c3fd5,0+1+2,0,12,18,37,,
development,848,4b74a06840dbb96c6e4da197bc2d3a6db8e73ca445249d856fa16e2183767743,0+1,2,29,56,104,,
development,849,4b74a06840dbb96c6e4da197bc2d3a6db8e73ca445249d856fa16e2183767743,0+2,0,11,23,42,,
development,850,4b74a06840dbb96c6e4da197bc2d3a6db8e73ca445249d856fa16e2183767743,1+2,0,33,66,111,,
development,851,4b74a06840dbb96c6e4da197bc2d3a6db8e73ca445249d856fa16e2183767743,0+1+2,0,10,18,35,,
development,852,efe8e39cc6640cef5029cd79a3c1e153c4f6fd1befdb8c4c50278863e876cdd0,0+1,1,36,67,122,,
development,853,efe8e39cc6640cef5029cd79a3c1e153c4f6fd1befdb8c4c50278863e876cdd0,0+2,0,15,26,48,,
development,854,efe8e39cc6640cef5029cd79a3c1e153c4f6fd1befdb8c4c50278863e876cdd0,1+2,11,43,75,135,,
development,855,efe8e39cc6640cef5029cd79a3c1e153c4f6fd1befdb8c4c50278863e876cdd0,0+1+2,0,10,18,36,,
development,856,e268571ab01b6821ae76a86bd86c58c471d4beba6554e650e4cfabe729db0dc0,0+1,4,28,54,118,,
development,857,e268571ab01b6821ae76a86bd86c58c471d4beba6554e650e4cfabe729db0dc0,0+2,4,16,27,54,,
development,858,e268571ab01b6821ae76a86bd86c58c471d4beba6554e650e4cfabe729db0dc0,1+2,13,42,73,140,,
development,859,e268571ab01b6821ae76a86bd86c58c471d4beba6554e650e4cfabe729db0dc0,0+1+2,4,14,22,41,,
development,860,282df3579b37007426ef38b5d3d1ffbdbb33f68655553ed0659f82bce2f0b319,0+1,5,33,64,123,,
development,861,282df3579b37007426ef38b5d3d1ffbdbb33f68655553ed0659f82bce2f0b319,0+2,0,8,22,46,,
development,862,282df3579b37007426ef38b5d3d1ffbdbb33f68655553ed0659f82bce2f0b319,1+2,0,29,57,118,,
development,863,282df3579b37007426ef38b5d3d1ffbdbb33f68655553ed0659f82bce2f0b319,0+1+2,0,5,18,35,,
development,864,e7782ee76ba33120b901b9222b52787f613d2d83faea0d0a7b90d6c92137c68f,0+1,12,36,69,132,,
development,865,e7782ee76ba33120b901b9222b52787f613d2d83faea0d0a7b90d6c92137c68f,0+2,8,15,28,54,,
development,866,e7782ee76ba33120b901b9222b52787f613d2d83faea0d0a7b90d6c92137c68f,1+2,7,37,66,128,,
development,867,e7782ee76ba33120b901b9222b52787f613d2d83faea0d0a7b90d6c92137c68f,0+1+2,7,12,24,44,,
development,868,b0bd919d71c944aff7ece53f7c3ab5a13429e891b76594dbe8d6b3682c730ca0,0+1,0,20,37,93,,
development,869,b0bd919d71c944aff7ece53f7c3ab5a13429e891b76594dbe8d6b3682c730ca0,0+2,0,13,21,47,,
development,870,b0bd919d71c944aff7ece53f7c3ab5a13429e891b76594dbe8d6b3682c730ca0,1+2,4,25,48,105,,
development,871,b0bd919d71c944aff7ece53f7c3ab5a13429e891b76594dbe8d6b3682c730ca0,0+1+2,0,11,18,37,,
development,872,abb036c21dc6d0d052d6cb7807e8af493f5de7d8339199f182fd568ac712850e,0+1,7,29,47,104,,
development,873,abb036c21dc6d0d052d6cb7807e8af493f5de7d8339199f182fd568ac712850e,0+2,5,19,26,52,,
development,874,abb036c21dc6d0d052d6cb7807e8af493f5de7d8339199f182fd568ac712850e,1+2,10,33,54,106,,
development,875,abb036c21dc6d0d052d6cb7807e8af493f5de7d8339199f182fd568ac712850e,0+1+2,5,17,23,42,,
development,876,10c96b2ec1800989e8fa8566317a4f83ba220770fd70998e0631ee89ed4d7c61,0+1,13,32,48,89,,
development,877,10c96b2ec1800989e8fa8566317a4f83ba220770fd70998e0631ee89ed4d7c61,0+2,12,24,28,48,,
development,878,10c96b2ec1800989e8fa8566317a4f83ba220770fd70998e0631ee89ed4d7c61,1+2,13,36,56,103,,
development,879,10c96b2ec1800989e8fa8566317a4f83ba220770fd70998e0631ee89ed4d7c61,0+1+2,12,23,23,42,,
development,880,cdf55dde7ba0ded822efe85153a06ac14ec45effb459295241d33e764c1480e1,0+1,0,30,53,107,,
development,881,cdf55dde7ba0ded822efe85153a06ac14ec45effb459295241d33e764c1480e1,0+2,0,13,21,45,,
development,882,cdf55dde7ba0ded822efe85153a06ac14ec45effb459295241d33e764c1480e1,1+2,0,28,60,124,,
development,883,cdf55dde7ba0ded822efe85153a06ac14ec45effb459295241d33e764c1480e1,0+1+2,0,12,18,35,,
development,884,aa8094e862ff4a8aa444a52c7d8f2c2ed86902a056a6cc439a5151bc04d9d895,0+1,0,30,57,113,,
development,885,aa8094e862ff4a8aa444a52c7d8f2c2ed86902a056a6cc439a5151bc04d9d895,0+2,0,11,24,50,,
development,886,aa8094e862ff4a8aa444a52c7d8f2c2ed86902a056a6cc439a5151bc04d9d895,1+2,0,24,53,119,,
development,887,aa8094e862ff4a8aa444a52c7d8f2c2ed86902a056a6cc439a5151bc04d9d895,0+1+2,0,7,18,37,,
development,888,3caaf57603ff38202b2ad2933c27a12b6274c5902cf7cfdc15e273a6776a6ed7,0+1,0,34,58,131,,
development,889,3caaf57603ff38202b2ad2933c27a12b6274c5902cf7cfdc15e273a6776a6ed7,0+2,0,14,27,54,,
development,890,3caaf57603ff38202b2ad2933c27a12b6274c5902cf7cfdc15e273a6776a6ed7,1+2,0,31,62,121,,
development,891,3caaf57603ff38202b2ad2933c27a12b6274c5902cf7cfdc15e273a6776a6ed7,0+1+2,0,13,21,40,,
development,892,2ebee984631ce112557e15f52fef8af8847c484f0062306e53dbe8a8e7b5d044,0+1,0,33,65,120,,
development,893,2ebee984631ce112557e15f52fef8af8847c484f0062306e53dbe8a8e7b5d044,0+2,0,15,27,53,,
development,894,2ebee984631ce112557e15f52fef8af8847c484f0062306e53dbe8a8e7b5d044,1+2,0,32,63,123,,
development,895,2ebee984631ce112557e15f52fef8af8847c484f0062306e53dbe8a8e7b5d044,0+1+2,0,9,19,39,,
development,896,c0c097615f3a7a5485e267472b397a8659c006e239e1a2210d1d7ec8ffc07290,0+1,0,33,59,127,,
development,897,c0c097615f3a7a5485e267472b397a8659c006e239e1a2210d1d7ec8ffc07290,0+2,0,14,22,50,,
development,898,c0c097615f3a7a5485e267472b397a8659c006e239e1a2210d1d7ec8ffc07290,1+2,0,29,61,112,,
development,899,c0c097615f3a7a5485e267472b397a8659c006e239e1a2210d1d7ec8ffc07290,0+1+2,0,13,19,39,,
development,900,2f3ed3ddca6e3e75ce5ba3e4c373d766cd51e53a8b9a085f949a663cc4d6ea77,0+1,6,31,61,128,,
development,901,2f3ed3ddca6e3e75ce5ba3e4c373d766cd51e53a8b9a085f949a663cc4d6ea77,0+2,9,21,34,51,,
development,902,2f3ed3ddca6e3e75ce5ba3e4c373d766cd51e53a8b9a085f949a663cc4d6ea77,1+2,8,39,68,124,,
development,903,2f3ed3ddca6e3e75ce5ba3e4c373d766cd51e53a8b9a085f949a663cc4d6ea77,0+1+2,6,13,25,39,,
development,904,7101354bc25a1a411d4a8509760644a3c8a10807ac6f349756e098cd5fb160d8,0+1,0,16,28,47,,
development,905,7101354bc25a1a411d4a8509760644a3c8a10807ac6f349756e098cd5fb160d8,0+2,0,3,13,23,,
development,906,7101354bc25a1a411d4a8509760644a3c8a10807ac6f349756e098cd5fb160d8,1+2,0,12,23,45,,
development,907,7101354bc25a1a411d4a8509760644a3c8a10807ac6f349756e098cd5fb160d8,0+1+2,0,3,13,22,,
development,908,19678287c7cff3603c08b465dc2e6990acbde4d118abbc971af6c46274f22d59,0+1,0,38,63,116,,
development,909,19678287c7cff3603c08b465dc2e6990acbde4d118abbc971af6c46274f22d59,0+2,0,13,21,44,,
development,910,19678287c7cff3603c08b465dc2e6990acbde4d118abbc971af6c46274f22d59,1+2,0,31,63,122,,
development,911,19678287c7cff3603c08b465dc2e6990acbde4d118abbc971af6c46274f22d59,0+1+2,0,12,18,36,,
development,912,4ead52f2ce70aaeee7f41a90f58e5f428a14a8c63117b4ebee1608b3309f5169,0+1,0,24,50,117,,
development,913,4ead52f2ce70aaeee7f41a90f58e5f428a14a8c63117b4ebee1608b3309f5169,0+2,0,14,24,48,,
development,914,4ead52f2ce70aaeee7f41a90f58e5f428a14a8c63117b4ebee1608b3309f5169,1+2,9,38,69,134,,
development,915,4ead52f2ce70aaeee7f41a90f58e5f428a14a8c63117b4ebee1608b3309f5169,0+1+2,0,11,19,38,,
development,916,b2869dac7f9f062a8c8c2c61f42f919ff317a9eb113de2d15a7250c62b71a652,0+1,0,30,70,124,,
development,917,b2869dac7f9f062a8c8c2c61f42f919ff317a9eb113de2d15a7250c62b71a652,0+2,0,5,18,43,,
development,918,b2869dac7f9f062a8c8c2c61f42f919ff317a9eb113de2d15a7250c62b71a652,1+2,0,22,46,108,,
development,919,b2869dac7f9f062a8c8c2c61f42f919ff317a9eb113de2d15a7250c62b71a652,0+1+2,0,2,15,35,,
development,920,0a497948a0a09682963c33af9a53869b7de7e42d40bb6a9a816537be04d13b83,0+1,0,25,54,108,,
development,921,0a497948a0a09682963c33af9a53869b7de7e42d40bb6a9a816537be04d13b83,0+2,0,11,25,47,,
development,922,0a497948a0a09682963c33af9a53869b7de7e42d40bb6a9a816537be04d13b83,1+2,0,31,55,117,,
development,923,0a497948a0a09682963c33af9a53869b7de7e42d40bb6a9a816537be04d13b83,0+1+2,0,8,20,39,,
development,924,134a5d5d9aa3f44b8ef1aad54b58f2a632ac279298aaf80f768139e69ed34b52,0+1,10,37,61,95,,
development,925,134a5d5d9aa3f44b8ef1aad54b58f2a632ac279298aaf80f768139e69ed34b52,0+2,0,14,23,38,,
development,926,134a5d5d9aa3f44b8ef1aad54b58f2a632ac279298aaf80f768139e69ed34b52,1+2,0,28,60,102,,
development,927,134a5d5d9aa3f44b8ef1aad54b58f2a632ac279298aaf80f768139e69ed34b52,0+1+2,0,12,17,28,,
development,928,1b1c2af462f265f307b8db3331629de21d85d2aafb161d65998dad7b5d74e511,0+1,0,22,56,128,,
development,929,1b1c2af462f265f307b8db3331629de21d85d2aafb161d65998dad7b5d74e511,0+2,0,9,22,49,,
development,930,1b1c2af462f265f307b8db3331629de21d85d2aafb161d65998dad7b5d74e511,1+2,8,39,69,134,,
development,931,1b1c2af462f265f307b8db3331629de21d85d2aafb161d65998dad7b5d74e511,0+1+2,0,6,19,39,,
development,932,864ec8cd4d7facf8cef4e1106621625e3231c07cfd49b5b709ed53e6150ec99d,0+1,0,34,64,123,,
development,933,864ec8cd4d7facf8cef4e1106621625e3231c07cfd49b5b709ed53e6150ec99d,0+2,0,14,25,51,,
development,934,864ec8cd4d7facf8cef4e1106621625e3231c07cfd49b5b709ed53e6150ec99d,1+2,0,22,49,112,,
development,935,864ec8cd4d7facf8cef4e1106621625e3231c07cfd49b5b709ed53e6150ec99d,0+1+2,0,13,18,37,,
development,936,e360736640641d7c2be0180ab245b0a62465ac7e1eddec57a9e9eb9e920b693d,0+1,0,27,53,116,,
development,937,e360736640641d7c2be0180ab245b0a62465ac7e1eddec57a9e9eb9e920b693d,0+2,0,13,25,44,,
development,938,e360736640641d7c2be0180ab245b0a62465ac7e1eddec57a9e9eb9e920b693d,1+2,0,31,63,107,,
development,939,e360736640641d7c2be0180ab245b0a62465ac7e1eddec57a9e9eb9e920b693d,0+1+2,0,10,19,36,,
development,940,82579a45a9a19807b6043172ff31f1a2e0800548e713510ec11a15c28a37aecb,0+1,2,21,40,75,,
development,941,82579a45a9a19807b6043172ff31f1a2e0800548e713510ec11a15c28a37aecb,0+2,0,14,23,39,,
development,942,82579a45a9a19807b6043172ff31f1a2e0800548e713510ec11a15c28a37aecb,1+2,1,23,47,88,,
development,943,82579a45a9a19807b6043172ff31f1a2e0800548e713510ec11a15c28a37aecb,0+1+2,0,11,20,33,,
development,944,dfb6d106fee16d761a6efe825ab70ac3a542e9a68ac28b90dd0086a430879e22,0+1,0,28,54,111,,
development,945,dfb6d106fee16d761a6efe825ab70ac3a542e9a68ac28b90dd0086a430879e22,0+2,0,13,26,47,,
development,946,dfb6d106fee16d761a6efe825ab70ac3a542e9a68ac28b90dd0086a430879e22,1+2,0,31,63,110,,
development,947,dfb6d106fee16d761a6efe825ab70ac3a542e9a68ac28b90dd0086a430879e22,0+1+2,0,10,20,38,,
development,948,c840f9a93cb779233129042d6eced1a8709770f6c0336dfe38c2b1818826c9a3,0+1,0,24,48,108,,
development,949,c840f9a93cb779233129042d6eced1a8709770f6c0336dfe38c2b1818826c9a3,0+2,0,6,20,47,,
development,950,c840f9a93cb779233129042d6eced1a8709770f6c0336dfe38c2b1818826c9a3,1+2,0,22,43,106,,
development,951,c840f9a93cb779233129042d6eced1a8709770f6c0336dfe38c2b1818826c9a3,0+1+2,0,5,17,36,,
development,952,1c8806256268dc67aceb2739fb20edff9fa361a62b53a76643507d8d8c851881,0+1,5,29,62,114,,
development,953,1c8806256268dc67aceb2739fb20edff9fa361a62b53a76643507d8d8c851881,0+2,0,11,26,45,,
development,954,1c8806256268dc67aceb2739fb20edff9fa361a62b53a76643507d8d8c851881,1+2,0,33,64,117,,
development,955,1c8806256268dc67aceb2739fb20edff9fa361a62b53a76643507d8d8c851881,0+1+2,0,7,20,36,,
development,956,ff10211a6e1a231b47987f72f3836f4cc98473bbb28374acc60caa9775d8f8c3,0+1,1,32,54,118,,
development,957,ff10211a6e1a231b47987f72f3836f4cc98473bbb28374acc60caa9775d8f8c3,0+2,0,14,23,47,,
development,958,ff10211a6e1a231b47987f72f3836f4cc98473bbb28374acc60caa9775d8f8c3,1+2,10,39,71,136,,
development,959,ff10211a6e1a231b47987f72f3836f4cc98473bbb28374acc60caa9775d8f8c3,0+1+2,0,13,18,37,,
development,960,a963b551dc2c4e64d0d4ff22df34a46f44edee161c058c08958e2c231f5f845e,0+1,0,26,59,99,,
development,961,a963b551dc2c4e64d0d4ff22df34a46f44edee161c058c08958e2c231f5f845e,0+2,0,13,27,47,,
development,962,a963b551dc2c4e64d0d4ff22df34a46f44edee161c058c08958e2c231f5f845e,1+2,8,38,69,113,,
development,963,a963b551dc2c4e64d0d4ff22df34a46f44edee161c058c08958e2c231f5f845e,0+1+2,0,7,20,37,,
development,964,e217178f0211a35c6ff1388e521e33cfdf48885f957fc2863b06e011a35c925c,0+1,0,19,49,83,,
development,965,e217178f0211a35c6ff1388e521e33cfdf48885f957fc2863b06e011a35c925c,0+2,0,11,19,27,,
development,966,e217178f0211a35c6ff1388e521e33cfdf48885f957fc2863b06e011a35c925c,1+2,0,20,39,74,,
development,967,e217178f0211a35c6ff1388e521e33cfdf48885f957fc2863b06e011a35c925c,0+1+2,0,7,14,20,,
development,968,311ad7f8b8c499a42a5e55bf9ee1508eb101da7995cc24f7987bf877aca79546,0+1,0,18,46,100,,
development,969,311ad7f8b8c499a42a5e55bf9ee1508eb101da7995cc24f7987bf877aca79546,0+2,0,8,11,34,,
development,970,311ad7f8b8c499a42a5e55bf9ee1508eb101da7995cc24f7987bf877aca79546,1+2,0,22,40,96,,
development,971,311ad7f8b8c499a42a5e55bf9ee1508eb101da7995cc24f7987bf877aca79546,0+1+2,0,7,10,29,,
development,972,662dd52fc5b9667fa9071b6573fc0ec0de81098178779341e804806990f4eb43,0+1,0,31,51,95,,
development,973,662dd52fc5b9667fa9071b6573fc0ec0de81098178779341e804806990f4eb43,0+2,0,9,19,27,,
development,974,662dd52fc5b9667fa9071b6573fc0ec0de81098178779341e804806990f4eb43,1+2,12,39,59,98,,
development,975,662dd52fc5b9667fa9071b6573fc0ec0de81098178779341e804806990f4eb43,0+1+2,0,7,13,19,,
development,976,302b596fe9faa562eddd77dc283d1c70dd72c6b880cb49d3ae10dabb6239199e,0+1,0,24,39,61,,
development,977,302b596fe9faa562eddd77dc283d1c70dd72c6b880cb49d3ae10dabb6239199e,0+2,0,14,19,31,,
development,978,302b596fe9faa562eddd77dc283d1c70dd72c6b880cb49d3ae10dabb6239199e,1+2,0,21,33,56,,
development,979,302b596fe9faa562eddd77dc283d1c70dd72c6b880cb49d3ae10dabb6239199e,0+1+2,0,13,17,29,,
development,980,d97c8bbd7e3ad09c198ff64d1426a82dad10a1a45863c61fdef06f19bdb3ef6d,0+1,5,35,58,123,,
development,981,d97c8bbd7e3ad09c198ff64d1426a82dad10a1a45863c61fdef06f19bdb3ef6d,0+2,0,11,24,46,,
development,982,d97c8bbd7e3ad09c198ff64d1426a82dad10a1a45863c61fdef06f19bdb3ef6d,1+2,0,31,59,122,,
development,983,d97c8bbd7e3ad09c198ff64d1426a82dad10a1a45863c61fdef06f19bdb3ef6d,0+1+2,0,9,18,36,,
development,984,b1a0a03ad884031d701352f191551f7484e5ca16fa856fbe257ad83121c8ce41,0+1,0,31,71,127,,
development,985,b1a0a03ad884031d701352f191551f7484e5ca16fa856fbe257ad83121c8ce41,0+2,0,11,24,50,,
development,986,b1a0a03ad884031d701352f191551f7484e5ca16fa856fbe257ad83121c8ce41,1+2,0,33,57,121,,
development,987,b1a0a03ad884031d701352f191551f7484e5ca16fa856fbe257ad83121c8ce41,0+1+2,0,5,18,38,,
development,988,4913eddc3dfaa60c7f9651fcadb75dbe25e100364166b375f71aa074730e4d8c,0+1,0,30,69,124,,
development,989,4913eddc3dfaa60c7f9651fcadb75dbe25e100364166b375f71aa074730e4d8c,0+2,0,11,26,47,,
development,990,4913eddc3dfaa60c7f9651fcadb75dbe25e100364166b375f71aa074730e4d8c,1+2,0,21,44,104,,
development,991,4913eddc3dfaa60c7f9651fcadb75dbe25e100364166b375f71aa074730e4d8c,0+1+2,0,7,18,36,,
development,992,e09a64068dd2e3ab1fc373067d169c016132017dfe979799ad854dffeb707872,0+1,13,45,68,125,,
development,993,e09a64068dd2e3ab1fc373067d169c016132017dfe979799ad854dffeb707872,0+2,6,20,27,51,,
development,994,e09a64068dd2e3ab1fc373067d169c016132017dfe979799ad854dffeb707872,1+2,6,30,53,116,,
development,995,e09a64068dd2e3ab1fc373067d169c016132017dfe979799ad854dffeb707872,0+1+2,6,19,26,43,,
development,996,a458548f27537a1e3fa8e540abdb24a70d400efeeab6b59fdaf6b03f1bab531e,0+1,0,18,34,70,,
development,997,a458548f27537a1e3fa8e540abdb24a70d400efeeab6b59fdaf6b03f1bab531e,0+2,0,2,13,30,,
development,998,a458548f27537a1e3fa8e540abdb24a70d400efeeab6b59fdaf6b03f1bab531e,1+2,0,18,38,80,,
development,999,a458548f27537a1e3fa8e540abdb24a70d400efeeab6b59fdaf6b03f1bab531e,0+1+2,0,0,9,23,outside-carrier-range,
development,1000,a9ad9ddf95ac9aafb5244cac981982957983b5a3f3ccebd41a4d9530bc50c1c2,0+1,10,36,53,89,,
development,1001,a9ad9ddf95ac9aafb5244cac981982957983b5a3f3ccebd41a4d9530bc50c1c2,0+2,6,17,19,38,,
development,1002,a9ad9ddf95ac9aafb5244cac981982957983b5a3f3ccebd41a4d9530bc50c1c2,1+2,8,30,44,88,,
development,1003,a9ad9ddf95ac9aafb5244cac981982957983b5a3f3ccebd41a4d9530bc50c1c2,0+1+2,6,15,15,32,,
development,1004,d9cae42f0d5d98093d78889648a723ffdfa299c6da31ef74487a0b21cdde41b1,0+1,0,35,60,129,,
development,1005,d9cae42f0d5d98093d78889648a723ffdfa299c6da31ef74487a0b21cdde41b1,0+2,0,13,24,45,,
development,1006,d9cae42f0d5d98093d78889648a723ffdfa299c6da31ef74487a0b21cdde41b1,1+2,0,34,64,111,,
development,1007,d9cae42f0d5d98093d78889648a723ffdfa299c6da31ef74487a0b21cdde41b1,0+1+2,0,13,18,38,,
development,1008,bdc301c378a35eb624f690470ece33c1e4379315dba5eba3893969f68b300464,0+1,14,32,51,95,,
development,1009,bdc301c378a35eb624f690470ece33c1e4379315dba5eba3893969f68b300464,0+2,12,24,32,46,,
development,1010,bdc301c378a35eb624f690470ece33c1e4379315dba5eba3893969f68b300464,1+2,12,34,57,101,,
development,1011,bdc301c378a35eb624f690470ece33c1e4379315dba5eba3893969f68b300464,0+1+2,12,22,30,41,,
development,1012,bcbcef8e543ca86624153ac2c1db58e27f5f42cf7853209d191c100c1b8d2416,0+1,0,13,27,70,,
development,1013,bcbcef8e543ca86624153ac2c1db58e27f5f42cf7853209d191c100c1b8d2416,0+2,0,9,12,32,,
development,1014,bcbcef8e543ca86624153ac2c1db58e27f5f42cf7853209d191c100c1b8d2416,1+2,0,12,23,68,,
development,1015,bcbcef8e543ca86624153ac2c1db58e27f5f42cf7853209d191c100c1b8d2416,0+1+2,0,9,12,29,,
development,1016,01e8830f3477c24df3050c15a04bc5e84399c3ab766f3c9c7e6d47d42015e82e,0+1,4,31,64,123,,
development,1017,01e8830f3477c24df3050c15a04bc5e84399c3ab766f3c9c7e6d47d42015e82e,0+2,0,6,19,46,,
development,1018,01e8830f3477c24df3050c15a04bc5e84399c3ab766f3c9c7e6d47d42015e82e,1+2,0,30,54,115,,
development,1019,01e8830f3477c24df3050c15a04bc5e84399c3ab766f3c9c7e6d47d42015e82e,0+1+2,0,4,17,37,,
development,1020,a37703a8a78f6496d15ded282aa349718b21ce25c476cb25329e14b74a717659,0+1,1,29,54,116,,
development,1021,a37703a8a78f6496d15ded282aa349718b21ce25c476cb25329e14b74a717659,0+2,0,11,24,48,,
development,1022,a37703a8a78f6496d15ded282aa349718b21ce25c476cb25329e14b74a717659,1+2,9,41,71,133,,
development,1023,a37703a8a78f6496d15ded282aa349718b21ce25c476cb25329e14b74a717659,0+1+2,0,9,19,36,,
development,1024,ddf8d1bac7b113333b48bcf086c6d18619f414cd11a164b9a420f0ecc8c9b3c7,0+1,5,36,57,114,,
development,1025,ddf8d1bac7b113333b48bcf086c6d18619f414cd11a164b9a420f0ecc8c9b3c7,0+2,0,11,21,42,,
development,1026,ddf8d1bac7b113333b48bcf086c6d18619f414cd11a164b9a420f0ecc8c9b3c7,1+2,0,23,48,111,,
development,1027,ddf8d1bac7b113333b48bcf086c6d18619f414cd11a164b9a420f0ecc8c9b3c7,0+1+2,0,11,17,35,,
development,1028,7530ca3356454c688e882b4af4d12fbab2855aec57adb8dcc2c4536df74fed99,0+1,0,31,64,115,,
development,1029,7530ca3356454c688e882b4af4d12fbab2855aec57adb8dcc2c4536df74fed99,0+2,0,12,25,49,,
development,1030,7530ca3356454c688e882b4af4d12fbab2855aec57adb8dcc2c4536df74fed99,1+2,0,30,62,124,,
development,1031,7530ca3356454c688e882b4af4d12fbab2855aec57adb8dcc2c4536df74fed99,0+1+2,0,6,18,37,,
development,1032,43ca2ecd316be0dba2de9920394d13eeab500b7bc4bdf278137d5de94bb3864f,0+1,0,33,56,116,,
development,1033,43ca2ecd316be0dba2de9920394d13eeab500b7bc4bdf278137d5de94bb3864f,0+2,0,15,23,43,,
development,1034,43ca2ecd316be0dba2de9920394d13eeab500b7bc4bdf278137d5de94bb3864f,1+2,8,39,71,124,,
development,1035,43ca2ecd316be0dba2de9920394d13eeab500b7bc4bdf278137d5de94bb3864f,0+1+2,0,14,20,35,,
development,1036,98b6d5ac8570769d6e7846c7824378bff7d44065e0a0928723493a0b910ff6bd,0+1,0,20,53,111,,
development,1037,98b6d5ac8570769d6e7846c7824378bff7d44065e0a0928723493a0b910ff6bd,0+2,0,8,20,44,,
development,1038,98b6d5ac8570769d6e7846c7824378bff7d44065e0a0928723493a0b910ff6bd,1+2,11,33,57,104,,
development,1039,98b6d5ac8570769d6e7846c7824378bff7d44065e0a0928723493a0b910ff6bd,0+1+2,0,5,17,36,,
development,1040,dc0635c03aeb17f99ce65bc46904e0c5dc60c8cabcad20a264e58c5bc17c786a,0+1,0,9,21,60,,
development,1041,dc0635c03aeb17f99ce65bc46904e0c5dc60c8cabcad20a264e58c5bc17c786a,0+2,0,2,14,34,,
development,1042,dc0635c03aeb17f99ce65bc46904e0c5dc60c8cabcad20a264e58c5bc17c786a,1+2,0,12,26,71,,
development,1043,dc0635c03aeb17f99ce65bc46904e0c5dc60c8cabcad20a264e58c5bc17c786a,0+1+2,0,2,14,32,,
development,1044,031e215868dad4843087e4d3c66139556a481b39b34668b7c2629451b5034cd3,0+1,0,27,67,123,,
development,1045,031e215868dad4843087e4d3c66139556a481b39b34668b7c2629451b5034cd3,0+2,0,7,20,41,,
development,1046,031e215868dad4843087e4d3c66139556a481b39b34668b7c2629451b5034cd3,1+2,0,23,53,112,,
development,1047,031e215868dad4843087e4d3c66139556a481b39b34668b7c2629451b5034cd3,0+1+2,0,3,16,33,,
development,1048,ef6aadd2040418a6974c4b4fde94f9160e1d8af23f05ad14173cf2e534f39e22,0+1,12,36,52,110,,
development,1049,ef6aadd2040418a6974c4b4fde94f9160e1d8af23f05ad14173cf2e534f39e22,0+2,1,15,20,48,,
development,1050,ef6aadd2040418a6974c4b4fde94f9160e1d8af23f05ad14173cf2e534f39e22,1+2,0,24,45,100,,
development,1051,ef6aadd2040418a6974c4b4fde94f9160e1d8af23f05ad14173cf2e534f39e22,0+1+2,0,14,16,37,,
development,1052,ae2027c9612be8eae68ae9da3e33eb1c2ea1c1fc93d4bc6a313e386cbd27e64c,0+1,0,25,53,119,,
development,1053,ae2027c9612be8eae68ae9da3e33eb1c2ea1c1fc93d4bc6a313e386cbd27e64c,0+2,0,11,25,49,,
development,1054,ae2027c9612be8eae68ae9da3e33eb1c2ea1c1fc93d4bc6a313e386cbd27e64c,1+2,0,31,61,110,,
development,1055,ae2027c9612be8eae68ae9da3e33eb1c2ea1c1fc93d4bc6a313e386cbd27e64c,0+1+2,0,7,19,37,,
development,1056,345aeb3bc0a4c23ce0f697765649dafd9e5e24ac84d26ec99e85aa99b439dfed,0+1,3,29,58,111,,
development,1057,345aeb3bc0a4c23ce0f697765649dafd9e5e24ac84d26ec99e85aa99b439dfed,0+2,0,11,26,48,,
development,1058,345aeb3bc0a4c23ce0f697765649dafd9e5e24ac84d26ec99e85aa99b439dfed,1+2,0,32,64,109,,
development,1059,345aeb3bc0a4c23ce0f697765649dafd9e5e24ac84d26ec99e85aa99b439dfed,0+1+2,0,7,20,36,,
development,1060,59edf7977bbfe586751d38785bc3ec761a34dddca40ad8d2c02fe982191bc537,0+1,0,22,38,78,,
development,1061,59edf7977bbfe586751d38785bc3ec761a34dddca40ad8d2c02fe982191bc537,0+2,0,6,14,33,,
development,1062,59edf7977bbfe586751d38785bc3ec761a34dddca40ad8d2c02fe982191bc537,1+2,0,18,38,83,,
development,1063,59edf7977bbfe586751d38785bc3ec761a34dddca40ad8d2c02fe982191bc537,0+1+2,0,6,10,26,,
development,1064,e4e190d3a3e144e483302230d250e6e255ad061bd038c1c1ad1d06b56bc50714,0+1,0,32,57,117,,
development,1065,e4e190d3a3e144e483302230d250e6e255ad061bd038c1c1ad1d06b56bc50714,0+2,0,14,26,52,,
development,1066,e4e190d3a3e144e483302230d250e6e255ad061bd038c1c1ad1d06b56bc50714,1+2,0,30,61,120,,
development,1067,e4e190d3a3e144e483302230d250e6e255ad061bd038c1c1ad1d06b56bc50714,0+1+2,0,13,19,39,,
development,1068,a88b48cabb5efabd150416c1dc6f628dbd7aa05546aef5c5b1552c0c02093f2f,0+1,12,40,65,121,,
development,1069,a88b48cabb5efabd150416c1dc6f628dbd7aa05546aef5c5b1552c0c02093f2f,0+2,11,24,36,58,,
development,1070,a88b48cabb5efabd150416c1dc6f628dbd7aa05546aef5c5b1552c0c02093f2f,1+2,12,43,76,122,,
development,1071,a88b48cabb5efabd150416c1dc6f628dbd7aa05546aef5c5b1552c0c02093f2f,0+1+2,11,21,30,49,,
development,1072,db0973e5c98c0ec935c508b14ba4cda0442d55cb5031823f7ce74ea0f56650c4,0+1,10,35,67,122,,
development,1073,db0973e5c98c0ec935c508b14ba4cda0442d55cb5031823f7ce74ea0f56650c4,0+2,4,17,30,52,,
development,1074,db0973e5c98c0ec935c508b14ba4cda0442d55cb5031823f7ce74ea0f56650c4,1+2,6,32,62,124,,
development,1075,db0973e5c98c0ec935c508b14ba4cda0442d55cb5031823f7ce74ea0f56650c4,0+1+2,4,12,23,40,,
development,1076,5b03fbfc9f0a8fe011686e7cd39a687212159360f3e82b47f05db258095299b2,0+1,11,42,67,124,,
development,1077,5b03fbfc9f0a8fe011686e7cd39a687212159360f3e82b47f05db258095299b2,0+2,4,18,27,53,,
development,1078,5b03fbfc9f0a8fe011686e7cd39a687212159360f3e82b47f05db258095299b2,1+2,6,37,69,131,,
development,1079,5b03fbfc9f0a8fe011686e7cd39a687212159360f3e82b47f05db258095299b2,0+1+2,4,16,23,43,,
development,1080,f86a150a85a24228b50e38272ce361da5a4f974dd91716807c825d187603b5bc,0+1,0,25,57,119,,
development,1081,f86a150a85a24228b50e38272ce361da5a4f974dd91716807c825d187603b5bc,0+2,0,12,27,48,,
development,1082,f86a150a85a24228b50e38272ce361da5a4f974dd91716807c825d187603b5bc,1+2,0,30,61,105,,
development,1083,f86a150a85a24228b50e38272ce361da5a4f974dd91716807c825d187603b5bc,0+1+2,0,6,19,37,,
development,1084,71af391f3325b759b3b24d77c61474929632593cd19d61b9281917d0dbabfbcb,0+1,12,29,48,86,,
development,1085,71af391f3325b759b3b24d77c61474929632593cd19d61b9281917d0dbabfbcb,0+2,4,10,24,43,,
development,1086,71af391f3325b759b3b24d77c61474929632593cd19d61b9281917d0dbabfbcb,1+2,4,27,49,94,,
development,1087,71af391f3325b759b3b24d77c61474929632593cd19d61b9281917d0dbabfbcb,0+1+2,4,10,22,39,,
development,1088,eddc9c72aea785dd8125733bbf233486fd3e674468e2a138a821c10f56691b98,0+1,0,26,66,120,,
development,1089,eddc9c72aea785dd8125733bbf233486fd3e674468e2a138a821c10f56691b98,0+2,0,10,24,46,,
development,1090,eddc9c72aea785dd8125733bbf233486fd3e674468e2a138a821c10f56691b98,1+2,4,36,68,125,,
development,1091,eddc9c72aea785dd8125733bbf233486fd3e674468e2a138a821c10f56691b98,0+1+2,0,6,19,38,,
development,1092,ff4ab89429b9e9b8dd2f4d6189636843858977ba360c941377c8340a63f8ed5e,0+1,8,38,68,120,,
development,1093,ff4ab89429b9e9b8dd2f4d6189636843858977ba360c941377c8340a63f8ed5e,0+2,7,18,27,47,,
development,1094,ff4ab89429b9e9b8dd2f4d6189636843858977ba360c941377c8340a63f8ed5e,1+2,5,29,56,115,,
development,1095,ff4ab89429b9e9b8dd2f4d6189636843858977ba360c941377c8340a63f8ed5e,0+1+2,5,12,19,36,,
development,1096,3dd5ebc3f22063b47283c50bc8177b271fd9125bffcaccd6f918be61ccacf684,0+1,0,33,63,111,,
development,1097,3dd5ebc3f22063b47283c50bc8177b271fd9125bffcaccd6f918be61ccacf684,0+2,0,10,23,44,,
development,1098,3dd5ebc3f22063b47283c50bc8177b271fd9125bffcaccd6f918be61ccacf684,1+2,0,31,62,117,,
development,1099,3dd5ebc3f22063b47283c50bc8177b271fd9125bffcaccd6f918be61ccacf684,0+1+2,0,7,18,33,,
development,1100,dadc7583ecd8dd9256c33bd32047cd9694d808aea9fc19e495341e9400f0488e,0+1,0,24,50,108,,
development,1101,dadc7583ecd8dd9256c33bd32047cd9694d808aea9fc19e495341e9400f0488e,0+2,0,11,24,39,,
development,1102,dadc7583ecd8dd9256c33bd32047cd9694d808aea9fc19e495341e9400f0488e,1+2,8,40,67,120,,
development,1103,dadc7583ecd8dd9256c33bd32047cd9694d808aea9fc19e495341e9400f0488e,0+1+2,0,7,18,30,,
development,1104,9907987f85cd25385d439ca5ae9968ec73f14d908a098e6ca45d273abbb35d2f,0+1,0,29,60,122,,
development,1105,9907987f85cd25385d439ca5ae9968ec73f14d908a098e6ca45d273abbb35d2f,0+2,0,14,24,40,,
development,1106,9907987f85cd25385d439ca5ae9968ec73f14d908a098e6ca45d273abbb35d2f,1+2,0,31,63,119,,
development,1107,9907987f85cd25385d439ca5ae9968ec73f14d908a098e6ca45d273abbb35d2f,0+1+2,0,13,19,31,,
development,1108,8ccd9632d59e2aa505a778c0d6626cafeb0bde5c9510d8872c0dc46de1836ed9,0+1,7,30,56,113,,
development,1109,8ccd9632d59e2aa505a778c0d6626cafeb0bde5c9510d8872c0dc46de1836ed9,0+2,8,14,28,46,,
development,1110,8ccd9632d59e2aa505a778c0d6626cafeb0bde5c9510d8872c0dc46de1836ed9,1+2,5,33,61,102,,
development,1111,8ccd9632d59e2aa505a778c0d6626cafeb0bde5c9510d8872c0dc46de1836ed9,0+1+2,5,8,20,32,,
development,1112,49d4a6c95d00c8e0910f2b5e9cc22621ad0a92bbf1fe7bd8089f7299eb23fe9e,0+1,0,18,37,74,,
development,1113,49d4a6c95d00c8e0910f2b5e9cc22621ad0a92bbf1fe7bd8089f7299eb23fe9e,0+2,0,13,22,43,,
development,1114,49d4a6c95d00c8e0910f2b5e9cc22621ad0a92bbf1fe7bd8089f7299eb23fe9e,1+2,8,26,50,97,,
development,1115,49d4a6c95d00c8e0910f2b5e9cc22621ad0a92bbf1fe7bd8089f7299eb23fe9e,0+1+2,0,10,19,38,,
development,1116,8a41b80df8ca6296568b11eccf8181095ef3c19b3a4eb5f5c0fcd1e700023116,0+1,0,30,61,117,,
development,1117,8a41b80df8ca6296568b11eccf8181095ef3c19b3a4eb5f5c0fcd1e700023116,0+2,0,11,23,44,,
development,1118,8a41b80df8ca6296568b11eccf8181095ef3c19b3a4eb5f5c0fcd1e700023116,1+2,0,22,46,105,,
development,1119,8a41b80df8ca6296568b11eccf8181095ef3c19b3a4eb5f5c0fcd1e700023116,0+1+2,0,9,18,36,,
development,1120,611682b95ace22e5605cdfcfe65540eb19427ee592c5604ca7a2dd77b38e4fa8,0+1,0,21,39,79,,
development,1121,611682b95ace22e5605cdfcfe65540eb19427ee592c5604ca7a2dd77b38e4fa8,0+2,0,13,20,41,,
development,1122,611682b95ace22e5605cdfcfe65540eb19427ee592c5604ca7a2dd77b38e4fa8,1+2,0,13,33,77,,
development,1123,611682b95ace22e5605cdfcfe65540eb19427ee592c5604ca7a2dd77b38e4fa8,0+1+2,0,11,16,34,,
development,1124,93ac860d97763caac8d3a1a2079d9a013a58552e39dd18ae92462bca61c50174,0+1,0,35,60,130,,
development,1125,93ac860d97763caac8d3a1a2079d9a013a58552e39dd18ae92462bca61c50174,0+2,0,12,24,42,,
development,1126,93ac860d97763caac8d3a1a2079d9a013a58552e39dd18ae92462bca61c50174,1+2,0,31,63,108,,
development,1127,93ac860d97763caac8d3a1a2079d9a013a58552e39dd18ae92462bca61c50174,0+1+2,0,12,19,35,,
development,1128,2390d99679fc61a4eec68d7f60912293c90dfaa0abdd75fe304852200d3fee51,0+1,0,25,59,110,,
development,1129,2390d99679fc61a4eec68d7f60912293c90dfaa0abdd75fe304852200d3fee51,0+2,0,13,27,47,,
development,1130,2390d99679fc61a4eec68d7f60912293c90dfaa0abdd75fe304852200d3fee51,1+2,0,33,67,114,,
development,1131,2390d99679fc61a4eec68d7f60912293c90dfaa0abdd75fe304852200d3fee51,0+1+2,0,7,20,39,,
development,1132,cfe7ab426ca36a6f072fbd7110b4a9d30a4b30812f8ff44a53e59a46435f5bb3,0+1,0,24,49,109,,
development,1133,cfe7ab426ca36a6f072fbd7110b4a9d30a4b30812f8ff44a53e59a46435f5bb3,0+2,0,8,21,46,,
development,1134,cfe7ab426ca36a6f072fbd7110b4a9d30a4b30812f8ff44a53e59a46435f5bb3,1+2,0,25,48,116,,
development,1135,cfe7ab426ca36a6f072fbd7110b4a9d30a4b30812f8ff44a53e59a46435f5bb3,0+1+2,0,8,21,40,,
development,1136,fdf417dafcdedf0df58aaa9fb69de70b259c6d3ee22b28f31a8f405c92b7a040,0+1,0,27,61,119,,
development,1137,fdf417dafcdedf0df58aaa9fb69de70b259c6d3ee22b28f31a8f405c92b7a040,0+2,0,13,26,50,,
development,1138,fdf417dafcdedf0df58aaa9fb69de70b259c6d3ee22b28f31a8f405c92b7a040,1+2,0,32,66,115,,
development,1139,fdf417dafcdedf0df58aaa9fb69de70b259c6d3ee22b28f31a8f405c92b7a040,0+1+2,0,7,20,40,,
development,1140,7b7a2e4c1d4a2355299496292bd3a2fe12d5cef6f7b9e7914769ccd6b92ed950,0+1,0,35,63,120,,
development,1141,7b7a2e4c1d4a2355299496292bd3a2fe12d5cef6f7b9e7914769ccd6b92ed950,0+2,0,14,28,48,,
development,1142,7b7a2e4c1d4a2355299496292bd3a2fe12d5cef6f7b9e7914769ccd6b92ed950,1+2,0,32,63,107,,
development,1143,7b7a2e4c1d4a2355299496292bd3a2fe12d5cef6f7b9e7914769ccd6b92ed950,0+1+2,0,13,21,38,,
development,1144,f8ff2cbdb5bb8afdd5d6cde646ac28e3066623e060e1d5b56992bbe7265506e2,0+1,0,19,48,85,,
development,1145,f8ff2cbdb5bb8afdd5d6cde646ac28e3066623e060e1d5b56992bbe7265506e2,0+2,0,12,21,32,,
development,1146,f8ff2cbdb5bb8afdd5d6cde646ac28e3066623e060e1d5b56992bbe7265506e2,1+2,0,21,44,85,,
development,1147,f8ff2cbdb5bb8afdd5d6cde646ac28e3066623e060e1d5b56992bbe7265506e2,0+1+2,0,8,17,27,,
development,1148,bbcd3a7c0c6b138727a7d901d3d0ea55c7ab55e65cc58e36a8cb4c4a95ce1a1f,0+1,0,32,58,109,,
development,1149,bbcd3a7c0c6b138727a7d901d3d0ea55c7ab55e65cc58e36a8cb4c4a95ce1a1f,0+2,0,11,16,40,,
development,1150,bbcd3a7c0c6b138727a7d901d3d0ea55c7ab55e65cc58e36a8cb4c4a95ce1a1f,1+2,0,22,43,102,,
development,1151,bbcd3a7c0c6b138727a7d901d3d0ea55c7ab55e65cc58e36a8cb4c4a95ce1a1f,0+1+2,0,9,13,32,,
development,1152,907a38b63a3a733b5e6f76e4d8a88983a828777f8f0995cc7fa6f98b34ea1913,0+1,9,36,62,111,,
development,1153,907a38b63a3a733b5e6f76e4d8a88983a828777f8f0995cc7fa6f98b34ea1913,0+2,6,17,30,47,,
development,1154,907a38b63a3a733b5e6f76e4d8a88983a828777f8f0995cc7fa6f98b34ea1913,1+2,4,33,61,113,,
development,1155,907a38b63a3a733b5e6f76e4d8a88983a828777f8f0995cc7fa6f98b34ea1913,0+1+2,4,13,23,37,,
development,1156,5801b02dfe698a3e7742e3301db50e5a4e10958fc5564d5226cd5b2a19d702e7,0+1,0,23,47,101,,
development,1157,5801b02dfe698a3e7742e3301db50e5a4e10958fc5564d5226cd5b2a19d702e7,0+2,0,5,17,35,,
development,1158,5801b02dfe698a3e7742e3301db50e5a4e10958fc5564d5226cd5b2a19d702e7,1+2,0,27,53,94,,
development,1159,5801b02dfe698a3e7742e3301db50e5a4e10958fc5564d5226cd5b2a19d702e7,0+1+2,0,3,13,25,,
development,1160,f957fa7e336de5e08994deb10a78b112e5241edf7d1bd87e1a9dd1a75d0e1539,0+1,8,30,62,130,,
development,1161,f957fa7e336de5e08994deb10a78b112e5241edf7d1bd87e1a9dd1a75d0e1539,0+2,3,10,23,49,,
development,1162,f957fa7e336de5e08994deb10a78b112e5241edf7d1bd87e1a9dd1a75d0e1539,1+2,1,28,58,121,,
development,1163,f957fa7e336de5e08994deb10a78b112e5241edf7d1bd87e1a9dd1a75d0e1539,0+1+2,1,5,18,38,,
development,1164,82b79bdb9128112628badce5237bf6209907383d2e8aae8edc02c416f78425ec,0+1,1,23,49,91,,
development,1165,82b79bdb9128112628badce5237bf6209907383d2e8aae8edc02c416f78425ec,0+2,2,9,23,39,,
development,1166,82b79bdb9128112628badce5237bf6209907383d2e8aae8edc02c416f78425ec,1+2,10,30,57,104,,
development,1167,82b79bdb9128112628badce5237bf6209907383d2e8aae8edc02c416f78425ec,0+1+2,1,5,17,27,,
development,1168,674e868a8f8f7b531564d0bfce9440c1b0b6da9bacd73debfa0dd4ac3618f8ab,0+1,0,28,55,115,,
development,1169,674e868a8f8f7b531564d0bfce9440c1b0b6da9bacd73debfa0dd4ac3618f8ab,0+2,0,9,23,40,,
development,1170,674e868a8f8f7b531564d0bfce9440c1b0b6da9bacd73debfa0dd4ac3618f8ab,1+2,0,32,61,116,,
development,1171,674e868a8f8f7b531564d0bfce9440c1b0b6da9bacd73debfa0dd4ac3618f8ab,0+1+2,0,5,17,29,,
development,1172,7891f17dba5efe40a4a6beba154169cf4f66f9c9aae89e474a34bbb049b6644e,0+1,0,25,43,66,,
development,1173,7891f17dba5efe40a4a6beba154169cf4f66f9c9aae89e474a34bbb049b6644e,0+2,0,14,20,34,,
development,1174,7891f17dba5efe40a4a6beba154169cf4f66f9c9aae89e474a34bbb049b6644e,1+2,0,22,46,71,,
development,1175,7891f17dba5efe40a4a6beba154169cf4f66f9c9aae89e474a34bbb049b6644e,0+1+2,0,13,19,33,,
development,1176,eb3c9015b1c998520b0279983097d745de3c48cb5157fe59fb17898261ea0e05,0+1,0,22,54,105,,
development,1177,eb3c9015b1c998520b0279983097d745de3c48cb5157fe59fb17898261ea0e05,0+2,0,12,26,45,,
development,1178,eb3c9015b1c998520b0279983097d745de3c48cb5157fe59fb17898261ea0e05,1+2,2,34,65,109,,
development,1179,eb3c9015b1c998520b0279983097d745de3c48cb5157fe59fb17898261ea0e05,0+1+2,0,5,19,35,,
development,1180,57e860b2c6ec4fcc030e0d7b67ff4f5c7d9aacf0a62d2c58a54468b43a12c9c1,0+1,3,22,38,89,,
development,1181,57e860b2c6ec4fcc030e0d7b67ff4f5c7d9aacf0a62d2c58a54468b43a12c9c1,0+2,0,6,14,32,,
development,1182,57e860b2c6ec4fcc030e0d7b67ff4f5c7d9aacf0a62d2c58a54468b43a12c9c1,1+2,0,19,37,81,,
development,1183,57e860b2c6ec4fcc030e0d7b67ff4f5c7d9aacf0a62d2c58a54468b43a12c9c1,0+1+2,0,1,8,22,,
development,1184,f40bbf41da7f0cc47c8024e82f11845b510c2a30224674fb7559fcc27477386f,0+1,0,22,42,75,,
development,1185,f40bbf41da7f0cc47c8024e82f11845b510c2a30224674fb7559fcc27477386f,0+2,0,11,17,28,,
development,1186,f40bbf41da7f0cc47c8024e82f11845b510c2a30224674fb7559fcc27477386f,1+2,0,21,41,80,,
development,1187,f40bbf41da7f0cc47c8024e82f11845b510c2a30224674fb7559fcc27477386f,0+1+2,0,11,12,19,,
development,1188,32675332fc2bd3211b4b38eac8340f03143eb6660e02baff2e2c9fc66f4a6a38,0+1,0,27,56,107,,
development,1189,32675332fc2bd3211b4b38eac8340f03143eb6660e02baff2e2c9fc66f4a6a38,0+2,0,13,26,51,,
development,1190,32675332fc2bd3211b4b38eac8340f03143eb6660e02baff2e2c9fc66f4a6a38,1+2,0,26,48,108,,
development,1191,32675332fc2bd3211b4b38eac8340f03143eb6660e02baff2e2c9fc66f4a6a38,0+1+2,0,9,20,38,,
development,1192,8cf1021f20f0408b283155cb1421f55c61625d3cb7cd333ca785047aaef5c00f,0+1,0,25,58,115,,
development,1193,8cf1021f20f0408b283155cb1421f55c61625d3cb7cd333ca785047aaef5c00f,0+2,0,10,23,47,,
development,1194,8cf1021f20f0408b283155cb1421f55c61625d3cb7cd333ca785047aaef5c00f,1+2,1,28,62,107,,
development,1195,8cf1021f20f0408b283155cb1421f55c61625d3cb7cd333ca785047aaef5c00f,0+1+2,0,5,18,36,,
development,1196,f8741f2ab9bd88c4d70b267b3e21d39ef4087803ba1b5537f9f405d44268aefc,0+1,0,10,22,62,,
development,1197,f8741f2ab9bd88c4d70b267b3e21d39ef4087803ba1b5537f9f405d44268aefc,0+2,0,5,8,27,,
development,1198,f8741f2ab9bd88c4d70b267b3e21d39ef4087803ba1b5537f9f405d44268aefc,1+2,0,10,21,47,,
development,1199,f8741f2ab9bd88c4d70b267b3e21d39ef4087803ba1b5537f9f405d44268aefc,0+1+2,0,4,7,21,,
development,1200,7d05733012ffebed7360fd2761f065c7f82bedfb14263c44b734dca68c817ae9,0+1,4,38,63,121,,
development,1201,7d05733012ffebed7360fd2761f065c7f82bedfb14263c44b734dca68c817ae9,0+2,0,14,24,49,,
development,1202,7d05733012ffebed7360fd2761f065c7f82bedfb14263c44b734dca68c817ae9,1+2,0,24,51,104,,
development,1203,7d05733012ffebed7360fd2761f065c7f82bedfb14263c44b734dca68c817ae9,0+1+2,0,13,17,36,,
development,1204,b5e2adb8c13da8ae75e9672f26db06c5c27b60c307f50f675b5a6bb4c8015bac,0+1,7,41,66,124,,
development,1205,b5e2adb8c13da8ae75e9672f26db06c5c27b60c307f50f675b5a6bb4c8015bac,0+2,7,22,34,53,,
development,1206,b5e2adb8c13da8ae75e9672f26db06c5c27b60c307f50f675b5a6bb4c8015bac,1+2,13,44,77,123,,
development,1207,b5e2adb8c13da8ae75e9672f26db06c5c27b60c307f50f675b5a6bb4c8015bac,0+1+2,7,21,28,45,,
development,1208,cf1ad550c32e95fc984228d78a1a0afd8755c4d584b11972f21ae4b96008a258,0+1,8,32,66,122,,
development,1209,cf1ad550c32e95fc984228d78a1a0afd8755c4d584b11972f21ae4b96008a258,0+2,9,20,34,56,,
development,1210,cf1ad550c32e95fc984228d78a1a0afd8755c4d584b11972f21ae4b96008a258,1+2,11,40,73,133,,
development,1211,cf1ad550c32e95fc984228d78a1a0afd8755c4d584b11972f21ae4b96008a258,0+1+2,8,13,26,44,,
development,1212,be163c5818ac491104f67c574a6c26a56a395c62f643fa59a53cd4c1f30be9a3,0+1,0,29,56,108,,
development,1213,be163c5818ac491104f67c574a6c26a56a395c62f643fa59a53cd4c1f30be9a3,0+2,0,14,24,46,,
development,1214,be163c5818ac491104f67c574a6c26a56a395c62f643fa59a53cd4c1f30be9a3,1+2,8,39,72,122,,
development,1215,be163c5818ac491104f67c574a6c26a56a395c62f643fa59a53cd4c1f30be9a3,0+1+2,0,11,19,37,,
development,1216,607bb0f72663546f9b1807e17bfdc24210f27091f6d4727ee43a3f8541dadd35,0+1,11,38,64,102,,
development,1217,607bb0f72663546f9b1807e17bfdc24210f27091f6d4727ee43a3f8541dadd35,0+2,0,10,24,41,,
development,1218,607bb0f72663546f9b1807e17bfdc24210f27091f6d4727ee43a3f8541dadd35,1+2,0,29,58,99,,
development,1219,607bb0f72663546f9b1807e17bfdc24210f27091f6d4727ee43a3f8541dadd35,0+1+2,0,8,19,33,,
development,1220,fe99bb0e33fb1aff7ff8a1f8835a4f9aa77281b2ba657b5bd7227c09b51bca29,0+1,2,24,47,89,,
development,1221,fe99bb0e33fb1aff7ff8a1f8835a4f9aa77281b2ba657b5bd7227c09b51bca29,0+2,4,14,21,40,,
development,1222,fe99bb0e33fb1aff7ff8a1f8835a4f9aa77281b2ba657b5bd7227c09b51bca29,1+2,9,29,50,93,,
development,1223,fe99bb0e33fb1aff7ff8a1f8835a4f9aa77281b2ba657b5bd7227c09b51bca29,0+1+2,2,12,15,32,,
development,1224,a96cf03d8ec7fa681fc1925a9e1562d26162b5f09d983437a8b15f27768ebf43,0+1,0,26,48,111,,
development,1225,a96cf03d8ec7fa681fc1925a9e1562d26162b5f09d983437a8b15f27768ebf43,0+2,0,8,20,44,,
development,1226,a96cf03d8ec7fa681fc1925a9e1562d26162b5f09d983437a8b15f27768ebf43,1+2,0,29,54,115,,
development,1227,a96cf03d8ec7fa681fc1925a9e1562d26162b5f09d983437a8b15f27768ebf43,0+1+2,0,5,15,35,,
development,1228,01f69fc369f2c23f44a83d9e1a75bb8d0c14f95e17cd46372df045b23645244a,0+1,3,33,65,114,,
development,1229,01f69fc369f2c23f44a83d9e1a75bb8d0c14f95e17cd46372df045b23645244a,0+2,6,17,31,51,,
development,1230,01f69fc369f2c23f44a83d9e1a75bb8d0c14f95e17cd46372df045b23645244a,1+2,7,39,70,125,,
development,1231,01f69fc369f2c23f44a83d9e1a75bb8d0c14f95e17cd46372df045b23645244a,0+1+2,3,10,22,36,,
development,1232,c71cda0b6f3222c46e569bef20d74103b090df565dd8e7e76cc12101494c93ec,0+1,0,31,56,124,,
development,1233,c71cda0b6f3222c46e569bef20d74103b090df565dd8e7e76cc12101494c93ec,0+2,0,10,20,45,,
development,1234,c71cda0b6f3222c46e569bef20d74103b090df565dd8e7e76cc12101494c93ec,1+2,1,32,59,114,,
development,1235,c71cda0b6f3222c46e569bef20d74103b090df565dd8e7e76cc12101494c93ec,0+1+2,0,10,17,35,,
development,1236,9ba48778a8726a6668dca7bf647a8f4ec4002cbd180df8f780667cc652b8991e,0+1,4,24,40,88,,
development,1237,9ba48778a8726a6668dca7bf647a8f4ec4002cbd180df8f780667cc652b8991e,0+2,0,6,17,37,,
development,1238,9ba48778a8726a6668dca7bf647a8f4ec4002cbd180df8f780667cc652b8991e,1+2,0,20,40,84,,
development,1239,9ba48778a8726a6668dca7bf647a8f4ec4002cbd180df8f780667cc652b8991e,0+1+2,0,6,14,31,,
development,1240,c2d5a0d61d616e110dc9a3a05a997ff97f9e37af8fe2495ab246dbd68c61d309,0+1,0,33,59,107,,
development,1241,c2d5a0d61d616e110dc9a3a05a997ff97f9e37af8fe2495ab246dbd68c61d309,0+2,0,12,24,46,,
development,1242,c2d5a0d61d616e110dc9a3a05a997ff97f9e37af8fe2495ab246dbd68c61d309,1+2,11,42,72,127,,
development,1243,c2d5a0d61d616e110dc9a3a05a997ff97f9e37af8fe2495ab246dbd68c61d309,0+1+2,0,8,18,34,,
development,1244,4c0df810d93b28e6d80981376b2894a35110b7022b40cf342c2f6d0058a7d837,0+1,8,35,52,99,,
development,1245,4c0df810d93b28e6d80981376b2894a35110b7022b40cf342c2f6d0058a7d837,0+2,9,21,25,43,,
development,1246,4c0df810d93b28e6d80981376b2894a35110b7022b40cf342c2f6d0058a7d837,1+2,6,28,46,101,,
development,1247,4c0df810d93b28e6d80981376b2894a35110b7022b40cf342c2f6d0058a7d837,0+1+2,6,17,17,30,,
development,1248,80dde93f373fc3199fe449ec0c0cb33da79f1eb422dc8cff46a0a67d0b42bde2,0+1,0,33,59,115,,
development,1249,80dde93f373fc3199fe449ec0c0cb33da79f1eb422dc8cff46a0a67d0b42bde2,0+2,0,12,23,41,,
development,1250,80dde93f373fc3199fe449ec0c0cb33da79f1eb422dc8cff46a0a67d0b42bde2,1+2,0,21,46,93,,
development,1251,80dde93f373fc3199fe449ec0c0cb33da79f1eb422dc8cff46a0a67d0b42bde2,0+1+2,0,12,19,34,,
development,1252,882af7f3a779061f46e6c04990ac6ef757d7b737636d665498464c65c41196d1,0+1,0,26,49,109,,
development,1253,882af7f3a779061f46e6c04990ac6ef757d7b737636d665498464c65c41196d1,0+2,0,10,21,44,,
development,1254,882af7f3a779061f46e6c04990ac6ef757d7b737636d665498464c65c41196d1,1+2,0,22,46,108,,
development,1255,882af7f3a779061f46e6c04990ac6ef757d7b737636d665498464c65c41196d1,0+1+2,0,6,17,36,,
development,1256,b4eb5c49fbc041995659df836d14e07e6fbc210d405e6b048ba5e1ad1c2a74ad,0+1,10,31,48,99,,
development,1257,b4eb5c49fbc041995659df836d14e07e6fbc210d405e6b048ba5e1ad1c2a74ad,0+2,10,17,28,49,,
development,1258,b4eb5c49fbc041995659df836d14e07e6fbc210d405e6b048ba5e1ad1c2a74ad,1+2,13,33,53,96,,
development,1259,b4eb5c49fbc041995659df836d14e07e6fbc210d405e6b048ba5e1ad1c2a74ad,0+1+2,10,17,25,43,,
development,1260,eac0de70750f14a020044937d44165dce443b4678dfc62c28aeb90a70c1c017a,0+1,0,20,36,75,,
development,1261,eac0de70750f14a020044937d44165dce443b4678dfc62c28aeb90a70c1c017a,0+2,0,6,16,37,,
development,1262,eac0de70750f14a020044937d44165dce443b4678dfc62c28aeb90a70c1c017a,1+2,0,20,40,77,,
development,1263,eac0de70750f14a020044937d44165dce443b4678dfc62c28aeb90a70c1c017a,0+1+2,0,6,13,32,,
development,1264,27154a3a54da4c1e2e01a3433dabd96763a1f445acbdd87eb7ad9106736d61e4,0+1,0,17,41,63,,
development,1265,27154a3a54da4c1e2e01a3433dabd96763a1f445acbdd87eb7ad9106736d61e4,0+2,0,11,22,31,,
development,1266,27154a3a54da4c1e2e01a3433dabd96763a1f445acbdd87eb7ad9106736d61e4,1+2,0,16,39,62,,
development,1267,27154a3a54da4c1e2e01a3433dabd96763a1f445acbdd87eb7ad9106736d61e4,0+1+2,0,7,18,27,,
development,1268,35b7c7a35332f5bbc57ce4b3449849da98b13ada876febcaf80829b9b24e9700,0+1,3,35,60,117,,
development,1269,35b7c7a35332f5bbc57ce4b3449849da98b13ada876febcaf80829b9b24e9700,0+2,0,13,26,48,,
development,1270,35b7c7a35332f5bbc57ce4b3449849da98b13ada876febcaf80829b9b24e9700,1+2,0,22,49,98,,
development,1271,35b7c7a35332f5bbc57ce4b3449849da98b13ada876febcaf80829b9b24e9700,0+1+2,0,11,18,37,,
development,1272,e56989571916f12425a6d45c40051c9b99303da305984411db55b176c263ab54,0+1,3,27,61,120,,
development,1273,e56989571916f12425a6d45c40051c9b99303da305984411db55b176c263ab54,0+2,0,6,18,44,,
development,1274,e56989571916f12425a6d45c40051c9b99303da305984411db55b176c263ab54,1+2,0,30,52,113,,
development,1275,e56989571916f12425a6d45c40051c9b99303da305984411db55b176c263ab54,0+1+2,0,4,16,35,,
development,1276,6337714204c4daa3d0a47edb36c41053f060f2494e4273536be82a58f8e4afce,0+1,0,29,53,111,,
development,1277,6337714204c4daa3d0a47edb36c41053f060f2494e4273536be82a58f8e4afce,0+2,0,12,22,43,,
development,1278,6337714204c4daa3d0a47edb36c41053f060f2494e4273536be82a58f8e4afce,1+2,0,28,57,99,,
development,1279,6337714204c4daa3d0a47edb36c41053f060f2494e4273536be82a58f8e4afce,0+1+2,0,10,18,34,,
development,1280,f078e738e7ce01c9b60d5816fed31612cf541dbe6318ef40dfc4a4e24780d0c6,0+1,5,28,59,97,,
development,1281,f078e738e7ce01c9b60d5816fed31612cf541dbe6318ef40dfc4a4e24780d0c6,0+2,0,9,20,36,,
development,1282,f078e738e7ce01c9b60d5816fed31612cf541dbe6318ef40dfc4a4e24780d0c6,1+2,0,22,45,86,,
development,1283,f078e738e7ce01c9b60d5816fed31612cf541dbe6318ef40dfc4a4e24780d0c6,0+1+2,0,7,17,30,,
development,1284,afc60b420cdda59178ee6fcc50b161778c4b9057afebabe963337ec66f3f73eb,0+1,7,29,61,108,,
development,1285,afc60b420cdda59178ee6fcc50b161778c4b9057afebabe963337ec66f3f73eb,0+2,5,10,24,42,,
development,1286,afc60b420cdda59178ee6fcc50b161778c4b9057afebabe963337ec66f3f73eb,1+2,2,29,57,103,,
development,1287,afc60b420cdda59178ee6fcc50b161778c4b9057afebabe963337ec66f3f73eb,0+1+2,2,5,18,31,,
development,1288,d57c79ca5aa2f26cc6f924f28094d79a49772a45e51056770c4998f7be6e4828,0+1,8,31,56,119,,
development,1289,d57c79ca5aa2f26cc6f924f28094d79a49772a45e51056770c4998f7be6e4828,0+2,0,5,18,44,,
development,1290,d57c79ca5aa2f26cc6f924f28094d79a49772a45e51056770c4998f7be6e4828,1+2,0,26,54,114,,
development,1291,d57c79ca5aa2f26cc6f924f28094d79a49772a45e51056770c4998f7be6e4828,0+1+2,0,2,13,33,,
development,1292,7de28cce4650b184f84f67e148911eafe361135a985f904b2a7c5bb92597acf5,0+1,2,33,55,121,,
development,1293,7de28cce4650b184f84f67e148911eafe361135a985f904b2a7c5bb92597acf5,0+2,5,14,26,48,,
development,1294,7de28cce4650b184f84f67e148911eafe361135a985f904b2a7c5bb92597acf5,1+2,6,34,62,123,,
development,1295,7de28cce4650b184f84f67e148911eafe361135a985f904b2a7c5bb92597acf5,0+1+2,2,10,18,37,,
development,1296,3e0789206e7de2ac513c0534e6d79e6310cce8f6fa5dee7a84a4314d3dbf5676,0+1,0,20,40,94,,
development,1297,3e0789206e7de2ac513c0534e6d79e6310cce8f6fa5dee7a84a4314d3dbf5676,0+2,0,11,18,38,,
development,1298,3e0789206e7de2ac513c0534e6d79e6310cce8f6fa5dee7a84a4314d3dbf5676,1+2,0,20,39,98,,
development,1299,3e0789206e7de2ac513c0534e6d79e6310cce8f6fa5dee7a84a4314d3dbf5676,0+1+2,0,10,12,29,,
development,1300,f27a9ea84855124ac2861e32ae1c087491619282671b21cd524ca5fc154b0c3d,0+1,6,35,71,120,,
development,1301,f27a9ea84855124ac2861e32ae1c087491619282671b21cd524ca5fc154b0c3d,0+2,8,19,33,51,,
development,1302,f27a9ea84855124ac2861e32ae1c087491619282671b21cd524ca5fc154b0c3d,1+2,5,36,64,121,,
development,1303,f27a9ea84855124ac2861e32ae1c087491619282671b21cd524ca5fc154b0c3d,0+1+2,5,11,24,38,,
development,1304,0fb790dcd59dabb86b07569de0fda52b577eb6c4e40ed2531b3effa75c80a0c4,0+1,1,30,57,112,,
development,1305,0fb790dcd59dabb86b07569de0fda52b577eb6c4e40ed2531b3effa75c80a0c4,0+2,0,9,18,38,,
development,1306,0fb790dcd59dabb86b07569de0fda52b577eb6c4e40ed2531b3effa75c80a0c4,1+2,0,20,40,99,,
development,1307,0fb790dcd59dabb86b07569de0fda52b577eb6c4e40ed2531b3effa75c80a0c4,0+1+2,0,9,13,30,,
development,1308,87fc86f55d57efd5a3afa3416265c5f4ef2357c1efeefa4d2e8528370d346e86,0+1,0,25,50,102,,
development,1309,87fc86f55d57efd5a3afa3416265c5f4ef2357c1efeefa4d2e8528370d346e86,0+2,0,7,20,44,,
development,1310,87fc86f55d57efd5a3afa3416265c5f4ef2357c1efeefa4d2e8528370d346e86,1+2,9,38,65,127,,
development,1311,87fc86f55d57efd5a3afa3416265c5f4ef2357c1efeefa4d2e8528370d346e86,0+1+2,0,3,14,32,,
development,1312,4c1ebafa706b145fd590ccd3b6988eded1e3479987254cb7ed5c8679b86c0918,0+1,0,30,51,103,,
development,1313,4c1ebafa706b145fd590ccd3b6988eded1e3479987254cb7ed5c8679b86c0918,0+2,0,14,17,41,,
development,1314,4c1ebafa706b145fd590ccd3b6988eded1e3479987254cb7ed5c8679b86c0918,1+2,0,22,43,100,,
development,1315,4c1ebafa706b145fd590ccd3b6988eded1e3479987254cb7ed5c8679b86c0918,0+1+2,0,12,14,32,,
development,1316,be4a96b5f816549a2bc1e95949effb2a8b7c9cb694cec283d8161d5725f0276a,0+1,0,25,49,107,,
development,1317,be4a96b5f816549a2bc1e95949effb2a8b7c9cb694cec283d8161d5725f0276a,0+2,0,14,19,45,,
development,1318,be4a96b5f816549a2bc1e95949effb2a8b7c9cb694cec283d8161d5725f0276a,1+2,0,23,46,108,,
development,1319,be4a96b5f816549a2bc1e95949effb2a8b7c9cb694cec283d8161d5725f0276a,0+1+2,0,14,17,37,,
development,1320,901b97bf10ef0c36b49f986ce3fcb3ef5d35488f508afdea7752662620f759d0,0+1,0,30,54,107,,
development,1321,901b97bf10ef0c36b49f986ce3fcb3ef5d35488f508afdea7752662620f759d0,0+2,0,14,24,49,,
development,1322,901b97bf10ef0c36b49f986ce3fcb3ef5d35488f508afdea7752662620f759d0,1+2,0,23,46,100,,
development,1323,901b97bf10ef0c36b49f986ce3fcb3ef5d35488f508afdea7752662620f759d0,0+1+2,0,12,19,37,,
development,1324,9776ef4960b0daeb128641e4935b4efb22109e50c7876d6c8fc6b16da142e788,0+1,0,22,39,88,,
development,1325,9776ef4960b0daeb128641e4935b4efb22109e50c7876d6c8fc6b16da142e788,0+2,0,11,22,42,,
development,1326,9776ef4960b0daeb128641e4935b4efb22109e50c7876d6c8fc6b16da142e788,1+2,0,23,45,91,,
development,1327,9776ef4960b0daeb128641e4935b4efb22109e50c7876d6c8fc6b16da142e788,0+1+2,0,11,19,37,,
development,1328,60057b81c5083ef73445a0d5c40f7d2b4b1c7222500ff9c827956cba1e3be335,0+1,13,36,54,111,,
development,1329,60057b81c5083ef73445a0d5c40f7d2b4b1c7222500ff9c827956cba1e3be335,0+2,13,26,33,59,,
development,1330,60057b81c5083ef73445a0d5c40f7d2b4b1c7222500ff9c827956cba1e3be335,1+2,12,34,58,121,,
development,1331,60057b81c5083ef73445a0d5c40f7d2b4b1c7222500ff9c827956cba1e3be335,0+1+2,12,24,29,49,,
development,1332,26ead0de4ed381e2d34f22c1230e22648e0276c1c32fa7bc32744bf5e7c53870,0+1,0,24,46,105,,
development,1333,26ead0de4ed381e2d34f22c1230e22648e0276c1c32fa7bc32744bf5e7c53870,0+2,0,12,19,44,,
development,1334,26ead0de4ed381e2d34f22c1230e22648e0276c1c32fa7bc32744bf5e7c53870,1+2,6,30,51,114,,
development,1335,26ead0de4ed381e2d34f22c1230e22648e0276c1c32fa7bc32744bf5e7c53870,0+1+2,0,12,17,37,,
development,1336,e3408686eb78bd1fd78c7b61aa41407a7669e898532955b4c28053b14a337a29,0+1,5,29,61,117,,
development,1337,e3408686eb78bd1fd78c7b61aa41407a7669e898532955b4c28053b14a337a29,0+2,0,10,24,46,,
development,1338,e3408686eb78bd1fd78c7b61aa41407a7669e898532955b4c28053b14a337a29,1+2,0,33,64,114,,
development,1339,e3408686eb78bd1fd78c7b61aa41407a7669e898532955b4c28053b14a337a29,0+1+2,0,7,20,39,,
development,1340,687fa87b556c63f26edadb2f6b1314f703907c3b3f17d51ed7dcf37279296c78,0+1,9,33,66,121,,
development,1341,687fa87b556c63f26edadb2f6b1314f703907c3b3f17d51ed7dcf37279296c78,0+2,7,17,31,53,,
development,1342,687fa87b556c63f26edadb2f6b1314f703907c3b3f17d51ed7dcf37279296c78,1+2,5,37,68,126,,
development,1343,687fa87b556c63f26edadb2f6b1314f703907c3b3f17d51ed7dcf37279296c78,0+1+2,5,11,24,42,,
development,1344,45efefa03b5b2947dd8845c82a633e73d30f83d054fac753457fc90b58c50288,0+1,0,29,54,112,,
development,1345,45efefa03b5b2947dd8845c82a633e73d30f83d054fac753457fc90b58c50288,0+2,0,11,25,40,,
development,1346,45efefa03b5b2947dd8845c82a633e73d30f83d054fac753457fc90b58c50288,1+2,0,32,60,103,,
development,1347,45efefa03b5b2947dd8845c82a633e73d30f83d054fac753457fc90b58c50288,0+1+2,0,8,19,31,,
development,1348,0c9dee694ce5f50b472e15ce52183bbb281ab2c7b852efaee7c2e3165c1c13d6,0+1,0,24,41,81,,
development,1349,0c9dee694ce5f50b472e15ce52183bbb281ab2c7b852efaee7c2e3165c1c13d6,0+2,0,14,20,38,,
development,1350,0c9dee694ce5f50b472e15ce52183bbb281ab2c7b852efaee7c2e3165c1c13d6,1+2,2,24,48,89,,
development,1351,0c9dee694ce5f50b472e15ce52183bbb281ab2c7b852efaee7c2e3165c1c13d6,0+1+2,0,13,19,34,,
development,1352,041a4fed93b0372c745559c0ee2a8337051c7434c21dfbd4733347c70c523579,0+1,4,33,60,114,,
development,1353,041a4fed93b0372c745559c0ee2a8337051c7434c21dfbd4733347c70c523579,0+2,8,15,25,48,,
development,1354,041a4fed93b0372c745559c0ee2a8337051c7434c21dfbd4733347c70c523579,1+2,5,30,56,115,,
development,1355,041a4fed93b0372c745559c0ee2a8337051c7434c21dfbd4733347c70c523579,0+1+2,4,9,16,35,,
development,1356,c0484dfae830a042e3b5dcf8c2d75dac51e8b0d5533073d90640c588e05e717c,0+1,0,34,58,114,,
development,1357,c0484dfae830a042e3b5dcf8c2d75dac51e8b0d5533073d90640c588e05e717c,0+2,0,11,23,36,,
development,1358,c0484dfae830a042e3b5dcf8c2d75dac51e8b0d5533073d90640c588e05e717c,1+2,0,32,60,112,,
development,1359,c0484dfae830a042e3b5dcf8c2d75dac51e8b0d5533073d90640c588e05e717c,0+1+2,0,8,18,29,,
development,1360,a880d1641f892ff41b3bc170549b8e8887648178804b9d54c6d299bc9d7fe040,0+1,7,29,54,108,,
development,1361,a880d1641f892ff41b3bc170549b8e8887648178804b9d54c6d299bc9d7fe040,0+2,0,5,18,40,,
development,1362,a880d1641f892ff41b3bc170549b8e8887648178804b9d54c6d299bc9d7fe040,1+2,0,20,42,102,,
development,1363,a880d1641f892ff41b3bc170549b8e8887648178804b9d54c6d299bc9d7fe040,0+1+2,0,1,13,31,,
development,1364,19fc87b70498f10567bbc6158ddc7d9cf918fe068f4e279d72c8ebd5ebcf2e8c,0+1,8,30,56,115,,
development,1365,19fc87b70498f10567bbc6158ddc7d9cf918fe068f4e279d72c8ebd5ebcf2e8c,0+2,3,14,18,44,,
development,1366,19fc87b70498f10567bbc6158ddc7d9cf918fe068f4e279d72c8ebd5ebcf2e8c,1+2,1,28,51,112,,
development,1367,19fc87b70498f10567bbc6158ddc7d9cf918fe068f4e279d72c8ebd5ebcf2e8c,0+1+2,1,10,13,33,,
development,1368,75898ba8dc9fda03682ede704b1c66b6c695e0e5b7cb0fadb09fd516966414e5,0+1,0,33,55,123,,
development,1369,75898ba8dc9fda03682ede704b1c66b6c695e0e5b7cb0fadb09fd516966414e5,0+2,0,12,19,42,,
development,1370,75898ba8dc9fda03682ede704b1c66b6c695e0e5b7cb0fadb09fd516966414e5,1+2,5,36,62,126,,
development,1371,75898ba8dc9fda03682ede704b1c66b6c695e0e5b7cb0fadb09fd516966414e5,0+1+2,0,12,16,36,,
development,1372,30072dd47332aed2b07a90c6d7e139907e8ded483abe2b533219fc39b259c654,0+1,9,30,62,120,,
development,1373,30072dd47332aed2b07a90c6d7e139907e8ded483abe2b533219fc39b259c654,0+2,0,8,20,43,,
development,1374,30072dd47332aed2b07a90c6d7e139907e8ded483abe2b533219fc39b259c654,1+2,0,22,45,104,,
development,1375,30072dd47332aed2b07a90c6d7e139907e8ded483abe2b533219fc39b259c654,0+1+2,0,4,16,36,,
development,1376,82b0d741252d81768e4d9248c8e53dbe1e39b56852230b1f9fc7a27caf10e245,0+1,1,26,59,110,,
development,1377,82b0d741252d81768e4d9248c8e53dbe1e39b56852230b1f9fc7a27caf10e245,0+2,1,14,27,47,,
development,1378,82b0d741252d81768e4d9248c8e53dbe1e39b56852230b1f9fc7a27caf10e245,1+2,12,43,73,125,,
development,1379,82b0d741252d81768e4d9248c8e53dbe1e39b56852230b1f9fc7a27caf10e245,0+1+2,1,8,20,36,,
development,1380,63accf1c8241dd8c4a6780ce09195367ad5dacf972d54cc455515dc441795e71,0+1,9,41,67,105,,
development,1381,63accf1c8241dd8c4a6780ce09195367ad5dacf972d54cc455515dc441795e71,0+2,10,22,32,51,,
development,1382,63accf1c8241dd8c4a6780ce09195367ad5dacf972d54cc455515dc441795e71,1+2,11,38,63,107,,
development,1383,63accf1c8241dd8c4a6780ce09195367ad5dacf972d54cc455515dc441795e71,0+1+2,9,20,27,43,,
development,1384,e83f9d853b85b1e875408cbd5868433e5f673158a3aa3202f7d51198b5249582,0+1,4,30,64,106,,
development,1385,e83f9d853b85b1e875408cbd5868433e5f673158a3aa3202f7d51198b5249582,0+2,0,15,29,51,,
development,1386,e83f9d853b85b1e875408cbd5868433e5f673158a3aa3202f7d51198b5249582,1+2,1,32,64,110,,
development,1387,e83f9d853b85b1e875408cbd5868433e5f673158a3aa3202f7d51198b5249582,0+1+2,0,8,21,41,,
development,1388,61c12631894c8cfb197e74573ab96027f7e257826014b783d70835251e32a0a2,0+1,5,32,66,110,,
development,1389,61c12631894c8cfb197e74573ab96027f7e257826014b783d70835251e32a0a2,0+2,0,12,26,46,,
development,1390,61c12631894c8cfb197e74573ab96027f7e257826014b783d70835251e32a0a2,1+2,4,36,70,118,,
development,1391,61c12631894c8cfb197e74573ab96027f7e257826014b783d70835251e32a0a2,0+1+2,0,6,19,39,,
development,1392,ed259d31aa4615cf161bf2c473ca0bfb906b44006f4585dc188e9b915ce46e08,0+1,0,18,38,74,,
development,1393,ed259d31aa4615cf161bf2c473ca0bfb906b44006f4585dc188e9b915ce46e08,0+2,0,12,20,32,,
development,1394,ed259d31aa4615cf161bf2c473ca0bfb906b44006f4585dc188e9b915ce46e08,1+2,0,22,44,70,,
development,1395,ed259d31aa4615cf161bf2c473ca0bfb906b44006f4585dc188e9b915ce46e08,0+1+2,0,9,17,27,,
development,1396,fa3a60660b7f542dae901f8666bf9738ceff6bc458e961bce10ffca78aeb2c05,0+1,6,22,45,104,,
development,1397,fa3a60660b7f542dae901f8666bf9738ceff6bc458e961bce10ffca78aeb2c05,0+2,4,10,22,46,,
development,1398,fa3a60660b7f542dae901f8666bf9738ceff6bc458e961bce10ffca78aeb2c05,1+2,11,31,52,114,,
development,1399,fa3a60660b7f542dae901f8666bf9738ceff6bc458e961bce10ffca78aeb2c05,0+1+2,4,8,19,38,,
development,1400,0ee6b4aa79e17e5a1aad37f0bd36977359868ecae7dd372948983e76d84173da,0+1,0,24,52,99,,
development,1401,0ee6b4aa79e17e5a1aad37f0bd36977359868ecae7dd372948983e76d84173da,0+2,0,12,25,43,,
development,1402,0ee6b4aa79e17e5a1aad37f0bd36977359868ecae7dd372948983e76d84173da,1+2,0,30,61,105,,
development,1403,0ee6b4aa79e17e5a1aad37f0bd36977359868ecae7dd372948983e76d84173da,0+1+2,0,7,18,32,,
development,1404,ca0a0cc131484e44a8b950c1e5535bcb9aaedcfcd43f601d4f2229ebda13151f,0+1,0,32,59,118,,
development,1405,ca0a0cc131484e44a8b950c1e5535bcb9aaedcfcd43f601d4f2229ebda13151f,0+2,0,11,21,42,,
development,1406,ca0a0cc131484e44a8b950c1e5535bcb9aaedcfcd43f601d4f2229ebda13151f,1+2,0,21,42,104,,
development,1407,ca0a0cc131484e44a8b950c1e5535bcb9aaedcfcd43f601d4f2229ebda13151f,0+1+2,0,11,17,36,,
development,1408,f155b89fe01e6dc4b822827b32875f1eb069261eeeae79f3cfe9be504d09d5e9,0+1,11,37,60,113,,
development,1409,f155b89fe01e6dc4b822827b32875f1eb069261eeeae79f3cfe9be504d09d5e9,0+2,0,12,17,39,,
development,1410,f155b89fe01e6dc4b822827b32875f1eb069261eeeae79f3cfe9be504d09d5e9,1+2,0,28,51,112,,
development,1411,f155b89fe01e6dc4b822827b32875f1eb069261eeeae79f3cfe9be504d09d5e9,0+1+2,0,11,12,31,,
development,1412,c5525fcdc6dda2e58e05682634ab56e9ac2ab1f9b91e377640af851918e2615d,0+1,0,26,45,105,,
development,1413,c5525fcdc6dda2e58e05682634ab56e9ac2ab1f9b91e377640af851918e2615d,0+2,0,7,19,44,,
development,1414,c5525fcdc6dda2e58e05682634ab56e9ac2ab1f9b91e377640af851918e2615d,1+2,0,28,55,115,,
development,1415,c5525fcdc6dda2e58e05682634ab56e9ac2ab1f9b91e377640af851918e2615d,0+1+2,0,5,14,34,,
development,1416,b1a09c01b4cc6a3f569bc4172e189c503ccd8896ea210d93534b496c2f2b0fc7,0+1,2,20,45,100,,
development,1417,b1a09c01b4cc6a3f569bc4172e189c503ccd8896ea210d93534b496c2f2b0fc7,0+2,5,10,24,45,,
development,1418,b1a09c01b4cc6a3f569bc4172e189c503ccd8896ea210d93534b496c2f2b0fc7,1+2,6,27,52,88,,
development,1419,b1a09c01b4cc6a3f569bc4172e189c503ccd8896ea210d93534b496c2f2b0fc7,0+1+2,2,4,18,35,,
development,1420,57c4accb92afbd35fee0af41412cb62fcbedb86749531139dfcc5bb6cea9476e,0+1,0,26,57,104,,
development,1421,57c4accb92afbd35fee0af41412cb62fcbedb86749531139dfcc5bb6cea9476e,0+2,0,13,19,34,,
development,1422,57c4accb92afbd35fee0af41412cb62fcbedb86749531139dfcc5bb6cea9476e,1+2,4,30,58,106,,
development,1423,57c4accb92afbd35fee0af41412cb62fcbedb86749531139dfcc5bb6cea9476e,0+1+2,0,12,16,25,,
development,1424,4acc59443a017101bf2bf33bf1d74121909ba09592eb3209becb957b36542aef,0+1,0,36,64,115,,
development,1425,4acc59443a017101bf2bf33bf1d74121909ba09592eb3209becb957b36542aef,0+2,0,11,20,42,,
development,1426,4acc59443a017101bf2bf33bf1d74121909ba09592eb3209becb957b36542aef,1+2,7,39,67,123,,
development,1427,4acc59443a017101bf2bf33bf1d74121909ba09592eb3209becb957b36542aef,0+1+2,0,10,18,35,,
development,1428,a31d6ce0c51ea28eb6ab0f2f48cf1b3ec08403d075e2e3fbfe59e5ce86a1e45a,0+1,3,30,67,116,,
development,1429,a31d6ce0c51ea28eb6ab0f2f48cf1b3ec08403d075e2e3fbfe59e5ce86a1e45a,0+2,6,13,26,47,,
development,1430,a31d6ce0c51ea28eb6ab0f2f48cf1b3ec08403d075e2e3fbfe59e5ce86a1e45a,1+2,6,35,64,114,,
development,1431,a31d6ce0c51ea28eb6ab0f2f48cf1b3ec08403d075e2e3fbfe59e5ce86a1e45a,0+1+2,3,8,20,35,,
development,1432,ce84956f0afae527d93eb9a23391cf520dbc81d9ba3c5359d0c0257dff4482bf,0+1,11,42,64,120,,
development,1433,ce84956f0afae527d93eb9a23391cf520dbc81d9ba3c5359d0c0257dff4482bf,0+2,0,9,19,38,,
development,1434,ce84956f0afae527d93eb9a23391cf520dbc81d9ba3c5359d0c0257dff4482bf,1+2,0,27,48,106,,
development,1435,ce84956f0afae527d93eb9a23391cf520dbc81d9ba3c5359d0c0257dff4482bf,0+1+2,0,9,14,30,,
development,1436,10e65464ab39d9f9605503ec6e19ebe0b74bcbc3528bdb6da3950c44f9046865,0+1,0,17,45,96,,
development,1437,10e65464ab39d9f9605503ec6e19ebe0b74bcbc3528bdb6da3950c44f9046865,0+2,0,11,14,39,,
development,1438,10e65464ab39d9f9605503ec6e19ebe0b74bcbc3528bdb6da3950c44f9046865,1+2,0,22,41,103,,
development,1439,10e65464ab39d9f9605503ec6e19ebe0b74bcbc3528bdb6da3950c44f9046865,0+1+2,0,8,11,31,,
development,1440,5c407ded8a768e5b3ad59ab1309f31de3eafb4dffb013d619fd5ba284cc3eae3,0+1,0,29,53,105,,
development,1441,5c407ded8a768e5b3ad59ab1309f31de3eafb4dffb013d619fd5ba284cc3eae3,0+2,0,14,21,39,,
development,1442,5c407ded8a768e5b3ad59ab1309f31de3eafb4dffb013d619fd5ba284cc3eae3,1+2,0,29,60,102,,
development,1443,5c407ded8a768e5b3ad59ab1309f31de3eafb4dffb013d619fd5ba284cc3eae3,0+1+2,0,12,16,29,,
development,1444,faa108b6bdace7eb9fbaad97fe46310530fa931d3744420d3b999aa23e2478a5,0+1,0,15,34,68,,
development,1445,faa108b6bdace7eb9fbaad97fe46310530fa931d3744420d3b999aa23e2478a5,0+2,0,8,13,27,,
development,1446,faa108b6bdace7eb9fbaad97fe46310530fa931d3744420d3b999aa23e2478a5,1+2,0,11,23,67,,
development,1447,faa108b6bdace7eb9fbaad97fe46310530fa931d3744420d3b999aa23e2478a5,0+1+2,0,6,6,17,,
development,1448,aef6a2dae63c4aca46f1e94b7aaf22bf21c4c82e9dc575b1d0aa7eab8df6529d,0+1,3,29,50,105,,
development,1449,aef6a2dae63c4aca46f1e94b7aaf22bf21c4c82e9dc575b1d0aa7eab8df6529d,0+2,0,8,22,48,,
development,1450,aef6a2dae63c4aca46f1e94b7aaf22bf21c4c82e9dc575b1d0aa7eab8df6529d,1+2,8,32,56,116,,
development,1451,aef6a2dae63c4aca46f1e94b7aaf22bf21c4c82e9dc575b1d0aa7eab8df6529d,0+1+2,0,8,20,39,,
development,1452,7d17e984dbde2440a822f16dbb9d6007c1212ba13e8044a51f7d7b57a1a3fe59,0+1,7,29,48,84,,
development,1453,7d17e984dbde2440a822f16dbb9d6007c1212ba13e8044a51f7d7b57a1a3fe59,0+2,1,15,21,37,,
development,1454,7d17e984dbde2440a822f16dbb9d6007c1212ba13e8044a51f7d7b57a1a3fe59,1+2,6,23,46,79,,
development,1455,7d17e984dbde2440a822f16dbb9d6007c1212ba13e8044a51f7d7b57a1a3fe59,0+1+2,1,13,19,31,,
development,1456,be5a1392eff51f3e5d1ae3d95d1f487535982ecdf026dfff1725fe134bde677e,0+1,0,11,24,45,,
development,1457,be5a1392eff51f3e5d1ae3d95d1f487535982ecdf026dfff1725fe134bde677e,0+2,0,2,7,17,,
development,1458,be5a1392eff51f3e5d1ae3d95d1f487535982ecdf026dfff1725fe134bde677e,1+2,0,10,23,45,,
development,1459,be5a1392eff51f3e5d1ae3d95d1f487535982ecdf026dfff1725fe134bde677e,0+1+2,0,1,4,14,,
development,1460,38a34d4c4efc441efedc35003f8f98841d67a1e393596a994e85fff9b8e99490,0+1,0,33,58,114,,
development,1461,38a34d4c4efc441efedc35003f8f98841d67a1e393596a994e85fff9b8e99490,0+2,0,15,23,48,,
development,1462,38a34d4c4efc441efedc35003f8f98841d67a1e393596a994e85fff9b8e99490,1+2,0,22,44,88,,
development,1463,38a34d4c4efc441efedc35003f8f98841d67a1e393596a994e85fff9b8e99490,0+1+2,0,13,19,38,,
development,1464,0f2e867200b0fd90a45ab1e4cd09923589bc7cd1db42edd57a10b0ce815a080d,0+1,0,31,55,105,,
development,1465,0f2e867200b0fd90a45ab1e4cd09923589bc7cd1db42edd57a10b0ce815a080d,0+2,0,15,26,44,,
development,1466,0f2e867200b0fd90a45ab1e4cd09923589bc7cd1db42edd57a10b0ce815a080d,1+2,0,30,62,107,,
development,1467,0f2e867200b0fd90a45ab1e4cd09923589bc7cd1db42edd57a10b0ce815a080d,0+1+2,0,14,20,34,,
development,1468,779a3a9bef39c20ff38d516db454b5c153b35270eef8e63875d1f0b3a317693c,0+1,3,27,45,102,,
development,1469,779a3a9bef39c20ff38d516db454b5c153b35270eef8e63875d1f0b3a317693c,0+2,4,14,24,46,,
development,1470,779a3a9bef39c20ff38d516db454b5c153b35270eef8e63875d1f0b3a317693c,1+2,10,34,55,112,,
development,1471,779a3a9bef39c20ff38d516db454b5c153b35270eef8e63875d1f0b3a317693c,0+1+2,3,13,19,38,,
development,1472,10ab52dd2a9df7065addb48638d58155fe1c7c6b82ca420c0f68045c7e8abde1,0+1,9,22,35,77,,
development,1473,10ab52dd2a9df7065addb48638d58155fe1c7c6b82ca420c0f68045c7e8abde1,0+2,4,4,16,36,,
development,1474,10ab52dd2a9df7065addb48638d58155fe1c7c6b82ca420c0f68045c7e8abde1,1+2,2,13,25,72,,
development,1475,10ab52dd2a9df7065addb48638d58155fe1c7c6b82ca420c0f68045c7e8abde1,0+1+2,2,2,14,34,,
development,1476,9e31eceb609ce02d876af06cc59dafc3f3b2305a5d94e5da9dbc76d462330be6,0+1,6,31,57,103,,
development,1477,9e31eceb609ce02d876af06cc59dafc3f3b2305a5d94e5da9dbc76d462330be6,0+2,6,19,30,43,,
development,1478,9e31eceb609ce02d876af06cc59dafc3f3b2305a5d94e5da9dbc76d462330be6,1+2,3,31,63,115,,
development,1479,9e31eceb609ce02d876af06cc59dafc3f3b2305a5d94e5da9dbc76d462330be6,0+1+2,3,13,21,32,,
development,1480,4092a92075be922ab462adabb7c205a30039d29aaf1dcfdbe8090fb388b65827,0+1,0,21,47,107,,
development,1481,4092a92075be922ab462adabb7c205a30039d29aaf1dcfdbe8090fb388b65827,0+2,0,8,18,36,,
development,1482,4092a92075be922ab462adabb7c205a30039d29aaf1dcfdbe8090fb388b65827,1+2,10,32,58,116,,
development,1483,4092a92075be922ab462adabb7c205a30039d29aaf1dcfdbe8090fb388b65827,0+1+2,0,3,12,29,,
development,1484,bf4e4d33a8afa5a065932e212642a6abcf182d06611e6ce4ac4e4e7151d7fc8d,0+1,9,30,61,125,,
development,1485,bf4e4d33a8afa5a065932e212642a6abcf182d06611e6ce4ac4e4e7151d7fc8d,0+2,0,11,20,40,,
development,1486,bf4e4d33a8afa5a065932e212642a6abcf182d06611e6ce4ac4e4e7151d7fc8d,1+2,0,24,51,109,,
development,1487,bf4e4d33a8afa5a065932e212642a6abcf182d06611e6ce4ac4e4e7151d7fc8d,0+1+2,0,7,14,31,,
development,1488,d728fe98ad4da9204ebad21b72f806e8ba6e41cd1ee4b1e5825e138add7df3ff,0+1,0,25,43,82,,
development,1489,d728fe98ad4da9204ebad21b72f806e8ba6e41cd1ee4b1e5825e138add7df3ff,0+2,0,12,19,37,,
development,1490,d728fe98ad4da9204ebad21b72f806e8ba6e41cd1ee4b1e5825e138add7df3ff,1+2,0,13,32,62,,
development,1491,d728fe98ad4da9204ebad21b72f806e8ba6e41cd1ee4b1e5825e138add7df3ff,0+1+2,0,12,16,33,,
development,1492,cef21732028530397c27736680f814e5c61abd591a16f91215a35baa149e20f1,0+1,6,36,63,120,,
development,1493,cef21732028530397c27736680f814e5c61abd591a16f91215a35baa149e20f1,0+2,0,9,18,39,,
development,1494,cef21732028530397c27736680f814e5c61abd591a16f91215a35baa149e20f1,1+2,0,26,51,109,,
development,1495,cef21732028530397c27736680f814e5c61abd591a16f91215a35baa149e20f1,0+1+2,0,8,13,31,,
development,1496,41614d3bcd21f30addd64b7a42bf564ec584d77f409aa48783da8306ca180b14,0+1,0,0,2,21,outside-carrier-range,
development,1497,41614d3bcd21f30addd64b7a42bf564ec584d77f409aa48783da8306ca180b14,0+2,0,0,0,12,outside-carrier-range,
development,1498,41614d3bcd21f30addd64b7a42bf564ec584d77f409aa48783da8306ca180b14,1+2,0,0,0,25,outside-carrier-range,
development,1499,41614d3bcd21f30addd64b7a42bf564ec584d77f409aa48783da8306ca180b14,0+1+2,0,0,0,12,outside-carrier-range,
development,1500,4c1a643e5058e28f7ab0b3454ad602faabbbca5a2008c434aa1fe8a907c16bdc,0+1,9,25,47,88,,
development,1501,4c1a643e5058e28f7ab0b3454ad602faabbbca5a2008c434aa1fe8a907c16bdc,0+2,4,9,21,40,,
development,1502,4c1a643e5058e28f7ab0b3454ad602faabbbca5a2008c434aa1fe8a907c16bdc,1+2,2,17,39,82,,
development,1503,4c1a643e5058e28f7ab0b3454ad602faabbbca5a2008c434aa1fe8a907c16bdc,0+1+2,2,3,15,33,,
development,1504,9ac2177d5a9e1eb381e4bcc33e2dabe788458510054bfbc8ab792f64069ac0bc,0+1,9,28,51,105,,
development,1505,9ac2177d5a9e1eb381e4bcc33e2dabe788458510054bfbc8ab792f64069ac0bc,0+2,0,12,15,43,,
development,1506,9ac2177d5a9e1eb381e4bcc33e2dabe788458510054bfbc8ab792f64069ac0bc,1+2,0,24,44,106,,
development,1507,9ac2177d5a9e1eb381e4bcc33e2dabe788458510054bfbc8ab792f64069ac0bc,0+1+2,0,11,12,32,,
development,1508,45bf84b12e0689716b3fe1fff4d9bcf46894aca534e9a293b715c0cf68c0f7b9,0+1,0,26,52,89,,
development,1509,45bf84b12e0689716b3fe1fff4d9bcf46894aca534e9a293b715c0cf68c0f7b9,0+2,0,13,26,43,,
development,1510,45bf84b12e0689716b3fe1fff4d9bcf46894aca534e9a293b715c0cf68c0f7b9,1+2,0,31,61,103,,
development,1511,45bf84b12e0689716b3fe1fff4d9bcf46894aca534e9a293b715c0cf68c0f7b9,0+1+2,0,11,19,33,,
development,1512,2fcccae036e72da81a677c380d48f311f5a9120c0d2dc200121b92850c1b8213,0+1,12,32,52,104,,
development,1513,2fcccae036e72da81a677c380d48f311f5a9120c0d2dc200121b92850c1b8213,0+2,13,26,37,60,,
development,1514,2fcccae036e72da81a677c380d48f311f5a9120c0d2dc200121b92850c1b8213,1+2,12,35,57,122,,
development,1515,2fcccae036e72da81a677c380d48f311f5a9120c0d2dc200121b92850c1b8213,0+1+2,12,22,32,50,,
development,1516,7d2922c950699a0be2478de3cdbcb9e67874c5bdec1df5ead267f62e35160556,0+1,4,34,58,97,,
development,1517,7d2922c950699a0be2478de3cdbcb9e67874c5bdec1df5ead267f62e35160556,0+2,0,12,26,46,,
development,1518,7d2922c950699a0be2478de3cdbcb9e67874c5bdec1df5ead267f62e35160556,1+2,4,28,56,103,,
development,1519,7d2922c950699a0be2478de3cdbcb9e67874c5bdec1df5ead267f62e35160556,0+1+2,0,11,18,37,,
development,1520,0e677aac43731cb60bcb226ef4dfce7e7f4009a6210db590f1a8306264f75ba2,0+1,0,17,41,102,,
development,1521,0e677aac43731cb60bcb226ef4dfce7e7f4009a6210db590f1a8306264f75ba2,0+2,0,6,19,45,,
development,1522,0e677aac43731cb60bcb226ef4dfce7e7f4009a6210db590f1a8306264f75ba2,1+2,5,26,49,112,,
development,1523,0e677aac43731cb60bcb226ef4dfce7e7f4009a6210db590f1a8306264f75ba2,0+1+2,0,5,17,37,,
development,1524,67f71ab821f3991e26eac5a482dc247755a223bb340870e4d0432746e4fd712e,0+1,0,23,57,114,,
development,1525,67f71ab821f3991e26eac5a482dc247755a223bb340870e4d0432746e4fd712e,0+2,0,10,22,42,,
development,1526,67f71ab821f3991e26eac5a482dc247755a223bb340870e4d0432746e4fd712e,1+2,0,20,43,89,,
development,1527,67f71ab821f3991e26eac5a482dc247755a223bb340870e4d0432746e4fd712e,0+1+2,0,5,16,34,,
development,1528,26e187d61ea5be68e26f23380af596de6afbd12aa4ac2fa2c761117e97b970cd,0+1,5,25,43,62,,
development,1529,26e187d61ea5be68e26f23380af596de6afbd12aa4ac2fa2c761117e97b970cd,0+2,6,16,27,40,,
development,1530,26e187d61ea5be68e26f23380af596de6afbd12aa4ac2fa2c761117e97b970cd,1+2,11,33,56,80,,
development,1531,26e187d61ea5be68e26f23380af596de6afbd12aa4ac2fa2c761117e97b970cd,0+1+2,5,15,24,37,,
development,1532,5877a0683b8db1b1a7b02ecb885291a7b04dccfcc2b220358f09a7316b0aff13,0+1,1,17,37,77,,
development,1533,5877a0683b8db1b1a7b02ecb885291a7b04dccfcc2b220358f09a7316b0aff13,0+2,0,0,12,33,carrier-grid-gap,
development,1534,5877a0683b8db1b1a7b02ecb885291a7b04dccfcc2b220358f09a7316b0aff13,1+2,0,12,25,72,,
development,1535,5877a0683b8db1b1a7b02ecb885291a7b04dccfcc2b220358f09a7316b0aff13,0+1+2,0,0,12,31,carrier-grid-gap,
development,1536,52a45a51bb77ab6952daad1bddbcddfb09a585d7b5f0bbe8f1013a21ba0d4f7b,0+1,8,34,54,104,,
development,1537,52a45a51bb77ab6952daad1bddbcddfb09a585d7b5f0bbe8f1013a21ba0d4f7b,0+2,0,3,14,37,,
development,1538,52a45a51bb77ab6952daad1bddbcddfb09a585d7b5f0bbe8f1013a21ba0d4f7b,1+2,0,21,43,102,,
development,1539,52a45a51bb77ab6952daad1bddbcddfb09a585d7b5f0bbe8f1013a21ba0d4f7b,0+1+2,0,1,11,28,,
development,1540,ce4c6404624fe1c76febe08f9ea916dc06219d5171691339ac3be7e3917967db,0+1,4,29,54,96,,
development,1541,ce4c6404624fe1c76febe08f9ea916dc06219d5171691339ac3be7e3917967db,0+2,8,17,29,43,,
development,1542,ce4c6404624fe1c76febe08f9ea916dc06219d5171691339ac3be7e3917967db,1+2,4,33,61,112,,
development,1543,ce4c6404624fe1c76febe08f9ea916dc06219d5171691339ac3be7e3917967db,0+1+2,4,10,20,30,,
development,1544,3de1685b324ac1fa5555432097537b3f05fa1fe2ee0ed846e8af2264196ff3bf,0+1,7,37,59,125,,
development,1545,3de1685b324ac1fa5555432097537b3f05fa1fe2ee0ed846e8af2264196ff3bf,0+2,0,9,19,40,,
development,1546,3de1685b324ac1fa5555432097537b3f05fa1fe2ee0ed846e8af2264196ff3bf,1+2,0,26,49,108,,
development,1547,3de1685b324ac1fa5555432097537b3f05fa1fe2ee0ed846e8af2264196ff3bf,0+1+2,0,8,14,32,,
development,1548,d6811bf4c9ecc2642cfbdd49a4abccf08e8bc84221e6431be575bea73d5c3c54,0+1,0,28,67,121,,
development,1549,d6811bf4c9ecc2642cfbdd49a4abccf08e8bc84221e6431be575bea73d5c3c54,0+2,3,11,26,46,,
development,1550,d6811bf4c9ecc2642cfbdd49a4abccf08e8bc84221e6431be575bea73d5c3c54,1+2,6,36,67,122,,
development,1551,d6811bf4c9ecc2642cfbdd49a4abccf08e8bc84221e6431be575bea73d5c3c54,0+1+2,0,5,18,34,,
development,1552,35da6b6fb2264341e3eed4faf1b6ea7fa97c8f3320b9cd0d0d47310c1f2c9a79,0+1,10,33,64,112,,
development,1553,35da6b6fb2264341e3eed4faf1b6ea7fa97c8f3320b9cd0d0d47310c1f2c9a79,0+2,0,4,18,36,,
development,1554,35da6b6fb2264341e3eed4faf1b6ea7fa97c8f3320b9cd0d0d47310c1f2c9a79,1+2,0,28,56,103,,
development,1555,35da6b6fb2264341e3eed4faf1b6ea7fa97c8f3320b9cd0d0d47310c1f2c9a79,0+1+2,0,2,15,27,,
development,1556,1e5f4e7bb7909467101f1ceef232a3cac2d327cf618b0784f8bacc00dc38fcaf,0+1,0,22,46,108,,
development,1557,1e5f4e7bb7909467101f1ceef232a3cac2d327cf618b0784f8bacc00dc38fcaf,0+2,0,3,15,41,,
development,1558,1e5f4e7bb7909467101f1ceef232a3cac2d327cf618b0784f8bacc00dc38fcaf,1+2,8,32,61,121,,
development,1559,1e5f4e7bb7909467101f1ceef232a3cac2d327cf618b0784f8bacc00dc38fcaf,0+1+2,0,0,11,30,carrier-grid-gap,
development,1560,233646a4789078cf68e156ed8790a0e6f0fcc194e283b0956632bf75acd38136,0+1,0,35,64,117,,
development,1561,233646a4789078cf68e156ed8790a0e6f0fcc194e283b0956632bf75acd38136,0+2,0,15,25,43,,
development,1562,233646a4789078cf68e156ed8790a0e6f0fcc194e283b0956632bf75acd38136,1+2,0,26,56,111,,
development,1563,233646a4789078cf68e156ed8790a0e6f0fcc194e283b0956632bf75acd38136,0+1+2,0,14,19,34,,
development,1564,f3490fc97b4731911716f6bc8efaa0f608237d7476e8396faf49b087818c8b82,0+1,11,31,46,96,,
development,1565,f3490fc97b4731911716f6bc8efaa0f608237d7476e8396faf49b087818c8b82,0+2,0,0,9,27,outside-carrier-range,
development,1566,f3490fc97b4731911716f6bc8efaa0f608237d7476e8396faf49b087818c8b82,1+2,0,17,34,74,,
development,1567,f3490fc97b4731911716f6bc8efaa0f608237d7476e8396faf49b087818c8b82,0+1+2,0,0,6,18,outside-carrier-range,
development,1568,b0bb0789deb813dbc3c29e675d5e0e2cdcca535df7a7bd87fad6781d2979cd13,0+1,0,12,21,25,,
development,1569,b0bb0789deb813dbc3c29e675d5e0e2cdcca535df7a7bd87fad6781d2979cd13,0+2,0,9,10,10,,
development,1570,b0bb0789deb813dbc3c29e675d5e0e2cdcca535df7a7bd87fad6781d2979cd13,1+2,0,11,21,25,,
development,1571,b0bb0789deb813dbc3c29e675d5e0e2cdcca535df7a7bd87fad6781d2979cd13,0+1+2,0,8,9,9,,
development,1572,6ad820542f45198fe84b142b247b1282c34ce466b65113032fd0919d5763cc97,0+1,12,31,47,103,,
development,1573,6ad820542f45198fe84b142b247b1282c34ce466b65113032fd0919d5763cc97,0+2,5,18,21,46,,
development,1574,6ad820542f45198fe84b142b247b1282c34ce466b65113032fd0919d5763cc97,1+2,5,26,47,110,,
development,1575,6ad820542f45198fe84b142b247b1282c34ce466b65113032fd0919d5763cc97,0+1+2,5,16,18,39,,
development,1576,1400bbc8ac06d1a2c942bfba49476bee27157fe4de917c0b74edd69a300cc820,0+1,8,24,44,63,,
development,1577,1400bbc8ac06d1a2c942bfba49476bee27157fe4de917c0b74edd69a300cc820,0+2,1,7,21,33,,
development,1578,1400bbc8ac06d1a2c942bfba49476bee27157fe4de917c0b74edd69a300cc820,1+2,5,29,50,74,,
development,1579,1400bbc8ac06d1a2c942bfba49476bee27157fe4de917c0b74edd69a300cc820,0+1+2,1,7,19,31,,
development,1580,e2c244405348f233bc254ae2b64a053eba306410fe46ae699eb45f06f4954184,0+1,1,9,21,57,,
development,1581,e2c244405348f233bc254ae2b64a053eba306410fe46ae699eb45f06f4954184,0+2,0,1,11,28,,
development,1582,e2c244405348f233bc254ae2b64a053eba306410fe46ae699eb45f06f4954184,1+2,0,11,22,55,,
development,1583,e2c244405348f233bc254ae2b64a053eba306410fe46ae699eb45f06f4954184,0+1+2,0,1,10,25,,
development,1584,5a7e7c784bd3ee1bb11678a0e65b17af7a8dfee9ba44cd858b6ba64bad6a9b6a,0+1,7,23,47,107,,
development,1585,5a7e7c784bd3ee1bb11678a0e65b17af7a8dfee9ba44cd858b6ba64bad6a9b6a,0+2,6,10,25,50,,
development,1586,5a7e7c784bd3ee1bb11678a0e65b17af7a8dfee9ba44cd858b6ba64bad6a9b6a,1+2,12,33,55,95,,
development,1587,5a7e7c784bd3ee1bb11678a0e65b17af7a8dfee9ba44cd858b6ba64bad6a9b6a,0+1+2,6,9,23,42,,
development,1588,a24db439e0e34c6710ad5d7310ae99ffb5b4f339abc7e4c52e76692337ef2990,0+1,0,21,36,74,,
development,1589,a24db439e0e34c6710ad5d7310ae99ffb5b4f339abc7e4c52e76692337ef2990,0+2,0,3,11,31,,
development,1590,a24db439e0e34c6710ad5d7310ae99ffb5b4f339abc7e4c52e76692337ef2990,1+2,0,11,22,64,,
development,1591,a24db439e0e34c6710ad5d7310ae99ffb5b4f339abc7e4c52e76692337ef2990,0+1+2,0,3,8,24,,
development,1592,18bfa4dc58f91eae6c6e036c50397f813e83b8a4d9a0a18b58521e0b15c2a536,0+1,7,23,37,73,,
development,1593,18bfa4dc58f91eae6c6e036c50397f813e83b8a4d9a0a18b58521e0b15c2a536,0+2,9,13,19,33,,
development,1594,18bfa4dc58f91eae6c6e036c50397f813e83b8a4d9a0a18b58521e0b15c2a536,1+2,9,28,46,88,,
development,1595,18bfa4dc58f91eae6c6e036c50397f813e83b8a4d9a0a18b58521e0b15c2a536,0+1+2,7,7,12,23,,
development,1596,fa0aa0d3aec58a9c55cff50fe2bf5e7fa5a1629a479c9ea389e918f3d1b0a453,0+1,8,32,61,104,,
development,1597,fa0aa0d3aec58a9c55cff50fe2bf5e7fa5a1629a479c9ea389e918f3d1b0a453,0+2,8,14,28,45,,
development,1598,fa0aa0d3aec58a9c55cff50fe2bf5e7fa5a1629a479c9ea389e918f3d1b0a453,1+2,6,35,62,102,,
development,1599,fa0aa0d3aec58a9c55cff50fe2bf5e7fa5a1629a479c9ea389e918f3d1b0a453,0+1+2,6,9,22,34,,
development,1600,2e2708c3224b9054a7ba625e68dfd7974ce8acf94c6316d80b7b168d2696ce9f,0+1,5,24,50,100,,
development,1601,2e2708c3224b9054a7ba625e68dfd7974ce8acf94c6316d80b7b168d2696ce9f,0+2,0,10,12,34,,
development,1602,2e2708c3224b9054a7ba625e68dfd7974ce8acf94c6316d80b7b168d2696ce9f,1+2,0,22,46,104,,
development,1603,2e2708c3224b9054a7ba625e68dfd7974ce8acf94c6316d80b7b168d2696ce9f,0+1+2,0,9,10,27,,
development,1604,e58d0f31ead60bd3d0b9c00bd8b1d6934e601bcf4dec8273c2e54a6dd3a3302f,0+1,0,23,39,82,,
development,1605,e58d0f31ead60bd3d0b9c00bd8b1d6934e601bcf4dec8273c2e54a6dd3a3302f,0+2,0,9,20,39,,
development,1606,e58d0f31ead60bd3d0b9c00bd8b1d6934e601bcf4dec8273c2e54a6dd3a3302f,1+2,11,32,53,97,,
development,1607,e58d0f31ead60bd3d0b9c00bd8b1d6934e601bcf4dec8273c2e54a6dd3a3302f,0+1+2,0,9,15,32,,
development,1608,5c6088846e50a3ac0a88ae9a441aed240702ade86ed033a2df92cb8142fc4874,0+1,0,12,30,49,,
development,1609,5c6088846e50a3ac0a88ae9a441aed240702ade86ed033a2df92cb8142fc4874,0+2,0,10,13,24,,
development,1610,5c6088846e50a3ac0a88ae9a441aed240702ade86ed033a2df92cb8142fc4874,1+2,0,12,24,44,,
development,1611,5c6088846e50a3ac0a88ae9a441aed240702ade86ed033a2df92cb8142fc4874,0+1+2,0,10,13,22,,
development,1612,c4caaf81289b1cb5b939d1a4b7f8a3707e27e69e076342daed0238d8649a1b80,0+1,0,12,20,42,,
development,1613,c4caaf81289b1cb5b939d1a4b7f8a3707e27e69e076342daed0238d8649a1b80,0+2,0,10,12,24,,
development,1614,c4caaf81289b1cb5b939d1a4b7f8a3707e27e69e076342daed0238d8649a1b80,1+2,0,11,22,45,,
development,1615,c4caaf81289b1cb5b939d1a4b7f8a3707e27e69e076342daed0238d8649a1b80,0+1+2,0,9,11,23,,
development,1616,a776df264e3e1cb0f5990ed3811c25b27c0ed863b7b49390208df4b9961f6039,0+1,0,0,0,18,outside-carrier-range,
development,1617,a776df264e3e1cb0f5990ed3811c25b27c0ed863b7b49390208df4b9961f6039,0+2,0,0,0,11,outside-carrier-range,
development,1618,a776df264e3e1cb0f5990ed3811c25b27c0ed863b7b49390208df4b9961f6039,1+2,0,0,0,23,outside-carrier-range,
development,1619,a776df264e3e1cb0f5990ed3811c25b27c0ed863b7b49390208df4b9961f6039,0+1+2,0,0,0,10,outside-carrier-range,
development,1620,6e763e526df75094e50a148406eb20ef1514448bc01d26b3f84d36a48b1449af,0+1,1,30,55,110,,
development,1621,6e763e526df75094e50a148406eb20ef1514448bc01d26b3f84d36a48b1449af,0+2,0,7,16,35,,
development,1622,6e763e526df75094e50a148406eb20ef1514448bc01d26b3f84d36a48b1449af,1+2,0,19,40,97,,
development,1623,6e763e526df75094e50a148406eb20ef1514448bc01d26b3f84d36a48b1449af,0+1+2,0,6,11,27,,
development,1624,682fd2da8dac0c04c6ac886414db363b649f402000a45aa96a64e15a950e0fed,0+1,0,8,19,28,,
development,1625,682fd2da8dac0c04c6ac886414db363b649f402000a45aa96a64e15a950e0fed,0+2,0,4,12,12,,
development,1626,682fd2da8dac0c04c6ac886414db363b649f402000a45aa96a64e15a950e0fed,1+2,0,11,21,22,,
development,1627,682fd2da8dac0c04c6ac886414db363b649f402000a45aa96a64e15a950e0fed,0+1+2,0,4,12,12,,
development,1628,09d1b4ff20d3970e48d6915bb3869a14a40a6b33b3111971b9bf94c021816f29,0+1,5,39,63,102,,
development,1629,09d1b4ff20d3970e48d6915bb3869a14a40a6b33b3111971b9bf94c021816f29,0+2,9,22,29,48,,
development,1630,09d1b4ff20d3970e48d6915bb3869a14a40a6b33b3111971b9bf94c021816f29,1+2,6,29,51,91,,
development,1631,09d1b4ff20d3970e48d6915bb3869a14a40a6b33b3111971b9bf94c021816f29,0+1+2,5,18,23,37,,
development,1632,396c480e6e2ea549827a56a9339389ed4d3139d5020c4dcdb3cf392ed9706171,0+1,0,21,38,86,,
development,1633,396c480e6e2ea549827a56a9339389ed4d3139d5020c4dcdb3cf392ed9706171,0+2,0,13,18,34,,
development,1634,396c480e6e2ea549827a56a9339389ed4d3139d5020c4dcdb3cf392ed9706171,1+2,0,22,43,79,,
development,1635,396c480e6e2ea549827a56a9339389ed4d3139d5020c4dcdb3cf392ed9706171,0+1+2,0,11,15,26,,
development,1636,3d43c65d61c2f295e53d72355d0ba58f2b305a0d9b34c716126a0e9b6ca8cb19,0+1,0,17,36,72,,
development,1637,3d43c65d61c2f295e53d72355d0ba58f2b305a0d9b34c716126a0e9b6ca8cb19,0+2,0,12,18,39,,
development,1638,3d43c65d61c2f295e53d72355d0ba58f2b305a0d9b34c716126a0e9b6ca8cb19,1+2,0,13,33,78,,
development,1639,3d43c65d61c2f295e53d72355d0ba58f2b305a0d9b34c716126a0e9b6ca8cb19,0+1+2,0,9,15,33,,
development,1640,33b2d9e10f29cf7fe4064a4373132872f2e610840b0c4f7341c82f151c42931a,0+1,0,22,44,85,,
development,1641,33b2d9e10f29cf7fe4064a4373132872f2e610840b0c4f7341c82f151c42931a,0+2,0,13,19,39,,
development,1642,33b2d9e10f29cf7fe4064a4373132872f2e610840b0c4f7341c82f151c42931a,1+2,0,24,44,91,,
development,1643,33b2d9e10f29cf7fe4064a4373132872f2e610840b0c4f7341c82f151c42931a,0+1+2,0,12,14,33,,
development,1644,e8fc5fd8acbd0b2cb13f5e86e33575a8c98fca164f3758a9cbb8e3d197fd87bc,0+1,0,20,38,75,,
development,1645,e8fc5fd8acbd0b2cb13f5e86e33575a8c98fca164f3758a9cbb8e3d197fd87bc,0+2,0,10,22,40,,
development,1646,e8fc5fd8acbd0b2cb13f5e86e33575a8c98fca164f3758a9cbb8e3d197fd87bc,1+2,0,24,46,91,,
development,1647,e8fc5fd8acbd0b2cb13f5e86e33575a8c98fca164f3758a9cbb8e3d197fd87bc,0+1+2,0,10,19,35,,
development,1648,79c8b2a30db9681ba6b6b45f6b1edce3c1a63cf6928c508cb23f8d825f9ec4a5,0+1,0,20,46,83,,
development,1649,79c8b2a30db9681ba6b6b45f6b1edce3c1a63cf6928c508cb23f8d825f9ec4a5,0+2,0,10,21,41,,
development,1650,79c8b2a30db9681ba6b6b45f6b1edce3c1a63cf6928c508cb23f8d825f9ec4a5,1+2,0,23,45,90,,
development,1651,79c8b2a30db9681ba6b6b45f6b1edce3c1a63cf6928c508cb23f8d825f9ec4a5,0+1+2,0,10,18,35,,
development,1652,968bbeecdd90d2f288b58b4138b75f24d3766adb85a4e6760fa70649e9b8c299,0+1,11,37,70,114,,
development,1653,968bbeecdd90d2f288b58b4138b75f24d3766adb85a4e6760fa70649e9b8c299,0+2,11,23,35,55,,
development,1654,968bbeecdd90d2f288b58b4138b75f24d3766adb85a4e6760fa70649e9b8c299,1+2,10,34,63,110,,
development,1655,968bbeecdd90d2f288b58b4138b75f24d3766adb85a4e6760fa70649e9b8c299,0+1+2,10,18,29,47,,
development,1656,94f86a9740b088798d15f129445fcd05b1dd6d277a05e05ba0a1555b840a74b2,0+1,2,32,52,101,,
development,1657,94f86a9740b088798d15f129445fcd05b1dd6d277a05e05ba0a1555b840a74b2,0+2,0,12,16,39,,
development,1658,94f86a9740b088798d15f129445fcd05b1dd6d277a05e05ba0a1555b840a74b2,1+2,0,23,44,86,,
development,1659,94f86a9740b088798d15f129445fcd05b1dd6d277a05e05ba0a1555b840a74b2,0+1+2,0,11,11,28,,
development,1660,d79d0e567df31deb593919547fd223e8040c0b29d0b841c35210f555bc3fca4c,0+1,0,23,46,83,,
development,1661,d79d0e567df31deb593919547fd223e8040c0b29d0b841c35210f555bc3fca4c,0+2,0,7,20,37,,
development,1662,d79d0e567df31deb593919547fd223e8040c0b29d0b841c35210f555bc3fca4c,1+2,0,25,49,93,,
development,1663,d79d0e567df31deb593919547fd223e8040c0b29d0b841c35210f555bc3fca4c,0+1+2,0,7,19,33,,
development,1664,d73546bd345638c9156f5c14f8b5ffa69de0e727345753327e64e790d3f30451,0+1,0,9,20,39,,
development,1665,d73546bd345638c9156f5c14f8b5ffa69de0e727345753327e64e790d3f30451,0+2,0,6,13,25,,
development,1666,d73546bd345638c9156f5c14f8b5ffa69de0e727345753327e64e790d3f30451,1+2,0,12,23,46,,
development,1667,d73546bd345638c9156f5c14f8b5ffa69de0e727345753327e64e790d3f30451,0+1+2,0,6,13,24,,
development,1668,facb9b95437f99365516a0c20382bbaf0fd63d5c6a69eda6dc28068c8b74b0d7,0+1,0,9,21,35,,
development,1669,facb9b95437f99365516a0c20382bbaf0fd63d5c6a69eda6dc28068c8b74b0d7,0+2,0,1,12,17,,
development,1670,facb9b95437f99365516a0c20382bbaf0fd63d5c6a69eda6dc28068c8b74b0d7,1+2,0,11,24,30,,
development,1671,facb9b95437f99365516a0c20382bbaf0fd63d5c6a69eda6dc28068c8b74b0d7,0+1+2,0,1,12,17,,
development,1672,60bc57339f4d34c7ffe502a76dcb51374194deefc5b478a93cc8c88f8541510a,0+1,1,33,61,107,,
development,1673,60bc57339f4d34c7ffe502a76dcb51374194deefc5b478a93cc8c88f8541510a,0+2,6,18,31,46,,
development,1674,60bc57339f4d34c7ffe502a76dcb51374194deefc5b478a93cc8c88f8541510a,1+2,3,35,61,117,,
development,1675,60bc57339f4d34c7ffe502a76dcb51374194deefc5b478a93cc8c88f8541510a,0+1+2,1,9,20,32,,
development,1676,543eec8074cbf959ca76ab57027218257e9ff3ff708502e34c019a1fa5daf3f4,0+1,0,2,2,23,,
development,1677,543eec8074cbf959ca76ab57027218257e9ff3ff708502e34c019a1fa5daf3f4,0+2,0,0,0,14,outside-carrier-range,
development,1678,543eec8074cbf959ca76ab57027218257e9ff3ff708502e34c019a1fa5daf3f4,1+2,0,0,0,24,outside-carrier-range,
development,1679,543eec8074cbf959ca76ab57027218257e9ff3ff708502e34c019a1fa5daf3f4,0+1+2,0,0,0,14,track-shape-incompatible,
development,1680,98ed049160649c03253dacb8802a7ce82a26ceed0173dba722387816926b27be,0+1,0,19,51,104,,
development,1681,98ed049160649c03253dacb8802a7ce82a26ceed0173dba722387816926b27be,0+2,0,11,20,30,,
development,1682,98ed049160649c03253dacb8802a7ce82a26ceed0173dba722387816926b27be,1+2,0,24,53,102,,
development,1683,98ed049160649c03253dacb8802a7ce82a26ceed0173dba722387816926b27be,0+1+2,0,6,15,23,,
development,1684,d8db351b7456526b19a36c2b407c6aece745b7409bdfb7aa30bf4c835ec24bbc,0+1,0,8,21,61,,
development,1685,d8db351b7456526b19a36c2b407c6aece745b7409bdfb7aa30bf4c835ec24bbc,0+2,0,0,13,32,outside-carrier-range,
development,1686,d8db351b7456526b19a36c2b407c6aece745b7409bdfb7aa30bf4c835ec24bbc,1+2,0,12,25,68,,
development,1687,d8db351b7456526b19a36c2b407c6aece745b7409bdfb7aa30bf4c835ec24bbc,0+1+2,0,0,13,31,outside-carrier-range,
development,1688,25e71dd43de3da3620c78f02e1d4db190900a60c4f635b5491c5811339368c5e,0+1,0,12,20,38,,
development,1689,25e71dd43de3da3620c78f02e1d4db190900a60c4f635b5491c5811339368c5e,0+2,0,2,11,23,,
development,1690,25e71dd43de3da3620c78f02e1d4db190900a60c4f635b5491c5811339368c5e,1+2,0,3,15,37,,
development,1691,25e71dd43de3da3620c78f02e1d4db190900a60c4f635b5491c5811339368c5e,0+1+2,0,2,10,22,,
development,1692,c5becfe086adc1b968ba884af2a0fb570c1c10a57ca43d0cfa3d5a4dfceb58af,0+1,0,18,49,99,,
development,1693,c5becfe086adc1b968ba884af2a0fb570c1c10a57ca43d0cfa3d5a4dfceb58af,0+2,0,6,20,37,,
development,1694,c5becfe086adc1b968ba884af2a0fb570c1c10a57ca43d0cfa3d5a4dfceb58af,1+2,0,19,44,97,,
development,1695,c5becfe086adc1b968ba884af2a0fb570c1c10a57ca43d0cfa3d5a4dfceb58af,0+1+2,0,1,14,28,,
development,1696,858a6b8a90bff959c126e2698f663de6a22c27a909e9f8a04b4578e65f033654,0+1,0,8,19,41,,
development,1697,858a6b8a90bff959c126e2698f663de6a22c27a909e9f8a04b4578e65f033654,0+2,0,0,11,24,outside-carrier-range,
development,1698,858a6b8a90bff959c126e2698f663de6a22c27a909e9f8a04b4578e65f033654,1+2,0,12,23,47,,
development,1699,858a6b8a90bff959c126e2698f663de6a22c27a909e9f8a04b4578e65f033654,0+1+2,0,0,10,23,outside-carrier-range,
development,1700,2a5811d8d169ad8df046ab7ce2854cd67551bb6f973988d2b4edd409e4c959c5,0+1,12,39,65,101,,
development,1701,2a5811d8d169ad8df046ab7ce2854cd67551bb6f973988d2b4edd409e4c959c5,0+2,2,16,26,42,,
development,1702,2a5811d8d169ad8df046ab7ce2854cd67551bb6f973988d2b4edd409e4c959c5,1+2,2,32,63,105,,
development,1703,2a5811d8d169ad8df046ab7ce2854cd67551bb6f973988d2b4edd409e4c959c5,0+1+2,2,14,22,35,,
development,1704,f647f3c05def74300dcfccf235de6254c5e3df7b09f5abf19a6b46eaf8b67954,0+1,4,21,43,96,,
development,1705,f647f3c05def74300dcfccf235de6254c5e3df7b09f5abf19a6b46eaf8b67954,0+2,0,13,22,45,,
development,1706,f647f3c05def74300dcfccf235de6254c5e3df7b09f5abf19a6b46eaf8b67954,1+2,0,22,45,89,,
development,1707,f647f3c05def74300dcfccf235de6254c5e3df7b09f5abf19a6b46eaf8b67954,0+1+2,0,9,18,36,,
development,1708,d7e438a437f810f700023620fb45f9c5f272b64f3a9f90cc084b4185dff08e60,0+1,13,46,71,111,,
development,1709,d7e438a437f810f700023620fb45f9c5f272b64f3a9f90cc084b4185dff08e60,0+2,11,25,34,55,,
development,1710,d7e438a437f810f700023620fb45f9c5f272b64f3a9f90cc084b4185dff08e60,1+2,11,32,57,102,,
development,1711,d7e438a437f810f700023620fb45f9c5f272b64f3a9f90cc084b4185dff08e60,0+1+2,11,24,28,46,,
development,1712,12273279a734c1aa94ba0341ed191a8c4d10c5491a7850f27eb70aab5df12156,0+1,11,29,52,108,,
development,1713,12273279a734c1aa94ba0341ed191a8c4d10c5491a7850f27eb70aab5df12156,0+2,7,13,28,48,,
development,1714,12273279a734c1aa94ba0341ed191a8c4d10c5491a7850f27eb70aab5df12156,1+2,9,33,57,89,,
development,1715,12273279a734c1aa94ba0341ed191a8c4d10c5491a7850f27eb70aab5df12156,0+1+2,7,13,27,43,,
development,1716,6b86f08af398a192fe212c500b4db0ea98cc258d17e2f3feab1db7a15949def8,0+1,0,25,47,86,,
development,1717,6b86f08af398a192fe212c500b4db0ea98cc258d17e2f3feab1db7a15949def8,0+2,0,15,21,41,,
development,1718,6b86f08af398a192fe212c500b4db0ea98cc258d17e2f3feab1db7a15949def8,1+2,0,23,45,85,,
development,1719,6b86f08af398a192fe212c500b4db0ea98cc258d17e2f3feab1db7a15949def8,0+1+2,0,14,18,33,,
development,1720,5eb2efe26bf1528a5bccc30c2dc17b1aeb0b033f741976a5c0194e358a06653c,0+1,0,25,42,84,,
development,1721,5eb2efe26bf1528a5bccc30c2dc17b1aeb0b033f741976a5c0194e358a06653c,0+2,0,14,20,38,,
development,1722,5eb2efe26bf1528a5bccc30c2dc17b1aeb0b033f741976a5c0194e358a06653c,1+2,0,23,47,93,,
development,1723,5eb2efe26bf1528a5bccc30c2dc17b1aeb0b033f741976a5c0194e358a06653c,0+1+2,0,13,19,34,,
development,1724,0ca19b35678bc0484c3247d73d3033dbfd2bc606b0a912a78beeac757b925551,0+1,7,38,59,113,,
development,1725,0ca19b35678bc0484c3247d73d3033dbfd2bc606b0a912a78beeac757b925551,0+2,0,11,20,42,,
development,1726,0ca19b35678bc0484c3247d73d3033dbfd2bc606b0a912a78beeac757b925551,1+2,0,23,47,94,,
development,1727,0ca19b35678bc0484c3247d73d3033dbfd2bc606b0a912a78beeac757b925551,0+1+2,0,11,16,33,,
development,1728,a2a7c6f96c291fcffe7113847c3d6b4e8d76a316e671333c99393a117d586c9a,0+1,0,28,58,104,,
development,1729,a2a7c6f96c291fcffe7113847c3d6b4e8d76a316e671333c99393a117d586c9a,0+2,1,8,22,38,,
development,1730,a2a7c6f96c291fcffe7113847c3d6b4e8d76a316e671333c99393a117d586c9a,1+2,8,36,63,115,,
development,1731,a2a7c6f96c291fcffe7113847c3d6b4e8d76a316e671333c99393a117d586c9a,0+1+2,0,3,16,27,,
development,1732,8203f3f52a29a30b10102af3941ed95d0ba40f7545cc6468a804fc1c9db57c49,0+1,0,17,39,95,,
development,1733,8203f3f52a29a30b10102af3941ed95d0ba40f7545cc6468a804fc1c9db57c49,0+2,0,5,17,40,,
development,1734,8203f3f52a29a30b10102af3941ed95d0ba40f7545cc6468a804fc1c9db57c49,1+2,0,21,44,101,,
development,1735,8203f3f52a29a30b10102af3941ed95d0ba40f7545cc6468a804fc1c9db57c49,0+1+2,0,1,13,31,,
development,1736,72feae55026316f54600782898e85b290c4dc749fad49836eaca1019cea9ae93,0+1,0,17,36,69,,
development,1737,72feae55026316f54600782898e85b290c4dc749fad49836eaca1019cea9ae93,0+2,0,7,20,31,,
development,1738,72feae55026316f54600782898e85b290c4dc749fad49836eaca1019cea9ae93,1+2,4,25,47,73,,
development,1739,72feae55026316f54600782898e85b290c4dc749fad49836eaca1019cea9ae93,0+1+2,0,7,18,27,,
development,1740,beedaf8699e91f1b5fe7874fd64f67d7c1d8f6ebe7cb46986146cd1720ccf788,0+1,0,20,36,89,,
development,1741,beedaf8699e91f1b5fe7874fd64f67d7c1d8f6ebe7cb46986146cd1720ccf788,0+2,0,8,16,34,,
development,1742,beedaf8699e91f1b5fe7874fd64f67d7c1d8f6ebe7cb46986146cd1720ccf788,1+2,0,20,39,82,,
development,1743,beedaf8699e91f1b5fe7874fd64f67d7c1d8f6ebe7cb46986146cd1720ccf788,0+1+2,0,8,10,25,,
development,1744,dc85e11f53d7bc755abcf175b30d124c9ef9ceff98b0768ca7f88f15476c8e1a,0+1,0,40,64,116,,
development,1745,dc85e11f53d7bc755abcf175b30d124c9ef9ceff98b0768ca7f88f15476c8e1a,0+2,0,13,20,40,,
development,1746,dc85e11f53d7bc755abcf175b30d124c9ef9ceff98b0768ca7f88f15476c8e1a,1+2,1,30,58,113,,
development,1747,dc85e11f53d7bc755abcf175b30d124c9ef9ceff98b0768ca7f88f15476c8e1a,0+1+2,0,12,17,33,,
development,1748,ceced7082bde935a83c77bb45bf9132307e5d63cabbce010456d3aca66eadbe6,0+1,9,23,44,99,,
development,1749,ceced7082bde935a83c77bb45bf9132307e5d63cabbce010456d3aca66eadbe6,0+2,0,8,13,33,,
development,1750,ceced7082bde935a83c77bb45bf9132307e5d63cabbce010456d3aca66eadbe6,1+2,0,20,38,84,,
development,1751,ceced7082bde935a83c77bb45bf9132307e5d63cabbce010456d3aca66eadbe6,0+1+2,0,4,9,26,,
development,1752,7ae2db26c384946a9850fba6811cf0ebab416656f9e520a11d418865183b5cc0,0+1,0,22,49,102,,
development,1753,7ae2db26c384946a9850fba6811cf0ebab416656f9e520a11d418865183b5cc0,0+2,0,5,18,41,,
development,1754,7ae2db26c384946a9850fba6811cf0ebab416656f9e520a11d418865183b5cc0,1+2,3,24,47,104,,
development,1755,7ae2db26c384946a9850fba6811cf0ebab416656f9e520a11d418865183b5cc0,0+1+2,0,1,13,31,,
development,1756,90c1c813330ddb24350192ef2e87afa3f060885438df211c686d3b39e465cdc8,0+1,0,20,38,78,,
development,1757,90c1c813330ddb24350192ef2e87afa3f060885438df211c686d3b39e465cdc8,0+2,0,12,16,37,,
development,1758,90c1c813330ddb24350192ef2e87afa3f060885438df211c686d3b39e465cdc8,1+2,9,33,54,102,,
development,1759,90c1c813330ddb24350192ef2e87afa3f060885438df211c686d3b39e465cdc8,0+1+2,0,12,13,32,,
development,1760,4de25faff364c3f746948786636112f2bbe0fc9ce1c6cbf27145668ee550cc5f,0+1,6,24,48,91,,
development,1761,4de25faff364c3f746948786636112f2bbe0fc9ce1c6cbf27145668ee550cc5f,0+2,8,15,28,49,,
development,1762,4de25faff364c3f746948786636112f2bbe0fc9ce1c6cbf27145668ee550cc5f,1+2,9,25,38,84,,
development,1763,4de25faff364c3f746948786636112f2bbe0fc9ce1c6cbf27145668ee550cc5f,0+1+2,6,9,22,42,,
development,1764,1fe365ed7c19befcf953689ee25c3d54e8be24ff2f1238a7dff910fe934ae8f5,0+1,1,13,22,51,,
development,1765,1fe365ed7c19befcf953689ee25c3d54e8be24ff2f1238a7dff910fe934ae8f5,0+2,0,12,13,24,,
development,1766,1fe365ed7c19befcf953689ee25c3d54e8be24ff2f1238a7dff910fe934ae8f5,1+2,0,14,25,49,,
development,1767,1fe365ed7c19befcf953689ee25c3d54e8be24ff2f1238a7dff910fe934ae8f5,0+1+2,0,12,13,24,,
development,1768,c111322922d1a21d3c2e4cf6a35a0579755bbd926e949a37d1075b5a72f6f78e,0+1,0,17,38,73,,
development,1769,c111322922d1a21d3c2e4cf6a35a0579755bbd926e949a37d1075b5a72f6f78e,0+2,0,8,21,37,,
development,1770,c111322922d1a21d3c2e4cf6a35a0579755bbd926e949a37d1075b5a72f6f78e,1+2,0,21,44,68,,
development,1771,c111322922d1a21d3c2e4cf6a35a0579755bbd926e949a37d1075b5a72f6f78e,0+1+2,0,7,18,32,,
development,1772,1073e44cbc850beeb2935cc6a1ddd00d8411e87704cac9eacd186e46471d296e,0+1,0,23,41,84,,
development,1773,1073e44cbc850beeb2935cc6a1ddd00d8411e87704cac9eacd186e46471d296e,0+2,0,12,19,37,,
development,1774,1073e44cbc850beeb2935cc6a1ddd00d8411e87704cac9eacd186e46471d296e,1+2,0,22,44,85,,
development,1775,1073e44cbc850beeb2935cc6a1ddd00d8411e87704cac9eacd186e46471d296e,0+1+2,0,11,17,32,,
development,1776,5adb94302f711abb31425f6f5ebc6773797f8ae0d71af2bd36758de83fe978e4,0+1,9,34,52,107,,
development,1777,5adb94302f711abb31425f6f5ebc6773797f8ae0d71af2bd36758de83fe978e4,0+2,7,20,28,42,,
development,1778,5adb94302f711abb31425f6f5ebc6773797f8ae0d71af2bd36758de83fe978e4,1+2,11,33,57,82,,
development,1779,5adb94302f711abb31425f6f5ebc6773797f8ae0d71af2bd36758de83fe978e4,0+1+2,7,19,27,40,,
development,1780,36119fc24b1cbb93d4626a6b2a4b4df627aea828809e7f7ece97c0d64fd9c9a5,0+1,0,16,37,57,,
development,1781,36119fc24b1cbb93d4626a6b2a4b4df627aea828809e7f7ece97c0d64fd9c9a5,0+2,0,7,20,32,,
development,1782,36119fc24b1cbb93d4626a6b2a4b4df627aea828809e7f7ece97c0d64fd9c9a5,1+2,0,24,47,71,,
development,1783,36119fc24b1cbb93d4626a6b2a4b4df627aea828809e7f7ece97c0d64fd9c9a5,0+1+2,0,7,18,30,,
development,1784,9d921fe2bd0a2c74f1fd0c7186db89272e1f9638bbadfc464c21e2aaaa875a86,0+1,3,30,48,98,,
development,1785,9d921fe2bd0a2c74f1fd0c7186db89272e1f9638bbadfc464c21e2aaaa875a86,0+2,0,10,12,35,,
development,1786,9d921fe2bd0a2c74f1fd0c7186db89272e1f9638bbadfc464c21e2aaaa875a86,1+2,0,21,41,87,,
development,1787,9d921fe2bd0a2c74f1fd0c7186db89272e1f9638bbadfc464c21e2aaaa875a86,0+1+2,0,9,9,26,,
development,1788,bf78f94638cad9cc2e539b48eb6c2517a208e3f00eac7831f76df8c7ddde0fe3,0+1,0,24,45,95,,
development,1789,bf78f94638cad9cc2e539b48eb6c2517a208e3f00eac7831f76df8c7ddde0fe3,0+2,0,5,16,41,,
development,1790,bf78f94638cad9cc2e539b48eb6c2517a208e3f00eac7831f76df8c7ddde0fe3,1+2,0,22,44,106,,
development,1791,bf78f94638cad9cc2e539b48eb6c2517a208e3f00eac7831f76df8c7ddde0fe3,0+1+2,0,4,13,32,,
development,1792,15a14518547d610fc5d2ce16c2c44ab5ec17eb2c94acf5b387f326690b090f17,0+1,10,33,66,101,,
development,1793,15a14518547d610fc5d2ce16c2c44ab5ec17eb2c94acf5b387f326690b090f17,0+2,0,6,19,36,,
development,1794,15a14518547d610fc5d2ce16c2c44ab5ec17eb2c94acf5b387f326690b090f17,1+2,0,22,44,80,,
development,1795,15a14518547d610fc5d2ce16c2c44ab5ec17eb2c94acf5b387f326690b090f17,0+1+2,0,4,17,27,,
development,1796,ec7ea10efbe6a73c713303605b36b0c086f9640654a8837a0cbe95a80e9f00ce,0+1,0,29,49,107,,
development,1797,ec7ea10efbe6a73c713303605b36b0c086f9640654a8837a0cbe95a80e9f00ce,0+2,0,3,12,36,,
development,1798,ec7ea10efbe6a73c713303605b36b0c086f9640654a8837a0cbe95a80e9f00ce,1+2,7,29,58,116,,
development,1799,ec7ea10efbe6a73c713303605b36b0c086f9640654a8837a0cbe95a80e9f00ce,0+1+2,0,3,11,29,,
development,1800,15c29e4e0bff0acf335c97a25ba4bdaf323e81225e5f1946590dae2ff46a01dc,0+1,0,30,48,111,,
development,1801,15c29e4e0bff0acf335c97a25ba4bdaf323e81225e5f1946590dae2ff46a01dc,0+2,0,8,16,36,,
development,1802,15c29e4e0bff0acf335c97a25ba4bdaf323e81225e5f1946590dae2ff46a01dc,1+2,0,24,49,107,,
development,1803,15c29e4e0bff0acf335c97a25ba4bdaf323e81225e5f1946590dae2ff46a01dc,0+1+2,0,7,11,28,,
development,1804,8babb50684c4b0b541a11e94a9ee0d1d1a3851ab9337a2d5f7cb21d251a6e535,0+1,0,4,18,18,,
development,1805,8babb50684c4b0b541a11e94a9ee0d1d1a3851ab9337a2d5f7cb21d251a6e535,0+2,0,0,13,13,outside-carrier-range,
development,1806,8babb50684c4b0b541a11e94a9ee0d1d1a3851ab9337a2d5f7cb21d251a6e535,1+2,0,5,18,18,,
development,1807,8babb50684c4b0b541a11e94a9ee0d1d1a3851ab9337a2d5f7cb21d251a6e535,0+1+2,0,0,13,13,outside-carrier-range,
development,1808,595960dad83688345b03c57fe64e9d69bb13cec1ae1fe960f05d1ea7ff397eb4,0+1,0,17,28,48,,
development,1809,595960dad83688345b03c57fe64e9d69bb13cec1ae1fe960f05d1ea7ff397eb4,0+2,0,9,9,21,,
development,1810,595960dad83688345b03c57fe64e9d69bb13cec1ae1fe960f05d1ea7ff397eb4,1+2,0,15,26,48,,
development,1811,595960dad83688345b03c57fe64e9d69bb13cec1ae1fe960f05d1ea7ff397eb4,0+1+2,0,7,7,19,,
development,1812,0a023a0cd86fa4e1a990b6f4641e748a297a496b11541f62c74847b222cdfe6b,0+1,0,28,48,109,,
development,1813,0a023a0cd86fa4e1a990b6f4641e748a297a496b11541f62c74847b222cdfe6b,0+2,0,5,16,39,,
development,1814,0a023a0cd86fa4e1a990b6f4641e748a297a496b11541f62c74847b222cdfe6b,1+2,1,25,52,104,,
development,1815,0a023a0cd86fa4e1a990b6f4641e748a297a496b11541f62c74847b222cdfe6b,0+1+2,0,4,12,31,,
development,1816,30cf32ffe9498ab2cb55aed47e79a40139edd15d773bf5e46eceee88cd5a7358,0+1,2,29,56,108,,
development,1817,30cf32ffe9498ab2cb55aed47e79a40139edd15d773bf5e46eceee88cd5a7358,0+2,0,8,10,30,,
development,1818,30cf32ffe9498ab2cb55aed47e79a40139edd15d773bf5e46eceee88cd5a7358,1+2,0,23,41,97,,
development,1819,30cf32ffe9498ab2cb55aed47e79a40139edd15d773bf5e46eceee88cd5a7358,0+1+2,0,7,9,24,,
development,1820,641d82e9114b7c3aee46b7326af60b8887e5ea5b9f4b63b08ec0e741e226b22c,0+1,0,9,22,62,,
development,1821,641d82e9114b7c3aee46b7326af60b8887e5ea5b9f4b63b08ec0e741e226b22c,0+2,0,2,12,27,,
development,1822,641d82e9114b7c3aee46b7326af60b8887e5ea5b9f4b63b08ec0e741e226b22c,1+2,0,11,22,47,,
development,1823,641d82e9114b7c3aee46b7326af60b8887e5ea5b9f4b63b08ec0e741e226b22c,0+1+2,0,2,12,27,,
development,1824,2c22c768e96930ce502a54ddb3758cdfb49cc1f93997ecc491abd204afc0162a,0+1,3,11,22,59,,
development,1825,2c22c768e96930ce502a54ddb3758cdfb49cc1f93997ecc491abd204afc0162a,0+2,4,6,17,37,,
development,1826,2c22c768e96930ce502a54ddb3758cdfb49cc1f93997ecc491abd204afc0162a,1+2,10,22,35,82,,
development,1827,2c22c768e96930ce502a54ddb3758cdfb49cc1f93997ecc491abd204afc0162a,0+1+2,3,5,16,34,,
development,1828,98ed0cfd7a32449cb7aa211f03d5fbd0e7522aeb4e0b427770621881c96ecb4d,0+1,8,40,65,106,,
development,1829,98ed0cfd7a32449cb7aa211f03d5fbd0e7522aeb4e0b427770621881c96ecb4d,0+2,10,25,35,56,,
development,1830,98ed0cfd7a32449cb7aa211f03d5fbd0e7522aeb4e0b427770621881c96ecb4d,1+2,9,33,65,109,,
development,1831,98ed0cfd7a32449cb7aa211f03d5fbd0e7522aeb4e0b427770621881c96ecb4d,0+1+2,8,21,27,44,,
development,1832,ec64099ce241b4662bd17398ba9156358fde9db540e44224087b1ed00101da25,0+1,0,19,39,76,,
development,1833,ec64099ce241b4662bd17398ba9156358fde9db540e44224087b1ed00101da25,0+2,0,8,22,39,,
development,1834,ec64099ce241b4662bd17398ba9156358fde9db540e44224087b1ed00101da25,1+2,0,22,44,87,,
development,1835,ec64099ce241b4662bd17398ba9156358fde9db540e44224087b1ed00101da25,0+1+2,0,7,19,34,,
development,1836,9fd2cd21946e02f72dad644c01295ff0186b1f15bbb4fe14234321cefb2d5cb6,0+1,0,18,42,84,,
development,1837,9fd2cd21946e02f72dad644c01295ff0186b1f15bbb4fe14234321cefb2d5cb6,0+2,0,4,18,38,,
development,1838,9fd2cd21946e02f72dad644c01295ff0186b1f15bbb4fe14234321cefb2d5cb6,1+2,0,18,40,87,,
development,1839,9fd2cd21946e02f72dad644c01295ff0186b1f15bbb4fe14234321cefb2d5cb6,0+1+2,0,2,15,34,,
development,1840,eeab65c2611d16a18e9605cfaafe62a404c5fad89c8022cc54df3e85672cd9a5,0+1,1,17,37,74,,
development,1841,eeab65c2611d16a18e9605cfaafe62a404c5fad89c8022cc54df3e85672cd9a5,0+2,0,12,15,36,,
development,1842,eeab65c2611d16a18e9605cfaafe62a404c5fad89c8022cc54df3e85672cd9a5,1+2,7,21,39,85,,
development,1843,eeab65c2611d16a18e9605cfaafe62a404c5fad89c8022cc54df3e85672cd9a5,0+1+2,0,9,12,31,,
development,1844,4609972629a015ebe763025869ff6ca2cb47223aab91a1f76408a76a3d9c4b67,0+1,0,23,39,83,,
development,1845,4609972629a015ebe763025869ff6ca2cb47223aab91a1f76408a76a3d9c4b67,0+2,0,7,18,38,,
development,1846,4609972629a015ebe763025869ff6ca2cb47223aab91a1f76408a76a3d9c4b67,1+2,0,21,41,86,,
development,1847,4609972629a015ebe763025869ff6ca2cb47223aab91a1f76408a76a3d9c4b67,0+1+2,0,7,14,32,,
development,1848,7a1044ea13138873f2b72b0205b849cbaf8889f972ae9b07d9e57eeab46a5dac,0+1,0,25,52,89,,
development,1849,7a1044ea13138873f2b72b0205b849cbaf8889f972ae9b07d9e57eeab46a5dac,0+2,0,12,21,38,,
development,1850,7a1044ea13138873f2b72b0205b849cbaf8889f972ae9b07d9e57eeab46a5dac,1+2,7,30,60,104,,
development,1851,7a1044ea13138873f2b72b0205b849cbaf8889f972ae9b07d9e57eeab46a5dac,0+1+2,0,10,18,33,,
development,1852,49a15a847d6b2f35f025bd19f9ff3dda5214f49b7900ddb544ad2df6cdaf05ff,0+1,0,29,52,86,,
development,1853,49a15a847d6b2f35f025bd19f9ff3dda5214f49b7900ddb544ad2df6cdaf05ff,0+2,0,15,21,37,,
development,1854,49a15a847d6b2f35f025bd19f9ff3dda5214f49b7900ddb544ad2df6cdaf05ff,1+2,12,40,71,109,,
development,1855,49a15a847d6b2f35f025bd19f9ff3dda5214f49b7900ddb544ad2df6cdaf05ff,0+1+2,0,14,17,27,,
development,1856,ab294dbd9de0a2ccd6258dcb51496f28c168d88e7d471ea7e9d0c72e5eaba6e2,0+1,0,23,47,100,,
development,1857,ab294dbd9de0a2ccd6258dcb51496f28c168d88e7d471ea7e9d0c72e5eaba6e2,0+2,0,12,16,33,,
development,1858,ab294dbd9de0a2ccd6258dcb51496f28c168d88e7d471ea7e9d0c72e5eaba6e2,1+2,8,35,61,102,,
development,1859,ab294dbd9de0a2ccd6258dcb51496f28c168d88e7d471ea7e9d0c72e5eaba6e2,0+1+2,0,10,12,24,,
development,1860,de88efb9f262a6c945287bf18b0de68e73e4024482115dc81e586075d5f73ecd,0+1,0,26,45,105,,
development,1861,de88efb9f262a6c945287bf18b0de68e73e4024482115dc81e586075d5f73ecd,0+2,0,3,14,39,,
development,1862,de88efb9f262a6c945287bf18b0de68e73e4024482115dc81e586075d5f73ecd,1+2,1,27,55,116,,
development,1863,de88efb9f262a6c945287bf18b0de68e73e4024482115dc81e586075d5f73ecd,0+1+2,0,3,12,31,,
development,1864,80bbd08a212de79176b7dc3f37cba932a894467d722347e4537faef19b1e433f,0+1,0,29,52,103,,
development,1865,80bbd08a212de79176b7dc3f37cba932a894467d722347e4537faef19b1e433f,0+2,0,9,21,29,,
development,1866,80bbd08a212de79176b7dc3f37cba932a894467d722347e4537faef19b1e433f,1+2,8,36,61,108,,
development,1867,80bbd08a212de79176b7dc3f37cba932a894467d722347e4537faef19b1e433f,0+1+2,0,8,16,23,,
development,1868,f34715a297dea58009c5ef9d86d684663587c4a7a35526b73576a2fb416fd6f5,0+1,7,35,54,113,,
development,1869,f34715a297dea58009c5ef9d86d684663587c4a7a35526b73576a2fb416fd6f5,0+2,0,8,17,36,,
development,1870,f34715a297dea58009c5ef9d86d684663587c4a7a35526b73576a2fb416fd6f5,1+2,0,25,50,106,,
development,1871,f34715a297dea58009c5ef9d86d684663587c4a7a35526b73576a2fb416fd6f5,0+1+2,0,7,11,27,,
development,1872,eea919ffca623335beb3b24288dd6e6c35448dcedec3d7a27708726a487e0ca5,0+1,0,27,43,100,,
development,1873,eea919ffca623335beb3b24288dd6e6c35448dcedec3d7a27708726a487e0ca5,0+2,0,2,8,30,,
development,1874,eea919ffca623335beb3b24288dd6e6c35448dcedec3d7a27708726a487e0ca5,1+2,0,22,49,105,,
development,1875,eea919ffca623335beb3b24288dd6e6c35448dcedec3d7a27708726a487e0ca5,0+1+2,0,2,7,24,,
development,1876,afc8629ef24b6850ade19fed13bf6bdc334a56166e2cdc382145a84aec38a3f4,0+1,0,28,47,110,,
development,1877,afc8629ef24b6850ade19fed13bf6bdc334a56166e2cdc382145a84aec38a3f4,0+2,0,10,19,39,,
development,1878,afc8629ef24b6850ade19fed13bf6bdc334a56166e2cdc382145a84aec38a3f4,1+2,8,33,57,114,,
development,1879,afc8629ef24b6850ade19fed13bf6bdc334a56166e2cdc382145a84aec38a3f4,0+1+2,0,9,13,30,,
development,1880,87e668f0fb7045f72bee6ef24e26109750a25f2634cdb540a9e24bd667605dc0,0+1,6,30,54,89,,
development,1881,87e668f0fb7045f72bee6ef24e26109750a25f2634cdb540a9e24bd667605dc0,0+2,0,11,18,32,,
development,1882,87e668f0fb7045f72bee6ef24e26109750a25f2634cdb540a9e24bd667605dc0,1+2,0,20,42,79,,
development,1883,87e668f0fb7045f72bee6ef24e26109750a25f2634cdb540a9e24bd667605dc0,0+1+2,0,9,13,21,,
development,1884,a17339051d094c8e6201da4416de6a38e7695060740f952a0b04b1f60db1be52,0+1,3,20,38,84,,
development,1885,a17339051d094c8e6201da4416de6a38e7695060740f952a0b04b1f60db1be52,0+2,0,11,15,32,,
development,1886,a17339051d094c8e6201da4416de6a38e7695060740f952a0b04b1f60db1be52,1+2,0,19,39,93,,
development,1887,a17339051d094c8e6201da4416de6a38e7695060740f952a0b04b1f60db1be52,0+1+2,0,9,9,22,,
development,1888,fdb70e15f6a62a66382fb1e4b725bedf33310e423cbd969ca4b3974dacf12e71,0+1,0,32,54,112,,
development,1889,fdb70e15f6a62a66382fb1e4b725bedf33310e423cbd969ca4b3974dacf12e71,0+2,0,10,20,39,,
development,1890,fdb70e15f6a62a66382fb1e4b725bedf33310e423cbd969ca4b3974dacf12e71,1+2,12,32,53,111,,
development,1891,fdb70e15f6a62a66382fb1e4b725bedf33310e423cbd969ca4b3974dacf12e71,0+1+2,0,10,16,33,,
development,1892,1c531744096538efa091e75650d4bb61ab52eb8ccf6ba879f212cd736410e9b1,0+1,11,36,70,110,,
development,1893,1c531744096538efa091e75650d4bb61ab52eb8ccf6ba879f212cd736410e9b1,0+2,0,8,20,39,,
development,1894,1c531744096538efa091e75650d4bb61ab52eb8ccf6ba879f212cd736410e9b1,1+2,0,21,45,86,,
development,1895,1c531744096538efa091e75650d4bb61ab52eb8ccf6ba879f212cd736410e9b1,0+1+2,0,6,18,32,,
development,1896,9825100b50640590bae201a5479a0ab2c1129104a1a17da52d2787ce94e44812,0+1,1,18,37,74,,
development,1897,9825100b50640590bae201a5479a0ab2c1129104a1a17da52d2787ce94e44812,0+2,0,10,20,41,,
development,1898,9825100b50640590bae201a5479a0ab2c1129104a1a17da52d2787ce94e44812,1+2,0,18,39,84,,
development,1899,9825100b50640590bae201a5479a0ab2c1129104a1a17da52d2787ce94e44812,0+1+2,0,7,16,34,,
development,1900,307b989deec21675ba758638bb0b5f885fce6f1bef2f360175f941e729f2bbfe,0+1,0,25,43,87,,
development,1901,307b989deec21675ba758638bb0b5f885fce6f1bef2f360175f941e729f2bbfe,0+2,0,13,20,40,,
development,1902,307b989deec21675ba758638bb0b5f885fce6f1bef2f360175f941e729f2bbfe,1+2,0,22,45,81,,
development,1903,307b989deec21675ba758638bb0b5f885fce6f1bef2f360175f941e729f2bbfe,0+1+2,0,13,18,37,,
development,1904,4f489caee1430c428eac74ea3472ebb46eacb06b32f6641893032e8a26f1130e,0+1,10,22,39,58,,
development,1905,4f489caee1430c428eac74ea3472ebb46eacb06b32f6641893032e8a26f1130e,0+2,8,17,20,31,,
development,1906,4f489caee1430c428eac74ea3472ebb46eacb06b32f6641893032e8a26f1130e,1+2,12,23,35,58,,
development,1907,4f489caee1430c428eac74ea3472ebb46eacb06b32f6641893032e8a26f1130e,0+1+2,8,17,20,30,,
development,1908,936513d637afc9235aab55a4f5fef877075d83a39726986f97b110704462e8c9,0+1,5,34,57,94,,
development,1909,936513d637afc9235aab55a4f5fef877075d83a39726986f97b110704462e8c9,0+2,0,10,21,38,,
development,1910,936513d637afc9235aab55a4f5fef877075d83a39726986f97b110704462e8c9,1+2,0,22,45,88,,
development,1911,936513d637afc9235aab55a4f5fef877075d83a39726986f97b110704462e8c9,0+1+2,0,10,18,32,,
development,1912,7afe1c1b9a87b36d986bf9c6a836ddeb0d7cc9f75b57a70b0c957699168b91ee,0+1,9,24,43,94,,
development,1913,7afe1c1b9a87b36d986bf9c6a836ddeb0d7cc9f75b57a70b0c957699168b91ee,0+2,0,7,16,34,,
development,1914,7afe1c1b9a87b36d986bf9c6a836ddeb0d7cc9f75b57a70b0c957699168b91ee,1+2,0,20,39,82,,
development,1915,7afe1c1b9a87b36d986bf9c6a836ddeb0d7cc9f75b57a70b0c957699168b91ee,0+1+2,0,2,10,24,,
development,1916,40cc92de06d9116ea28917a2a590fa103cbe4b9ef8010f1d847f8745dab9eafb,0+1,0,21,46,79,,
development,1917,40cc92de06d9116ea28917a2a590fa103cbe4b9ef8010f1d847f8745dab9eafb,0+2,0,5,17,26,,
development,1918,40cc92de06d9116ea28917a2a590fa103cbe4b9ef8010f1d847f8745dab9eafb,1+2,1,20,42,78,,
development,1919,40cc92de06d9116ea28917a2a590fa103cbe4b9ef8010f1d847f8745dab9eafb,0+1+2,0,0,11,16,carrier-grid-gap,
development,1920,1b9202d82ff0902c69157d749af756cdee659e937ede7fe3153046fc09235451,0+1,0,23,44,93,,
development,1921,1b9202d82ff0902c69157d749af756cdee659e937ede7fe3153046fc09235451,0+2,0,4,16,36,,
development,1922,1b9202d82ff0902c69157d749af756cdee659e937ede7fe3153046fc09235451,1+2,0,19,38,92,,
development,1923,1b9202d82ff0902c69157d749af756cdee659e937ede7fe3153046fc09235451,0+1+2,0,0,10,25,track-shape-incompatible,
development,1924,7af30bbcba4e66cf38b9e125d71998d749e665629c264b7973912c9794fc6ec2,0+1,0,18,40,60,,
development,1925,7af30bbcba4e66cf38b9e125d71998d749e665629c264b7973912c9794fc6ec2,0+2,0,10,19,28,,
development,1926,7af30bbcba4e66cf38b9e125d71998d749e665629c264b7973912c9794fc6ec2,1+2,0,13,34,55,,
development,1927,7af30bbcba4e66cf38b9e125d71998d749e665629c264b7973912c9794fc6ec2,0+1+2,0,7,16,24,,
development,1928,11ca2f00eb76f4edaf4461b3724310d628261aaa80c09f0ebbee0608014ba1b9,0+1,0,24,59,103,,
development,1929,11ca2f00eb76f4edaf4461b3724310d628261aaa80c09f0ebbee0608014ba1b9,0+2,0,6,19,32,,
development,1930,11ca2f00eb76f4edaf4461b3724310d628261aaa80c09f0ebbee0608014ba1b9,1+2,9,34,65,114,,
development,1931,11ca2f00eb76f4edaf4461b3724310d628261aaa80c09f0ebbee0608014ba1b9,0+1+2,0,2,15,24,,
development,1932,9b1d33d037fb10a7aa655da65fd27a74adecfa5a07986845e50d4f0571adf8e6,0+1,10,33,65,101,,
development,1933,9b1d33d037fb10a7aa655da65fd27a74adecfa5a07986845e50d4f0571adf8e6,0+2,0,7,20,32,,
development,1934,9b1d33d037fb10a7aa655da65fd27a74adecfa5a07986845e50d4f0571adf8e6,1+2,0,21,45,87,,
development,1935,9b1d33d037fb10a7aa655da65fd27a74adecfa5a07986845e50d4f0571adf8e6,0+1+2,0,4,17,26,,
development,1936,8f5a2a40c3eef97db86711b66fac1cb286cda7b8d99f6a1415f031efb7e379b4,0+1,0,12,14,33,,
development,1937,8f5a2a40c3eef97db86711b66fac1cb286cda7b8d99f6a1415f031efb7e379b4,0+2,0,7,7,19,,
development,1938,8f5a2a40c3eef97db86711b66fac1cb286cda7b8d99f6a1415f031efb7e379b4,1+2,0,8,8,24,,
development,1939,8f5a2a40c3eef97db86711b66fac1cb286cda7b8d99f6a1415f031efb7e379b4,0+1+2,0,7,7,18,,
development,1940,36f64d956513985c02d48a4bb25a6b1cac8e7089a139f292cbae31e5c35fbbd4,0+1,0,38,66,115,,
development,1941,36f64d956513985c02d48a4bb25a6b1cac8e7089a139f292cbae31e5c35fbbd4,0+2,0,14,20,39,,
development,1942,36f64d956513985c02d48a4bb25a6b1cac8e7089a139f292cbae31e5c35fbbd4,1+2,2,30,60,110,,
development,1943,36f64d956513985c02d48a4bb25a6b1cac8e7089a139f292cbae31e5c35fbbd4,0+1+2,0,13,17,31,,
development,1944,9f2135b3c9942d1c9fcefba1644b43a54b7cb7372fa08d6a6371e1eac4e5f3e8,0+1,0,29,50,106,,
development,1945,9f2135b3c9942d1c9fcefba1644b43a54b7cb7372fa08d6a6371e1eac4e5f3e8,0+2,0,7,16,35,,
development,1946,9f2135b3c9942d1c9fcefba1644b43a54b7cb7372fa08d6a6371e1eac4e5f3e8,1+2,8,35,57,112,,
development,1947,9f2135b3c9942d1c9fcefba1644b43a54b7cb7372fa08d6a6371e1eac4e5f3e8,0+1+2,0,7,12,29,,
development,1948,65d7cee808b689bf83d24b5af51597c2f1d459df7a7e20c8fb6ae58e6857b59f,0+1,0,9,20,40,,
development,1949,65d7cee808b689bf83d24b5af51597c2f1d459df7a7e20c8fb6ae58e6857b59f,0+2,0,2,12,24,,
development,1950,65d7cee808b689bf83d24b5af51597c2f1d459df7a7e20c8fb6ae58e6857b59f,1+2,0,11,24,48,,
development,1951,65d7cee808b689bf83d24b5af51597c2f1d459df7a7e20c8fb6ae58e6857b59f,0+1+2,0,2,12,24,,
development,1952,5c0b891656814d4c7cdbaf8cd0a2a6bb5d71af212ceebd7bfa92d256b51df038,0+1,2,14,23,64,,
development,1953,5c0b891656814d4c7cdbaf8cd0a2a6bb5d71af212ceebd7bfa92d256b51df038,0+2,2,15,15,35,,
development,1954,5c0b891656814d4c7cdbaf8cd0a2a6bb5d71af212ceebd7bfa92d256b51df038,1+2,11,23,34,76,,
development,1955,5c0b891656814d4c7cdbaf8cd0a2a6bb5d71af212ceebd7bfa92d256b51df038,0+1+2,2,14,14,32,,
development,1956,74e917ed46f4107aead9c39e5cba0bd3883eb3a015fb2611498eb5005737c9f8,0+1,0,0,0,21,outside-carrier-range,
development,1957,74e917ed46f4107aead9c39e5cba0bd3883eb3a015fb2611498eb5005737c9f8,0+2,0,0,0,12,outside-carrier-range,
development,1958,74e917ed46f4107aead9c39e5cba0bd3883eb3a015fb2611498eb5005737c9f8,1+2,0,0,0,24,outside-carrier-range,
development,1959,74e917ed46f4107aead9c39e5cba0bd3883eb3a015fb2611498eb5005737c9f8,0+1+2,0,0,0,12,outside-carrier-range,
development,1960,c730a02b838a65c2fcb3d4ea1ede7d233383ccc18757e01ddbda350ebbd5470e,0+1,12,21,34,74,,
development,1961,c730a02b838a65c2fcb3d4ea1ede7d233383ccc18757e01ddbda350ebbd5470e,0+2,4,5,17,36,,
development,1962,c730a02b838a65c2fcb3d4ea1ede7d233383ccc18757e01ddbda350ebbd5470e,1+2,5,16,28,60,,
development,1963,c730a02b838a65c2fcb3d4ea1ede7d233383ccc18757e01ddbda350ebbd5470e,0+1+2,4,5,17,35,,
development,1964,854424c499ac82b4799bf03582a62bc8a329300ac7a6a9fbcd940ee0c7499b68,0+1,8,25,47,88,,
development,1965,854424c499ac82b4799bf03582a62bc8a329300ac7a6a9fbcd940ee0c7499b68,0+2,1,7,21,41,,
development,1966,854424c499ac82b4799bf03582a62bc8a329300ac7a6a9fbcd940ee0c7499b68,1+2,5,17,34,79,,
development,1967,854424c499ac82b4799bf03582a62bc8a329300ac7a6a9fbcd940ee0c7499b68,0+1+2,1,7,20,37,,
development,1968,1348f15aca00ac77d0cf4fcdf5f0c2c64ea0ebc2072295eacb28089260c13fb7,0+1,4,23,40,77,,
development,1969,1348f15aca00ac77d0cf4fcdf5f0c2c64ea0ebc2072295eacb28089260c13fb7,0+2,3,7,20,42,,
development,1970,1348f15aca00ac77d0cf4fcdf5f0c2c64ea0ebc2072295eacb28089260c13fb7,1+2,11,22,36,82,,
development,1971,1348f15aca00ac77d0cf4fcdf5f0c2c64ea0ebc2072295eacb28089260c13fb7,0+1+2,3,7,17,36,,
development,1972,f1e4b0bc91d2f3d05e26825743dcaa4e85ee772cca6eb4bc139bd563c849aebe,0+1,8,30,53,95,,
development,1973,f1e4b0bc91d2f3d05e26825743dcaa4e85ee772cca6eb4bc139bd563c849aebe,0+2,8,15,25,45,,
development,1974,f1e4b0bc91d2f3d05e26825743dcaa4e85ee772cca6eb4bc139bd563c849aebe,1+2,13,24,37,82,,
development,1975,f1e4b0bc91d2f3d05e26825743dcaa4e85ee772cca6eb4bc139bd563c849aebe,0+1+2,8,15,20,37,,
development,1976,28f006ec4f848f41cfc20b10f3a922e0773985b8ac578c10fcec83b28e5d166b,0+1,0,8,20,60,,
development,1977,28f006ec4f848f41cfc20b10f3a922e0773985b8ac578c10fcec83b28e5d166b,0+2,0,5,10,29,,
development,1978,28f006ec4f848f41cfc20b10f3a922e0773985b8ac578c10fcec83b28e5d166b,1+2,0,13,23,69,,
development,1979,28f006ec4f848f41cfc20b10f3a922e0773985b8ac578c10fcec83b28e5d166b,0+1+2,0,5,10,26,,
development,1980,8e059a407303de837d245e1b6cadd115a62e72661cdb1c4949a79d31316aa853,0+1,10,38,58,93,,
development,1981,8e059a407303de837d245e1b6cadd115a62e72661cdb1c4949a79d31316aa853,0+2,0,8,21,33,,
development,1982,8e059a407303de837d245e1b6cadd115a62e72661cdb1c4949a79d31316aa853,1+2,0,21,44,80,,
development,1983,8e059a407303de837d245e1b6cadd115a62e72661cdb1c4949a79d31316aa853,0+1+2,0,5,15,23,,
development,1984,c61ecd2f47b6a64d0cf7f6be926d96c1a49d132f5b5df3045b3bddccddf7d437,0+1,8,32,52,95,,
development,1985,c61ecd2f47b6a64d0cf7f6be926d96c1a49d132f5b5df3045b3bddccddf7d437,0+2,0,2,14,33,,
development,1986,c61ecd2f47b6a64d0cf7f6be926d96c1a49d132f5b5df3045b3bddccddf7d437,1+2,0,20,40,86,,
development,1987,c61ecd2f47b6a64d0cf7f6be926d96c1a49d132f5b5df3045b3bddccddf7d437,0+1+2,0,0,10,22,track-shape-incompatible,
development,1988,b6b0314dc8ba90a3d7f4f11ce8b8c9036c029c1756fce1bcebddad04f1e10246,0+1,4,22,49,104,,
development,1989,b6b0314dc8ba90a3d7f4f11ce8b8c9036c029c1756fce1bcebddad04f1e10246,0+2,4,12,16,36,,
development,1990,b6b0314dc8ba90a3d7f4f11ce8b8c9036c029c1756fce1bcebddad04f1e10246,1+2,0,22,41,96,,
development,1991,b6b0314dc8ba90a3d7f4f11ce8b8c9036c029c1756fce1bcebddad04f1e10246,0+1+2,0,5,9,25,,
development,1992,b9243942e67bad29c6cc8a8e8c69f5fddecc501cee1f56814d2478235badb3fa,0+1,1,33,56,107,,
development,1993,b9243942e67bad29c6cc8a8e8c69f5fddecc501cee1f56814d2478235badb3fa,0+2,6,15,27,35,,
development,1994,b9243942e67bad29c6cc8a8e8c69f5fddecc501cee1f56814d2478235badb3fa,1+2,3,29,54,99,,
development,1995,b9243942e67bad29c6cc8a8e8c69f5fddecc501cee1f56814d2478235badb3fa,0+1+2,1,8,16,22,,
development,1996,d0e426c9fe0a0fe06c1bff2c0c3335e9ce65e33147d11da0af1c1eeabc376b8e,0+1,6,31,49,85,,
development,1997,d0e426c9fe0a0fe06c1bff2c0c3335e9ce65e33147d11da0af1c1eeabc376b8e,0+2,0,14,20,31,,
development,1998,d0e426c9fe0a0fe06c1bff2c0c3335e9ce65e33147d11da0af1c1eeabc376b8e,1+2,0,24,46,71,,
development,1999,d0e426c9fe0a0fe06c1bff2c0c3335e9ce65e33147d11da0af1c1eeabc376b8e,0+1+2,0,14,17,28,,
development,2000,f7d88ac5a67b57e276e8a1c374083148bc63d7a2c515e1a23a2238d127373dd1,0+1,10,40,63,97,,
development,2001,f7d88ac5a67b57e276e8a1c374083148bc63d7a2c515e1a23a2238d127373dd1,0+2,0,14,19,32,,
development,2002,f7d88ac5a67b57e276e8a1c374083148bc63d7a2c515e1a23a2238d127373dd1,1+2,0,25,53,92,,
development,2003,f7d88ac5a67b57e276e8a1c374083148bc63d7a2c515e1a23a2238d127373dd1,0+1+2,0,14,16,24,,
development,2004,27f81fc6480d6d4191e576133287fedcf724c8d522321dad03c94bb3a22ea785,0+1,5,33,56,102,,
development,2005,27f81fc6480d6d4191e576133287fedcf724c8d522321dad03c94bb3a22ea785,0+2,0,12,18,30,,
development,2006,27f81fc6480d6d4191e576133287fedcf724c8d522321dad03c94bb3a22ea785,1+2,0,29,55,96,,
development,2007,27f81fc6480d6d4191e576133287fedcf724c8d522321dad03c94bb3a22ea785,0+1+2,0,12,14,21,,
development,2008,a9c19cbffc494690e9b382ff9c6457ac6a14d26505299c7da07c24d5b79de56b,0+1,5,29,50,97,,
development,2009,a9c19cbffc494690e9b382ff9c6457ac6a14d26505299c7da07c24d5b79de56b,0+2,0,6,13,29,,
development,2010,a9c19cbffc494690e9b382ff9c6457ac6a14d26505299c7da07c24d5b79de56b,1+2,0,21,39,96,,
development,2011,a9c19cbffc494690e9b382ff9c6457ac6a14d26505299c7da07c24d5b79de56b,0+1+2,0,2,8,20,,
development,2012,0da8d6fa1d4c0914d3342969cefd1a3591e23aa36abc93bbd419f9356e6916d2,0+1,0,26,49,92,,
development,2013,0da8d6fa1d4c0914d3342969cefd1a3591e23aa36abc93bbd419f9356e6916d2,0+2,0,13,26,37,,
development,2014,0da8d6fa1d4c0914d3342969cefd1a3591e23aa36abc93bbd419f9356e6916d2,1+2,11,43,73,117,,
development,2015,0da8d6fa1d4c0914d3342969cefd1a3591e23aa36abc93bbd419f9356e6916d2,0+1+2,0,9,19,30,,
development,2016,a0d7e73e1906282b68d8490f7de92136116cf24ad413057b8074d1babba036fa,0+1,8,42,66,106,,
development,2017,a0d7e73e1906282b68d8490f7de92136116cf24ad413057b8074d1babba036fa,0+2,8,21,29,46,,
development,2018,a0d7e73e1906282b68d8490f7de92136116cf24ad413057b8074d1babba036fa,1+2,6,28,59,98,,
development,2019,a0d7e73e1906282b68d8490f7de92136116cf24ad413057b8074d1babba036fa,0+1+2,6,18,24,37,,
development,2020,181a4f0b48ea6c27040fc26f9791c380da0c295d31924dcddaa2adb76cc8d3a1,0+1,4,20,40,85,,
development,2021,181a4f0b48ea6c27040fc26f9791c380da0c295d31924dcddaa2adb76cc8d3a1,0+2,0,4,16,35,,
development,2022,181a4f0b48ea6c27040fc26f9791c380da0c295d31924dcddaa2adb76cc8d3a1,1+2,0,21,43,88,,
development,2023,181a4f0b48ea6c27040fc26f9791c380da0c295d31924dcddaa2adb76cc8d3a1,0+1+2,0,0,11,28,carrier-grid-gap,
development,2024,c5aa47a5f723adb3711ff415b8f4ae25945f13e85fb62b957d2de3019b3fecd6,0+1,0,18,43,85,,
development,2025,c5aa47a5f723adb3711ff415b8f4ae25945f13e85fb62b957d2de3019b3fecd6,0+2,0,7,20,40,,
development,2026,c5aa47a5f723adb3711ff415b8f4ae25945f13e85fb62b957d2de3019b3fecd6,1+2,0,21,41,78,,
development,2027,c5aa47a5f723adb3711ff415b8f4ae25945f13e85fb62b957d2de3019b3fecd6,0+1+2,0,6,19,35,,
development,2028,635fab029c3dfdcfbb2d68326efb0dd7b4f8857b0b4673aa3538b224fbb96266,0+1,0,15,28,69,,
development,2029,635fab029c3dfdcfbb2d68326efb0dd7b4f8857b0b4673aa3538b224fbb96266,0+2,0,0,13,33,outside-carrier-range,
development,2030,635fab029c3dfdcfbb2d68326efb0dd7b4f8857b0b4673aa3538b224fbb96266,1+2,0,11,23,68,,
development,2031,635fab029c3dfdcfbb2d68326efb0dd7b4f8857b0b4673aa3538b224fbb96266,0+1+2,0,0,12,30,outside-carrier-range,
development,2032,dd1f66b6126cf0dcc4bb7aea6babf1ce5395eee7a3ea17c0125600ad7011c4eb,0+1,0,20,38,78,,
development,2033,dd1f66b6126cf0dcc4bb7aea6babf1ce5395eee7a3ea17c0125600ad7011c4eb,0+2,0,12,18,39,,
development,2034,dd1f66b6126cf0dcc4bb7aea6babf1ce5395eee7a3ea17c0125600ad7011c4eb,1+2,0,21,41,76,,
development,2035,dd1f66b6126cf0dcc4bb7aea6babf1ce5395eee7a3ea17c0125600ad7011c4eb,0+1+2,0,10,15,34,,
development,2036,a43ea86715b84f1d9441ffea0af8c3013242485e008eb7e258c048e3c6971a93,0+1,0,4,17,39,,
development,2037,a43ea86715b84f1d9441ffea0af8c3013242485e008eb7e258c048e3c6971a93,0+2,0,0,10,22,outside-carrier-range,
development,2038,a43ea86715b84f1d9441ffea0af8c3013242485e008eb7e258c048e3c6971a93,1+2,0,1,11,34,,
development,2039,a43ea86715b84f1d9441ffea0af8c3013242485e008eb7e258c048e3c6971a93,0+1+2,0,0,10,22,outside-carrier-range,
development,2040,57527f48cdb32b8c50c93a8ca16f609159e0f5500b099c0d10681e53f4f314e7,0+1,8,27,43,80,,
development,2041,57527f48cdb32b8c50c93a8ca16f609159e0f5500b099c0d10681e53f4f314e7,0+2,0,5,15,36,,
development,2042,57527f48cdb32b8c50c93a8ca16f609159e0f5500b099c0d10681e53f4f314e7,1+2,0,20,43,90,,
development,2043,57527f48cdb32b8c50c93a8ca16f609159e0f5500b099c0d10681e53f4f314e7,0+1+2,0,4,12,30,,
development,2044,e39d590affd4f39ae75afd5c64ad240b9f9e583eac8cda656b9d099796e58560,0+1,0,23,54,97,,
development,2045,e39d590affd4f39ae75afd5c64ad240b9f9e583eac8cda656b9d099796e58560,0+2,0,7,19,31,,
development,2046,e39d590affd4f39ae75afd5c64ad240b9f9e583eac8cda656b9d099796e58560,1+2,9,37,68,107,,
development,2047,e39d590affd4f39ae75afd5c64ad240b9f9e583eac8cda656b9d099796e58560,0+1+2,0,4,16,26,,
development,2048,4a3748911035b065e32219f8ad3a38947716e44005ae4c7926df8e4d57753243,0+1,0,9,19,39,,
development,2049,4a3748911035b065e32219f8ad3a38947716e44005ae4c7926df8e4d57753243,0+2,0,8,12,15,,
development,2050,4a3748911035b065e32219f8ad3a38947716e44005ae4c7926df8e4d57753243,1+2,0,13,24,30,,
development,2051,4a3748911035b065e32219f8ad3a38947716e44005ae4c7926df8e4d57753243,0+1+2,0,8,12,15,,
development,2052,10a46a1a4ac60eb44f34083768e5c4196c10089367e6422e1d6f17f84b87a0af,0+1,4,31,47,96,,
development,2053,10a46a1a4ac60eb44f34083768e5c4196c10089367e6422e1d6f17f84b87a0af,0+2,3,5,15,35,,
development,2054,10a46a1a4ac60eb44f34083768e5c4196c10089367e6422e1d6f17f84b87a0af,1+2,0,18,42,94,,
development,2055,10a46a1a4ac60eb44f34083768e5c4196c10089367e6422e1d6f17f84b87a0af,0+1+2,0,0,8,23,track-shape-incompatible,
development,2056,1e0b00f339d75ce5d31e370758c853310533620ddc04e49e33501c1560c8e3b0,0+1,0,28,46,103,,
development,2057,1e0b00f339d75ce5d31e370758c853310533620ddc04e49e33501c1560c8e3b0,0+2,0,0,9,29,carrier-grid-gap,
development,2058,1e0b00f339d75ce5d31e370758c853310533620ddc04e49e33501c1560c8e3b0,1+2,9,29,53,103,,
development,2059,1e0b00f339d75ce5d31e370758c853310533620ddc04e49e33501c1560c8e3b0,0+1+2,0,0,7,21,carrier-grid-gap,
development,2060,e0dc4d90b28ef0555fa133da10824c4981c1f61aaba4649f2719ae13be7bb1c3,0+1,2,27,54,95,,
development,2061,e0dc4d90b28ef0555fa133da10824c4981c1f61aaba4649f2719ae13be7bb1c3,0+2,0,11,14,28,,
development,2062,e0dc4d90b28ef0555fa133da10824c4981c1f61aaba4649f2719ae13be7bb1c3,1+2,0,29,55,102,,
development,2063,e0dc4d90b28ef0555fa133da10824c4981c1f61aaba4649f2719ae13be7bb1c3,0+1+2,0,11,11,19,,
development,2064,02e0e369f67bd7e86373ca6e5fd5b891f70ab3f73834539561ec46b9915c7f6b,0+1,0,12,22,43,,
development,2065,02e0e369f67bd7e86373ca6e5fd5b891f70ab3f73834539561ec46b9915c7f6b,0+2,0,2,7,20,,
development,2066,02e0e369f67bd7e86373ca6e5fd5b891f70ab3f73834539561ec46b9915c7f6b,1+2,0,11,22,45,,
development,2067,02e0e369f67bd7e86373ca6e5fd5b891f70ab3f73834539561ec46b9915c7f6b,0+1+2,0,1,5,17,,
development,2068,017bb657070697065dbc9c984276f7fe8e0b6799e92eaecf92f77c0d08e24c82,0+1,7,32,54,94,,
development,2069,017bb657070697065dbc9c984276f7fe8e0b6799e92eaecf92f77c0d08e24c82,0+2,0,5,16,29,,
development,2070,017bb657070697065dbc9c984276f7fe8e0b6799e92eaecf92f77c0d08e24c82,1+2,0,27,53,93,,
development,2071,017bb657070697065dbc9c984276f7fe8e0b6799e92eaecf92f77c0d08e24c82,0+1+2,0,3,12,19,,
development,2072,6f58da83ea4eac2a98a80b3be1c2600668cb50c37f92d071340442f42d95ec2b,0+1,0,13,22,45,,
development,2073,6f58da83ea4eac2a98a80b3be1c2600668cb50c37f92d071340442f42d95ec2b,0+2,0,8,11,24,,
development,2074,6f58da83ea4eac2a98a80b3be1c2600668cb50c37f92d071340442f42d95ec2b,1+2,0,11,22,45,,
development,2075,6f58da83ea4eac2a98a80b3be1c2600668cb50c37f92d071340442f42d95ec2b,0+1+2,0,8,11,24,,
development,2076,245d75c3f94c6d13ba6b934cc961d04a056ba534488064087ebd102006cd660e,0+1,7,26,48,101,,
development,2077,245d75c3f94c6d13ba6b934cc961d04a056ba534488064087ebd102006cd660e,0+2,6,15,19,39,,
development,2078,245d75c3f94c6d13ba6b934cc961d04a056ba534488064087ebd102006cd660e,1+2,3,25,44,102,,
development,2079,245d75c3f94c6d13ba6b934cc961d04a056ba534488064087ebd102006cd660e,0+1+2,3,9,13,29,,
development,2080,2616d22e42505a70626331b589fe69c0929fd4e7ce19e6b1a67cc8c2f251a2fb,0+1,11,33,52,90,,
development,2081,2616d22e42505a70626331b589fe69c0929fd4e7ce19e6b1a67cc8c2f251a2fb,0+2,0,11,20,37,,
development,2082,2616d22e42505a70626331b589fe69c0929fd4e7ce19e6b1a67cc8c2f251a2fb,1+2,0,24,46,88,,
development,2083,2616d22e42505a70626331b589fe69c0929fd4e7ce19e6b1a67cc8c2f251a2fb,0+1+2,0,11,18,30,,
development,2084,7dce2a1f32265f8b0b9bc12078a8f253abf6d0749e6ce767c609395e6c9717ce,0+1,0,18,34,73,,
development,2085,7dce2a1f32265f8b0b9bc12078a8f253abf6d0749e6ce767c609395e6c9717ce,0+2,0,10,14,33,,
development,2086,7dce2a1f32265f8b0b9bc12078a8f253abf6d0749e6ce767c609395e6c9717ce,1+2,0,20,40,83,,
development,2087,7dce2a1f32265f8b0b9bc12078a8f253abf6d0749e6ce767c609395e6c9717ce,0+1+2,0,9,9,25,,
development,2088,1a2c72d351592677f3c633b99f311b5acab2c0033176ff954b4cec2fcbdf0e4f,0+1,5,23,46,86,,
development,2089,1a2c72d351592677f3c633b99f311b5acab2c0033176ff954b4cec2fcbdf0e4f,0+2,0,12,20,41,,
development,2090,1a2c72d351592677f3c633b99f311b5acab2c0033176ff954b4cec2fcbdf0e4f,1+2,0,21,42,77,,
development,2091,1a2c72d351592677f3c633b99f311b5acab2c0033176ff954b4cec2fcbdf0e4f,0+1+2,0,8,16,35,,
development,2092,2642807b06f0abceeca32e2d8ea1d80ce6f5ffa10ac0ac46eb79438d790f0605,0+1,0,9,22,65,,
development,2093,2642807b06f0abceeca32e2d8ea1d80ce6f5ffa10ac0ac46eb79438d790f0605,0+2,0,0,13,34,carrier-grid-gap,
development,2094,2642807b06f0abceeca32e2d8ea1d80ce6f5ffa10ac0ac46eb79438d790f0605,1+2,0,10,24,67,,
development,2095,2642807b06f0abceeca32e2d8ea1d80ce6f5ffa10ac0ac46eb79438d790f0605,0+1+2,0,0,13,33,carrier-grid-gap,
development,2096,f4e4f64846845034e191c777aa556d621eef90dba132ec039d5bc2bb3be9c8d2,0+1,0,9,18,56,,
development,2097,f4e4f64846845034e191c777aa556d621eef90dba132ec039d5bc2bb3be9c8d2,0+2,0,5,12,33,,
development,2098,f4e4f64846845034e191c777aa556d621eef90dba132ec039d5bc2bb3be9c8d2,1+2,3,14,26,68,,
development,2099,f4e4f64846845034e191c777aa556d621eef90dba132ec039d5bc2bb3be9c8d2,0+1+2,0,5,12,30,,
development,2100,022e24bf022e10d5fb43f420c0e13b4163b6c6f51f7620dcc3745a7ca8bb7f8d,0+1,0,18,35,53,,
development,2101,022e24bf022e10d5fb43f420c0e13b4163b6c6f51f7620dcc3745a7ca8bb7f8d,0+2,0,12,14,22,,
development,2102,022e24bf022e10d5fb43f420c0e13b4163b6c6f51f7620dcc3745a7ca8bb7f8d,1+2,0,23,42,64,,
development,2103,022e24bf022e10d5fb43f420c0e13b4163b6c6f51f7620dcc3745a7ca8bb7f8d,0+1+2,0,11,12,18,,
development,2104,50b95187ac17b9d6b78c2cea54481f6683dabd99a2c7112c2d5282de294da63a,0+1,10,33,47,98,,
development,2105,50b95187ac17b9d6b78c2cea54481f6683dabd99a2c7112c2d5282de294da63a,0+2,0,6,15,34,,
development,2106,50b95187ac17b9d6b78c2cea54481f6683dabd99a2c7112c2d5282de294da63a,1+2,0,20,41,86,,
development,2107,50b95187ac17b9d6b78c2cea54481f6683dabd99a2c7112c2d5282de294da63a,0+1+2,0,6,11,27,,
development,2108,a2406f5c59aefc7a61c46bdf583e486e8610c971b6333702ab6258697164139a,0+1,8,26,45,98,,
development,2109,a2406f5c59aefc7a61c46bdf583e486e8610c971b6333702ab6258697164139a,0+2,0,7,12,31,,
development,2110,a2406f5c59aefc7a61c46bdf583e486e8610c971b6333702ab6258697164139a,1+2,0,20,37,82,,
development,2111,a2406f5c59aefc7a61c46bdf583e486e8610c971b6333702ab6258697164139a,0+1+2,0,2,6,21,,
development,2112,4322e14ef71a0da3f0be96372914f7d910200495ea6b8f3160a00f69f7587572,0+1,0,0,0,20,outside-carrier-range,
development,2113,4322e14ef71a0da3f0be96372914f7d910200495ea6b8f3160a00f69f7587572,0+2,0,0,0,13,outside-carrier-range,
development,2114,4322e14ef71a0da3f0be96372914f7d910200495ea6b8f3160a00f69f7587572,1+2,0,0,0,20,outside-carrier-range,
development,2115,4322e14ef71a0da3f0be96372914f7d910200495ea6b8f3160a00f69f7587572,0+1+2,0,0,0,13,outside-carrier-range,
development,2116,beb3f21a8b4665eec4ed31549c87056ecab68cb7948dbd5d165d72544c608281,0+1,0,10,18,30,,
development,2117,beb3f21a8b4665eec4ed31549c87056ecab68cb7948dbd5d165d72544c608281,0+2,0,11,11,18,,
development,2118,beb3f21a8b4665eec4ed31549c87056ecab68cb7948dbd5d165d72544c608281,1+2,0,12,16,25,,
development,2119,beb3f21a8b4665eec4ed31549c87056ecab68cb7948dbd5d165d72544c608281,0+1+2,0,10,10,17,,
development,2120,757fcb5cf77fa16fe7058d8842f123ac0de27c042b008b26797125b443650310,0+1,9,39,62,108,,
development,2121,757fcb5cf77fa16fe7058d8842f123ac0de27c042b008b26797125b443650310,0+2,0,15,21,36,,
development,2122,757fcb5cf77fa16fe7058d8842f123ac0de27c042b008b26797125b443650310,1+2,0,28,48,100,,
development,2123,757fcb5cf77fa16fe7058d8842f123ac0de27c042b008b26797125b443650310,0+1+2,0,13,15,25,,
development,2124,d7965d5bafaa08b07f662e3582ea2e2749c2f046f7204d9fc01f77feebe3ed0c,0+1,9,37,67,110,,
development,2125,d7965d5bafaa08b07f662e3582ea2e2749c2f046f7204d9fc01f77feebe3ed0c,0+2,0,4,17,33,,
development,2126,d7965d5bafaa08b07f662e3582ea2e2749c2f046f7204d9fc01f77feebe3ed0c,1+2,0,25,54,101,,
development,2127,d7965d5bafaa08b07f662e3582ea2e2749c2f046f7204d9fc01f77feebe3ed0c,0+1+2,0,1,14,23,,
development,2128,b7c536620be8611b6978a6bac0abc756a761b02c4a5d7d8d91e13ea98be347de,0+1,0,13,22,40,,
development,2129,b7c536620be8611b6978a6bac0abc756a761b02c4a5d7d8d91e13ea98be347de,0+2,0,7,11,24,,
development,2130,b7c536620be8611b6978a6bac0abc756a761b02c4a5d7d8d91e13ea98be347de,1+2,0,11,23,41,,
development,2131,b7c536620be8611b6978a6bac0abc756a761b02c4a5d7d8d91e13ea98be347de,0+1+2,0,7,11,23,,
development,2132,64386a2d1b8bdf343c551e2ef13287bcbc44cdf77328514cad7d30522a483021,0+1,0,23,44,96,,
development,2133,64386a2d1b8bdf343c551e2ef13287bcbc44cdf77328514cad7d30522a483021,0+2,0,4,14,32,,
development,2134,64386a2d1b8bdf343c551e2ef13287bcbc44cdf77328514cad7d30522a483021,1+2,0,23,53,99,,
development,2135,64386a2d1b8bdf343c551e2ef13287bcbc44cdf77328514cad7d30522a483021,0+1+2,0,1,11,23,,
development,2136,b89aeaf896757207f57a2e94d2a3d5e32e4b465ffc49b8a039c2ebe090e9fffb,0+1,0,24,51,94,,
development,2137,b89aeaf896757207f57a2e94d2a3d5e32e4b465ffc49b8a039c2ebe090e9fffb,0+2,0,7,20,35,,
development,2138,b89aeaf896757207f57a2e94d2a3d5e32e4b465ffc49b8a039c2ebe090e9fffb,1+2,11,41,70,114,,
development,2139,b89aeaf896757207f57a2e94d2a3d5e32e4b465ffc49b8a039c2ebe090e9fffb,0+1+2,0,4,15,24,,
development,2140,4941552f4f06523db528fa01c3e25b87f27c5bae41fc1f0e67d5184ea4f38b20,0+1,11,29,46,96,,
development,2141,4941552f4f06523db528fa01c3e25b87f27c5bae41fc1f0e67d5184ea4f38b20,0+2,0,2,12,31,,
development,2142,4941552f4f06523db528fa01c3e25b87f27c5bae41fc1f0e67d5184ea4f38b20,1+2,0,18,38,91,,
development,2143,4941552f4f06523db528fa01c3e25b87f27c5bae41fc1f0e67d5184ea4f38b20,0+1+2,0,0,8,22,track-shape-incompatible,
development,2144,67076e1d4af256070461c569d530c3e38abaec4c4421a878980f5dea8278e649,0+1,4,27,43,96,,
development,2145,67076e1d4af256070461c569d530c3e38abaec4c4421a878980f5dea8278e649,0+2,0,4,12,34,,
development,2146,67076e1d4af256070461c569d530c3e38abaec4c4421a878980f5dea8278e649,1+2,0,18,38,81,,
development,2147,67076e1d4af256070461c569d530c3e38abaec4c4421a878980f5dea8278e649,0+1+2,0,4,9,26,,
development,2148,8e191a36b56e5d0cf49d26cb7a45f845126fe8771c7bae8310e0fbc60ee8f958,0+1,0,18,40,80,,
development,2149,8e191a36b56e5d0cf49d26cb7a45f845126fe8771c7bae8310e0fbc60ee8f958,0+2,0,9,14,36,,
development,2150,8e191a36b56e5d0cf49d26cb7a45f845126fe8771c7bae8310e0fbc60ee8f958,1+2,0,23,42,89,,
development,2151,8e191a36b56e5d0cf49d26cb7a45f845126fe8771c7bae8310e0fbc60ee8f958,0+1+2,0,7,12,30,,
development,2152,a119fb26e7307f7bad70739af464dd2457b03961f53dd4fbbfdb8707b8daecdd,0+1,1,19,42,64,,
development,2153,a119fb26e7307f7bad70739af464dd2457b03961f53dd4fbbfdb8707b8daecdd,0+2,0,7,20,32,,
development,2154,a119fb26e7307f7bad70739af464dd2457b03961f53dd4fbbfdb8707b8daecdd,1+2,5,28,51,73,,
development,2155,a119fb26e7307f7bad70739af464dd2457b03961f53dd4fbbfdb8707b8daecdd,0+1+2,0,6,18,29,,
development,2156,7b7f8e936ad2e17c0db7b9c6be07e8c31585956bb8dfcb20291fb7b47f3cc93f,0+1,8,17,30,71,,
development,2157,7b7f8e936ad2e17c0db7b9c6be07e8c31585956bb8dfcb20291fb7b47f3cc93f,0+2,6,11,19,39,,
development,2158,7b7f8e936ad2e17c0db7b9c6be07e8c31585956bb8dfcb20291fb7b47f3cc93f,1+2,11,23,34,77,,
development,2159,7b7f8e936ad2e17c0db7b9c6be07e8c31585956bb8dfcb20291fb7b47f3cc93f,0+1+2,6,11,19,36,,
development,2160,c79151f51908c25d5416cfe1b494d99e86ad9e30a45f1af4a08e0db2b54f1b39,0+1,0,11,28,58,,
development,2161,c79151f51908c25d5416cfe1b494d99e86ad9e30a45f1af4a08e0db2b54f1b39,0+2,0,4,12,25,,
development,2162,c79151f51908c25d5416cfe1b494d99e86ad9e30a45f1af4a08e0db2b54f1b39,1+2,0,11,24,48,,
development,2163,c79151f51908c25d5416cfe1b494d99e86ad9e30a45f1af4a08e0db2b54f1b39,0+1+2,0,4,12,25,,
development,2164,d17f3b708a6a44d02490e81add11466a0a62ffb5c8d5df4a086807dc5615788e,0+1,3,28,51,94,,
development,2165,d17f3b708a6a44d02490e81add11466a0a62ffb5c8d5df4a086807dc5615788e,0+2,0,14,21,41,,
development,2166,d17f3b708a6a44d02490e81add11466a0a62ffb5c8d5df4a086807dc5615788e,1+2,0,19,42,86,,
development,2167,d17f3b708a6a44d02490e81add11466a0a62ffb5c8d5df4a086807dc5615788e,0+1+2,0,12,19,35,,
development,2168,db602c6b3f6e2bdb6d121abab34ff5a1c439ca27ccff8d7c45d59826648d2a0b,0+1,0,20,37,72,,
development,2169,db602c6b3f6e2bdb6d121abab34ff5a1c439ca27ccff8d7c45d59826648d2a0b,0+2,0,6,18,30,,
development,2170,db602c6b3f6e2bdb6d121abab34ff5a1c439ca27ccff8d7c45d59826648d2a0b,1+2,7,28,50,80,,
development,2171,db602c6b3f6e2bdb6d121abab34ff5a1c439ca27ccff8d7c45d59826648d2a0b,0+1+2,0,6,15,23,,
development,2172,97640ab2b7b1232dd08af346f512246feebeba203285788506b27a4372c96e38,0+1,6,30,53,85,,
development,2173,97640ab2b7b1232dd08af346f512246feebeba203285788506b27a4372c96e38,0+2,0,12,17,30,,
development,2174,97640ab2b7b1232dd08af346f512246feebeba203285788506b27a4372c96e38,1+2,0,24,44,82,,
development,2175,97640ab2b7b1232dd08af346f512246feebeba203285788506b27a4372c96e38,0+1+2,0,11,13,20,,
development,2176,8ed760a11865a6386622a9dd4f3bb36ecb28614dfc5699fcf3bce15e506a8b5c,0+1,0,31,53,96,,
development,2177,8ed760a11865a6386622a9dd4f3bb36ecb28614dfc5699fcf3bce15e506a8b5c,0+2,0,10,20,28,,
development,2178,8ed760a11865a6386622a9dd4f3bb36ecb28614dfc5699fcf3bce15e506a8b5c,1+2,8,35,60,96,,
development,2179,8ed760a11865a6386622a9dd4f3bb36ecb28614dfc5699fcf3bce15e506a8b5c,0+1+2,0,9,14,20,,
development,2180,344d112bbd992f3626709cd14d10f74d2b0ec1943cdae135adaa1b9c3fa06ad6,0+1,0,35,59,105,,
development,2181,344d112bbd992f3626709cd14d10f74d2b0ec1943cdae135adaa1b9c3fa06ad6,0+2,0,13,19,31,,
development,2182,344d112bbd992f3626709cd14d10f74d2b0ec1943cdae135adaa1b9c3fa06ad6,1+2,7,38,66,112,,
development,2183,344d112bbd992f3626709cd14d10f74d2b0ec1943cdae135adaa1b9c3fa06ad6,0+1+2,0,13,16,25,,
development,2184,d08ad590dc571d6db07d8e6afeff7fef1190c1cdd111d9d4ba90222c4b40006d,0+1,0,27,43,97,,
development,2185,d08ad590dc571d6db07d8e6afeff7fef1190c1cdd111d9d4ba90222c4b40006d,0+2,0,2,12,28,,
development,2186,d08ad590dc571d6db07d8e6afeff7fef1190c1cdd111d9d4ba90222c4b40006d,1+2,9,28,50,102,,
development,2187,d08ad590dc571d6db07d8e6afeff7fef1190c1cdd111d9d4ba90222c4b40006d,0+1+2,0,0,8,20,track-shape-incompatible,
development,2188,3635d51abcefaf3cd786a9d6c9c80f3f32aae5581ed7540db5a4aa1d691db3ce,0+1,0,26,44,104,,
development,2189,3635d51abcefaf3cd786a9d6c9c80f3f32aae5581ed7540db5a4aa1d691db3ce,0+2,5,11,20,39,,
development,2190,3635d51abcefaf3cd786a9d6c9c80f3f32aae5581ed7540db5a4aa1d691db3ce,1+2,1,23,49,106,,
development,2191,3635d51abcefaf3cd786a9d6c9c80f3f32aae5581ed7540db5a4aa1d691db3ce,0+1+2,0,5,10,25,,
development,2192,5a3a84351d935029287a6276ffab8c162ab34c005b198189558bdbd59026ad7e,0+1,0,18,33,80,,
development,2193,5a3a84351d935029287a6276ffab8c162ab34c005b198189558bdbd59026ad7e,0+2,0,2,12,31,,
development,2194,5a3a84351d935029287a6276ffab8c162ab34c005b198189558bdbd59026ad7e,1+2,7,26,45,93,,
development,2195,5a3a84351d935029287a6276ffab8c162ab34c005b198189558bdbd59026ad7e,0+1+2,0,0,8,22,track-shape-incompatible,
development,2196,2bcdd10df553a77f797c2e4dd6b6a57b6578bcc7c7aea68c3649a8b839dfdea5,0+1,3,24,45,94,,
development,2197,2bcdd10df553a77f797c2e4dd6b6a57b6578bcc7c7aea68c3649a8b839dfdea5,0+2,7,14,21,40,,
development,2198,2bcdd10df553a77f797c2e4dd6b6a57b6578bcc7c7aea68c3649a8b839dfdea5,1+2,2,25,46,100,,
development,2199,2bcdd10df553a77f797c2e4dd6b6a57b6578bcc7c7aea68c3649a8b839dfdea5,0+1+2,2,4,10,25,,
development,2200,aa396de70cd25766e7d1cece35c385390912425adae66fa08b69e7da4da466d4,0+1,0,24,47,90,,
development,2201,aa396de70cd25766e7d1cece35c385390912425adae66fa08b69e7da4da466d4,0+2,1,7,20,33,,
development,2202,aa396de70cd25766e7d1cece35c385390912425adae66fa08b69e7da4da466d4,1+2,7,36,62,99,,
development,2203,aa396de70cd25766e7d1cece35c385390912425adae66fa08b69e7da4da466d4,0+1+2,0,3,14,22,,
development,2204,503e70e10c73cfbbc0bf091da311f4ba49be5fc35f48d1fa0ca008975ef932e7,0+1,0,19,37,86,,
development,2205,503e70e10c73cfbbc0bf091da311f4ba49be5fc35f48d1fa0ca008975ef932e7,0+2,0,2,8,27,,
development,2206,503e70e10c73cfbbc0bf091da311f4ba49be5fc35f48d1fa0ca008975ef932e7,1+2,0,16,38,77,,
development,2207,503e70e10c73cfbbc0bf091da311f4ba49be5fc35f48d1fa0ca008975ef932e7,0+1+2,0,2,4,18,,
development,2208,504385c4d58976e666c92a50aca5a1721d6d22d787877d23c82f2547d16f901e,0+1,0,16,35,71,,
development,2209,504385c4d58976e666c92a50aca5a1721d6d22d787877d23c82f2547d16f901e,0+2,0,11,12,30,,
development,2210,504385c4d58976e666c92a50aca5a1721d6d22d787877d23c82f2547d16f901e,1+2,0,20,37,79,,
development,2211,504385c4d58976e666c92a50aca5a1721d6d22d787877d23c82f2547d16f901e,0+1+2,0,9,9,24,,
development,2212,8774507f26039456e037edbeb477f3fb63b1c2d53e47b296f4c778ff88ea8644,0+1,0,0,2,22,outside-carrier-range,
development,2213,8774507f26039456e037edbeb477f3fb63b1c2d53e47b296f4c778ff88ea8644,0+2,0,0,0,12,outside-carrier-range,
development,2214,8774507f26039456e037edbeb477f3fb63b1c2d53e47b296f4c778ff88ea8644,1+2,0,0,0,24,outside-carrier-range,
development,2215,8774507f26039456e037edbeb477f3fb63b1c2d53e47b296f4c778ff88ea8644,0+1+2,0,0,0,12,outside-carrier-range,
development,2216,8d361e8b1a6151ebb3a1b8a872937619574f4b2013cf13460280c06c68ee9858,0+1,0,9,18,18,,
development,2217,8d361e8b1a6151ebb3a1b8a872937619574f4b2013cf13460280c06c68ee9858,0+2,0,7,13,13,,
development,2218,8d361e8b1a6151ebb3a1b8a872937619574f4b2013cf13460280c06c68ee9858,1+2,0,11,22,22,,
development,2219,8d361e8b1a6151ebb3a1b8a872937619574f4b2013cf13460280c06c68ee9858,0+1+2,0,7,13,13,,
development,2220,32cf4e090dc1b736ae113c3b9908b32a8a696a79b559145e22e844cf9b391056,0+1,0,11,19,58,,
development,2221,32cf4e090dc1b736ae113c3b9908b32a8a696a79b559145e22e844cf9b391056,0+2,0,9,13,34,,
development,2222,32cf4e090dc1b736ae113c3b9908b32a8a696a79b559145e22e844cf9b391056,1+2,0,12,23,66,,
development,2223,32cf4e090dc1b736ae113c3b9908b32a8a696a79b559145e22e844cf9b391056,0+1+2,0,9,13,32,,
development,2224,2c0efe02bcccd4c0a8e38314cdf2e8751da1302446ca716c85c5b6a9563d2b17,0+1,7,31,48,69,,
development,2225,2c0efe02bcccd4c0a8e38314cdf2e8751da1302446ca716c85c5b6a9563d2b17,0+2,5,20,25,38,,
development,2226,2c0efe02bcccd4c0a8e38314cdf2e8751da1302446ca716c85c5b6a9563d2b17,1+2,11,25,49,72,,
development,2227,2c0efe02bcccd4c0a8e38314cdf2e8751da1302446ca716c85c5b6a9563d2b17,0+1+2,5,19,24,37,,
development,2228,5814f4b8fa6e92705a042a8a3b95e7a8ad18da4b5e481407af262440975336da,0+1,0,22,39,82,,
development,2229,5814f4b8fa6e92705a042a8a3b95e7a8ad18da4b5e481407af262440975336da,0+2,0,8,18,37,,
development,2230,5814f4b8fa6e92705a042a8a3b95e7a8ad18da4b5e481407af262440975336da,1+2,0,19,39,84,,
development,2231,5814f4b8fa6e92705a042a8a3b95e7a8ad18da4b5e481407af262440975336da,0+1+2,0,8,13,29,,
development,2232,69639d320c2a72ab06c671681c2fde3989a2d5bcc7af1a1537d72ade16f40983,0+1,11,23,46,81,,
development,2233,69639d320c2a72ab06c671681c2fde3989a2d5bcc7af1a1537d72ade16f40983,0+2,1,3,17,32,,
development,2234,69639d320c2a72ab06c671681c2fde3989a2d5bcc7af1a1537d72ade16f40983,1+2,0,12,33,75,,
development,2235,69639d320c2a72ab06c671681c2fde3989a2d5bcc7af1a1537d72ade16f40983,0+1+2,0,1,14,24,,
development,2236,2930f2e6cfc34e00c84941d249d057554ad4a719bd064bd48ac258c228014629,0+1,0,14,32,82,,
development,2237,2930f2e6cfc34e00c84941d249d057554ad4a719bd064bd48ac258c228014629,0+2,0,7,14,30,,
development,2238,2930f2e6cfc34e00c84941d249d057554ad4a719bd064bd48ac258c228014629,1+2,10,29,47,100,,
development,2239,2930f2e6cfc34e00c84941d249d057554ad4a719bd064bd48ac258c228014629,0+1+2,0,2,8,22,,
development,2240,9d42f4b43c9f412a47e1344f22a33ffe55ab45fdbbba1ae7e95815a25749ae13,0+1,0,0,0,21,outside-carrier-range,
development,2241,9d42f4b43c9f412a47e1344f22a33ffe55ab45fdbbba1ae7e95815a25749ae13,0+2,0,0,0,13,outside-carrier-range,
development,2242,9d42f4b43c9f412a47e1344f22a33ffe55ab45fdbbba1ae7e95815a25749ae13,1+2,0,0,0,21,outside-carrier-range,
development,2243,9d42f4b43c9f412a47e1344f22a33ffe55ab45fdbbba1ae7e95815a25749ae13,0+1+2,0,0,0,13,outside-carrier-range,
development,2244,e1deeafe3ffa79f439064db542b7f32f2400e2793b534d04160ff7606008a0d0,0+1,0,9,18,45,,
development,2245,e1deeafe3ffa79f439064db542b7f32f2400e2793b534d04160ff7606008a0d0,0+2,0,0,11,23,outside-carrier-range,
development,2246,e1deeafe3ffa79f439064db542b7f32f2400e2793b534d04160ff7606008a0d0,1+2,0,12,23,46,,
development,2247,e1deeafe3ffa79f439064db542b7f32f2400e2793b534d04160ff7606008a0d0,0+1+2,0,0,9,21,track-shape-incompatible,
development,2248,708d41d37ed37e487ca3698d99492e5d1be64f30cd9e3de8e03f158196db0ba2,0+1,0,9,20,59,,
development,2249,708d41d37ed37e487ca3698d99492e5d1be64f30cd9e3de8e03f158196db0ba2,0+2,0,1,8,25,,
development,2250,708d41d37ed37e487ca3698d99492e5d1be64f30cd9e3de8e03f158196db0ba2,1+2,0,12,24,66,,
development,2251,708d41d37ed37e487ca3698d99492e5d1be64f30cd9e3de8e03f158196db0ba2,0+1+2,0,1,7,21,,
development,2252,0e0c539bbd4277aecf8a75d2a00672f931491e4bcfe13f1543f6620968b6df95,0+1,9,43,68,114,,
development,2253,0e0c539bbd4277aecf8a75d2a00672f931491e4bcfe13f1543f6620968b6df95,0+2,0,10,19,30,,
development,2254,0e0c539bbd4277aecf8a75d2a00672f931491e4bcfe13f1543f6620968b6df95,1+2,0,28,53,100,,
development,2255,0e0c539bbd4277aecf8a75d2a00672f931491e4bcfe13f1543f6620968b6df95,0+1+2,0,10,15,24,,
development,2256,308f880271e41cc30558fb841699e9d0061e80ea624ae80dc0e0f4b660434b23,0+1,0,12,21,62,,
development,2257,308f880271e41cc30558fb841699e9d0061e80ea624ae80dc0e0f4b660434b23,0+2,0,3,10,31,,
development,2258,308f880271e41cc30558fb841699e9d0061e80ea624ae80dc0e0f4b660434b23,1+2,0,12,23,67,,
development,2259,308f880271e41cc30558fb841699e9d0061e80ea624ae80dc0e0f4b660434b23,0+1+2,0,3,9,26,,
development,2260,e0f466e6a147c09ebb3bb9163c454f70361c5aa64a6035206ff35d9b9da4b955,0+1,4,32,56,107,,
development,2261,e0f466e6a147c09ebb3bb9163c454f70361c5aa64a6035206ff35d9b9da4b955,0+2,0,1,12,30,,
development,2262,e0f466e6a147c09ebb3bb9163c454f70361c5aa64a6035206ff35d9b9da4b955,1+2,0,17,43,96,,
development,2263,e0f466e6a147c09ebb3bb9163c454f70361c5aa64a6035206ff35d9b9da4b955,0+1+2,0,0,8,21,track-shape-incompatible,
development,2264,11c2cc1ac7780c95eff529a861cf48c86b236e2d76b50538c4912b32856b8a7d,0+1,6,30,48,91,,
development,2265,11c2cc1ac7780c95eff529a861cf48c86b236e2d76b50538c4912b32856b8a7d,0+2,0,5,13,28,,
development,2266,11c2cc1ac7780c95eff529a861cf48c86b236e2d76b50538c4912b32856b8a7d,1+2,0,20,38,92,,
development,2267,11c2cc1ac7780c95eff529a861cf48c86b236e2d76b50538c4912b32856b8a7d,0+1+2,0,0,6,18,track-shape-incompatible,
development,2268,bdf8c33f38eac9a930536aec443cdcfd5455c9357d474b8d9cac8e36b4b44f54,0+1,0,0,0,19,outside-carrier-range,
development,2269,bdf8c33f38eac9a930536aec443cdcfd5455c9357d474b8d9cac8e36b4b44f54,0+2,0,0,0,12,outside-carrier-range,
development,2270,bdf8c33f38eac9a930536aec443cdcfd5455c9357d474b8d9cac8e36b4b44f54,1+2,0,0,0,20,outside-carrier-range,
development,2271,bdf8c33f38eac9a930536aec443cdcfd5455c9357d474b8d9cac8e36b4b44f54,0+1+2,0,0,0,12,outside-carrier-range,
development,2272,9a4e41dad6a3cd4d4dfc3a5b418af3635fe302bc8fab8705efa8224aee06ae21,0+1,4,20,39,88,,
development,2273,9a4e41dad6a3cd4d4dfc3a5b418af3635fe302bc8fab8705efa8224aee06ae21,0+2,0,10,12,30,,
development,2274,9a4e41dad6a3cd4d4dfc3a5b418af3635fe302bc8fab8705efa8224aee06ae21,1+2,0,19,38,81,,
development,2275,9a4e41dad6a3cd4d4dfc3a5b418af3635fe302bc8fab8705efa8224aee06ae21,0+1+2,0,8,9,24,,
development,2276,b1599a3cf07d7ff95f5756991853b2aa4bd16eefe48284b0e142fbf1ca67984c,0+1,0,19,35,54,,
development,2277,b1599a3cf07d7ff95f5756991853b2aa4bd16eefe48284b0e142fbf1ca67984c,0+2,0,7,18,29,,
development,2278,b1599a3cf07d7ff95f5756991853b2aa4bd16eefe48284b0e142fbf1ca67984c,1+2,1,12,26,49,,
development,2279,b1599a3cf07d7ff95f5756991853b2aa4bd16eefe48284b0e142fbf1ca67984c,0+1+2,0,7,16,25,,
development,2280,0104f17b154a378ad5de0c9f25a021bcc0a5f9e158848245d746bdbb20929eab,0+1,0,16,28,48,,
development,2281,0104f17b154a378ad5de0c9f25a021bcc0a5f9e158848245d746bdbb20929eab,0+2,0,7,9,22,,
development,2282,0104f17b154a378ad5de0c9f25a021bcc0a5f9e158848245d746bdbb20929eab,1+2,0,11,22,45,,
development,2283,0104f17b154a378ad5de0c9f25a021bcc0a5f9e158848245d746bdbb20929eab,0+1+2,0,6,8,21,,
development,2284,24f38dc0952a01f14123a1350618ce724baab7353854659e95cdb7471fcbb8fb,0+1,0,18,41,62,,
development,2285,24f38dc0952a01f14123a1350618ce724baab7353854659e95cdb7471fcbb8fb,0+2,0,7,20,32,,
development,2286,24f38dc0952a01f14123a1350618ce724baab7353854659e95cdb7471fcbb8fb,1+2,0,22,43,65,,
development,2287,24f38dc0952a01f14123a1350618ce724baab7353854659e95cdb7471fcbb8fb,0+1+2,0,6,18,30,,
development,2288,c5d7bea40722e973dc2ec2eb2fc6952179dcb673293aa4728d0a6d6efb6d3ed9,0+1,0,8,19,19,,
development,2289,c5d7bea40722e973dc2ec2eb2fc6952179dcb673293aa4728d0a6d6efb6d3ed9,0+2,0,2,12,12,,
development,2290,c5d7bea40722e973dc2ec2eb2fc6952179dcb673293aa4728d0a6d6efb6d3ed9,1+2,0,12,25,25,,
development,2291,c5d7bea40722e973dc2ec2eb2fc6952179dcb673293aa4728d0a6d6efb6d3ed9,0+1+2,0,2,12,12,,
development,2292,42c3d3662fb0dd2daf111fb8ab11afe2fb375757076d0826eb53e385c4523816,0+1,13,25,38,79,,
development,2293,42c3d3662fb0dd2daf111fb8ab11afe2fb375757076d0826eb53e385c4523816,0+2,6,11,17,37,,
development,2294,42c3d3662fb0dd2daf111fb8ab11afe2fb375757076d0826eb53e385c4523816,1+2,6,18,31,78,,
development,2295,42c3d3662fb0dd2daf111fb8ab11afe2fb375757076d0826eb53e385c4523816,0+1+2,6,11,17,34,,
development,2296,952adda2d02458d469f8a8998cb96a5f02520147048c59a5797b00db3d3d4a86,0+1,0,12,21,41,,
development,2297,952adda2d02458d469f8a8998cb96a5f02520147048c59a5797b00db3d3d4a86,0+2,0,11,14,26,,
development,2298,952adda2d02458d469f8a8998cb96a5f02520147048c59a5797b00db3d3d4a86,1+2,0,13,24,41,,
development,2299,952adda2d02458d469f8a8998cb96a5f02520147048c59a5797b00db3d3d4a86,0+1+2,0,11,14,25,,
development,2300,dfc805101a984512fa51093a027e5309bf201ff6988289d97f1983c68970cbb7,0+1,0,18,35,61,,
development,2301,dfc805101a984512fa51093a027e5309bf201ff6988289d97f1983c68970cbb7,0+2,0,5,15,23,,
development,2302,dfc805101a984512fa51093a027e5309bf201ff6988289d97f1983c68970cbb7,1+2,0,21,45,68,,
development,2303,dfc805101a984512fa51093a027e5309bf201ff6988289d97f1983c68970cbb7,0+1+2,0,2,12,18,,
development,2304,e78b19a5af8dad8feee1d8ea3998f846908d1f90086bce4daa38962a467d4a7f,0+1,0,24,39,60,,
development,2305,e78b19a5af8dad8feee1d8ea3998f846908d1f90086bce4daa38962a467d4a7f,0+2,0,9,19,27,,
development,2306,e78b19a5af8dad8feee1d8ea3998f846908d1f90086bce4daa38962a467d4a7f,1+2,4,24,45,66,,
development,2307,e78b19a5af8dad8feee1d8ea3998f846908d1f90086bce4daa38962a467d4a7f,0+1+2,0,9,14,21,,
development,2308,90daa5812ad798bdd06de483b21f8e6308d85eeabbe202acd56e233f8fe7945d,0+1,0,29,52,87,,
development,2309,90daa5812ad798bdd06de483b21f8e6308d85eeabbe202acd56e233f8fe7945d,0+2,0,13,18,34,,
development,2310,90daa5812ad798bdd06de483b21f8e6308d85eeabbe202acd56e233f8fe7945d,1+2,6,29,51,89,,
development,2311,90daa5812ad798bdd06de483b21f8e6308d85eeabbe202acd56e233f8fe7945d,0+1+2,0,12,15,24,,
development,2312,7633646be063a9757d3fb50cce6faebaac51759d09687e6f822433222fc8ba42,0+1,0,19,46,105,,
development,2313,7633646be063a9757d3fb50cce6faebaac51759d09687e6f822433222fc8ba42,0+2,0,7,8,28,,
development,2314,7633646be063a9757d3fb50cce6faebaac51759d09687e6f822433222fc8ba42,1+2,1,26,45,98,,
development,2315,7633646be063a9757d3fb50cce6faebaac51759d09687e6f822433222fc8ba42,0+1+2,0,6,7,22,,
development,2316,184bb531b4adde1acba15bd9148984f4ebcb1886f766f27e769cc134a1df12ad,0+1,0,20,49,87,,
development,2317,184bb531b4adde1acba15bd9148984f4ebcb1886f766f27e769cc134a1df12ad,0+2,0,12,16,25,,
development,2318,184bb531b4adde1acba15bd9148984f4ebcb1886f766f27e769cc134a1df12ad,1+2,8,35,58,100,,
development,2319,184bb531b4adde1acba15bd9148984f4ebcb1886f766f27e769cc134a1df12ad,0+1+2,0,10,10,13,,
development,2320,9cb3ad7eaffc706b0e563adb05532d09139d457f9ca95d93c16f86da03772b53,0+1,0,26,46,88,,
development,2321,9cb3ad7eaffc706b0e563adb05532d09139d457f9ca95d93c16f86da03772b53,0+2,0,10,18,25,,
development,2322,9cb3ad7eaffc706b0e563adb05532d09139d457f9ca95d93c16f86da03772b53,1+2,0,27,50,85,,
development,2323,9cb3ad7eaffc706b0e563adb05532d09139d457f9ca95d93c16f86da03772b53,0+1+2,0,9,12,16,,
development,2324,c37f84b3da0284956c330dfbb8a69a1355f46a178da5db4cf365af895c4d081c,0+1,8,31,55,97,,
development,2325,c37f84b3da0284956c330dfbb8a69a1355f46a178da5db4cf365af895c4d081c,0+2,0,5,17,26,,
development,2326,c37f84b3da0284956c330dfbb8a69a1355f46a178da5db4cf365af895c4d081c,1+2,0,25,54,93,,
development,2327,c37f84b3da0284956c330dfbb8a69a1355f46a178da5db4cf365af895c4d081c,0+1+2,0,1,12,16,,
development,2328,a4d7e2f78b2cc006f1ee6d441643a93dc56905944ca3466ef51b53c940bd5651,0+1,6,21,47,95,,
development,2329,a4d7e2f78b2cc006f1ee6d441643a93dc56905944ca3466ef51b53c940bd5651,0+2,0,10,11,27,,
development,2330,a4d7e2f78b2cc006f1ee6d441643a93dc56905944ca3466ef51b53c940bd5651,1+2,0,15,33,84,,
development,2331,a4d7e2f78b2cc006f1ee6d441643a93dc56905944ca3466ef51b53c940bd5651,0+1+2,0,6,6,17,,
development,2332,4533f93a981048b39830194a516a0967e5284a9b3d2b2c02692711038fa99f9d,0+1,0,11,33,71,,
development,2333,4533f93a981048b39830194a516a0967e5284a9b3d2b2c02692711038fa99f9d,0+2,0,0,13,28,outside-carrier-range,
development,2334,4533f93a981048b39830194a516a0967e5284a9b3d2b2c02692711038fa99f9d,1+2,3,14,32,74,,
development,2335,4533f93a981048b39830194a516a0967e5284a9b3d2b2c02692711038fa99f9d,0+1+2,0,0,10,21,track-shape-incompatible,
development,2336,1c07f603c40a29fd8277f5f6eb644e6c0f61d0182c914d203f3d4b71ea849dfe,0+1,0,9,21,39,,
development,2337,1c07f603c40a29fd8277f5f6eb644e6c0f61d0182c914d203f3d4b71ea849dfe,0+2,0,0,13,21,outside-carrier-range,
development,2338,1c07f603c40a29fd8277f5f6eb644e6c0f61d0182c914d203f3d4b71ea849dfe,1+2,6,18,30,52,,
development,2339,1c07f603c40a29fd8277f5f6eb644e6c0f61d0182c914d203f3d4b71ea849dfe,0+1+2,0,0,12,18,outside-carrier-range,
development,2340,36c51b24a073f59fbbf8ce3da68bb243b9e15a303cdebc798b4cf9fd128177d7,0+1,0,20,38,57,,
development,2341,36c51b24a073f59fbbf8ce3da68bb243b9e15a303cdebc798b4cf9fd128177d7,0+2,0,8,20,31,,
development,2342,36c51b24a073f59fbbf8ce3da68bb243b9e15a303cdebc798b4cf9fd128177d7,1+2,0,23,42,66,,
development,2343,36c51b24a073f59fbbf8ce3da68bb243b9e15a303cdebc798b4cf9fd128177d7,0+1+2,0,8,17,28,,
development,2344,037ce00f7bd477f015ed9d4cc9db4364dae32bc1a6d8ae9a96438dc12a1c0187,0+1,0,12,22,43,,
development,2345,037ce00f7bd477f015ed9d4cc9db4364dae32bc1a6d8ae9a96438dc12a1c0187,0+2,0,2,9,22,,
development,2346,037ce00f7bd477f015ed9d4cc9db4364dae32bc1a6d8ae9a96438dc12a1c0187,1+2,0,12,24,48,,
development,2347,037ce00f7bd477f015ed9d4cc9db4364dae32bc1a6d8ae9a96438dc12a1c0187,0+1+2,0,2,7,19,,
development,2348,edf8a8cbe85c5ffe7d7fa9918e3e2bc4a1b78ba9df0ff966d5b59e8f32e34e23,0+1,0,8,19,40,,
development,2349,edf8a8cbe85c5ffe7d7fa9918e3e2bc4a1b78ba9df0ff966d5b59e8f32e34e23,0+2,0,1,10,23,,
development,2350,edf8a8cbe85c5ffe7d7fa9918e3e2bc4a1b78ba9df0ff966d5b59e8f32e34e23,1+2,0,12,22,46,,
development,2351,edf8a8cbe85c5ffe7d7fa9918e3e2bc4a1b78ba9df0ff966d5b59e8f32e34e23,0+1+2,0,1,9,22,,
development,2352,5c977e21b8966a097c38ab867206290fa17f2b9a42c7236f320541192d4a8857,0+1,0,9,21,61,,
development,2353,5c977e21b8966a097c38ab867206290fa17f2b9a42c7236f320541192d4a8857,0+2,0,6,13,33,,
development,2354,5c977e21b8966a097c38ab867206290fa17f2b9a42c7236f320541192d4a8857,1+2,0,12,24,56,,
development,2355,5c977e21b8966a097c38ab867206290fa17f2b9a42c7236f320541192d4a8857,0+1+2,0,6,13,31,,
development,2356,0c77930bdda4a9f733c37ed2bc4871286b1b6b1242dc0bc87d4a715f114e9e7c,0+1,0,9,19,19,,
development,2357,0c77930bdda4a9f733c37ed2bc4871286b1b6b1242dc0bc87d4a715f114e9e7c,0+2,0,3,12,12,,
development,2358,0c77930bdda4a9f733c37ed2bc4871286b1b6b1242dc0bc87d4a715f114e9e7c,1+2,0,11,24,24,,
development,2359,0c77930bdda4a9f733c37ed2bc4871286b1b6b1242dc0bc87d4a715f114e9e7c,0+1+2,0,3,12,12,,
development,2360,3635c48b8c20eb27fca4496e4b6648414afa6e69b9d54cf1c27ca7ab2f8e692b,0+1,0,19,35,74,,
development,2361,3635c48b8c20eb27fca4496e4b6648414afa6e69b9d54cf1c27ca7ab2f8e692b,0+2,0,8,16,33,,
development,2362,3635c48b8c20eb27fca4496e4b6648414afa6e69b9d54cf1c27ca7ab2f8e692b,1+2,9,21,33,77,,
development,2363,3635c48b8c20eb27fca4496e4b6648414afa6e69b9d54cf1c27ca7ab2f8e692b,0+1+2,0,7,9,23,,
development,2364,c4073a14ce19531658b6f16f7b0fdfebcca9e18a008665714f71bcf6204646aa,0+1,0,10,22,31,,
development,2365,c4073a14ce19531658b6f16f7b0fdfebcca9e18a008665714f71bcf6204646aa,0+2,0,8,12,16,,
development,2366,c4073a14ce19531658b6f16f7b0fdfebcca9e18a008665714f71bcf6204646aa,1+2,0,13,24,31,,
development,2367,c4073a14ce19531658b6f16f7b0fdfebcca9e18a008665714f71bcf6204646aa,0+1+2,0,8,12,16,,
development,2368,c23be156135a4655f307f978f581bb5d1c1b5790437f9ecf99a52ebdf3395131,0+1,6,23,47,91,,
development,2369,c23be156135a4655f307f978f581bb5d1c1b5790437f9ecf99a52ebdf3395131,0+2,0,5,19,33,,
development,2370,c23be156135a4655f307f978f581bb5d1c1b5790437f9ecf99a52ebdf3395131,1+2,0,21,48,88,,
development,2371,c23be156135a4655f307f978f581bb5d1c1b5790437f9ecf99a52ebdf3395131,0+1+2,0,0,12,21,carrier-grid-gap,
development,2372,53bcf42b202dbb9a1444e0a3ab81f4939128d61e5ff1cd511bcf0812cf6f3a4c,0+1,8,26,50,99,,
development,2373,53bcf42b202dbb9a1444e0a3ab81f4939128d61e5ff1cd511bcf0812cf6f3a4c,0+2,0,7,7,23,,
development,2374,53bcf42b202dbb9a1444e0a3ab81f4939128d61e5ff1cd511bcf0812cf6f3a4c,1+2,0,17,32,80,,
development,2375,53bcf42b202dbb9a1444e0a3ab81f4939128d61e5ff1cd511bcf0812cf6f3a4c,0+1+2,0,4,4,15,,
development,2376,5e61f051f8d9abcf82c316c28ddaa7383476ce62c5c1e5a5276f991a15f1b64b,0+1,0,17,40,61,,
development,2377,5e61f051f8d9abcf82c316c28ddaa7383476ce62c5c1e5a5276f991a15f1b64b,0+2,0,11,19,27,,
development,2378,5e61f051f8d9abcf82c316c28ddaa7383476ce62c5c1e5a5276f991a15f1b64b,1+2,0,13,23,45,,
development,2379,5e61f051f8d9abcf82c316c28ddaa7383476ce62c5c1e5a5276f991a15f1b64b,0+1+2,0,6,14,20,,
development,2380,52539cbcf70d43f32142532107e15d84a87589a8862b4645d157d93ef9be22d0,0+1,0,21,43,80,,
development,2381,52539cbcf70d43f32142532107e15d84a87589a8862b4645d157d93ef9be22d0,0+2,0,4,15,23,,
development,2382,52539cbcf70d43f32142532107e15d84a87589a8862b4645d157d93ef9be22d0,1+2,10,31,59,97,,
development,2383,52539cbcf70d43f32142532107e15d84a87589a8862b4645d157d93ef9be22d0,0+1+2,0,0,10,13,track-shape-incompatible,
development,2384,a22bba7a3a263cd0d437acacf92b8160723bb6d9ba3159d5ffd7ec57db7a8bc6,0+1,0,27,47,105,,
development,2385,a22bba7a3a263cd0d437acacf92b8160723bb6d9ba3159d5ffd7ec57db7a8bc6,0+2,0,7,15,36,,
development,2386,a22bba7a3a263cd0d437acacf92b8160723bb6d9ba3159d5ffd7ec57db7a8bc6,1+2,6,29,54,108,,
development,2387,a22bba7a3a263cd0d437acacf92b8160723bb6d9ba3159d5ffd7ec57db7a8bc6,0+1+2,0,6,10,28,,
development,2388,3c3dceac41527153df6d5fb41366e97482a129549e6223e4a15aa5e37228514d,0+1,0,24,48,80,,
development,2389,3c3dceac41527153df6d5fb41366e97482a129549e6223e4a15aa5e37228514d,0+2,0,5,16,30,,
development,2390,3c3dceac41527153df6d5fb41366e97482a129549e6223e4a15aa5e37228514d,1+2,8,35,57,95,,
development,2391,3c3dceac41527153df6d5fb41366e97482a129549e6223e4a15aa5e37228514d,0+1+2,0,3,13,21,,
development,2392,80a3058faa0f492d98bb957cde9a8f2a3045ba07a99b0032b9b7910feba260e2,0+1,7,30,46,82,,
development,2393,80a3058faa0f492d98bb957cde9a8f2a3045ba07a99b0032b9b7910feba260e2,0+2,0,8,17,25,,
development,2394,80a3058faa0f492d98bb957cde9a8f2a3045ba07a99b0032b9b7910feba260e2,1+2,0,19,40,74,,
development,2395,80a3058faa0f492d98bb957cde9a8f2a3045ba07a99b0032b9b7910feba260e2,0+1+2,0,8,13,19,,
development,2396,421c0dce77008dc3ab8e3d90679277f5a66114995220ce8557e6e75462b5df4e,0+1,0,8,18,36,,
development,2397,421c0dce77008dc3ab8e3d90679277f5a66114995220ce8557e6e75462b5df4e,0+2,0,4,13,23,,
development,2398,421c0dce77008dc3ab8e3d90679277f5a66114995220ce8557e6e75462b5df4e,1+2,0,12,24,42,,
development,2399,421c0dce77008dc3ab8e3d90679277f5a66114995220ce8557e6e75462b5df4e,0+1+2,0,4,13,21,,
development,2400,26f57c49fd4b9053a707c686cd9d5183f2c26bbc5b67374cc0412dabf12d8db7,0+1,0,19,36,68,,
development,2401,26f57c49fd4b9053a707c686cd9d5183f2c26bbc5b67374cc0412dabf12d8db7,0+2,0,4,14,27,,
development,2402,26f57c49fd4b9053a707c686cd9d5183f2c26bbc5b67374cc0412dabf12d8db7,1+2,0,21,43,79,,
development,2403,26f57c49fd4b9053a707c686cd9d5183f2c26bbc5b67374cc0412dabf12d8db7,0+1+2,0,4,12,20,,
development,2404,99bb24c482e15c66af1931f418bdc7e1da167cb84cc652dba05e1066650dc078,0+1,0,23,38,80,,
development,2405,99bb24c482e15c66af1931f418bdc7e1da167cb84cc652dba05e1066650dc078,0+2,0,5,13,33,,
development,2406,99bb24c482e15c66af1931f418bdc7e1da167cb84cc652dba05e1066650dc078,1+2,0,16,28,73,,
development,2407,99bb24c482e15c66af1931f418bdc7e1da167cb84cc652dba05e1066650dc078,0+1+2,0,5,9,25,,
development,2408,6b76669a35f0ba1e801f7b42e40c7d28b02161787e09001fd9753f043dc591da,0+1,5,18,27,53,,
development,2409,6b76669a35f0ba1e801f7b42e40c7d28b02161787e09001fd9753f043dc591da,0+2,0,4,10,23,,
development,2410,6b76669a35f0ba1e801f7b42e40c7d28b02161787e09001fd9753f043dc591da,1+2,0,11,22,45,,
development,2411,6b76669a35f0ba1e801f7b42e40c7d28b02161787e09001fd9753f043dc591da,0+1+2,0,4,9,22,,
development,2412,fd1c4378d69918f12205bd3db8d35dc23787a59b69a7d29e4dc5f02d6c12224c,0+1,0,9,21,61,,
development,2413,fd1c4378d69918f12205bd3db8d35dc23787a59b69a7d29e4dc5f02d6c12224c,0+2,0,2,14,34,,
development,2414,fd1c4378d69918f12205bd3db8d35dc23787a59b69a7d29e4dc5f02d6c12224c,1+2,0,12,26,69,,
development,2415,fd1c4378d69918f12205bd3db8d35dc23787a59b69a7d29e4dc5f02d6c12224c,0+1+2,0,2,14,33,,
development,2416,04262448cd3f45110336a7c632e2e7dd2599917909ea4c16717ded5f96b7bdcf,0+1,0,10,31,52,,
development,2417,04262448cd3f45110336a7c632e2e7dd2599917909ea4c16717ded5f96b7bdcf,0+2,0,0,11,23,track-shape-incompatible,
development,2418,04262448cd3f45110336a7c632e2e7dd2599917909ea4c16717ded5f96b7bdcf,1+2,0,4,16,39,,
development,2419,04262448cd3f45110336a7c632e2e7dd2599917909ea4c16717ded5f96b7bdcf,0+1+2,0,0,10,22,track-shape-incompatible,
development,2420,45e8164b7e12b5cc4806bbc372754f94da819210bf311dbc7d473ab3efc3b1f3,0+1,0,23,37,58,,
development,2421,45e8164b7e12b5cc4806bbc372754f94da819210bf311dbc7d473ab3efc3b1f3,0+2,0,14,14,23,,
development,2422,45e8164b7e12b5cc4806bbc372754f94da819210bf311dbc7d473ab3efc3b1f3,1+2,0,13,24,47,,
development,2423,45e8164b7e12b5cc4806bbc372754f94da819210bf311dbc7d473ab3efc3b1f3,0+1+2,0,13,13,21,,
development,2424,8cf3c75a3b82405df740c0846e69dfbe791d7f8c9c035cc0dde2127c4821aca4,0+1,0,17,40,75,,
development,2425,8cf3c75a3b82405df740c0846e69dfbe791d7f8c9c035cc0dde2127c4821aca4,0+2,0,6,18,28,,
development,2426,8cf3c75a3b82405df740c0846e69dfbe791d7f8c9c035cc0dde2127c4821aca4,1+2,8,29,50,75,,
development,2427,8cf3c75a3b82405df740c0846e69dfbe791d7f8c9c035cc0dde2127c4821aca4,0+1+2,0,2,13,20,,
development,2428,2b0f29c3ed578e3aae4c7fda01fa0a46613078bf020e7aadef83ceb16f4c3d18,0+1,11,43,66,104,,
development,2429,2b0f29c3ed578e3aae4c7fda01fa0a46613078bf020e7aadef83ceb16f4c3d18,0+2,0,14,20,34,,
development,2430,2b0f29c3ed578e3aae4c7fda01fa0a46613078bf020e7aadef83ceb16f4c3d18,1+2,0,25,47,87,,
development,2431,2b0f29c3ed578e3aae4c7fda01fa0a46613078bf020e7aadef83ceb16f4c3d18,0+1+2,0,14,17,27,,
development,2432,d4518d39431f1bae383c0039b18d2f56e24f20b81dea538285cb6fc28db8726c,0+1,0,14,33,69,,
development,2433,d4518d39431f1bae383c0039b18d2f56e24f20b81dea538285cb6fc28db8726c,0+2,0,10,12,28,,
development,2434,d4518d39431f1bae383c0039b18d2f56e24f20b81dea538285cb6fc28db8726c,1+2,11,22,33,77,,
development,2435,d4518d39431f1bae383c0039b18d2f56e24f20b81dea538285cb6fc28db8726c,0+1+2,0,7,7,20,,
development,2436,2d5240eee2f70294a737b53e758ae7961237d183e0fa2f972c40788956e51319,0+1,0,23,54,94,,
development,2437,2d5240eee2f70294a737b53e758ae7961237d183e0fa2f972c40788956e51319,0+2,0,12,19,34,,
development,2438,2d5240eee2f70294a737b53e758ae7961237d183e0fa2f972c40788956e51319,1+2,7,33,62,109,,
development,2439,2d5240eee2f70294a737b53e758ae7961237d183e0fa2f972c40788956e51319,0+1+2,0,10,14,23,,
development,2440,b3eda87b8e40523820e69dca415dc887b26f6c216c0b0876b68833d5f053ec22,0+1,0,14,38,88,,
development,2441,b3eda87b8e40523820e69dca415dc887b26f6c216c0b0876b68833d5f053ec22,0+2,0,8,11,24,,
development,2442,b3eda87b8e40523820e69dca415dc887b26f6c216c0b0876b68833d5f053ec22,1+2,7,25,49,102,,
development,2443,b3eda87b8e40523820e69dca415dc887b26f6c216c0b0876b68833d5f053ec22,0+1+2,0,5,5,16,,
development,2444,dc79bf90ed3b2329a4817973f45a970490d063366fa780b33837d9ebb4b18498,0+1,2,25,39,90,,
development,2445,dc79bf90ed3b2329a4817973f45a970490d063366fa780b33837d9ebb4b18498,0+2,0,5,11,25,,
development,2446,dc79bf90ed3b2329a4817973f45a970490d063366fa780b33837d9ebb4b18498,1+2,0,24,43,93,,
development,2447,dc79bf90ed3b2329a4817973f45a970490d063366fa780b33837d9ebb4b18498,0+1+2,0,0,4,15,track-shape-incompatible,
development,2448,5c99043564b0820c7bf12d0a4e758c93e2da6373e9c2fa56bf179298405ee4b5,0+1,0,12,20,35,,
development,2449,5c99043564b0820c7bf12d0a4e758c93e2da6373e9c2fa56bf179298405ee4b5,0+2,0,9,13,15,,
development,2450,5c99043564b0820c7bf12d0a4e758c93e2da6373e9c2fa56bf179298405ee4b5,1+2,0,12,23,25,,
development,2451,5c99043564b0820c7bf12d0a4e758c93e2da6373e9c2fa56bf179298405ee4b5,0+1+2,0,9,13,15,,
development,2452,5d45c953f8c8ae8b76700434cda382229414ba98b76675fd3c28f73e53d67402,0+1,8,27,55,94,,
development,2453,5d45c953f8c8ae8b76700434cda382229414ba98b76675fd3c28f73e53d67402,0+2,0,10,13,24,,
development,2454,5d45c953f8c8ae8b76700434cda382229414ba98b76675fd3c28f73e53d67402,1+2,0,28,52,90,,
development,2455,5d45c953f8c8ae8b76700434cda382229414ba98b76675fd3c28f73e53d67402,0+1+2,0,9,12,18,,
development,2456,75a735bded94a13cb47784c472ed06f9d7697ea503c9a1703de2d84b025a3d4e,0+1,0,18,44,96,,
development,2457,75a735bded94a13cb47784c472ed06f9d7697ea503c9a1703de2d84b025a3d4e,0+2,3,9,11,31,,
development,2458,75a735bded94a13cb47784c472ed06f9d7697ea503c9a1703de2d84b025a3d4e,1+2,3,22,41,93,,
development,2459,75a735bded94a13cb47784c472ed06f9d7697ea503c9a1703de2d84b025a3d4e,0+1+2,0,5,7,23,,
development,2460,a6f40aeb7192324108247e1255f0af424203aebc2d6a26fdb107d169828e7a48,0+1,1,22,49,89,,
development,2461,a6f40aeb7192324108247e1255f0af424203aebc2d6a26fdb107d169828e7a48,0+2,5,9,22,36,,
development,2462,a6f40aeb7192324108247e1255f0af424203aebc2d6a26fdb107d169828e7a48,1+2,4,29,59,97,,
development,2463,a6f40aeb7192324108247e1255f0af424203aebc2d6a26fdb107d169828e7a48,0+1+2,1,2,14,22,,
development,2464,25158c3aa4f11eb364cd1f0fa30708677b9c9c07ddd801003da11574e0a0bc47,0+1,0,9,20,36,,
development,2465,25158c3aa4f11eb364cd1f0fa30708677b9c9c07ddd801003da11574e0a0bc47,0+2,0,0,10,21,carrier-grid-gap,
development,2466,25158c3aa4f11eb364cd1f0fa30708677b9c9c07ddd801003da11574e0a0bc47,1+2,0,11,22,37,,
development,2467,25158c3aa4f11eb364cd1f0fa30708677b9c9c07ddd801003da11574e0a0bc47,0+1+2,0,0,9,20,carrier-grid-gap,
development,2468,516042d2c4652e29173534edfe76a6c2e8a45ad6b95323bb3b9cf0576b7173b3,0+1,0,0,0,0,outside-carrier-range,outside-carrier-range
development,2469,516042d2c4652e29173534edfe76a6c2e8a45ad6b95323bb3b9cf0576b7173b3,0+2,0,0,0,0,outside-carrier-range,outside-carrier-range
development,2470,516042d2c4652e29173534edfe76a6c2e8a45ad6b95323bb3b9cf0576b7173b3,1+2,0,0,0,0,outside-carrier-range,outside-carrier-range
development,2471,516042d2c4652e29173534edfe76a6c2e8a45ad6b95323bb3b9cf0576b7173b3,0+1+2,0,0,0,0,outside-carrier-range,outside-carrier-range
development,2472,b48fec131fe337f554376490b7bd045935ca85fb54447b9c14250dde696124de,0+1,0,12,21,42,,
development,2473,b48fec131fe337f554376490b7bd045935ca85fb54447b9c14250dde696124de,0+2,0,2,9,21,,
development,2474,b48fec131fe337f554376490b7bd045935ca85fb54447b9c14250dde696124de,1+2,0,11,22,44,,
development,2475,b48fec131fe337f554376490b7bd045935ca85fb54447b9c14250dde696124de,0+1+2,0,2,8,20,,
development,2476,e1a40d88e2fc49636a082f22000b686826e9de38f467fed6a27ec8222fd20034,0+1,2,11,24,31,,
development,2477,e1a40d88e2fc49636a082f22000b686826e9de38f467fed6a27ec8222fd20034,0+2,0,0,12,12,carrier-grid-gap,
development,2478,e1a40d88e2fc49636a082f22000b686826e9de38f467fed6a27ec8222fd20034,1+2,0,11,24,24,,
development,2479,e1a40d88e2fc49636a082f22000b686826e9de38f467fed6a27ec8222fd20034,0+1+2,0,0,12,12,carrier-grid-gap,
development,2480,4501ce0d04acb671725adcc057bdb41c7b37607e1d102697311555d61cfb9a65,0+1,0,9,21,40,,
development,2481,4501ce0d04acb671725adcc057bdb41c7b37607e1d102697311555d61cfb9a65,0+2,0,5,13,24,,
development,2482,4501ce0d04acb671725adcc057bdb41c7b37607e1d102697311555d61cfb9a65,1+2,0,11,21,43,,
development,2483,4501ce0d04acb671725adcc057bdb41c7b37607e1d102697311555d61cfb9a65,0+1+2,0,5,13,23,,
development,2484,118224badde16adf2d963740f3953dceef208b437d64294db296a1ebc4025bca,0+1,12,25,40,79,,
development,2485,118224badde16adf2d963740f3953dceef208b437d64294db296a1ebc4025bca,0+2,4,8,13,33,,
development,2486,118224badde16adf2d963740f3953dceef208b437d64294db296a1ebc4025bca,1+2,4,14,26,70,,
development,2487,118224badde16adf2d963740f3953dceef208b437d64294db296a1ebc4025bca,0+1+2,4,8,13,29,,
development,2488,172032ee46b43a3d1b4634d549ceab9dfab247c7e57b4e011ad00ad00f234217,0+1,0,15,34,69,,
development,2489,172032ee46b43a3d1b4634d549ceab9dfab247c7e57b4e011ad00ad00f234217,0+2,0,11,12,27,,
development,2490,172032ee46b43a3d1b4634d549ceab9dfab247c7e57b4e011ad00ad00f234217,1+2,8,19,31,73,,
development,2491,172032ee46b43a3d1b4634d549ceab9dfab247c7e57b4e011ad00ad00f234217,0+1+2,0,8,8,21,,
development,2492,af0c99eb52a689d743ff4f8fd6211bfc9859e4872cb7971791432ff06fa508e9,0+1,0,15,35,73,,
development,2493,af0c99eb52a689d743ff4f8fd6211bfc9859e4872cb7971791432ff06fa508e9,0+2,0,9,9,24,,
development,2494,af0c99eb52a689d743ff4f8fd6211bfc9859e4872cb7971791432ff06fa508e9,1+2,4,21,39,82,,
development,2495,af0c99eb52a689d743ff4f8fd6211bfc9859e4872cb7971791432ff06fa508e9,0+1+2,0,5,5,17,,
development,2496,7bfbed8d7e4ea44456d182d34e598dc2753d4281992ebce97ad366cd78c0f767,0+1,0,8,17,46,,
development,2497,7bfbed8d7e4ea44456d182d34e598dc2753d4281992ebce97ad366cd78c0f767,0+2,0,9,9,21,,
development,2498,7bfbed8d7e4ea44456d182d34e598dc2753d4281992ebce97ad366cd78c0f767,1+2,0,12,24,48,,
development,2499,7bfbed8d7e4ea44456d182d34e598dc2753d4281992ebce97ad366cd78c0f767,0+1+2,0,6,6,18,,
development,2500,ab6eda39b16882ec03f46de08915487e5dea75ed3d741d0b5b185b8c708192a2,0+1,0,12,20,41,,
development,2501,ab6eda39b16882ec03f46de08915487e5dea75ed3d741d0b5b185b8c708192a2,0+2,0,5,10,11,,
development,2502,ab6eda39b16882ec03f46de08915487e5dea75ed3d741d0b5b185b8c708192a2,1+2,0,10,23,29,,
development,2503,ab6eda39b16882ec03f46de08915487e5dea75ed3d741d0b5b185b8c708192a2,0+1+2,0,5,10,11,,
development,2504,e8ab511fc026509b8235aa5b5b0c9a4d37b5207ed553bc4db12220b8b5ea3796,0+1,0,20,42,88,,
development,2505,e8ab511fc026509b8235aa5b5b0c9a4d37b5207ed553bc4db12220b8b5ea3796,0+2,5,6,10,26,,
development,2506,e8ab511fc026509b8235aa5b5b0c9a4d37b5207ed553bc4db12220b8b5ea3796,1+2,0,15,40,88,,
development,2507,e8ab511fc026509b8235aa5b5b0c9a4d37b5207ed553bc4db12220b8b5ea3796,0+1+2,0,0,2,13,track-shape-incompatible,
development,2508,669031e5308869f72ba68bbdb1974201184501a97669d7e81c85006f884fdf91,0+1,9,24,40,82,,
development,2509,669031e5308869f72ba68bbdb1974201184501a97669d7e81c85006f884fdf91,0+2,0,7,12,26,,
development,2510,669031e5308869f72ba68bbdb1974201184501a97669d7e81c85006f884fdf91,1+2,0,18,38,84,,
development,2511,669031e5308869f72ba68bbdb1974201184501a97669d7e81c85006f884fdf91,0+1+2,0,5,5,15,,
development,2512,78683747d05a6455950e30b29c99f158be2dd8383f4e57afbfa0e153ff0812fe,0+1,0,9,19,37,,
development,2513,78683747d05a6455950e30b29c99f158be2dd8383f4e57afbfa0e153ff0812fe,0+2,0,2,12,20,,
development,2514,78683747d05a6455950e30b29c99f158be2dd8383f4e57afbfa0e153ff0812fe,1+2,0,11,24,46,,
development,2515,78683747d05a6455950e30b29c99f158be2dd8383f4e57afbfa0e153ff0812fe,0+1+2,0,2,12,17,,
development,2516,e8e06f2da77bf9c15ecca3b3923f7fa5282ad92e06b1a417fcb87bd7917176b7,0+1,5,18,44,90,,
development,2517,e8e06f2da77bf9c15ecca3b3923f7fa5282ad92e06b1a417fcb87bd7917176b7,0+2,0,8,10,21,,
development,2518,e8e06f2da77bf9c15ecca3b3923f7fa5282ad92e06b1a417fcb87bd7917176b7,1+2,0,17,36,90,,
development,2519,e8e06f2da77bf9c15ecca3b3923f7fa5282ad92e06b1a417fcb87bd7917176b7,0+1+2,0,5,5,16,,
development,2520,9aebddcf6b5308b04837c91dc0565d00125c8458b3f4e4e54be03dc5826fe801,0+1,0,0,0,14,outside-carrier-range,
development,2521,9aebddcf6b5308b04837c91dc0565d00125c8458b3f4e4e54be03dc5826fe801,0+2,0,0,0,12,outside-carrier-range,
development,2522,9aebddcf6b5308b04837c91dc0565d00125c8458b3f4e4e54be03dc5826fe801,1+2,0,0,0,18,outside-carrier-range,
development,2523,9aebddcf6b5308b04837c91dc0565d00125c8458b3f4e4e54be03dc5826fe801,0+1+2,0,0,0,12,outside-carrier-range,
development,2524,25a7d8677471bc5bee1f349c6e859fefbd0d7eb7cbf5072c27e3beb27a8bb8ee,0+1,9,25,42,88,,
development,2525,25a7d8677471bc5bee1f349c6e859fefbd0d7eb7cbf5072c27e3beb27a8bb8ee,0+2,0,8,12,27,,
development,2526,25a7d8677471bc5bee1f349c6e859fefbd0d7eb7cbf5072c27e3beb27a8bb8ee,1+2,0,18,38,82,,
development,2527,25a7d8677471bc5bee1f349c6e859fefbd0d7eb7cbf5072c27e3beb27a8bb8ee,0+1+2,0,6,6,18,,
development,2528,d35e37e607d30df36fefc7dc07d36138e3ea283b7abda7333e6ef01dfc531caa,0+1,0,13,23,60,,
development,2529,d35e37e607d30df36fefc7dc07d36138e3ea283b7abda7333e6ef01dfc531caa,0+2,0,4,8,26,,
development,2530,d35e37e607d30df36fefc7dc07d36138e3ea283b7abda7333e6ef01dfc531caa,1+2,10,20,31,71,,
development,2531,d35e37e607d30df36fefc7dc07d36138e3ea283b7abda7333e6ef01dfc531caa,0+1+2,0,2,5,17,,
development,2532,35c6a963ae7448592281f9a76c389a6607485ed925142fea5e49cffd921a509c,0+1,11,19,28,47,,
development,2533,35c6a963ae7448592281f9a76c389a6607485ed925142fea5e49cffd921a509c,0+2,1,10,10,22,,
development,2534,35c6a963ae7448592281f9a76c389a6607485ed925142fea5e49cffd921a509c,1+2,2,14,25,49,,
development,2535,35c6a963ae7448592281f9a76c389a6607485ed925142fea5e49cffd921a509c,0+1+2,1,8,8,20,,
development,2536,08a762b4f918027fb93dc90db07eb70951485d580c230b5152cf88218bdd979e,0+1,0,8,20,42,,
development,2537,08a762b4f918027fb93dc90db07eb70951485d580c230b5152cf88218bdd979e,0+2,0,4,8,21,,
development,2538,08a762b4f918027fb93dc90db07eb70951485d580c230b5152cf88218bdd979e,1+2,0,12,24,47,,
development,2539,08a762b4f918027fb93dc90db07eb70951485d580c230b5152cf88218bdd979e,0+1+2,0,4,8,21,,
development,2540,ceda4ab455175b7d5464713d589e631210add8259794e8312ddc4d8bbd1a5717,0+1,0,12,20,23,,
development,2541,ceda4ab455175b7d5464713d589e631210add8259794e8312ddc4d8bbd1a5717,0+2,0,12,12,12,,
development,2542,ceda4ab455175b7d5464713d589e631210add8259794e8312ddc4d8bbd1a5717,1+2,0,14,26,26,,
development,2543,ceda4ab455175b7d5464713d589e631210add8259794e8312ddc4d8bbd1a5717,0+1+2,0,12,12,12,,
development,2544,ad5ed538add63a12e8a294483df432b7dee3b9c6b0f0db6f756525694016e50b,0+1,12,22,33,53,,
development,2545,ad5ed538add63a12e8a294483df432b7dee3b9c6b0f0db6f756525694016e50b,0+2,12,15,25,35,,
development,2546,ad5ed538add63a12e8a294483df432b7dee3b9c6b0f0db6f756525694016e50b,1+2,14,25,37,53,,
development,2547,ad5ed538add63a12e8a294483df432b7dee3b9c6b0f0db6f756525694016e50b,0+1+2,12,15,25,35,,
development,2548,952d217b2b81e86ea1de0ff20d93bbfda7637815a616d2642a9db49844ea1375,0+1,0,0,0,18,outside-carrier-range,
development,2549,952d217b2b81e86ea1de0ff20d93bbfda7637815a616d2642a9db49844ea1375,0+2,0,0,0,10,outside-carrier-range,
development,2550,952d217b2b81e86ea1de0ff20d93bbfda7637815a616d2642a9db49844ea1375,1+2,0,0,0,10,outside-carrier-range,
development,2551,952d217b2b81e86ea1de0ff20d93bbfda7637815a616d2642a9db49844ea1375,0+1+2,0,0,0,9,outside-carrier-range,
development,2552,c64c2d84cccb761fa719f21fb86205d8f70db6905859e518608c0cbf1fcf9e47,0+1,0,24,38,75,,
development,2553,c64c2d84cccb761fa719f21fb86205d8f70db6905859e518608c0cbf1fcf9e47,0+2,0,12,20,32,,
development,2554,c64c2d84cccb761fa719f21fb86205d8f70db6905859e518608c0cbf1fcf9e47,1+2,0,25,41,78,,
development,2555,c64c2d84cccb761fa719f21fb86205d8f70db6905859e518608c0cbf1fcf9e47,0+1+2,0,12,16,25,,
development,2556,837e1a4fd2895c6e43d5a0e09770534724fcac847c5a62ea97eb3c898012f815,0+1,5,21,37,85,,
development,2557,837e1a4fd2895c6e43d5a0e09770534724fcac847c5a62ea97eb3c898012f815,0+2,0,4,10,27,,
development,2558,837e1a4fd2895c6e43d5a0e09770534724fcac847c5a62ea97eb3c898012f815,1+2,0,21,39,83,,
development,2559,837e1a4fd2895c6e43d5a0e09770534724fcac847c5a62ea97eb3c898012f815,0+1+2,0,1,6,19,,
confirmation,0,d3b9ec2e1482cb1db5412453ae86ad903a6d26bb9f483ff4cb508440753a4b0a,0+1,10,43,68,125,,
confirmation,1,d3b9ec2e1482cb1db5412453ae86ad903a6d26bb9f483ff4cb508440753a4b0a,0+2,7,21,33,57,,
confirmation,2,d3b9ec2e1482cb1db5412453ae86ad903a6d26bb9f483ff4cb508440753a4b0a,1+2,10,40,71,119,,
confirmation,3,d3b9ec2e1482cb1db5412453ae86ad903a6d26bb9f483ff4cb508440753a4b0a,0+1+2,7,20,26,42,,
confirmation,4,ec2ff1bd113fe14e0453e209ead655917338e40145c737b34cc532225b3157d5,0+1,4,46,78,138,,
confirmation,5,ec2ff1bd113fe14e0453e209ead655917338e40145c737b34cc532225b3157d5,0+2,0,14,26,52,,
confirmation,6,ec2ff1bd113fe14e0453e209ead655917338e40145c737b34cc532225b3157d5,1+2,0,34,65,126,,
confirmation,7,ec2ff1bd113fe14e0453e209ead655917338e40145c737b34cc532225b3157d5,0+1+2,0,13,19,39,,
confirmation,8,dc50114268f7b7ed479d36ddc5147fa767010a67932818d7a5d9dd585affb426,0+1,0,37,70,125,,
confirmation,9,dc50114268f7b7ed479d36ddc5147fa767010a67932818d7a5d9dd585affb426,0+2,0,14,23,47,,
confirmation,10,dc50114268f7b7ed479d36ddc5147fa767010a67932818d7a5d9dd585affb426,1+2,0,30,62,127,,
confirmation,11,dc50114268f7b7ed479d36ddc5147fa767010a67932818d7a5d9dd585affb426,0+1+2,0,11,19,37,,
confirmation,12,f083be8f942f0522e855c69c04a46903dc6fb667b5c080a980ddcf2e733c5eb2,0+1,0,23,40,99,,
confirmation,13,f083be8f942f0522e855c69c04a46903dc6fb667b5c080a980ddcf2e733c5eb2,0+2,0,13,20,46,,
confirmation,14,f083be8f942f0522e855c69c04a46903dc6fb667b5c080a980ddcf2e733c5eb2,1+2,0,22,47,108,,
confirmation,15,f083be8f942f0522e855c69c04a46903dc6fb667b5c080a980ddcf2e733c5eb2,0+1+2,0,12,19,37,,
confirmation,16,fbc376574a0dba91a2246174744633809dcd860da8bf2562404c24bb95d053d0,0+1,0,24,49,102,,
confirmation,17,fbc376574a0dba91a2246174744633809dcd860da8bf2562404c24bb95d053d0,0+2,0,13,19,42,,
confirmation,18,fbc376574a0dba91a2246174744633809dcd860da8bf2562404c24bb95d053d0,1+2,0,23,44,96,,
confirmation,19,fbc376574a0dba91a2246174744633809dcd860da8bf2562404c24bb95d053d0,0+1+2,0,11,17,35,,
confirmation,20,ad0022bf7addb26003b64121a8d970244e7b3f959826ace7853a5dcf9241da38,0+1,0,27,55,126,,
confirmation,21,ad0022bf7addb26003b64121a8d970244e7b3f959826ace7853a5dcf9241da38,0+2,0,13,25,46,,
confirmation,22,ad0022bf7addb26003b64121a8d970244e7b3f959826ace7853a5dcf9241da38,1+2,0,31,63,122,,
confirmation,23,ad0022bf7addb26003b64121a8d970244e7b3f959826ace7853a5dcf9241da38,0+1+2,0,10,19,36,,
confirmation,24,ae3542a5f5e742aa323d57ed867806f61746b3ef7e991db2b84ced892a94173d,0+1,3,30,58,119,,
confirmation,25,ae3542a5f5e742aa323d57ed867806f61746b3ef7e991db2b84ced892a94173d,0+2,0,12,26,49,,
confirmation,26,ae3542a5f5e742aa323d57ed867806f61746b3ef7e991db2b84ced892a94173d,1+2,7,40,73,124,,
confirmation,27,ae3542a5f5e742aa323d57ed867806f61746b3ef7e991db2b84ced892a94173d,0+1+2,0,9,20,38,,
confirmation,28,b77aaf8d2e9600b4c9569e399a0bf92eb8d155e8c701b7d1069041c2d4ed8613,0+1,0,30,56,113,,
confirmation,29,b77aaf8d2e9600b4c9569e399a0bf92eb8d155e8c701b7d1069041c2d4ed8613,0+2,0,13,23,49,,
confirmation,30,b77aaf8d2e9600b4c9569e399a0bf92eb8d155e8c701b7d1069041c2d4ed8613,1+2,0,22,48,109,,
confirmation,31,b77aaf8d2e9600b4c9569e399a0bf92eb8d155e8c701b7d1069041c2d4ed8613,0+1+2,0,12,17,36,,
confirmation,32,d8c29eef6fcda5058de5a78e4fc1f2b15543bc47ad0c0544696376089a19a327,0+1,0,32,62,134,,
confirmation,33,d8c29eef6fcda5058de5a78e4fc1f2b15543bc47ad0c0544696376089a19a327,0+2,0,12,23,47,,
confirmation,34,d8c29eef6fcda5058de5a78e4fc1f2b15543bc47ad0c0544696376089a19a327,1+2,0,33,65,130,,
confirmation,35,d8c29eef6fcda5058de5a78e4fc1f2b15543bc47ad0c0544696376089a19a327,0+1+2,0,12,18,37,,
confirmation,36,98c66a7d256160945fc3284c0b659b34b809ce9c1ac05f8d1deb2d14b2c10482,0+1,5,21,44,82,,
confirmation,37,98c66a7d256160945fc3284c0b659b34b809ce9c1ac05f8d1deb2d14b2c10482,0+2,1,11,17,37,,
confirmation,38,98c66a7d256160945fc3284c0b659b34b809ce9c1ac05f8d1deb2d14b2c10482,1+2,8,29,47,89,,
confirmation,39,98c66a7d256160945fc3284c0b659b34b809ce9c1ac05f8d1deb2d14b2c10482,0+1+2,1,7,13,31,,
confirmation,40,8f5e99bbfc717cc94677a9cffd9ed29de2c941b4c18d4c84d0980c4ec9a68662,0+1,0,25,59,133,,
confirmation,41,8f5e99bbfc717cc94677a9cffd9ed29de2c941b4c18d4c84d0980c4ec9a68662,0+2,0,12,25,53,,
confirmation,42,8f5e99bbfc717cc94677a9cffd9ed29de2c941b4c18d4c84d0980c4ec9a68662,1+2,0,31,62,123,,
confirmation,43,8f5e99bbfc717cc94677a9cffd9ed29de2c941b4c18d4c84d0980c4ec9a68662,0+1+2,0,7,19,38,,
confirmation,44,fb35f5d5563d3179e1fe7398c19b5010943f5146664055f4a7c96849782aa9fc,0+1,0,33,59,126,,
confirmation,45,fb35f5d5563d3179e1fe7398c19b5010943f5146664055f4a7c96849782aa9fc,0+2,0,13,26,50,,
confirmation,46,fb35f5d5563d3179e1fe7398c19b5010943f5146664055f4a7c96849782aa9fc,1+2,0,30,61,123,,
confirmation,47,fb35f5d5563d3179e1fe7398c19b5010943f5146664055f4a7c96849782aa9fc,0+1+2,0,12,20,37,,
confirmation,48,4c01070882a5caeb4ccc711eb3c756dba3cd25a58a035588d49de870c1fff877,0+1,0,34,59,130,,
confirmation,49,4c01070882a5caeb4ccc711eb3c756dba3cd25a58a035588d49de870c1fff877,0+2,0,13,24,52,,
confirmation,50,4c01070882a5caeb4ccc711eb3c756dba3cd25a58a035588d49de870c1fff877,1+2,0,32,64,127,,
confirmation,51,4c01070882a5caeb4ccc711eb3c756dba3cd25a58a035588d49de870c1fff877,0+1+2,0,13,18,39,,
confirmation,52,6a16e6ea5f1392862fa217c220b8726efeab22a0bd15b85daa1fc0bc39a2a6cb,0+1,0,12,24,63,,
confirmation,53,6a16e6ea5f1392862fa217c220b8726efeab22a0bd15b85daa1fc0bc39a2a6cb,0+2,0,0,8,24,,
confirmation,54,6a16e6ea5f1392862fa217c220b8726efeab22a0bd15b85daa1fc0bc39a2a6cb,1+2,0,10,20,63,,
confirmation,55,6a16e6ea5f1392862fa217c220b8726efeab22a0bd15b85daa1fc0bc39a2a6cb,0+1+2,0,0,5,17,,
confirmation,56,4d419a2c08f1ea35faadb76803115c426db5a3f59a3508dc18c622b9597e87b6,0+1,0,26,53,101,,
confirmation,57,4d419a2c08f1ea35faadb76803115c426db5a3f59a3508dc18c622b9597e87b6,0+2,0,12,25,45,,
confirmation,58,4d419a2c08f1ea35faadb76803115c426db5a3f59a3508dc18c622b9597e87b6,1+2,2,21,45,90,,
confirmation,59,4d419a2c08f1ea35faadb76803115c426db5a3f59a3508dc18c622b9597e87b6,0+1+2,0,9,19,36,,
confirmation,60,f6851b46b7d6a5d760aac1ccafce7dd7bf679d3ac195539fe93dc1c6dc94af06,0+1,0,16,34,62,,
confirmation,61,f6851b46b7d6a5d760aac1ccafce7dd7bf679d3ac195539fe93dc1c6dc94af06,0+2,0,10,13,26,,
confirmation,62,f6851b46b7d6a5d760aac1ccafce7dd7bf679d3ac195539fe93dc1c6dc94af06,1+2,0,22,38,69,,
confirmation,63,f6851b46b7d6a5d760aac1ccafce7dd7bf679d3ac195539fe93dc1c6dc94af06,0+1+2,0,9,10,21,,
confirmation,64,d03acf8ce731605a87337e2d0ac753596c6c9474ba49ee16fe9ddbbd27dfb981,0+1,0,40,70,127,,
confirmation,65,d03acf8ce731605a87337e2d0ac753596c6c9474ba49ee16fe9ddbbd27dfb981,0+2,0,13,25,51,,
confirmation,66,d03acf8ce731605a87337e2d0ac753596c6c9474ba49ee16fe9ddbbd27dfb981,1+2,0,33,65,127,,
confirmation,67,d03acf8ce731605a87337e2d0ac753596c6c9474ba49ee16fe9ddbbd27dfb981,0+1+2,0,13,18,37,,
confirmation,68,78aecaefe117aa11928f8ba210d058a8d633a6b5a9ba6cafaefdf1754286329b,0+1,12,43,84,144,,
confirmation,69,78aecaefe117aa11928f8ba210d058a8d633a6b5a9ba6cafaefdf1754286329b,0+2,11,26,40,66,,
confirmation,70,78aecaefe117aa11928f8ba210d058a8d633a6b5a9ba6cafaefdf1754286329b,1+2,10,43,76,139,,
confirmation,71,78aecaefe117aa11928f8ba210d058a8d633a6b5a9ba6cafaefdf1754286329b,0+1+2,10,17,30,49,,
confirmation,72,bbab6d8f95a62efcb7adb9d4d203e544567ae1eb958e1a6e77f824395cf3f342,0+1,7,43,76,132,,
confirmation,73,bbab6d8f95a62efcb7adb9d4d203e544567ae1eb958e1a6e77f824395cf3f342,0+2,4,17,31,57,,
confirmation,74,bbab6d8f95a62efcb7adb9d4d203e544567ae1eb958e1a6e77f824395cf3f342,1+2,10,44,76,141,,
confirmation,75,bbab6d8f95a62efcb7adb9d4d203e544567ae1eb958e1a6e77f824395cf3f342,0+1+2,4,15,23,43,,
confirmation,76,c232d7c3c1a313e270e67d71186ad72716f3dfd66b49e7a04cea86627904735e,0+1,0,19,41,81,,
confirmation,77,c232d7c3c1a313e270e67d71186ad72716f3dfd66b49e7a04cea86627904735e,0+2,0,8,22,42,,
confirmation,78,c232d7c3c1a313e270e67d71186ad72716f3dfd66b49e7a04cea86627904735e,1+2,0,22,43,86,,
confirmation,79,c232d7c3c1a313e270e67d71186ad72716f3dfd66b49e7a04cea86627904735e,0+1+2,0,6,18,34,,
confirmation,80,23ee9f9ff37f87d4bfc8035a068416b522af75945d6176abf81272d283ebebdf,0+1,0,30,60,115,,
confirmation,81,23ee9f9ff37f87d4bfc8035a068416b522af75945d6176abf81272d283ebebdf,0+2,0,10,21,45,,
confirmation,82,23ee9f9ff37f87d4bfc8035a068416b522af75945d6176abf81272d283ebebdf,1+2,0,21,45,107,,
confirmation,83,23ee9f9ff37f87d4bfc8035a068416b522af75945d6176abf81272d283ebebdf,0+1+2,0,8,18,36,,
confirmation,84,b57f2456b10b6f95103c7d070d78cbbdd0f90f6bf09235bbd46aa9d705be72a7,0+1,2,33,59,99,,
confirmation,85,b57f2456b10b6f95103c7d070d78cbbdd0f90f6bf09235bbd46aa9d705be72a7,0+2,0,13,22,42,,
confirmation,86,b57f2456b10b6f95103c7d070d78cbbdd0f90f6bf09235bbd46aa9d705be72a7,1+2,4,37,68,111,,
confirmation,87,b57f2456b10b6f95103c7d070d78cbbdd0f90f6bf09235bbd46aa9d705be72a7,0+1+2,0,12,20,37,,
confirmation,88,22fbb45d1011a647302d09ca4be380b51012be83d10d9bff376ebfc57d42a84e,0+1,0,32,66,128,,
confirmation,89,22fbb45d1011a647302d09ca4be380b51012be83d10d9bff376ebfc57d42a84e,0+2,0,10,23,46,,
confirmation,90,22fbb45d1011a647302d09ca4be380b51012be83d10d9bff376ebfc57d42a84e,1+2,0,33,63,128,,
confirmation,91,22fbb45d1011a647302d09ca4be380b51012be83d10d9bff376ebfc57d42a84e,0+1+2,0,6,18,35,,
confirmation,92,3184f094a223109d70d5083f384fcc9ed2f9a5518cc8b8c1ac79c26c290346d9,0+1,6,40,74,127,,
confirmation,93,3184f094a223109d70d5083f384fcc9ed2f9a5518cc8b8c1ac79c26c290346d9,0+2,0,12,26,51,,
confirmation,94,3184f094a223109d70d5083f384fcc9ed2f9a5518cc8b8c1ac79c26c290346d9,1+2,5,39,70,135,,
confirmation,95,3184f094a223109d70d5083f384fcc9ed2f9a5518cc8b8c1ac79c26c290346d9,0+1+2,0,8,20,39,,
confirmation,96,17717b00e839d686f6eac041b45e774760512fe99a9ebf980d80309dc1b81b5f,0+1,0,32,74,132,,
confirmation,97,17717b00e839d686f6eac041b45e774760512fe99a9ebf980d80309dc1b81b5f,0+2,0,14,27,51,,
confirmation,98,17717b00e839d686f6eac041b45e774760512fe99a9ebf980d80309dc1b81b5f,1+2,0,30,62,123,,
confirmation,99,17717b00e839d686f6eac041b45e774760512fe99a9ebf980d80309dc1b81b5f,0+1+2,0,8,20,37,,
confirmation,100,3af3eebffaf6f1b86cc782d912256b09df699b1f1d67c93b4f7d5f9fa890424a,0+1,0,18,38,83,,
confirmation,101,3af3eebffaf6f1b86cc782d912256b09df699b1f1d67c93b4f7d5f9fa890424a,0+2,0,5,18,35,,
confirmation,102,3af3eebffaf6f1b86cc782d912256b09df699b1f1d67c93b4f7d5f9fa890424a,1+2,0,20,42,84,,
confirmation,103,3af3eebffaf6f1b86cc782d912256b09df699b1f1d67c93b4f7d5f9fa890424a,0+1+2,0,4,15,27,,
confirmation,104,2fb449e155d9bb506913483a20fb069420c6e9372f22f27b89cd1668c2fb1c7a,0+1,0,26,60,116,,
confirmation,105,2fb449e155d9bb506913483a20fb069420c6e9372f22f27b89cd1668c2fb1c7a,0+2,0,12,25,50,,
confirmation,106,2fb449e155d9bb506913483a20fb069420c6e9372f22f27b89cd1668c2fb1c7a,1+2,1,29,63,118,,
confirmation,107,2fb449e155d9bb506913483a20fb069420c6e9372f22f27b89cd1668c2fb1c7a,0+1+2,0,7,19,38,,
confirmation,108,97f6c8fabeefaa4f5c0b5770ce3933566f48276fd3b8d3440074c61c73426f81,0+1,4,27,61,118,,
confirmation,109,97f6c8fabeefaa4f5c0b5770ce3933566f48276fd3b8d3440074c61c73426f81,0+2,0,12,25,45,,
confirmation,110,97f6c8fabeefaa4f5c0b5770ce3933566f48276fd3b8d3440074c61c73426f81,1+2,4,35,57,102,,
confirmation,111,97f6c8fabeefaa4f5c0b5770ce3933566f48276fd3b8d3440074c61c73426f81,0+1+2,0,6,18,38,,
confirmation,112,e0d16787820d128c3e352b20084f37f1787d036301e796efe6b359e24cf3388f,0+1,7,24,43,77,,
confirmation,113,e0d16787820d128c3e352b20084f37f1787d036301e796efe6b359e24cf3388f,0+2,2,8,21,33,,
confirmation,114,e0d16787820d128c3e352b20084f37f1787d036301e796efe6b359e24cf3388f,1+2,7,29,51,92,,
confirmation,115,e0d16787820d128c3e352b20084f37f1787d036301e796efe6b359e24cf3388f,0+1+2,2,8,19,28,,
confirmation,116,e8cf9b9a9280fe8800e709003cbd934d139cdaf2872c79ff8c6552c96d9739ea,0+1,0,31,60,123,,
confirmation,117,e8cf9b9a9280fe8800e709003cbd934d139cdaf2872c79ff8c6552c96d9739ea,0+2,0,12,22,47,,
confirmation,118,e8cf9b9a9280fe8800e709003cbd934d139cdaf2872c79ff8c6552c96d9739ea,1+2,0,34,66,130,,
confirmation,119,e8cf9b9a9280fe8800e709003cbd934d139cdaf2872c79ff8c6552c96d9739ea,0+1+2,0,12,17,35,,
confirmation,120,e4ec4c92c4f2d02e0412939872764d31d90e06fb10554ab0633b670765f4052e,0+1,5,25,39,78,,
confirmation,121,e4ec4c92c4f2d02e0412939872764d31d90e06fb10554ab0633b670765f4052e,0+2,0,6,14,32,,
confirmation,122,e4ec4c92c4f2d02e0412939872764d31d90e06fb10554ab0633b670765f4052e,1+2,4,19,31,75,,
confirmation,123,e4ec4c92c4f2d02e0412939872764d31d90e06fb10554ab0633b670765f4052e,0+1+2,0,5,8,23,,
confirmation,124,411ce9d2700bb27481c127790cfa411f477d83d49c08b04f7ea5c5b57650b413,0+1,0,20,36,73,,
confirmation,125,411ce9d2700bb27481c127790cfa411f477d83d49c08b04f7ea5c5b57650b413,0+2,0,0,10,25,,
confirmation,126,411ce9d2700bb27481c127790cfa411f477d83d49c08b04f7ea5c5b57650b413,1+2,0,11,22,65,,
confirmation,127,411ce9d2700bb27481c127790cfa411f477d83d49c08b04f7ea5c5b57650b413,0+1+2,0,0,7,19,,
confirmation,128,9fedf5e61e5733bbf05200164ad7a9c5f3e3a4b27d79049d6dcd9af7cd438957,0+1,0,14,36,77,,
confirmation,129,9fedf5e61e5733bbf05200164ad7a9c5f3e3a4b27d79049d6dcd9af7cd438957,0+2,0,5,11,31,,
confirmation,130,9fedf5e61e5733bbf05200164ad7a9c5f3e3a4b27d79049d6dcd9af7cd438957,1+2,0,12,23,70,,
confirmation,131,9fedf5e61e5733bbf05200164ad7a9c5f3e3a4b27d79049d6dcd9af7cd438957,0+1+2,0,5,11,28,,
confirmation,132,d5dd0712b030a410f95010509b3496a36a2ad1e3574ced3f1da1b8d8f440b474,0+1,0,18,36,54,,
confirmation,133,d5dd0712b030a410f95010509b3496a36a2ad1e3574ced3f1da1b8d8f440b474,0+2,0,4,16,26,,
confirmation,134,d5dd0712b030a410f95010509b3496a36a2ad1e3574ced3f1da1b8d8f440b474,1+2,0,20,41,62,,
confirmation,135,d5dd0712b030a410f95010509b3496a36a2ad1e3574ced3f1da1b8d8f440b474,0+1+2,0,4,14,22,,
confirmation,136,0375085f133e078bc99f27e922c0d42abe4b3dfb44044b7b8bc06ebafe13c13d,0+1,3,31,57,107,,
confirmation,137,0375085f133e078bc99f27e922c0d42abe4b3dfb44044b7b8bc06ebafe13c13d,0+2,0,11,24,49,,
confirmation,138,0375085f133e078bc99f27e922c0d42abe4b3dfb44044b7b8bc06ebafe13c13d,1+2,9,32,62,123,,
confirmation,139,0375085f133e078bc99f27e922c0d42abe4b3dfb44044b7b8bc06ebafe13c13d,0+1+2,0,10,19,38,,
confirmation,140,4cbe2f7aa60c189a8dc9fabaa038c80be8fc86cd0306c2571bdf3c318d29e285,0+1,0,36,68,124,,
confirmation,141,4cbe2f7aa60c189a8dc9fabaa038c80be8fc86cd0306c2571bdf3c318d29e285,0+2,0,14,27,52,,
confirmation,142,4cbe2f7aa60c189a8dc9fabaa038c80be8fc86cd0306c2571bdf3c318d29e285,1+2,3,35,64,130,,
confirmation,143,4cbe2f7aa60c189a8dc9fabaa038c80be8fc86cd0306c2571bdf3c318d29e285,0+1+2,0,10,20,40,,
confirmation,144,26322b5e7f512c441223e2ed7f786493a2d5cb45478c18275ffe22850371f2cd,0+1,3,30,56,109,,
confirmation,145,26322b5e7f512c441223e2ed7f786493a2d5cb45478c18275ffe22850371f2cd,0+2,0,11,23,47,,
confirmation,146,26322b5e7f512c441223e2ed7f786493a2d5cb45478c18275ffe22850371f2cd,1+2,0,31,63,123,,
confirmation,147,26322b5e7f512c441223e2ed7f786493a2d5cb45478c18275ffe22850371f2cd,0+1+2,0,8,18,36,,
confirmation,148,c2cc0dcc602dcf9fea1ec01193d94419384d2e22353e286c3eb0185b3bc70c87,0+1,10,36,69,141,,
confirmation,149,c2cc0dcc602dcf9fea1ec01193d94419384d2e22353e286c3eb0185b3bc70c87,0+2,3,14,29,54,,
confirmation,150,c2cc0dcc602dcf9fea1ec01193d94419384d2e22353e286c3eb0185b3bc70c87,1+2,5,37,67,133,,
confirmation,151,c2cc0dcc602dcf9fea1ec01193d94419384d2e22353e286c3eb0185b3bc70c87,0+1+2,3,9,22,41,,
confirmation,152,34b5f907afde5d9680480b64d2e3128258131c18ebba378664be076788aec23c,0+1,0,36,67,121,,
confirmation,153,34b5f907afde5d9680480b64d2e3128258131c18ebba378664be076788aec23c,0+2,0,12,25,49,,
confirmation,154,34b5f907afde5d9680480b64d2e3128258131c18ebba378664be076788aec23c,1+2,1,31,65,129,,
confirmation,155,34b5f907afde5d9680480b64d2e3128258131c18ebba378664be076788aec23c,0+1+2,0,9,18,37,,
confirmation,156,f25bdb4937e62355a6c076c686489fdcf6ff410d746896293983a3711167d9af,0+1,0,30,62,127,,
confirmation,157,f25bdb4937e62355a6c076c686489fdcf6ff410d746896293983a3711167d9af,0+2,0,13,25,50,,
confirmation,158,f25bdb4937e62355a6c076c686489fdcf6ff410d746896293983a3711167d9af,1+2,0,33,64,125,,
confirmation,159,f25bdb4937e62355a6c076c686489fdcf6ff410d746896293983a3711167d9af,0+1+2,0,11,19,38,,
confirmation,160,faead92da063bebbe0e76fb3ae36ad6361664a7372f67fac0f3f568739dac1bd,0+1,0,34,66,130,,
confirmation,161,faead92da063bebbe0e76fb3ae36ad6361664a7372f67fac0f3f568739dac1bd,0+2,0,14,24,50,,
confirmation,162,faead92da063bebbe0e76fb3ae36ad6361664a7372f67fac0f3f568739dac1bd,1+2,0,31,63,129,,
confirmation,163,faead92da063bebbe0e76fb3ae36ad6361664a7372f67fac0f3f568739dac1bd,0+1+2,0,13,19,38,,
confirmation,164,0b1c0a75575cd1cdcfcefc3ab773c71d3401387e460b4a5156c4474a895039ca,0+1,5,36,62,119,,
confirmation,165,0b1c0a75575cd1cdcfcefc3ab773c71d3401387e460b4a5156c4474a895039ca,0+2,1,14,27,49,,
confirmation,166,0b1c0a75575cd1cdcfcefc3ab773c71d3401387e460b4a5156c4474a895039ca,1+2,7,38,69,127,,
confirmation,167,0b1c0a75575cd1cdcfcefc3ab773c71d3401387e460b4a5156c4474a895039ca,0+1+2,1,12,20,36,,
confirmation,168,e26b573249d6633b836db5b61f74491b6b66ebb231ffa7f4b5766bd11ee633c3,0+1,0,42,74,133,,
confirmation,169,e26b573249d6633b836db5b61f74491b6b66ebb231ffa7f4b5766bd11ee633c3,0+2,0,14,31,56,,
confirmation,170,e26b573249d6633b836db5b61f74491b6b66ebb231ffa7f4b5766bd11ee633c3,1+2,0,30,63,129,,
confirmation,171,e26b573249d6633b836db5b61f74491b6b66ebb231ffa7f4b5766bd11ee633c3,0+1+2,0,14,21,40,,
confirmation,172,21d2504eb0b8a886506299da6bbc72db12925c233b49ec9fd699f2bc543cbdcd,0+1,0,23,40,97,,
confirmation,173,21d2504eb0b8a886506299da6bbc72db12925c233b49ec9fd699f2bc543cbdcd,0+2,0,10,21,42,,
confirmation,174,21d2504eb0b8a886506299da6bbc72db12925c233b49ec9fd699f2bc543cbdcd,1+2,0,23,43,86,,
confirmation,175,21d2504eb0b8a886506299da6bbc72db12925c233b49ec9fd699f2bc543cbdcd,0+1+2,0,10,16,33,,
confirmation,176,de75e3007c08879b37b5a851a725b4e80084ed57fc30b3186fe92f11842697f2,0+1,0,8,18,54,,
confirmation,177,de75e3007c08879b37b5a851a725b4e80084ed57fc30b3186fe92f11842697f2,0+2,0,1,8,22,,
confirmation,178,de75e3007c08879b37b5a851a725b4e80084ed57fc30b3186fe92f11842697f2,1+2,0,11,22,66,,
confirmation,179,de75e3007c08879b37b5a851a725b4e80084ed57fc30b3186fe92f11842697f2,0+1+2,0,0,5,16,,
confirmation,180,5ccd428790ad653a4d5978e3633dbf7a74bf50e5a8f768593aed4ad5ee56d3c9,0+1,0,23,54,92,,
confirmation,181,5ccd428790ad653a4d5978e3633dbf7a74bf50e5a8f768593aed4ad5ee56d3c9,0+2,0,10,21,37,,
confirmation,182,5ccd428790ad653a4d5978e3633dbf7a74bf50e5a8f768593aed4ad5ee56d3c9,1+2,0,23,46,86,,
confirmation,183,5ccd428790ad653a4d5978e3633dbf7a74bf50e5a8f768593aed4ad5ee56d3c9,0+1+2,0,7,18,30,,
confirmation,184,0819b3ec239f0ccde8bb9f13d098c64dd4fe0e405860a477308b758d578ec6eb,0+1,4,35,64,122,,
confirmation,185,0819b3ec239f0ccde8bb9f13d098c64dd4fe0e405860a477308b758d578ec6eb,0+2,0,13,24,51,,
confirmation,186,0819b3ec239f0ccde8bb9f13d098c64dd4fe0e405860a477308b758d578ec6eb,1+2,1,22,48,110,,
confirmation,187,0819b3ec239f0ccde8bb9f13d098c64dd4fe0e405860a477308b758d578ec6eb,0+1+2,0,12,17,37,,
confirmation,188,967f837afe932cbdec4f08f77856e585556a83b69cf641920046da311383737a,0+1,5,27,43,78,,
confirmation,189,967f837afe932cbdec4f08f77856e585556a83b69cf641920046da311383737a,0+2,2,16,21,36,,
confirmation,190,967f837afe932cbdec4f08f77856e585556a83b69cf641920046da311383737a,1+2,9,33,55,93,,
confirmation,191,967f837afe932cbdec4f08f77856e585556a83b69cf641920046da311383737a,0+1+2,2,15,17,25,,
confirmation,192,8c20f7876f1095cb16fd37c2f53f7d20f9061743cc9ca580b071be7b883df72b,0+1,0,33,57,99,,
confirmation,193,8c20f7876f1095cb16fd37c2f53f7d20f9061743cc9ca580b071be7b883df72b,0+2,0,14,21,41,,
confirmation,194,8c20f7876f1095cb16fd37c2f53f7d20f9061743cc9ca580b071be7b883df72b,1+2,5,34,65,107,,
confirmation,195,8c20f7876f1095cb16fd37c2f53f7d20f9061743cc9ca580b071be7b883df72b,0+1+2,0,12,17,32,,
confirmation,196,ee7d8f64c390c1a83381fdfcb082b513ad97933f86e61f7eb8e65424354da70d,0+1,12,40,65,135,,
confirmation,197,ee7d8f64c390c1a83381fdfcb082b513ad97933f86e61f7eb8e65424354da70d,0+2,6,16,28,56,,
confirmation,198,ee7d8f64c390c1a83381fdfcb082b513ad97933f86e61f7eb8e65424354da70d,1+2,7,40,73,140,,
confirmation,199,ee7d8f64c390c1a83381fdfcb082b513ad97933f86e61f7eb8e65424354da70d,0+1+2,6,16,23,42,,
confirmation,200,5edc7825d11ddc0a96326e4dbadcfb969ed314e228f890a24ab9b25bcb6724df,0+1,0,13,26,52,,
confirmation,201,5edc7825d11ddc0a96326e4dbadcfb969ed314e228f890a24ab9b25bcb6724df,0+2,0,8,11,17,,
confirmation,202,5edc7825d11ddc0a96326e4dbadcfb969ed314e228f890a24ab9b25bcb6724df,1+2,0,12,23,47,,
confirmation,203,5edc7825d11ddc0a96326e4dbadcfb969ed314e228f890a24ab9b25bcb6724df,0+1+2,0,8,11,15,,
confirmation,204,67957049a974d27d3e894b837571cf416120ecf3ebc804b841d071982a2035a6,0+1,0,35,61,134,,
confirmation,205,67957049a974d27d3e894b837571cf416120ecf3ebc804b841d071982a2035a6,0+2,0,14,26,54,,
confirmation,206,67957049a974d27d3e894b837571cf416120ecf3ebc804b841d071982a2035a6,1+2,0,31,61,122,,
confirmation,207,67957049a974d27d3e894b837571cf416120ecf3ebc804b841d071982a2035a6,0+1+2,0,13,19,37,,
confirmation,208,281e03308146764329af19d1afb5d06d0e272ad0c6e003768692f7702cec77d4,0+1,0,29,63,123,,
confirmation,209,281e03308146764329af19d1afb5d06d0e272ad0c6e003768692f7702cec77d4,0+2,0,5,19,46,,
confirmation,210,281e03308146764329af19d1afb5d06d0e272ad0c6e003768692f7702cec77d4,1+2,0,21,42,106,,
confirmation,211,281e03308146764329af19d1afb5d06d0e272ad0c6e003768692f7702cec77d4,0+1+2,0,4,17,38,,
confirmation,212,762b2c11b84e768735c9684af7cb83be297044b2c5001a8542299ae137bb5e25,0+1,0,20,37,90,,
confirmation,213,762b2c11b84e768735c9684af7cb83be297044b2c5001a8542299ae137bb5e25,0+2,0,10,22,45,,
confirmation,214,762b2c11b84e768735c9684af7cb83be297044b2c5001a8542299ae137bb5e25,1+2,0,24,47,94,,
confirmation,215,762b2c11b84e768735c9684af7cb83be297044b2c5001a8542299ae137bb5e25,0+1+2,0,10,19,36,,
confirmation,216,f4f44335c50ead1fabb657b85ce24d496dbfb10241940ec112833fb55793d3ab,0+1,4,21,45,106,,
confirmation,217,f4f44335c50ead1fabb657b85ce24d496dbfb10241940ec112833fb55793d3ab,0+2,1,6,20,47,,
confirmation,218,f4f44335c50ead1fabb657b85ce24d496dbfb10241940ec112833fb55793d3ab,1+2,9,30,53,109,,
confirmation,219,f4f44335c50ead1fabb657b85ce24d496dbfb10241940ec112833fb55793d3ab,0+1+2,1,5,18,39,,
confirmation,220,737cc6bfa80087dbfdf2db56c966adf6ae2fc166a0da7dbb35fb5b5d204ff6ee,0+1,4,36,73,130,,
confirmation,221,737cc6bfa80087dbfdf2db56c966adf6ae2fc166a0da7dbb35fb5b5d204ff6ee,0+2,0,13,26,52,,
confirmation,222,737cc6bfa80087dbfdf2db56c966adf6ae2fc166a0da7dbb35fb5b5d204ff6ee,1+2,0,31,64,125,,
confirmation,223,737cc6bfa80087dbfdf2db56c966adf6ae2fc166a0da7dbb35fb5b5d204ff6ee,0+1+2,0,7,18,37,,
confirmation,224,69656b4d4f79db1d834f728b9df69c4e057284e469cb2a3e79b1258d2ed714e2,0+1,13,40,74,116,,
confirmation,225,69656b4d4f79db1d834f728b9df69c4e057284e469cb2a3e79b1258d2ed714e2,0+2,12,25,39,60,,
confirmation,226,69656b4d4f79db1d834f728b9df69c4e057284e469cb2a3e79b1258d2ed714e2,1+2,12,43,73,118,,
confirmation,227,69656b4d4f79db1d834f728b9df69c4e057284e469cb2a3e79b1258d2ed714e2,0+1+2,12,20,33,51,,
confirmation,228,35ce1fcbc5f7fc03310e080f2d683de8ec73b893d4a77497308336269ce20963,0+1,0,30,50,106,,
confirmation,229,35ce1fcbc5f7fc03310e080f2d683de8ec73b893d4a77497308336269ce20963,0+2,0,13,21,46,,
confirmation,230,35ce1fcbc5f7fc03310e080f2d683de8ec73b893d4a77497308336269ce20963,1+2,0,23,46,100,,
confirmation,231,35ce1fcbc5f7fc03310e080f2d683de8ec73b893d4a77497308336269ce20963,0+1+2,0,11,18,36,,
confirmation,232,fe0c39d7395a69982b37506e584021b52c957204d18aa80fd73ce2f6fa9885da,0+1,0,26,53,88,,
confirmation,233,fe0c39d7395a69982b37506e584021b52c957204d18aa80fd73ce2f6fa9885da,0+2,0,11,23,42,,
confirmation,234,fe0c39d7395a69982b37506e584021b52c957204d18aa80fd73ce2f6fa9885da,1+2,1,26,56,99,,
confirmation,235,fe0c39d7395a69982b37506e584021b52c957204d18aa80fd73ce2f6fa9885da,0+1+2,0,7,17,33,,
confirmation,236,bd86e89a5238d8bac86a61ec88460527d0c4cfc731a7c3478dc34c41edf9fcef,0+1,10,27,46,83,,
confirmation,237,bd86e89a5238d8bac86a61ec88460527d0c4cfc731a7c3478dc34c41edf9fcef,0+2,8,17,19,39,,
confirmation,238,bd86e89a5238d8bac86a61ec88460527d0c4cfc731a7c3478dc34c41edf9fcef,1+2,11,34,55,99,,
confirmation,239,bd86e89a5238d8bac86a61ec88460527d0c4cfc731a7c3478dc34c41edf9fcef,0+1+2,8,17,19,37,,
confirmation,240,938026af77043079cd1c944e391af04ca8866b4cc04ef5d91256db47ed033e81,0+1,0,33,72,129,,
confirmation,241,938026af77043079cd1c944e391af04ca8866b4cc04ef5d91256db47ed033e81,0+2,0,13,27,54,,
confirmation,242,938026af77043079cd1c944e391af04ca8866b4cc04ef5d91256db47ed033e81,1+2,0,25,59,125,,
confirmation,243,938026af77043079cd1c944e391af04ca8866b4cc04ef5d91256db47ed033e81,0+1+2,0,7,19,39,,
confirmation,244,ed4da9fd10adb3d1120e7922e57340729400b928933d74959313193f4b509c37,0+1,0,33,59,132,,
confirmation,245,ed4da9fd10adb3d1120e7922e57340729400b928933d74959313193f4b509c37,0+2,0,14,25,52,,
confirmation,246,ed4da9fd10adb3d1120e7922e57340729400b928933d74959313193f4b509c37,1+2,0,33,64,123,,
confirmation,247,ed4da9fd10adb3d1120e7922e57340729400b928933d74959313193f4b509c37,0+1+2,0,13,18,38,,
confirmation,248,1428f581f896bd937519f2efb9eff4c99f221c018ee0c62e7f31927acc28e79d,0+1,0,17,39,75,,
confirmation,249,1428f581f896bd937519f2efb9eff4c99f221c018ee0c62e7f31927acc28e79d,0+2,0,7,20,36,,
confirmation,250,1428f581f896bd937519f2efb9eff4c99f221c018ee0c62e7f31927acc28e79d,1+2,0,25,47,89,,
confirmation,251,1428f581f896bd937519f2efb9eff4c99f221c018ee0c62e7f31927acc28e79d,0+1+2,0,7,18,30,,
confirmation,252,3f7e9fa5b84c52958c97d7bf31bda6d3fdd283ee383a68ac83e877cd8eed835d,0+1,0,26,53,116,,
confirmation,253,3f7e9fa5b84c52958c97d7bf31bda6d3fdd283ee383a68ac83e877cd8eed835d,0+2,0,12,24,49,,
confirmation,254,3f7e9fa5b84c52958c97d7bf31bda6d3fdd283ee383a68ac83e877cd8eed835d,1+2,0,31,63,125,,
confirmation,255,3f7e9fa5b84c52958c97d7bf31bda6d3fdd283ee383a68ac83e877cd8eed835d,0+1+2,0,8,19,38,,
confirmation,256,8e1edf65027930bc2cb1375800dc5cf6b136735d418a372e78beb814709d2a0e,0+1,0,25,55,110,,
confirmation,257,8e1edf65027930bc2cb1375800dc5cf6b136735d418a372e78beb814709d2a0e,0+2,0,12,24,45,,
confirmation,258,8e1edf65027930bc2cb1375800dc5cf6b136735d418a372e78beb814709d2a0e,1+2,0,32,63,125,,
confirmation,259,8e1edf65027930bc2cb1375800dc5cf6b136735d418a372e78beb814709d2a0e,0+1+2,0,8,18,36,,
confirmation,260,c3269fb299f296bc93b00243270d9314065364f09209737296733d2f15b25abf,0+1,0,21,38,66,,
confirmation,261,c3269fb299f296bc93b00243270d9314065364f09209737296733d2f15b25abf,0+2,0,7,19,29,,
confirmation,262,c3269fb299f296bc93b00243270d9314065364f09209737296733d2f15b25abf,1+2,0,20,33,57,,
confirmation,263,c3269fb299f296bc93b00243270d9314065364f09209737296733d2f15b25abf,0+1+2,0,7,16,24,,
confirmation,264,a6bcd341941cc925373f3dae4a5fba04120f87997e2816b1cfd530d45e0b1f76,0+1,0,20,41,85,,
confirmation,265,a6bcd341941cc925373f3dae4a5fba04120f87997e2816b1cfd530d45e0b1f76,0+2,0,14,21,42,,
confirmation,266,a6bcd341941cc925373f3dae4a5fba04120f87997e2816b1cfd530d45e0b1f76,1+2,0,22,46,92,,
confirmation,267,a6bcd341941cc925373f3dae4a5fba04120f87997e2816b1cfd530d45e0b1f76,0+1+2,0,12,19,36,,
confirmation,268,0735149aebf92fb188db7b4ef8af3ff9a0137f3ca0db6e08438d13b23a9a40e7,0+1,9,18,33,82,,
confirmation,269,0735149aebf92fb188db7b4ef8af3ff9a0137f3ca0db6e08438d13b23a9a40e7,0+2,0,3,14,34,,
confirmation,270,0735149aebf92fb188db7b4ef8af3ff9a0137f3ca0db6e08438d13b23a9a40e7,1+2,2,18,37,80,,
confirmation,271,0735149aebf92fb188db7b4ef8af3ff9a0137f3ca0db6e08438d13b23a9a40e7,0+1+2,0,0,9,24,,
confirmation,272,3b4e9782afcc65b42137fedc0770e21a45bfc31792bf157c677e45ece626ded1,0+1,6,45,76,135,,
confirmation,273,3b4e9782afcc65b42137fedc0770e21a45bfc31792bf157c677e45ece626ded1,0+2,0,14,26,50,,
confirmation,274,3b4e9782afcc65b42137fedc0770e21a45bfc31792bf157c677e45ece626ded1,1+2,0,33,66,126,,
confirmation,275,3b4e9782afcc65b42137fedc0770e21a45bfc31792bf157c677e45ece626ded1,0+1+2,0,13,19,38,,
confirmation,276,4128241e10835387ea5c442d21d84ed1b093f7aeacc7cf85adb81f52c1ad7ae0,0+1,0,18,40,96,,
confirmation,277,4128241e10835387ea5c442d21d84ed1b093f7aeacc7cf85adb81f52c1ad7ae0,0+2,0,6,21,46,,
confirmation,278,4128241e10835387ea5c442d21d84ed1b093f7aeacc7cf85adb81f52c1ad7ae0,1+2,8,32,54,115,,
confirmation,279,4128241e10835387ea5c442d21d84ed1b093f7aeacc7cf85adb81f52c1ad7ae0,0+1+2,0,6,19,37,,
confirmation,280,680e540ab8d5a33b274eedd160bcca6b884076d737af27ee9b3a03c3629f49f2,0+1,8,34,61,127,,
confirmation,281,680e540ab8d5a33b274eedd160bcca6b884076d737af27ee9b3a03c3629f49f2,0+2,0,11,25,50,,
confirmation,282,680e540ab8d5a33b274eedd160bcca6b884076d737af27ee9b3a03c3629f49f2,1+2,2,32,62,125,,
confirmation,283,680e540ab8d5a33b274eedd160bcca6b884076d737af27ee9b3a03c3629f49f2,0+1+2,0,7,19,38,,
confirmation,284,b73deb86aad6ba2260e4984b8b3923db63f79a96b1cf50aefccd50952b22a4ec,0+1,2,34,58,123,,
confirmation,285,b73deb86aad6ba2260e4984b8b3923db63f79a96b1cf50aefccd50952b22a4ec,0+2,0,14,25,50,,
confirmation,286,b73deb86aad6ba2260e4984b8b3923db63f79a96b1cf50aefccd50952b22a4ec,1+2,0,28,60,125,,
confirmation,287,b73deb86aad6ba2260e4984b8b3923db63f79a96b1cf50aefccd50952b22a4ec,0+1+2,0,13,19,38,,
confirmation,288,95aa17b7ccec135512c6babe41bba23aca2912f95cca1278a6010f526ba24c01,0+1,0,38,70,124,,
confirmation,289,95aa17b7ccec135512c6babe41bba23aca2912f95cca1278a6010f526ba24c01,0+2,0,13,27,50,,
confirmation,290,95aa17b7ccec135512c6babe41bba23aca2912f95cca1278a6010f526ba24c01,1+2,1,33,63,127,,
confirmation,291,95aa17b7ccec135512c6babe41bba23aca2912f95cca1278a6010f526ba24c01,0+1+2,0,10,20,38,,
confirmation,292,c51d49712e7061530398a436c882be9fbabf84a5f5523b2c176ea226d0ea5606,0+1,0,20,38,75,,
confirmation,293,c51d49712e7061530398a436c882be9fbabf84a5f5523b2c176ea226d0ea5606,0+2,0,14,20,35,,
confirmation,294,c51d49712e7061530398a436c882be9fbabf84a5f5523b2c176ea226d0ea5606,1+2,3,26,50,90,,
confirmation,295,c51d49712e7061530398a436c882be9fbabf84a5f5523b2c176ea226d0ea5606,0+1+2,0,12,18,30,,
confirmation,296,4132dab6caef7ba663de724cc34513d8ea0498aaf622e5814f1e03dd3f5f4ddd,0+1,13,44,69,132,,
confirmation,297,4132dab6caef7ba663de724cc34513d8ea0498aaf622e5814f1e03dd3f5f4ddd,0+2,13,26,37,64,,
confirmation,298,4132dab6caef7ba663de724cc34513d8ea0498aaf622e5814f1e03dd3f5f4ddd,1+2,13,46,79,140,,
confirmation,299,4132dab6caef7ba663de724cc34513d8ea0498aaf622e5814f1e03dd3f5f4ddd,0+1+2,13,25,30,50,,
confirmation,300,66e780d0c0f4977783fb8d8e36536cb9d9baa9bb15181b21805ee1877c4bbe37,0+1,3,34,67,123,,
confirmation,301,66e780d0c0f4977783fb8d8e36536cb9d9baa9bb15181b21805ee1877c4bbe37,0+2,0,14,24,48,,
confirmation,302,66e780d0c0f4977783fb8d8e36536cb9d9baa9bb15181b21805ee1877c4bbe37,1+2,2,32,66,132,,
confirmation,303,66e780d0c0f4977783fb8d8e36536cb9d9baa9bb15181b21805ee1877c4bbe37,0+1+2,0,12,19,37,,
confirmation,304,aed860de66d27a7252de826ca58cae75c48888d56e93746297afc57aec6ddd1c,0+1,5,21,42,80,,
confirmation,305,aed860de66d27a7252de826ca58cae75c48888d56e93746297afc57aec6ddd1c,0+2,0,9,12,33,,
confirmation,306,aed860de66d27a7252de826ca58cae75c48888d56e93746297afc57aec6ddd1c,1+2,4,26,45,89,,
confirmation,307,aed860de66d27a7252de826ca58cae75c48888d56e93746297afc57aec6ddd1c,0+1+2,0,7,10,28,,
confirmation,308,8ced5e3f1a107505af607f84b842e4c427f3d0fd0e80dca05e0722e6da7d92ec,0+1,0,33,70,125,,
confirmation,309,8ced5e3f1a107505af607f84b842e4c427f3d0fd0e80dca05e0722e6da7d92ec,0+2,0,13,27,54,,
confirmation,310,8ced5e3f1a107505af607f84b842e4c427f3d0fd0e80dca05e0722e6da7d92ec,1+2,0,23,59,125,,
confirmation,311,8ced5e3f1a107505af607f84b842e4c427f3d0fd0e80dca05e0722e6da7d92ec,0+1+2,0,7,19,39,,
confirmation,312,93dcbae384bf1187ea02ed27b6e1539456c20dc15760ca6d281f37d4dac8e095,0+1,10,43,68,139,,
confirmation,313,93dcbae384bf1187ea02ed27b6e1539456c20dc15760ca6d281f37d4dac8e095,0+2,4,16,27,59,,
confirmation,314,93dcbae384bf1187ea02ed27b6e1539456c20dc15760ca6d281f37d4dac8e095,1+2,6,39,70,130,,
confirmation,315,93dcbae384bf1187ea02ed27b6e1539456c20dc15760ca6d281f37d4dac8e095,0+1+2,4,16,21,41,,
confirmation,316,c319eab524559611f0632a47d981d1f6e9af6433944ea9775c06f50f6d109c5f,0+1,13,42,75,133,,
confirmation,317,c319eab524559611f0632a47d981d1f6e9af6433944ea9775c06f50f6d109c5f,0+2,8,14,28,54,,
confirmation,318,c319eab524559611f0632a47d981d1f6e9af6433944ea9775c06f50f6d109c5f,1+2,8,29,52,111,,
confirmation,319,c319eab524559611f0632a47d981d1f6e9af6433944ea9775c06f50f6d109c5f,0+1+2,8,13,26,45,,
confirmation,320,e589eb56526c7162ea18705116d7e1088ac86d0050a5b1abe65711b0a09f466c,0+1,12,46,81,134,,
confirmation,321,e589eb56526c7162ea18705116d7e1088ac86d0050a5b1abe65711b0a09f466c,0+2,5,21,34,57,,
confirmation,322,e589eb56526c7162ea18705116d7e1088ac86d0050a5b1abe65711b0a09f466c,1+2,6,39,73,137,,
confirmation,323,e589eb56526c7162ea18705116d7e1088ac86d0050a5b1abe65711b0a09f466c,0+1+2,5,13,23,41,,
confirmation,324,46efd2d0f00be031373b435f879ea24544d84d143017ae6fbed002830827155c,0+1,0,10,21,59,,
confirmation,325,46efd2d0f00be031373b435f879ea24544d84d143017ae6fbed002830827155c,0+2,0,11,11,29,,
confirmation,326,46efd2d0f00be031373b435f879ea24544d84d143017ae6fbed002830827155c,1+2,0,11,21,64,,
confirmation,327,46efd2d0f00be031373b435f879ea24544d84d143017ae6fbed002830827155c,0+1+2,0,9,9,24,,
confirmation,328,25e8059fbc0c03205b2ed0e1fdf17bab2c8c9536b265b84a2a17ae593bbd56e6,0+1,0,31,55,123,,
confirmation,329,25e8059fbc0c03205b2ed0e1fdf17bab2c8c9536b265b84a2a17ae593bbd56e6,0+2,0,13,21,49,,
confirmation,330,25e8059fbc0c03205b2ed0e1fdf17bab2c8c9536b265b84a2a17ae593bbd56e6,1+2,0,30,61,125,,
confirmation,331,25e8059fbc0c03205b2ed0e1fdf17bab2c8c9536b265b84a2a17ae593bbd56e6,0+1+2,0,11,18,38,,
confirmation,332,fadfc04278715b9e04172baf361d26768fb83e703901749c1edd6c295b970c11,0+1,0,39,67,128,,
confirmation,333,fadfc04278715b9e04172baf361d26768fb83e703901749c1edd6c295b970c11,0+2,0,14,23,47,,
confirmation,334,fadfc04278715b9e04172baf361d26768fb83e703901749c1edd6c295b970c11,1+2,0,27,57,119,,
confirmation,335,fadfc04278715b9e04172baf361d26768fb83e703901749c1edd6c295b970c11,0+1+2,0,12,17,34,,
confirmation,336,fc9682418fb6610c7a942b4bc465f18564e24a7953c01fd1a285ae449c7e97d5,0+1,13,45,86,144,,
confirmation,337,fc9682418fb6610c7a942b4bc465f18564e24a7953c01fd1a285ae449c7e97d5,0+2,7,18,31,56,,
confirmation,338,fc9682418fb6610c7a942b4bc465f18564e24a7953c01fd1a285ae449c7e97d5,1+2,7,40,75,138,,
confirmation,339,fc9682418fb6610c7a942b4bc465f18564e24a7953c01fd1a285ae449c7e97d5,0+1+2,7,13,26,45,,
confirmation,340,e60717a915711be1cf54327156a8dad55ca40486f8c413e4e40f458cf37fbf4d,0+1,5,26,54,92,,
confirmation,341,e60717a915711be1cf54327156a8dad55ca40486f8c413e4e40f458cf37fbf4d,0+2,4,9,22,43,,
confirmation,342,e60717a915711be1cf54327156a8dad55ca40486f8c413e4e40f458cf37fbf4d,1+2,12,32,53,98,,
confirmation,343,e60717a915711be1cf54327156a8dad55ca40486f8c413e4e40f458cf37fbf4d,0+1+2,4,9,19,38,,
confirmation,344,7619477a48d6b78602625b48c2ad872b6f16cf1c8fe5df1adaebe422cf634502,0+1,0,24,44,100,,
confirmation,345,7619477a48d6b78602625b48c2ad872b6f16cf1c8fe5df1adaebe422cf634502,0+2,0,9,20,40,,
confirmation,346,7619477a48d6b78602625b48c2ad872b6f16cf1c8fe5df1adaebe422cf634502,1+2,0,21,41,101,,
confirmation,347,7619477a48d6b78602625b48c2ad872b6f16cf1c8fe5df1adaebe422cf634502,0+1+2,0,9,15,33,,
confirmation,348,e098c5d7d222752ac6de04f2a77e17fc5f4560795061b3f6453747a542afab02,0+1,0,23,57,129,,
confirmation,349,e098c5d7d222752ac6de04f2a77e17fc5f4560795061b3f6453747a542afab02,0+2,0,12,25,55,,
confirmation,350,e098c5d7d222752ac6de04f2a77e17fc5f4560795061b3f6453747a542afab02,1+2,0,32,63,123,,
confirmation,351,e098c5d7d222752ac6de04f2a77e17fc5f4560795061b3f6453747a542afab02,0+1+2,0,5,18,40,,
confirmation,352,d05ac8cd6d015b155d372751957abd99cde9ca4580f941d1fad8ab82304c2f98,0+1,0,8,17,51,,
confirmation,353,d05ac8cd6d015b155d372751957abd99cde9ca4580f941d1fad8ab82304c2f98,0+2,0,10,10,27,,
confirmation,354,d05ac8cd6d015b155d372751957abd99cde9ca4580f941d1fad8ab82304c2f98,1+2,0,11,21,65,,
confirmation,355,d05ac8cd6d015b155d372751957abd99cde9ca4580f941d1fad8ab82304c2f98,0+1+2,0,8,8,22,,
confirmation,356,7eadb73ae985e05a1ed14a132daa395cff7efb0250e45c00676ef481962de08c,0+1,0,34,56,114,,
confirmation,357,7eadb73ae985e05a1ed14a132daa395cff7efb0250e45c00676ef481962de08c,0+2,0,13,20,45,,
confirmation,358,7eadb73ae985e05a1ed14a132daa395cff7efb0250e45c00676ef481962de08c,1+2,0,22,45,111,,
confirmation,359,7eadb73ae985e05a1ed14a132daa395cff7efb0250e45c00676ef481962de08c,0+1+2,0,12,18,36,,
confirmation,360,b4f88314c8c4a35dd0ee4d680e409d8ebf3ac5622bf232c1b3e1966ea536f59f,0+1,0,32,74,136,,
confirmation,361,b4f88314c8c4a35dd0ee4d680e409d8ebf3ac5622bf232c1b3e1966ea536f59f,0+2,0,16,30,56,,
confirmation,362,b4f88314c8c4a35dd0ee4d680e409d8ebf3ac5622bf232c1b3e1966ea536f59f,1+2,0,23,55,123,,
confirmation,363,b4f88314c8c4a35dd0ee4d680e409d8ebf3ac5622bf232c1b3e1966ea536f59f,0+1+2,0,7,19,39,,
confirmation,364,697cd7fac4737d60e9b54bb016353e7fadd9346f456ff09788c567b67c470132,0+1,6,33,61,116,,
confirmation,365,697cd7fac4737d60e9b54bb016353e7fadd9346f456ff09788c567b67c470132,0+2,0,11,25,49,,
confirmation,366,697cd7fac4737d60e9b54bb016353e7fadd9346f456ff09788c567b67c470132,1+2,6,38,68,134,,
confirmation,367,697cd7fac4737d60e9b54bb016353e7fadd9346f456ff09788c567b67c470132,0+1+2,0,10,19,38,,
confirmation,368,6e636dc058cef8dbedfc391cab8354de2665a603d7b956604a0ebb7477eb4a41,0+1,1,11,30,66,,
confirmation,369,6e636dc058cef8dbedfc391cab8354de2665a603d7b956604a0ebb7477eb4a41,0+2,0,10,10,24,,
confirmation,370,6e636dc058cef8dbedfc391cab8354de2665a603d7b956604a0ebb7477eb4a41,1+2,2,13,24,66,,
confirmation,371,6e636dc058cef8dbedfc391cab8354de2665a603d7b956604a0ebb7477eb4a41,0+1+2,0,7,7,19,,
confirmation,372,19e4ec50aa4ee78a2584ac04f862cb4464871326a08cfc7470b0c98d37bfb6a8,0+1,0,33,71,128,,
confirmation,373,19e4ec50aa4ee78a2584ac04f862cb4464871326a08cfc7470b0c98d37bfb6a8,0+2,0,16,29,53,,
confirmation,374,19e4ec50aa4ee78a2584ac04f862cb4464871326a08cfc7470b0c98d37bfb6a8,1+2,0,33,63,128,,
confirmation,375,19e4ec50aa4ee78a2584ac04f862cb4464871326a08cfc7470b0c98d37bfb6a8,0+1+2,0,7,19,37,,
confirmation,376,ea577d797cc896caa34b7cefcc7629b8557c3d837cfacb6c4356b13f17b5831f,0+1,1,26,59,132,,
confirmation,377,ea577d797cc896caa34b7cefcc7629b8557c3d837cfacb6c4356b13f17b5831f,0+2,0,11,24,53,,
confirmation,378,ea577d797cc896caa34b7cefcc7629b8557c3d837cfacb6c4356b13f17b5831f,1+2,0,31,64,123,,
confirmation,379,ea577d797cc896caa34b7cefcc7629b8557c3d837cfacb6c4356b13f17b5831f,0+1+2,0,4,16,36,,
confirmation,380,ac4c43cda51d4ea6fdfd2cfae3702a57a65561c8439e435b9f330126ffbdbba8,0+1,1,28,61,121,,
confirmation,381,ac4c43cda51d4ea6fdfd2cfae3702a57a65561c8439e435b9f330126ffbdbba8,0+2,0,12,25,46,,
confirmation,382,ac4c43cda51d4ea6fdfd2cfae3702a57a65561c8439e435b9f330126ffbdbba8,1+2,0,31,62,110,,
confirmation,383,ac4c43cda51d4ea6fdfd2cfae3702a57a65561c8439e435b9f330126ffbdbba8,0+1+2,0,7,20,38,,
confirmation,384,a3c95adadfa9bf136da333a61d7dfc70f29200c2baf4782018eed76176753eab,0+1,1,36,69,124,,
confirmation,385,a3c95adadfa9bf136da333a61d7dfc70f29200c2baf4782018eed76176753eab,0+2,0,16,27,50,,
confirmation,386,a3c95adadfa9bf136da333a61d7dfc70f29200c2baf4782018eed76176753eab,1+2,0,23,55,117,,
confirmation,387,a3c95adadfa9bf136da333a61d7dfc70f29200c2baf4782018eed76176753eab,0+1+2,0,9,18,37,,
confirmation,388,e18789cb4c6233ffe7790a90b358a5e3072253a24185a78e964f8c37d4e7ecbe,0+1,8,26,57,107,,
confirmation,389,e18789cb4c6233ffe7790a90b358a5e3072253a24185a78e964f8c37d4e7ecbe,0+2,0,5,18,37,,
confirmation,390,e18789cb4c6233ffe7790a90b358a5e3072253a24185a78e964f8c37d4e7ecbe,1+2,0,19,42,92,,
confirmation,391,e18789cb4c6233ffe7790a90b358a5e3072253a24185a78e964f8c37d4e7ecbe,0+1+2,0,0,12,26,,
confirmation,392,963fc15c7cb2d10647f3d7450fbec1f042566eb25effcb7970c57f7572eca84e,0+1,0,33,56,126,,
confirmation,393,963fc15c7cb2d10647f3d7450fbec1f042566eb25effcb7970c57f7572eca84e,0+2,0,13,19,46,,
confirmation,394,963fc15c7cb2d10647f3d7450fbec1f042566eb25effcb7970c57f7572eca84e,1+2,0,28,59,121,,
confirmation,395,963fc15c7cb2d10647f3d7450fbec1f042566eb25effcb7970c57f7572eca84e,0+1+2,0,13,18,38,,
confirmation,396,f3ffeca8b6c0be43ec7c05165a299e8bd0cfb7d6e5f4866446e97c3b320b4927,0+1,0,27,59,128,,
confirmation,397,f3ffeca8b6c0be43ec7c05165a299e8bd0cfb7d6e5f4866446e97c3b320b4927,0+2,0,10,25,50,,
confirmation,398,f3ffeca8b6c0be43ec7c05165a299e8bd0cfb7d6e5f4866446e97c3b320b4927,1+2,9,42,73,133,,
confirmation,399,f3ffeca8b6c0be43ec7c05165a299e8bd0cfb7d6e5f4866446e97c3b320b4927,0+1+2,0,7,20,39,,
confirmation,400,7d0825088e55fc787a1e57bc49a3a8a694f9d2e21308a916c29187ef41d42722,0+1,0,27,68,131,,
confirmation,401,7d0825088e55fc787a1e57bc49a3a8a694f9d2e21308a916c29187ef41d42722,0+2,0,12,26,45,,
confirmation,402,7d0825088e55fc787a1e57bc49a3a8a694f9d2e21308a916c29187ef41d42722,1+2,0,31,62,121,,
confirmation,403,7d0825088e55fc787a1e57bc49a3a8a694f9d2e21308a916c29187ef41d42722,0+1+2,0,6,18,35,,
confirmation,404,4735ce20baededc026701dee24162af1d7e9e6f60ec7b5eb2000e54dda6a2360,0+1,13,47,79,130,,
confirmation,405,4735ce20baededc026701dee24162af1d7e9e6f60ec7b5eb2000e54dda6a2360,0+2,5,17,30,53,,
confirmation,406,4735ce20baededc026701dee24162af1d7e9e6f60ec7b5eb2000e54dda6a2360,1+2,5,38,70,129,,
confirmation,407,4735ce20baededc026701dee24162af1d7e9e6f60ec7b5eb2000e54dda6a2360,0+1+2,5,16,23,40,,
confirmation,408,ffb1b475f895bb6f1bb3f8c8aff7da1fbfb31ae45aee4a4dee61bf5add321b6a,0+1,0,29,54,124,,
confirmation,409,ffb1b475f895bb6f1bb3f8c8aff7da1fbfb31ae45aee4a4dee61bf5add321b6a,0+2,0,14,24,51,,
confirmation,410,ffb1b475f895bb6f1bb3f8c8aff7da1fbfb31ae45aee4a4dee61bf5add321b6a,1+2,0,30,63,121,,
confirmation,411,ffb1b475f895bb6f1bb3f8c8aff7da1fbfb31ae45aee4a4dee61bf5add321b6a,0+1+2,0,11,18,37,,
confirmation,412,dbc5dcb8c24fa7d8dfbbb300bf7e9e902070a33ebacec0ee379da9c788185ab1,0+1,5,25,57,96,,
confirmation,413,dbc5dcb8c24fa7d8dfbbb300bf7e9e902070a33ebacec0ee379da9c788185ab1,0+2,0,5,19,39,,
confirmation,414,dbc5dcb8c24fa7d8dfbbb300bf7e9e902070a33ebacec0ee379da9c788185ab1,1+2,0,20,42,86,,
confirmation,415,dbc5dcb8c24fa7d8dfbbb300bf7e9e902070a33ebacec0ee379da9c788185ab1,0+1+2,0,5,17,34,,
confirmation,416,e004b35784fb14adf6c14c8a022a4d171f75cad7527bd9a41e471ff3cae3af5f,0+1,0,33,63,117,,
confirmation,417,e004b35784fb14adf6c14c8a022a4d171f75cad7527bd9a41e471ff3cae3af5f,0+2,0,13,25,50,,
confirmation,418,e004b35784fb14adf6c14c8a022a4d171f75cad7527bd9a41e471ff3cae3af5f,1+2,0,27,57,122,,
confirmation,419,e004b35784fb14adf6c14c8a022a4d171f75cad7527bd9a41e471ff3cae3af5f,0+1+2,0,10,19,38,,
confirmation,420,0ffabe3cdb953588cd1e805be49cdc6c4a19e320ba9d7688387579b202732a19,0+1,0,39,71,127,,
confirmation,421,0ffabe3cdb953588cd1e805be49cdc6c4a19e320ba9d7688387579b202732a19,0+2,0,12,23,48,,
confirmation,422,0ffabe3cdb953588cd1e805be49cdc6c4a19e320ba9d7688387579b202732a19,1+2,0,24,59,120,,
confirmation,423,0ffabe3cdb953588cd1e805be49cdc6c4a19e320ba9d7688387579b202732a19,0+1+2,0,11,18,37,,
confirmation,424,79561a5c14e85d395b625b2b23b788aff960fd71bf6b98a860ce15f690b7dca8,0+1,6,41,67,110,,
confirmation,425,79561a5c14e85d395b625b2b23b788aff960fd71bf6b98a860ce15f690b7dca8,0+2,2,16,27,48,,
confirmation,426,79561a5c14e85d395b625b2b23b788aff960fd71bf6b98a860ce15f690b7dca8,1+2,8,32,63,107,,
confirmation,427,79561a5c14e85d395b625b2b23b788aff960fd71bf6b98a860ce15f690b7dca8,0+1+2,2,15,21,40,,
confirmation,428,fda5a5e711594bcb43ffbd32857875708f89d39b1d13365396e7082f18e93e83,0+1,0,27,54,102,,
confirmation,429,fda5a5e711594bcb43ffbd32857875708f89d39b1d13365396e7082f18e93e83,0+2,0,11,22,42,,
confirmation,430,fda5a5e711594bcb43ffbd32857875708f89d39b1d13365396e7082f18e93e83,1+2,0,23,49,91,,
confirmation,431,fda5a5e711594bcb43ffbd32857875708f89d39b1d13365396e7082f18e93e83,0+1+2,0,10,18,35,,
confirmation,432,4a137890f4ebfa59ca91a7b960a66881f2b2dcede4c0756647d57dceebd6c9ad,0+1,6,37,63,122,,
confirmation,433,4a137890f4ebfa59ca91a7b960a66881f2b2dcede4c0756647d57dceebd6c9ad,0+2,2,16,26,52,,
confirmation,434,4a137890f4ebfa59ca91a7b960a66881f2b2dcede4c0756647d57dceebd6c9ad,1+2,8,38,70,133,,
confirmation,435,4a137890f4ebfa59ca91a7b960a66881f2b2dcede4c0756647d57dceebd6c9ad,0+1+2,2,14,21,40,,
confirmation,436,753ec1c211798bc9981ff27ee0b99d230d7f1486c63728d114aac36af6a39f0d,0+1,8,35,63,129,,
confirmation,437,753ec1c211798bc9981ff27ee0b99d230d7f1486c63728d114aac36af6a39f0d,0+2,2,15,29,50,,
confirmation,438,753ec1c211798bc9981ff27ee0b99d230d7f1486c63728d114aac36af6a39f0d,1+2,6,38,70,133,,
confirmation,439,753ec1c211798bc9981ff27ee0b99d230d7f1486c63728d114aac36af6a39f0d,0+1+2,2,11,22,40,,
confirmation,440,31f07511dd847b3244c0065e414731708b20ececf4e9a1e1eafacb8a3581d40a,0+1,0,25,54,122,,
confirmation,441,31f07511dd847b3244c0065e414731708b20ececf4e9a1e1eafacb8a3581d40a,0+2,0,11,24,52,,
confirmation,442,31f07511dd847b3244c0065e414731708b20ececf4e9a1e1eafacb8a3581d40a,1+2,0,30,61,117,,
confirmation,443,31f07511dd847b3244c0065e414731708b20ececf4e9a1e1eafacb8a3581d40a,0+1+2,0,5,17,35,,
confirmation,444,fa61d8dc505f4e304ce023fc9ec697a88510249425966ba20423f263d6cc2f67,0+1,0,39,69,124,,
confirmation,445,fa61d8dc505f4e304ce023fc9ec697a88510249425966ba20423f263d6cc2f67,0+2,0,13,25,49,,
confirmation,446,fa61d8dc505f4e304ce023fc9ec697a88510249425966ba20423f263d6cc2f67,1+2,0,34,61,123,,
confirmation,447,fa61d8dc505f4e304ce023fc9ec697a88510249425966ba20423f263d6cc2f67,0+1+2,0,12,18,35,,
confirmation,448,a2051664cc982f1dcba702db21eb4fcd6512df044dc3bc62e6279943a5d02710,0+1,11,35,68,138,,
confirmation,449,a2051664cc982f1dcba702db21eb4fcd6512df044dc3bc62e6279943a5d02710,0+2,10,20,34,54,,
confirmation,450,a2051664cc982f1dcba702db21eb4fcd6512df044dc3bc62e6279943a5d02710,1+2,9,42,73,129,,
confirmation,451,a2051664cc982f1dcba702db21eb4fcd6512df044dc3bc62e6279943a5d02710,0+1+2,9,15,28,44,,
confirmation,452,0f1bab84d9700bb56e03118a0a6370f496408675bf1219759b5f975ecb10ee56,0+1,0,9,21,64,,
confirmation,453,0f1bab84d9700bb56e03118a0a6370f496408675bf1219759b5f975ecb10ee56,0+2,0,5,10,30,,
confirmation,454,0f1bab84d9700bb56e03118a0a6370f496408675bf1219759b5f975ecb10ee56,1+2,0,13,26,67,,
confirmation,455,0f1bab84d9700bb56e03118a0a6370f496408675bf1219759b5f975ecb10ee56,0+1+2,0,5,10,27,,
confirmation,456,e6c61d74616255f13a3ea77ed5c2cfc4e3d199ef2bd4836f19501ef78e6c510c,0+1,0,34,60,129,,
confirmation,457,e6c61d74616255f13a3ea77ed5c2cfc4e3d199ef2bd4836f19501ef78e6c510c,0+2,0,14,26,45,,
confirmation,458,e6c61d74616255f13a3ea77ed5c2cfc4e3d199ef2bd4836f19501ef78e6c510c,1+2,8,40,70,124,,
confirmation,459,e6c61d74616255f13a3ea77ed5c2cfc4e3d199ef2bd4836f19501ef78e6c510c,0+1+2,0,13,19,34,,
confirmation,460,ced245ddd91cbcef3589de7462089fee4038df23fa2afba32c1c3b5e54b6b937,0+1,3,33,72,128,,
confirmation,461,ced245ddd91cbcef3589de7462089fee4038df23fa2afba32c1c3b5e54b6b937,0+2,2,16,30,53,,
confirmation,462,ced245ddd91cbcef3589de7462089fee4038df23fa2afba32c1c3b5e54b6b937,1+2,12,45,77,139,,
confirmation,463,ced245ddd91cbcef3589de7462089fee4038df23fa2afba32c1c3b5e54b6b937,0+1+2,2,10,21,39,,
confirmation,464,3dcdd0a81f6b61a23f719ad09d266960084d615310e57d2ab2da383ce04e3aba,0+1,10,41,65,138,,
confirmation,465,3dcdd0a81f6b61a23f719ad09d266960084d615310e57d2ab2da383ce04e3aba,0+2,10,22,30,56,,
confirmation,466,3dcdd0a81f6b61a23f719ad09d266960084d615310e57d2ab2da383ce04e3aba,1+2,8,36,67,131,,
confirmation,467,3dcdd0a81f6b61a23f719ad09d266960084d615310e57d2ab2da383ce04e3aba,0+1+2,8,19,26,46,,
confirmation,468,168e77f1a1ffdb8bda339051ee72b6c7a438fbf0a7b215fd7ddfb76d4c9c81cf,0+1,0,27,55,122,,
confirmation,469,168e77f1a1ffdb8bda339051ee72b6c7a438fbf0a7b215fd7ddfb76d4c9c81cf,0+2,0,13,23,50,,
confirmation,470,168e77f1a1ffdb8bda339051ee72b6c7a438fbf0a7b215fd7ddfb76d4c9c81cf,1+2,0,29,62,124,,
confirmation,471,168e77f1a1ffdb8bda339051ee72b6c7a438fbf0a7b215fd7ddfb76d4c9c81cf,0+1+2,0,9,19,37,,
confirmation,472,6a5b022ea18b123d5784457c048a5a7b6bfd3fc3231cbf84085ae695cd32504a,0+1,2,39,67,121,,
confirmation,473,6a5b022ea18b123d5784457c048a5a7b6bfd3fc3231cbf84085ae695cd32504a,0+2,0,16,27,48,,
confirmation,474,6a5b022ea18b123d5784457c048a5a7b6bfd3fc3231cbf84085ae695cd32504a,1+2,10,42,75,135,,
confirmation,475,6a5b022ea18b123d5784457c048a5a7b6bfd3fc3231cbf84085ae695cd32504a,0+1+2,0,11,19,37,,
confirmation,476,fc21b4738d3c214625824b8a4300336eb82b495e5b250e3efdeea1527e649b7b,0+1,0,24,52,107,,
confirmation,477,fc21b4738d3c214625824b8a4300336eb82b495e5b250e3efdeea1527e649b7b,0+2,0,7,21,46,,
confirmation,478,fc21b4738d3c214625824b8a4300336eb82b495e5b250e3efdeea1527e649b7b,1+2,1,23,47,101,,
confirmation,479,fc21b4738d3c214625824b8a4300336eb82b495e5b250e3efdeea1527e649b7b,0+1+2,0,4,16,34,,
confirmation,480,62a2a743b2e48a49339c08a682053c92b592ff78404e5b6fc4d67adfb9d607b3,0+1,0,30,70,128,,
confirmation,481,62a2a743b2e48a49339c08a682053c92b592ff78404e5b6fc4d67adfb9d607b3,0+2,0,13,24,48,,
confirmation,482,62a2a743b2e48a49339c08a682053c92b592ff78404e5b6fc4d67adfb9d607b3,1+2,0,33,57,119,,
confirmation,483,62a2a743b2e48a49339c08a682053c92b592ff78404e5b6fc4d67adfb9d607b3,0+1+2,0,7,18,36,,
confirmation,484,82408dbae1bd8f846c816b4e56c5b87690e3f888285db0d37d0969f44be8336f,0+1,1,19,44,89,,
confirmation,485,82408dbae1bd8f846c816b4e56c5b87690e3f888285db0d37d0969f44be8336f,0+2,0,7,21,38,,
confirmation,486,82408dbae1bd8f846c816b4e56c5b87690e3f888285db0d37d0969f44be8336f,1+2,0,22,46,77,,
confirmation,487,82408dbae1bd8f846c816b4e56c5b87690e3f888285db0d37d0969f44be8336f,0+1+2,0,4,18,35,,
confirmation,488,baa229b5a529720e4f103827fc90c3574fb730560d31287bba35a1e1e5304d14,0+1,6,31,60,114,,
confirmation,489,baa229b5a529720e4f103827fc90c3574fb730560d31287bba35a1e1e5304d14,0+2,0,8,21,46,,
confirmation,490,baa229b5a529720e4f103827fc90c3574fb730560d31287bba35a1e1e5304d14,1+2,4,36,68,133,,
confirmation,491,baa229b5a529720e4f103827fc90c3574fb730560d31287bba35a1e1e5304d14,0+1+2,0,8,19,38,,
confirmation,492,919d7c146be55ad0e4b64caa038b7cbc817bc474e5ae2312d78dd9ec5af16094,0+1,0,16,36,53,,
confirmation,493,919d7c146be55ad0e4b64caa038b7cbc817bc474e5ae2312d78dd9ec5af16094,0+2,0,4,16,24,,
confirmation,494,919d7c146be55ad0e4b64caa038b7cbc817bc474e5ae2312d78dd9ec5af16094,1+2,0,20,44,66,,
confirmation,495,919d7c146be55ad0e4b64caa038b7cbc817bc474e5ae2312d78dd9ec5af16094,0+1+2,0,0,12,17,,
confirmation,496,4e1d2426c5b0bd9f031085c06c21fec65af0c04ed345977dbcfe738e2278252a,0+1,5,38,70,129,,
confirmation,497,4e1d2426c5b0bd9f031085c06c21fec65af0c04ed345977dbcfe738e2278252a,0+2,0,13,22,49,,
confirmation,498,4e1d2426c5b0bd9f031085c06c21fec65af0c04ed345977dbcfe738e2278252a,1+2,2,28,61,127,,
confirmation,499,4e1d2426c5b0bd9f031085c06c21fec65af0c04ed345977dbcfe738e2278252a,0+1+2,0,12,19,39,,
confirmation,500,e41829b62c5283b1c5a7dda6c23befab9cb61c0e28a594e6602e9515464acdfc,0+1,0,29,71,131,,
confirmation,501,e41829b62c5283b1c5a7dda6c23befab9cb61c0e28a594e6602e9515464acdfc,0+2,0,9,22,47,,
confirmation,502,e41829b62c5283b1c5a7dda6c23befab9cb61c0e28a594e6602e9515464acdfc,1+2,0,22,47,110,,
confirmation,503,e41829b62c5283b1c5a7dda6c23befab9cb61c0e28a594e6602e9515464acdfc,0+1+2,0,6,18,36,,
confirmation,504,86b20386177c59852c1a21fb9c812637a0dca581db8dd500e320267993d2e055,0+1,0,42,73,133,,
confirmation,505,86b20386177c59852c1a21fb9c812637a0dca581db8dd500e320267993d2e055,0+2,0,13,27,53,,
confirmation,506,86b20386177c59852c1a21fb9c812637a0dca581db8dd500e320267993d2e055,1+2,0,23,54,114,,
confirmation,507,86b20386177c59852c1a21fb9c812637a0dca581db8dd500e320267993d2e055,0+1+2,0,12,19,38,,
confirmation,508,3cbe0dd2b48c82d5d4d9e1ed65706e051ee2b1013e17bbe9c09324d03fc9d332,0+1,0,24,55,123,,
confirmation,509,3cbe0dd2b48c82d5d4d9e1ed65706e051ee2b1013e17bbe9c09324d03fc9d332,0+2,0,9,23,50,,
confirmation,510,3cbe0dd2b48c82d5d4d9e1ed65706e051ee2b1013e17bbe9c09324d03fc9d332,1+2,0,32,62,124,,
confirmation,511,3cbe0dd2b48c82d5d4d9e1ed65706e051ee2b1013e17bbe9c09324d03fc9d332,0+1+2,0,7,19,37,,
confirmation,512,958b10a63860932b3d2e286e1388d0155a3c05900269079d48cdad63ae880594,0+1,0,32,56,126,,
confirmation,513,958b10a63860932b3d2e286e1388d0155a3c05900269079d48cdad63ae880594,0+2,0,13,24,47,,
confirmation,514,958b10a63860932b3d2e286e1388d0155a3c05900269079d48cdad63ae880594,1+2,0,30,62,127,,
confirmation,515,958b10a63860932b3d2e286e1388d0155a3c05900269079d48cdad63ae880594,0+1+2,0,12,18,35,,
confirmation,516,c4fd1d22f4a1fd994a69736cf36e94447ea970a22da9af7d5dc974830fe60ac5,0+1,0,30,59,119,,
confirmation,517,c4fd1d22f4a1fd994a69736cf36e94447ea970a22da9af7d5dc974830fe60ac5,0+2,0,13,23,45,,
confirmation,518,c4fd1d22f4a1fd994a69736cf36e94447ea970a22da9af7d5dc974830fe60ac5,1+2,7,38,72,130,,
confirmation,519,c4fd1d22f4a1fd994a69736cf36e94447ea970a22da9af7d5dc974830fe60ac5,0+1+2,0,11,19,37,,
confirmation,520,b925b2d0d7df2c41d94bb6b0ab651e07822aa9195e3a75f3c22ace174034ce8d,0+1,12,32,52,89,,
confirmation,521,b925b2d0d7df2c41d94bb6b0ab651e07822aa9195e3a75f3c22ace174034ce8d,0+2,3,15,24,43,,
confirmation,522,b925b2d0d7df2c41d94bb6b0ab651e07822aa9195e3a75f3c22ace174034ce8d,1+2,3,24,47,83,,
confirmation,523,b925b2d0d7df2c41d94bb6b0ab651e07822aa9195e3a75f3c22ace174034ce8d,0+1+2,3,14,23,40,,
confirmation,524,234b72cf5f5983b69b6917cec21424a27cd8e1d5c2986ba063ab283d9af21069,0+1,0,25,50,115,,
confirmation,525,234b72cf5f5983b69b6917cec21424a27cd8e1d5c2986ba063ab283d9af21069,0+2,0,13,24,49,,
confirmation,526,234b72cf5f5983b69b6917cec21424a27cd8e1d5c2986ba063ab283d9af21069,1+2,0,28,59,123,,
confirmation,527,234b72cf5f5983b69b6917cec21424a27cd8e1d5c2986ba063ab283d9af21069,0+1+2,0,11,18,37,,
confirmation,528,8fd914e57825ed8175d82e2559a0d2451c35e31b909ed0d8a35db280d803843d,0+1,0,40,68,127,,
confirmation,529,8fd914e57825ed8175d82e2559a0d2451c35e31b909ed0d8a35db280d803843d,0+2,0,14,24,46,,
confirmation,530,8fd914e57825ed8175d82e2559a0d2451c35e31b909ed0d8a35db280d803843d,1+2,0,32,66,125,,
confirmation,531,8fd914e57825ed8175d82e2559a0d2451c35e31b909ed0d8a35db280d803843d,0+1+2,0,13,20,38,,
confirmation,532,4ebf8f915c182b6c1b90abd0dcad0b1752c0807d75e091f655aea4f25edb93ac,0+1,3,26,57,124,,
confirmation,533,4ebf8f915c182b6c1b90abd0dcad0b1752c0807d75e091f655aea4f25edb93ac,0+2,0,7,19,44,,
confirmation,534,4ebf8f915c182b6c1b90abd0dcad0b1752c0807d75e091f655aea4f25edb93ac,1+2,0,28,56,119,,
confirmation,535,4ebf8f915c182b6c1b90abd0dcad0b1752c0807d75e091f655aea4f25edb93ac,0+1+2,0,5,16,35,,
confirmation,536,bf630e9737921f592f15e2feb6ef804dcc1671fcaa4f031a8506d43770d4ee10,0+1,0,30,55,125,,
confirmation,537,bf630e9737921f592f15e2feb6ef804dcc1671fcaa4f031a8506d43770d4ee10,0+2,0,14,26,51,,
confirmation,538,bf630e9737921f592f15e2feb6ef804dcc1671fcaa4f031a8506d43770d4ee10,1+2,0,30,60,114,,
confirmation,539,bf630e9737921f592f15e2feb6ef804dcc1671fcaa4f031a8506d43770d4ee10,0+1+2,0,13,19,36,,
confirmation,540,3f0b5c91e3006f1f70fb5b2fb85d500b86adee01651f1afcf3ddbf2caaf56e27,0+1,0,35,60,129,,
confirmation,541,3f0b5c91e3006f1f70fb5b2fb85d500b86adee01651f1afcf3ddbf2caaf56e27,0+2,0,14,25,45,,
confirmation,542,3f0b5c91e3006f1f70fb5b2fb85d500b86adee01651f1afcf3ddbf2caaf56e27,1+2,0,31,62,114,,
confirmation,543,3f0b5c91e3006f1f70fb5b2fb85d500b86adee01651f1afcf3ddbf2caaf56e27,0+1+2,0,13,20,36,,
confirmation,544,855b548a1402589d61f3ef5e0ccdcbb10c048c8e5493ec45622f5b204357128a,0+1,11,26,46,93,,
confirmation,545,855b548a1402589d61f3ef5e0ccdcbb10c048c8e5493ec45622f5b204357128a,0+2,12,20,27,46,,
confirmation,546,855b548a1402589d61f3ef5e0ccdcbb10c048c8e5493ec45622f5b204357128a,1+2,11,31,50,95,,
confirmation,547,855b548a1402589d61f3ef5e0ccdcbb10c048c8e5493ec45622f5b204357128a,0+1+2,11,14,20,36,,
confirmation,548,501ec968c2ea4634c0cfc8ac280d40713178819ea50f1a33f4f99c0c473a1d65,0+1,4,31,59,126,,
confirmation,549,501ec968c2ea4634c0cfc8ac280d40713178819ea50f1a33f4f99c0c473a1d65,0+2,0,10,22,46,,
confirmation,550,501ec968c2ea4634c0cfc8ac280d40713178819ea50f1a33f4f99c0c473a1d65,1+2,8,41,72,135,,
confirmation,551,501ec968c2ea4634c0cfc8ac280d40713178819ea50f1a33f4f99c0c473a1d65,0+1+2,0,9,18,37,,
confirmation,552,daafeb555c985eed21b9f214a7bfaa35520c62d4dc19ff10e16cdc6bb6134578,0+1,0,33,65,119,,
confirmation,553,daafeb555c985eed21b9f214a7bfaa35520c62d4dc19ff10e16cdc6bb6134578,0+2,0,8,21,46,,
confirmation,554,daafeb555c985eed21b9f214a7bfaa35520c62d4dc19ff10e16cdc6bb6134578,1+2,0,30,55,117,,
confirmation,555,daafeb555c985eed21b9f214a7bfaa35520c62d4dc19ff10e16cdc6bb6134578,0+1+2,0,7,19,38,,
confirmation,556,1281eaefdb8c6d58db30f72e67c5dc0615486931d384cf901c61f52101ff3402,0+1,0,26,58,115,,
confirmation,557,1281eaefdb8c6d58db30f72e67c5dc0615486931d384cf901c61f52101ff3402,0+2,0,13,26,51,,
confirmation,558,1281eaefdb8c6d58db30f72e67c5dc0615486931d384cf901c61f52101ff3402,1+2,0,30,61,116,,
confirmation,559,1281eaefdb8c6d58db30f72e67c5dc0615486931d384cf901c61f52101ff3402,0+1+2,0,7,18,37,,
confirmation,560,19303054122595199f9e4657370b1dc5abb085b418cfee98fa5b1d621d7a6fff,0+1,0,26,54,108,,
confirmation,561,19303054122595199f9e4657370b1dc5abb085b418cfee98fa5b1d621d7a6fff,0+2,0,13,27,48,,
confirmation,562,19303054122595199f9e4657370b1dc5abb085b418cfee98fa5b1d621d7a6fff,1+2,0,20,47,89,,
confirmation,563,19303054122595199f9e4657370b1dc5abb085b418cfee98fa5b1d621d7a6fff,0+1+2,0,9,21,39,,
confirmation,564,c90ff4ee2c043eb778cb5f578764542d6a8abf7a0066aabdc50e1fb64e9fdb78,0+1,0,26,55,124,,
confirmation,565,c90ff4ee2c043eb778cb5f578764542d6a8abf7a0066aabdc50e1fb64e9fdb78,0+2,0,12,25,48,,
confirmation,566,c90ff4ee2c043eb778cb5f578764542d6a8abf7a0066aabdc50e1fb64e9fdb78,1+2,0,33,64,125,,
confirmation,567,c90ff4ee2c043eb778cb5f578764542d6a8abf7a0066aabdc50e1fb64e9fdb78,0+1+2,0,8,19,36,,
confirmation,568,24ca702d214778d0d3b3b170d9c51ee8863ad9199a849d53a1f9c747145006d4,0+1,0,36,67,120,,
confirmation,569,24ca702d214778d0d3b3b170d9c51ee8863ad9199a849d53a1f9c747145006d4,0+2,0,12,24,45,,
confirmation,570,24ca702d214778d0d3b3b170d9c51ee8863ad9199a849d53a1f9c747145006d4,1+2,0,33,63,124,,
confirmation,571,24ca702d214778d0d3b3b170d9c51ee8863ad9199a849d53a1f9c747145006d4,0+1+2,0,10,19,37,,
confirmation,572,a625e6bfda4f0a058492fab7e2937934d23822e42878592a02c1cd0459f36df3,0+1,5,30,56,111,,
confirmation,573,a625e6bfda4f0a058492fab7e2937934d23822e42878592a02c1cd0459f36df3,0+2,4,17,28,51,,
confirmation,574,a625e6bfda4f0a058492fab7e2937934d23822e42878592a02c1cd0459f36df3,1+2,12,43,74,139,,
confirmation,575,a625e6bfda4f0a058492fab7e2937934d23822e42878592a02c1cd0459f36df3,0+1+2,4,15,22,40,,
confirmation,576,cf8542bed43c43f90eae6766bb789dbff269b70023ba3e52bdba28d6996ded86,0+1,0,24,49,108,,
confirmation,577,cf8542bed43c43f90eae6766bb789dbff269b70023ba3e52bdba28d6996ded86,0+2,0,13,23,46,,
confirmation,578,cf8542bed43c43f90eae6766bb789dbff269b70023ba3e52bdba28d6996ded86,1+2,1,30,61,124,,
confirmation,579,cf8542bed43c43f90eae6766bb789dbff269b70023ba3e52bdba28d6996ded86,0+1+2,0,11,18,35,,
confirmation,580,0009f6976ff6f34e2eadeecde28002d0468bb3e3d5bad8ff56fdf48078301061,0+1,0,29,65,116,,
confirmation,581,0009f6976ff6f34e2eadeecde28002d0468bb3e3d5bad8ff56fdf48078301061,0+2,0,11,24,47,,
confirmation,582,0009f6976ff6f34e2eadeecde28002d0468bb3e3d5bad8ff56fdf48078301061,1+2,0,33,62,121,,
confirmation,583,0009f6976ff6f34e2eadeecde28002d0468bb3e3d5bad8ff56fdf48078301061,0+1+2,0,8,18,37,,
confirmation,584,4f4f6adc7627846f4e27f9a82dc30a895c8715d9a927145410238eb48c2d0638,0+1,0,11,20,57,,
confirmation,585,4f4f6adc7627846f4e27f9a82dc30a895c8715d9a927145410238eb48c2d0638,0+2,0,9,10,23,,
confirmation,586,4f4f6adc7627846f4e27f9a82dc30a895c8715d9a927145410238eb48c2d0638,1+2,0,12,23,48,,
confirmation,587,4f4f6adc7627846f4e27f9a82dc30a895c8715d9a927145410238eb48c2d0638,0+1+2,0,8,9,21,,
confirmation,588,dbb5c8aff756d3eb5547d5b41228ac31f6301ba6f3dd9342e0975f6750d41581,0+1,0,25,56,126,,
confirmation,589,dbb5c8aff756d3eb5547d5b41228ac31f6301ba6f3dd9342e0975f6750d41581,0+2,0,11,26,45,,
confirmation,590,dbb5c8aff756d3eb5547d5b41228ac31f6301ba6f3dd9342e0975f6750d41581,1+2,6,36,68,123,,
confirmation,591,dbb5c8aff756d3eb5547d5b41228ac31f6301ba6f3dd9342e0975f6750d41581,0+1+2,0,6,20,36,,
confirmation,592,932de68534132d958cb692c05506ad825c9028c9b873537a5c6e622fe1f328aa,0+1,11,35,67,126,,
confirmation,593,932de68534132d958cb692c05506ad825c9028c9b873537a5c6e622fe1f328aa,0+2,6,13,27,48,,
confirmation,594,932de68534132d958cb692c05506ad825c9028c9b873537a5c6e622fe1f328aa,1+2,5,36,65,106,,
confirmation,595,932de68534132d958cb692c05506ad825c9028c9b873537a5c6e622fe1f328aa,0+1+2,5,11,23,38,,
confirmation,596,63ca9fb7ae29511bcc4cd3f6d1647016fd824ee9d9d218d4d878c6a71c39cdd4,0+1,2,25,55,122,,
confirmation,597,63ca9fb7ae29511bcc4cd3f6d1647016fd824ee9d9d218d4d878c6a71c39cdd4,0+2,0,11,22,46,,
confirmation,598,63ca9fb7ae29511bcc4cd3f6d1647016fd824ee9d9d218d4d878c6a71c39cdd4,1+2,0,29,59,124,,
confirmation,599,63ca9fb7ae29511bcc4cd3f6d1647016fd824ee9d9d218d4d878c6a71c39cdd4,0+1+2,0,8,18,37,,
confirmation,600,d8d5efef9ebc84d7d84036c59d3c469739a3c93a29efc4bce7fa011510644341,0+1,0,25,57,127,,
confirmation,601,d8d5efef9ebc84d7d84036c59d3c469739a3c93a29efc4bce7fa011510644341,0+2,0,8,22,48,,
confirmation,602,d8d5efef9ebc84d7d84036c59d3c469739a3c93a29efc4bce7fa011510644341,1+2,4,36,66,120,,
confirmation,603,d8d5efef9ebc84d7d84036c59d3c469739a3c93a29efc4bce7fa011510644341,0+1+2,0,7,19,36,,
confirmation,604,5130ca6bd2a3c9415925bccebfa8ff7945618bd23231a66bfa78978f34e8cefc,0+1,6,32,66,109,,
confirmation,605,5130ca6bd2a3c9415925bccebfa8ff7945618bd23231a66bfa78978f34e8cefc,0+2,0,13,26,44,,
confirmation,606,5130ca6bd2a3c9415925bccebfa8ff7945618bd23231a66bfa78978f34e8cefc,1+2,0,30,60,103,,
confirmation,607,5130ca6bd2a3c9415925bccebfa8ff7945618bd23231a66bfa78978f34e8cefc,0+1+2,0,7,19,36,,
confirmation,608,fb8f78153aaa18ced7276baa927d7a4775604a2a57e73d17e57ed58215a74f9a,0+1,0,24,57,114,,
confirmation,609,fb8f78153aaa18ced7276baa927d7a4775604a2a57e73d17e57ed58215a74f9a,0+2,0,9,22,49,,
confirmation,610,fb8f78153aaa18ced7276baa927d7a4775604a2a57e73d17e57ed58215a74f9a,1+2,2,25,53,115,,
confirmation,611,fb8f78153aaa18ced7276baa927d7a4775604a2a57e73d17e57ed58215a74f9a,0+1+2,0,7,19,38,,
confirmation,612,8159e86eef8f4304e58764342af48948b56c3f239ffd68038d36e8be84d80aa9,0+1,0,19,39,90,,
confirmation,613,8159e86eef8f4304e58764342af48948b56c3f239ffd68038d36e8be84d80aa9,0+2,0,3,15,40,,
confirmation,614,8159e86eef8f4304e58764342af48948b56c3f239ffd68038d36e8be84d80aa9,1+2,0,20,44,96,,
confirmation,615,8159e86eef8f4304e58764342af48948b56c3f239ffd68038d36e8be84d80aa9,0+1+2,0,0,12,31,,
confirmation,616,e77cfb3b0da02cee99536271e0043ee1df5fb46fd7eb3e43e6caabcfcd2a29ac,0+1,0,17,42,101,,
confirmation,617,e77cfb3b0da02cee99536271e0043ee1df5fb46fd7eb3e43e6caabcfcd2a29ac,0+2,0,5,19,47,,
confirmation,618,e77cfb3b0da02cee99536271e0043ee1df5fb46fd7eb3e43e6caabcfcd2a29ac,1+2,1,23,46,100,,
confirmation,619,e77cfb3b0da02cee99536271e0043ee1df5fb46fd7eb3e43e6caabcfcd2a29ac,0+1+2,0,4,18,39,,
confirmation,620,dc983bd1b8ae51f0afa57ceb827486702518f9a8bdf6f8fe7f014fe909a8bdb2,0+1,10,27,47,66,,
confirmation,621,dc983bd1b8ae51f0afa57ceb827486702518f9a8bdf6f8fe7f014fe909a8bdb2,0+2,8,19,23,34,,
confirmation,622,dc983bd1b8ae51f0afa57ceb827486702518f9a8bdf6f8fe7f014fe909a8bdb2,1+2,11,33,54,77,,
confirmation,623,dc983bd1b8ae51f0afa57ceb827486702518f9a8bdf6f8fe7f014fe909a8bdb2,0+1+2,8,16,20,28,,
confirmation,624,4e8627a7c4e02203da4db219c81a41bad15f38e152299219437beee401925148,0+1,7,35,63,119,,
confirmation,625,4e8627a7c4e02203da4db219c81a41bad15f38e152299219437beee401925148,0+2,3,16,27,50,,
confirmation,626,4e8627a7c4e02203da4db219c81a41bad15f38e152299219437beee401925148,1+2,8,40,74,139,,
confirmation,627,4e8627a7c4e02203da4db219c81a41bad15f38e152299219437beee401925148,0+1+2,3,12,22,41,,
confirmation,628,eb519b3e9e0f4e7a4cc0d49ca40225e48a85cf3e5934fd0bd2639d5d9fedccfe,0+1,4,28,56,120,,
confirmation,629,eb519b3e9e0f4e7a4cc0d49ca40225e48a85cf3e5934fd0bd2639d5d9fedccfe,0+2,0,12,23,48,,
confirmation,630,eb519b3e9e0f4e7a4cc0d49ca40225e48a85cf3e5934fd0bd2639d5d9fedccfe,1+2,0,31,64,122,,
confirmation,631,eb519b3e9e0f4e7a4cc0d49ca40225e48a85cf3e5934fd0bd2639d5d9fedccfe,0+1+2,0,7,16,35,,
confirmation,632,3bcae84d2c6bfaadaa409f488ef1f8d20ac306f5ebead6aaebe2b0280f9af22b,0+1,0,30,53,123,,
confirmation,633,3bcae84d2c6bfaadaa409f488ef1f8d20ac306f5ebead6aaebe2b0280f9af22b,0+2,0,14,26,54,,
confirmation,634,3bcae84d2c6bfaadaa409f488ef1f8d20ac306f5ebead6aaebe2b0280f9af22b,1+2,0,30,61,120,,
confirmation,635,3bcae84d2c6bfaadaa409f488ef1f8d20ac306f5ebead6aaebe2b0280f9af22b,0+1+2,0,12,18,38,,
confirmation,636,ac9b124ef7061bde3ee93b9fa68d5ae6840fb85cfc6442303fbf5679f4391ab8,0+1,12,37,68,125,,
confirmation,637,ac9b124ef7061bde3ee93b9fa68d5ae6840fb85cfc6442303fbf5679f4391ab8,0+2,9,21,34,59,,
confirmation,638,ac9b124ef7061bde3ee93b9fa68d5ae6840fb85cfc6442303fbf5679f4391ab8,1+2,8,39,73,135,,
confirmation,639,ac9b124ef7061bde3ee93b9fa68d5ae6840fb85cfc6442303fbf5679f4391ab8,0+1+2,8,14,26,45,,
confirmation,640,21e429d9f3d9da520776de2141a9333eeeb7c30a11f5af0c04b55a5a6baec0b5,0+1,0,10,22,65,,
confirmation,641,21e429d9f3d9da520776de2141a9333eeeb7c30a11f5af0c04b55a5a6baec0b5,0+2,0,5,13,32,,
confirmation,642,21e429d9f3d9da520776de2141a9333eeeb7c30a11f5af0c04b55a5a6baec0b5,1+2,0,12,24,68,,
confirmation,643,21e429d9f3d9da520776de2141a9333eeeb7c30a11f5af0c04b55a5a6baec0b5,0+1+2,0,5,13,30,,
confirmation,644,cf2cac81fceeac2e2d0e0532e7640e80621e219a479b4b019f810d419538e6fe,0+1,0,27,50,112,,
confirmation,645,cf2cac81fceeac2e2d0e0532e7640e80621e219a479b4b019f810d419538e6fe,0+2,0,12,25,47,,
confirmation,646,cf2cac81fceeac2e2d0e0532e7640e80621e219a479b4b019f810d419538e6fe,1+2,0,32,61,125,,
confirmation,647,cf2cac81fceeac2e2d0e0532e7640e80621e219a479b4b019f810d419538e6fe,0+1+2,0,8,18,37,,
confirmation,648,de0ffe7d059eec01e0a0c6aecafeaf00c5afc83cde3d6f9b46f9d71672c2221d,0+1,9,49,78,136,,
confirmation,649,de0ffe7d059eec01e0a0c6aecafeaf00c5afc83cde3d6f9b46f9d71672c2221d,0+2,0,15,28,49,,
confirmation,650,de0ffe7d059eec01e0a0c6aecafeaf00c5afc83cde3d6f9b46f9d71672c2221d,1+2,0,30,62,122,,
confirmation,651,de0ffe7d059eec01e0a0c6aecafeaf00c5afc83cde3d6f9b46f9d71672c2221d,0+1+2,0,12,20,39,,
confirmation,652,79deb3d25cdac9c5c13622dec4da8c252c1f0cb5f73d7b806dee0e6d641aecdb,0+1,4,25,55,89,,
confirmation,653,79deb3d25cdac9c5c13622dec4da8c252c1f0cb5f73d7b806dee0e6d641aecdb,0+2,5,17,26,37,,
confirmation,654,79deb3d25cdac9c5c13622dec4da8c252c1f0cb5f73d7b806dee0e6d641aecdb,1+2,10,32,60,95,,
confirmation,655,79deb3d25cdac9c5c13622dec4da8c252c1f0cb5f73d7b806dee0e6d641aecdb,0+1+2,4,13,19,27,,
confirmation,656,6037c7f868096382c1d3307fa0b7590b951a4503305c72b69d0f092c637c209d,0+1,0,18,42,83,,
confirmation,657,6037c7f868096382c1d3307fa0b7590b951a4503305c72b69d0f092c637c209d,0+2,0,5,19,39,,
confirmation,658,6037c7f868096382c1d3307fa0b7590b951a4503305c72b69d0f092c637c209d,1+2,5,24,36,81,,
confirmation,659,6037c7f868096382c1d3307fa0b7590b951a4503305c72b69d0f092c637c209d,0+1+2,0,3,15,34,,
confirmation,660,53db0baf0dcd455c7f76b76d27ab89e7fa41335f8be4bb37add9792c65895012,0+1,0,19,50,86,,
confirmation,661,53db0baf0dcd455c7f76b76d27ab89e7fa41335f8be4bb37add9792c65895012,0+2,0,12,22,31,,
confirmation,662,53db0baf0dcd455c7f76b76d27ab89e7fa41335f8be4bb37add9792c65895012,1+2,3,24,52,89,,
confirmation,663,53db0baf0dcd455c7f76b76d27ab89e7fa41335f8be4bb37add9792c65895012,0+1+2,0,8,16,24,,
confirmation,664,50d7677e446b59e70a18a81cb30580f82d6957c166e7b8e6503c71d28c49b2a3,0+1,0,29,50,92,,
confirmation,665,50d7677e446b59e70a18a81cb30580f82d6957c166e7b8e6503c71d28c49b2a3,0+2,0,8,20,29,,
confirmation,666,50d7677e446b59e70a18a81cb30580f82d6957c166e7b8e6503c71d28c49b2a3,1+2,6,26,46,86,,
confirmation,667,50d7677e446b59e70a18a81cb30580f82d6957c166e7b8e6503c71d28c49b2a3,0+1+2,0,6,14,21,,
confirmation,668,864ecce85c4b16b7a383d9a6b50ea447030a0bdb442995d6637bae55611de653,0+1,3,28,59,129,,
confirmation,669,864ecce85c4b16b7a383d9a6b50ea447030a0bdb442995d6637bae55611de653,0+2,3,13,28,52,,
confirmation,670,864ecce85c4b16b7a383d9a6b50ea447030a0bdb442995d6637bae55611de653,1+2,12,44,74,139,,
confirmation,671,864ecce85c4b16b7a383d9a6b50ea447030a0bdb442995d6637bae55611de653,0+1+2,3,9,23,41,,
confirmation,672,14486bc97da84afbdd8944ed0d4ea374ffbd3c0773f06c8010ad126e596072f9,0+1,12,35,69,112,,
confirmation,673,14486bc97da84afbdd8944ed0d4ea374ffbd3c0773f06c8010ad126e596072f9,0+2,6,16,30,52,,
confirmation,674,14486bc97da84afbdd8944ed0d4ea374ffbd3c0773f06c8010ad126e596072f9,1+2,7,38,72,118,,
confirmation,675,14486bc97da84afbdd8944ed0d4ea374ffbd3c0773f06c8010ad126e596072f9,0+1+2,6,10,24,44,,
confirmation,676,6a273bae4480fdfba26c2995cf3d48ad98197e06b15cb139a1f53e955197735a,0+1,0,21,38,94,,
confirmation,677,6a273bae4480fdfba26c2995cf3d48ad98197e06b15cb139a1f53e955197735a,0+2,0,12,17,41,,
confirmation,678,6a273bae4480fdfba26c2995cf3d48ad98197e06b15cb139a1f53e955197735a,1+2,0,22,41,85,,
confirmation,679,6a273bae4480fdfba26c2995cf3d48ad98197e06b15cb139a1f53e955197735a,0+1+2,0,11,12,31,,
confirmation,680,b2ccf41b1f372943d56b4d7050f7b05101f114bd57368edf19bb79104cccb2d1,0+1,1,11,30,66,,
confirmation,681,b2ccf41b1f372943d56b4d7050f7b05101f114bd57368edf19bb79104cccb2d1,0+2,0,10,10,28,,
confirmation,682,b2ccf41b1f372943d56b4d7050f7b05101f114bd57368edf19bb79104cccb2d1,1+2,0,10,21,63,,
confirmation,683,b2ccf41b1f372943d56b4d7050f7b05101f114bd57368edf19bb79104cccb2d1,0+1+2,0,8,8,24,,
confirmation,684,6754fa2377b8443911fb3c7389268542382921672e91224fcafed716b4c0de34,0+1,0,9,19,57,,
confirmation,685,6754fa2377b8443911fb3c7389268542382921672e91224fcafed716b4c0de34,0+2,0,2,8,25,,
confirmation,686,6754fa2377b8443911fb3c7389268542382921672e91224fcafed716b4c0de34,1+2,0,12,23,68,,
confirmation,687,6754fa2377b8443911fb3c7389268542382921672e91224fcafed716b4c0de34,0+1+2,0,2,6,19,,
confirmation,688,732dc67e4d82ad57260281915bdac039216b67625489d2728e3c4f408fcb76a5,0+1,3,36,67,125,,
confirmation,689,732dc67e4d82ad57260281915bdac039216b67625489d2728e3c4f408fcb76a5,0+2,0,14,25,48,,
confirmation,690,732dc67e4d82ad57260281915bdac039216b67625489d2728e3c4f408fcb76a5,1+2,4,33,56,119,,
confirmation,691,732dc67e4d82ad57260281915bdac039216b67625489d2728e3c4f408fcb76a5,0+1+2,0,12,18,36,,
confirmation,692,7ef781f0feb5bddd4e3f3e8c3dc2ada6f98318115cedfa2889a178af88931c0e,0+1,6,23,45,84,,
confirmation,693,7ef781f0feb5bddd4e3f3e8c3dc2ada6f98318115cedfa2889a178af88931c0e,0+2,0,4,18,37,,
confirmation,694,7ef781f0feb5bddd4e3f3e8c3dc2ada6f98318115cedfa2889a178af88931c0e,1+2,0,22,43,87,,
confirmation,695,7ef781f0feb5bddd4e3f3e8c3dc2ada6f98318115cedfa2889a178af88931c0e,0+1+2,0,2,14,31,,
confirmation,696,39f39ed6db3ec3f6ce74b70359af54c74c9070937bb326ba97d867c9d0cc01de,0+1,4,36,68,124,,
confirmation,697,39f39ed6db3ec3f6ce74b70359af54c74c9070937bb326ba97d867c9d0cc01de,0+2,0,12,21,45,,
confirmation,698,39f39ed6db3ec3f6ce74b70359af54c74c9070937bb326ba97d867c9d0cc01de,1+2,0,23,51,113,,
confirmation,699,39f39ed6db3ec3f6ce74b70359af54c74c9070937bb326ba97d867c9d0cc01de,0+1+2,0,11,17,35,,
confirmation,700,b2531553480cfdc042e4f9ccc4f832fd389c990d8d84941c0ab06de5f9fafbb2,0+1,0,15,32,79,,
confirmation,701,b2531553480cfdc042e4f9ccc4f832fd389c990d8d84941c0ab06de5f9fafbb2,0+2,0,10,13,30,,
confirmation,702,b2531553480cfdc042e4f9ccc4f832fd389c990d8d84941c0ab06de5f9fafbb2,1+2,0,18,35,78,,
confirmation,703,b2531553480cfdc042e4f9ccc4f832fd389c990d8d84941c0ab06de5f9fafbb2,0+1+2,0,8,8,21,,
confirmation,704,d8742ac279783a5c435d8349b6128283857f26899cb4fdda9d33851eb932a206,0+1,0,30,51,86,,
confirmation,705,d8742ac279783a5c435d8349b6128283857f26899cb4fdda9d33851eb932a206,0+2,0,8,19,27,,
confirmation,706,d8742ac279783a5c435d8349b6128283857f26899cb4fdda9d33851eb932a206,1+2,4,24,44,77,,
confirmation,707,d8742ac279783a5c435d8349b6128283857f26899cb4fdda9d33851eb932a206,0+1+2,0,8,15,21,,
confirmation,708,3820eb96bf78196d30421de5e6399351d7acdf8414c7102bd2a6b43733442afd,0+1,0,22,56,105,,
confirmation,709,3820eb96bf78196d30421de5e6399351d7acdf8414c7102bd2a6b43733442afd,0+2,0,5,18,38,,
confirmation,710,3820eb96bf78196d30421de5e6399351d7acdf8414c7102bd2a6b43733442afd,1+2,7,30,52,97,,
confirmation,711,3820eb96bf78196d30421de5e6399351d7acdf8414c7102bd2a6b43733442afd,0+1+2,0,5,18,35,,
confirmation,712,ee621472853d58ff3959854930b86d6a55483b05fa3cd2afc13e9194dd17d27f,0+1,3,19,40,94,,
confirmation,713,ee621472853d58ff3959854930b86d6a55483b05fa3cd2afc13e9194dd17d27f,0+2,3,11,16,36,,
confirmation,714,ee621472853d58ff3959854930b86d6a55483b05fa3cd2afc13e9194dd17d27f,1+2,12,34,52,107,,
confirmation,715,ee621472853d58ff3959854930b86d6a55483b05fa3cd2afc13e9194dd17d27f,0+1+2,3,7,12,28,,
confirmation,716,8baae53b2b5ae9e2f82706b409e7c79a95f3a42fc7b862dd58f92091eda257cd,0+1,0,14,26,66,,
confirmation,717,8baae53b2b5ae9e2f82706b409e7c79a95f3a42fc7b862dd58f92091eda257cd,0+2,0,1,13,33,,
confirmation,718,8baae53b2b5ae9e2f82706b409e7c79a95f3a42fc7b862dd58f92091eda257cd,1+2,0,11,25,72,,
confirmation,719,8baae53b2b5ae9e2f82706b409e7c79a95f3a42fc7b862dd58f92091eda257cd,0+1+2,0,1,13,32,,
confirmation,720,224dd3f43c9dae1f71d2dd4971150458881c5d24c8e12aa97de0408a246a11e0,0+1,0,26,60,113,,
confirmation,721,224dd3f43c9dae1f71d2dd4971150458881c5d24c8e12aa97de0408a246a11e0,0+2,0,7,19,44,,
confirmation,722,224dd3f43c9dae1f71d2dd4971150458881c5d24c8e12aa97de0408a246a11e0,1+2,0,29,54,117,,
confirmation,723,224dd3f43c9dae1f71d2dd4971150458881c5d24c8e12aa97de0408a246a11e0,0+1+2,0,5,15,34,,
confirmation,724,54ce90e2734b1fe108feadb5e9758eeaca564c5c72ec6dd5b8cc544ad6542e40,0+1,0,18,28,66,,
confirmation,725,54ce90e2734b1fe108feadb5e9758eeaca564c5c72ec6dd5b8cc544ad6542e40,0+2,0,5,13,36,,
confirmation,726,54ce90e2734b1fe108feadb5e9758eeaca564c5c72ec6dd5b8cc544ad6542e40,1+2,0,11,22,68,,
confirmation,727,54ce90e2734b1fe108feadb5e9758eeaca564c5c72ec6dd5b8cc544ad6542e40,0+1+2,0,5,13,33,,
confirmation,728,394b26bbf01a54c81d9a179af55dee4417d63102f110f3e5eba3ffaf126140ed,0+1,2,22,41,94,,
confirmation,729,394b26bbf01a54c81d9a179af55dee4417d63102f110f3e5eba3ffaf126140ed,0+2,2,13,23,47,,
confirmation,730,394b26bbf01a54c81d9a179af55dee4417d63102f110f3e5eba3ffaf126140ed,1+2,12,35,57,121,,
confirmation,731,394b26bbf01a54c81d9a179af55dee4417d63102f110f3e5eba3ffaf126140ed,0+1+2,2,11,20,39,,
confirmation,732,3c9405de2c100906940df8fcbe79d685f03b77636b8a657da464aa8d1c168e63,0+1,13,37,69,130,,
confirmation,733,3c9405de2c100906940df8fcbe79d685f03b77636b8a657da464aa8d1c168e63,0+2,5,13,24,48,,
confirmation,734,3c9405de2c100906940df8fcbe79d685f03b77636b8a657da464aa8d1c168e63,1+2,5,34,63,124,,
confirmation,735,3c9405de2c100906940df8fcbe79d685f03b77636b8a657da464aa8d1c168e63,0+1+2,5,11,22,40,,
confirmation,736,666190ce1f06e1552dd8dbe4b22e3b35d9c1f4306a34fdcc442adf2b9d95b559,0+1,0,28,54,92,,
confirmation,737,666190ce1f06e1552dd8dbe4b22e3b35d9c1f4306a34fdcc442adf2b9d95b559,0+2,0,12,24,46,,
confirmation,738,666190ce1f06e1552dd8dbe4b22e3b35d9c1f4306a34fdcc442adf2b9d95b559,1+2,0,31,54,97,,
confirmation,739,666190ce1f06e1552dd8dbe4b22e3b35d9c1f4306a34fdcc442adf2b9d95b559,0+1+2,0,10,18,36,,
confirmation,740,29d1dfce3294979219ae063de591ba531dd1719965b94ab74b46f0d7bdc89f35,0+1,11,35,62,115,,
confirmation,741,29d1dfce3294979219ae063de591ba531dd1719965b94ab74b46f0d7bdc89f35,0+2,12,22,34,59,,
confirmation,742,29d1dfce3294979219ae063de591ba531dd1719965b94ab74b46f0d7bdc89f35,1+2,13,43,74,136,,
confirmation,743,29d1dfce3294979219ae063de591ba531dd1719965b94ab74b46f0d7bdc89f35,0+1+2,11,19,29,49,,
confirmation,744,bc6b8712f7f001a90cb7a2277f117cbe4bca0da89af8811891dcecf3fd3c57bd,0+1,0,25,60,129,,
confirmation,745,bc6b8712f7f001a90cb7a2277f117cbe4bca0da89af8811891dcecf3fd3c57bd,0+2,0,14,28,54,,
confirmation,746,bc6b8712f7f001a90cb7a2277f117cbe4bca0da89af8811891dcecf3fd3c57bd,1+2,0,31,63,111,,
confirmation,747,bc6b8712f7f001a90cb7a2277f117cbe4bca0da89af8811891dcecf3fd3c57bd,0+1+2,0,8,21,40,,
confirmation,748,26aa2269ded288ada622237767cdf9c12697526f2c196e9121f619b6bbaaf280,0+1,0,32,67,126,,
confirmation,749,26aa2269ded288ada622237767cdf9c12697526f2c196e9121f619b6bbaaf280,0+2,0,11,24,51,,
confirmation,750,26aa2269ded288ada622237767cdf9c12697526f2c196e9121f619b6bbaaf280,1+2,0,25,56,121,,
confirmation,751,26aa2269ded288ada622237767cdf9c12697526f2c196e9121f619b6bbaaf280,0+1+2,0,7,20,39,,
confirmation,752,c086fd051b5c3eb71905143be883b1fffdbc4676807ad06439011b56d49df52a,0+1,0,26,58,130,,
confirmation,753,c086fd051b5c3eb71905143be883b1fffdbc4676807ad06439011b56d49df52a,0+2,0,14,27,48,,
confirmation,754,c086fd051b5c3eb71905143be883b1fffdbc4676807ad06439011b56d49df52a,1+2,0,32,63,108,,
confirmation,755,c086fd051b5c3eb71905143be883b1fffdbc4676807ad06439011b56d49df52a,0+1+2,0,8,19,37,,
confirmation,756,7e99ab1bece77df094e46bf09208f64052be28f536c5c41fdda17381f848e4b1,0+1,3,21,40,92,,
confirmation,757,7e99ab1bece77df094e46bf09208f64052be28f536c5c41fdda17381f848e4b1,0+2,0,12,18,38,,
confirmation,758,7e99ab1bece77df094e46bf09208f64052be28f536c5c41fdda17381f848e4b1,1+2,0,22,42,95,,
confirmation,759,7e99ab1bece77df094e46bf09208f64052be28f536c5c41fdda17381f848e4b1,0+1+2,0,9,15,31,,
confirmation,760,6cb1b48756a2695b6ef29060376f2678cdfb69c69a7de3d72e3ab0fbc2302ca8,0+1,12,28,49,86,,
confirmation,761,6cb1b48756a2695b6ef29060376f2678cdfb69c69a7de3d72e3ab0fbc2302ca8,0+2,11,22,29,38,,
confirmation,762,6cb1b48756a2695b6ef29060376f2678cdfb69c69a7de3d72e3ab0fbc2302ca8,1+2,10,32,53,89,,
confirmation,763,6cb1b48756a2695b6ef29060376f2678cdfb69c69a7de3d72e3ab0fbc2302ca8,0+1+2,10,18,25,32,,
confirmation,764,285044f7492b0f5d8e66aeabe6890e5170a7e9593e752df8f60e81305b5059ca,0+1,12,37,70,130,,
confirmation,765,285044f7492b0f5d8e66aeabe6890e5170a7e9593e752df8f60e81305b5059ca,0+2,5,18,32,53,,
confirmation,766,285044f7492b0f5d8e66aeabe6890e5170a7e9593e752df8f60e81305b5059ca,1+2,5,35,66,123,,
confirmation,767,285044f7492b0f5d8e66aeabe6890e5170a7e9593e752df8f60e81305b5059ca,0+1+2,5,12,25,41,,
confirmation,768,4f17e4126b7a4d7aaa84ae575b23a7a2992648bc8b839bebd0f0fb37f20ed725,0+1,9,47,78,132,,
confirmation,769,4f17e4126b7a4d7aaa84ae575b23a7a2992648bc8b839bebd0f0fb37f20ed725,0+2,0,16,29,50,,
confirmation,770,4f17e4126b7a4d7aaa84ae575b23a7a2992648bc8b839bebd0f0fb37f20ed725,1+2,0,31,55,117,,
confirmation,771,4f17e4126b7a4d7aaa84ae575b23a7a2992648bc8b839bebd0f0fb37f20ed725,0+1+2,0,11,20,38,,
confirmation,772,e1b2187308be55361ce5f9081a564e764bcf0955076767603a06fd71c8c4ec8a,0+1,0,14,29,70,,
confirmation,773,e1b2187308be55361ce5f9081a564e764bcf0955076767603a06fd71c8c4ec8a,0+2,0,13,13,32,,
confirmation,774,e1b2187308be55361ce5f9081a564e764bcf0955076767603a06fd71c8c4ec8a,1+2,2,15,27,72,,
confirmation,775,e1b2187308be55361ce5f9081a564e764bcf0955076767603a06fd71c8c4ec8a,0+1+2,0,13,13,31,,
confirmation,776,752f5d2f44f5da90bcbc599c1da576c0fda2ecb300b26cd6f7093b3b99b81cf6,0+1,0,17,37,56,,
confirmation,777,752f5d2f44f5da90bcbc599c1da576c0fda2ecb300b26cd6f7093b3b99b81cf6,0+2,0,6,18,30,,
confirmation,778,752f5d2f44f5da90bcbc599c1da576c0fda2ecb300b26cd6f7093b3b99b81cf6,1+2,0,21,35,59,,
confirmation,779,752f5d2f44f5da90bcbc599c1da576c0fda2ecb300b26cd6f7093b3b99b81cf6,0+1+2,0,5,15,25,,
confirmation,780,0c96df39ed1bdd3b489644d5ea6e2fcd85ba7b61583fbf83b5ace87f23b83dd3,0+1,5,23,55,125,,
confirmation,781,0c96df39ed1bdd3b489644d5ea6e2fcd85ba7b61583fbf83b5ace87f23b83dd3,0+2,7,7,21,48,,
confirmation,782,0c96df39ed1bdd3b489644d5ea6e2fcd85ba7b61583fbf83b5ace87f23b83dd3,1+2,9,30,58,127,,
confirmation,783,0c96df39ed1bdd3b489644d5ea6e2fcd85ba7b61583fbf83b5ace87f23b83dd3,0+1+2,5,5,17,37,,
confirmation,784,3134a44d05a0447a1d6cf5193856a6f4670ba50f08ce8b2e878deeece9464d63,0+1,0,24,39,60,,
confirmation,785,3134a44d05a0447a1d6cf5193856a6f4670ba50f08ce8b2e878deeece9464d63,0+2,0,14,15,26,,
confirmation,786,3134a44d05a0447a1d6cf5193856a6f4670ba50f08ce8b2e878deeece9464d63,1+2,0,13,25,48,,
confirmation,787,3134a44d05a0447a1d6cf5193856a6f4670ba50f08ce8b2e878deeece9464d63,0+1+2,0,13,14,25,,
confirmation,788,7a937e11b172b692b1d97de838d54afaba1cce63730fd7f00cce87f5a6e37c2f,0+1,0,23,40,99,,
confirmation,789,7a937e11b172b692b1d97de838d54afaba1cce63730fd7f00cce87f5a6e37c2f,0+2,0,14,20,42,,
confirmation,790,7a937e11b172b692b1d97de838d54afaba1cce63730fd7f00cce87f5a6e37c2f,1+2,0,24,47,93,,
confirmation,791,7a937e11b172b692b1d97de838d54afaba1cce63730fd7f00cce87f5a6e37c2f,0+1+2,0,13,19,36,,
confirmation,792,4e0d5781e6e97a5e04e4d9fe87d2dcd11161cf4595dea4c2829d1b9f1752e311,0+1,0,29,63,113,,
confirmation,793,4e0d5781e6e97a5e04e4d9fe87d2dcd11161cf4595dea4c2829d1b9f1752e311,0+2,0,13,26,50,,
confirmation,794,4e0d5781e6e97a5e04e4d9fe87d2dcd11161cf4595dea4c2829d1b9f1752e311,1+2,0,33,60,122,,
confirmation,795,4e0d5781e6e97a5e04e4d9fe87d2dcd11161cf4595dea4c2829d1b9f1752e311,0+1+2,0,10,18,37,,
confirmation,796,097dad44e03a24ff6f1758fdf990f5b763eabbd4ffaa341fe6053dd50ff34f0d,0+1,0,31,55,106,,
confirmation,797,097dad44e03a24ff6f1758fdf990f5b763eabbd4ffaa341fe6053dd50ff34f0d,0+2,0,14,21,43,,
confirmation,798,097dad44e03a24ff6f1758fdf990f5b763eabbd4ffaa341fe6053dd50ff34f0d,1+2,0,28,59,101,,
confirmation,799,097dad44e03a24ff6f1758fdf990f5b763eabbd4ffaa341fe6053dd50ff34f0d,0+1+2,0,12,18,35,,
confirmation,800,8e41a77e085837655e091c3ae6560e23366644d2359dbbddb118d76d09e859ef,0+1,2,28,57,121,,
confirmation,801,8e41a77e085837655e091c3ae6560e23366644d2359dbbddb118d76d09e859ef,0+2,0,10,22,48,,
confirmation,802,8e41a77e085837655e091c3ae6560e23366644d2359dbbddb118d76d09e859ef,1+2,0,34,67,127,,
confirmation,803,8e41a77e085837655e091c3ae6560e23366644d2359dbbddb118d76d09e859ef,0+1+2,0,9,19,39,,
confirmation,804,df292c368af4cf6e02cd2e136c12f1d12561d315f258cacb84a9f0f2655345cf,0+1,7,28,45,65,,
confirmation,805,df292c368af4cf6e02cd2e136c12f1d12561d315f258cacb84a9f0f2655345cf,0+2,0,14,20,32,,
confirmation,806,df292c368af4cf6e02cd2e136c12f1d12561d315f258cacb84a9f0f2655345cf,1+2,1,23,45,69,,
confirmation,807,df292c368af4cf6e02cd2e136c12f1d12561d315f258cacb84a9f0f2655345cf,0+1+2,0,12,17,28,,
confirmation,808,cbd4560cc1a95cefc9d87bb3de28adc98035bcb1ffabba69de55d71f56b17c28,0+1,0,24,42,69,,
confirmation,809,cbd4560cc1a95cefc9d87bb3de28adc98035bcb1ffabba69de55d71f56b17c28,0+2,0,10,20,28,,
confirmation,810,cbd4560cc1a95cefc9d87bb3de28adc98035bcb1ffabba69de55d71f56b17c28,1+2,2,24,45,67,,
confirmation,811,cbd4560cc1a95cefc9d87bb3de28adc98035bcb1ffabba69de55d71f56b17c28,0+1+2,0,10,16,23,,
confirmation,812,d60461282f5dee9b64e2c233d8899544305d56a8a6d8450af38ba607615a90b1,0+1,12,36,69,128,,
confirmation,813,d60461282f5dee9b64e2c233d8899544305d56a8a6d8450af38ba607615a90b1,0+2,8,18,31,57,,
confirmation,814,d60461282f5dee9b64e2c233d8899544305d56a8a6d8450af38ba607615a90b1,1+2,10,36,59,113,,
confirmation,815,d60461282f5dee9b64e2c233d8899544305d56a8a6d8450af38ba607615a90b1,0+1+2,8,12,25,45,,
confirmation,816,c578227c42220e4917009a84c6516b1f59477037a84a29c778a7a955e3b3d83e,0+1,9,35,63,118,,
confirmation,817,c578227c42220e4917009a84c6516b1f59477037a84a29c778a7a955e3b3d83e,0+2,6,17,29,53,,
confirmation,818,c578227c42220e4917009a84c6516b1f59477037a84a29c778a7a955e3b3d83e,1+2,10,41,73,127,,
confirmation,819,c578227c42220e4917009a84c6516b1f59477037a84a29c778a7a955e3b3d83e,0+1+2,6,14,24,42,,
confirmation,820,6fea552f9a5583470eb1165c994986417c5e174c2e88bcb87e48cc1962423648,0+1,5,29,56,110,,
confirmation,821,6fea552f9a5583470eb1165c994986417c5e174c2e88bcb87e48cc1962423648,0+2,0,13,24,50,,
confirmation,822,6fea552f9a5583470eb1165c994986417c5e174c2e88bcb87e48cc1962423648,1+2,0,28,58,122,,
confirmation,823,6fea552f9a5583470eb1165c994986417c5e174c2e88bcb87e48cc1962423648,0+1+2,0,10,19,39,,
confirmation,824,ae1d42dc7e90ddd3ca18b34cf239449384a4ff623e166a9fb766b56cdb503db5,0+1,0,25,48,101,,
confirmation,825,ae1d42dc7e90ddd3ca18b34cf239449384a4ff623e166a9fb766b56cdb503db5,0+2,0,13,18,42,,
confirmation,826,ae1d42dc7e90ddd3ca18b34cf239449384a4ff623e166a9fb766b56cdb503db5,1+2,0,21,42,104,,
confirmation,827,ae1d42dc7e90ddd3ca18b34cf239449384a4ff623e166a9fb766b56cdb503db5,0+1+2,0,11,14,33,,
confirmation,828,5da5fc5da0c15f28c0a08f85fe279760f1d749cb4866c0f505d8f5e6761a724b,0+1,11,36,69,134,,
confirmation,829,5da5fc5da0c15f28c0a08f85fe279760f1d749cb4866c0f505d8f5e6761a724b,0+2,1,11,25,46,,
confirmation,830,5da5fc5da0c15f28c0a08f85fe279760f1d749cb4866c0f505d8f5e6761a724b,1+2,2,34,65,125,,
confirmation,831,5da5fc5da0c15f28c0a08f85fe279760f1d749cb4866c0f505d8f5e6761a724b,0+1+2,1,7,19,37,,
confirmation,832,a8e1db0bef6dab5fed4ab2513d81b1aabaf316667c081fc3be8a27fb64ba1532,0+1,7,28,58,96,,
confirmation,833,a8e1db0bef6dab5fed4ab2513d81b1aabaf316667c081fc3be8a27fb64ba1532,0+2,10,22,32,43,,
confirmation,834,a8e1db0bef6dab5fed4ab2513d81b1aabaf316667c081fc3be8a27fb64ba1532,1+2,8,34,65,107,,
confirmation,835,a8e1db0bef6dab5fed4ab2513d81b1aabaf316667c081fc3be8a27fb64ba1532,0+1+2,7,15,25,35,,
confirmation,836,1f686367c16e09ec35edab2e1476d6a87ee8efbafb6e6b034e86a9116303736e,0+1,5,29,58,119,,
confirmation,837,1f686367c16e09ec35edab2e1476d6a87ee8efbafb6e6b034e86a9116303736e,0+2,6,18,30,53,,
confirmation,838,1f686367c16e09ec35edab2e1476d6a87ee8efbafb6e6b034e86a9116303736e,1+2,11,40,71,127,,
confirmation,839,1f686367c16e09ec35edab2e1476d6a87ee8efbafb6e6b034e86a9116303736e,0+1+2,5,12,23,40,,
confirmation,840,f03f549e86985608c70c4ec9cf2bc498ee028e6e8fffefe409599a958469159f,0+1,1,27,57,122,,
confirmation,841,f03f549e86985608c70c4ec9cf2bc498ee028e6e8fffefe409599a958469159f,0+2,0,13,27,45,,
confirmation,842,f03f549e86985608c70c4ec9cf2bc498ee028e6e8fffefe409599a958469159f,1+2,11,43,72,126,,
confirmation,843,f03f549e86985608c70c4ec9cf2bc498ee028e6e8fffefe409599a958469159f,0+1+2,0,7,20,33,,
confirmation,844,af73ea3f8f6dd26acf8c9c7b97c62faecd251f58ae7b0dddc6ddefb7f3203cdd,0+1,0,17,37,75,,
confirmation,845,af73ea3f8f6dd26acf8c9c7b97c62faecd251f58ae7b0dddc6ddefb7f3203cdd,0+2,0,9,20,40,,
confirmation,846,af73ea3f8f6dd26acf8c9c7b97c62faecd251f58ae7b0dddc6ddefb7f3203cdd,1+2,0,21,43,68,,
confirmation,847,af73ea3f8f6dd26acf8c9c7b97c62faecd251f58ae7b0dddc6ddefb7f3203cdd,0+1+2,0,7,17,33,,
confirmation,848,f53bfe0d17fa88fb27827efd63cd1efc1c7d728f680a36f7dd864fb2f71e410b,0+1,0,40,71,129,,
confirmation,849,f53bfe0d17fa88fb27827efd63cd1efc1c7d728f680a36f7dd864fb2f71e410b,0+2,0,14,27,48,,
confirmation,850,f53bfe0d17fa88fb27827efd63cd1efc1c7d728f680a36f7dd864fb2f71e410b,1+2,6,36,66,127,,
confirmation,851,f53bfe0d17fa88fb27827efd63cd1efc1c7d728f680a36f7dd864fb2f71e410b,0+1+2,0,13,20,39,,
confirmation,852,5e47e2ae6e57d980327ce30894d5a03ab816ad543466783e76d8a017dcdf4fc8,0+1,5,34,56,119,,
confirmation,853,5e47e2ae6e57d980327ce30894d5a03ab816ad543466783e76d8a017dcdf4fc8,0+2,6,16,29,53,,
confirmation,854,5e47e2ae6e57d980327ce30894d5a03ab816ad543466783e76d8a017dcdf4fc8,1+2,10,40,70,136,,
confirmation,855,5e47e2ae6e57d980327ce30894d5a03ab816ad543466783e76d8a017dcdf4fc8,0+1+2,5,14,24,42,,
confirmation,856,f8a020f317092a87d1ec8c17738a19c694d19b873063c1a1da0a57a2eeffc5c8,0+1,0,33,55,111,,
confirmation,857,f8a020f317092a87d1ec8c17738a19c694d19b873063c1a1da0a57a2eeffc5c8,0+2,0,14,26,44,,
confirmation,858,f8a020f317092a87d1ec8c17738a19c694d19b873063c1a1da0a57a2eeffc5c8,1+2,0,29,59,114,,
confirmation,859,f8a020f317092a87d1ec8c17738a19c694d19b873063c1a1da0a57a2eeffc5c8,0+1+2,0,13,19,34,,
confirmation,860,c763f404c0bf48edfaecf27fb9b2cf70e5cc5ae7dbb120acbf5b176125a42393,0+1,0,22,54,110,,
confirmation,861,c763f404c0bf48edfaecf27fb9b2cf70e5cc5ae7dbb120acbf5b176125a42393,0+2,0,8,22,45,,
confirmation,862,c763f404c0bf48edfaecf27fb9b2cf70e5cc5ae7dbb120acbf5b176125a42393,1+2,0,22,46,91,,
confirmation,863,c763f404c0bf48edfaecf27fb9b2cf70e5cc5ae7dbb120acbf5b176125a42393,0+1+2,0,6,19,37,,
confirmation,864,43e29e43f040c0e5aed0275872c027333d73814d743fd8ce01d82ca3cd0e400c,0+1,8,36,62,111,,
confirmation,865,43e29e43f040c0e5aed0275872c027333d73814d743fd8ce01d82ca3cd0e400c,0+2,9,21,35,60,,
confirmation,866,43e29e43f040c0e5aed0275872c027333d73814d743fd8ce01d82ca3cd0e400c,1+2,12,47,78,140,,
confirmation,867,43e29e43f040c0e5aed0275872c027333d73814d743fd8ce01d82ca3cd0e400c,0+1+2,8,18,28,47,,
confirmation,868,ac60911c982ee1df5fd4ba070c461e5dd47b1cef9182bb1c49b5c5d44b5be775,0+1,9,32,50,87,,
confirmation,869,ac60911c982ee1df5fd4ba070c461e5dd47b1cef9182bb1c49b5c5d44b5be775,0+2,2,14,20,32,,
confirmation,870,ac60911c982ee1df5fd4ba070c461e5dd47b1cef9182bb1c49b5c5d44b5be775,1+2,5,29,50,87,,
confirmation,871,ac60911c982ee1df5fd4ba070c461e5dd47b1cef9182bb1c49b5c5d44b5be775,0+1+2,2,14,17,26,,
confirmation,872,1bd3a482db646e3c47a4ac58d6859580cda7de616e687016ed427cd0c598dd79,0+1,0,34,65,124,,
confirmation,873,1bd3a482db646e3c47a4ac58d6859580cda7de616e687016ed427cd0c598dd79,0+2,0,14,27,55,,
confirmation,874,1bd3a482db646e3c47a4ac58d6859580cda7de616e687016ed427cd0c598dd79,1+2,0,23,48,110,,
confirmation,875,1bd3a482db646e3c47a4ac58d6859580cda7de616e687016ed427cd0c598dd79,0+1+2,0,14,21,42,,
confirmation,876,73050917b29d4c79b809f6bf950dafc46c8c3f836114529d7b36d78b961a4d34,0+1,0,32,58,121,,
confirmation,877,73050917b29d4c79b809f6bf950dafc46c8c3f836114529d7b36d78b961a4d34,0+2,0,13,27,50,,
confirmation,878,73050917b29d4c79b809f6bf950dafc46c8c3f836114529d7b36d78b961a4d34,1+2,0,34,65,112,,
confirmation,879,73050917b29d4c79b809f6bf950dafc46c8c3f836114529d7b36d78b961a4d34,0+1+2,0,11,19,38,,
confirmation,880,e83d7048695a7739b961f9520e225490c449e5b62e4dbe69e35856235971ab63,0+1,0,35,60,119,,
confirmation,881,e83d7048695a7739b961f9520e225490c449e5b62e4dbe69e35856235971ab63,0+2,0,13,25,48,,
confirmation,882,e83d7048695a7739b961f9520e225490c449e5b62e4dbe69e35856235971ab63,1+2,0,35,66,112,,
confirmation,883,e83d7048695a7739b961f9520e225490c449e5b62e4dbe69e35856235971ab63,0+1+2,0,13,19,37,,
confirmation,884,10eeeeb16781cd1a523692c5118d21b5f93f312324ce257483de29df01f72a26,0+1,0,30,64,124,,
confirmation,885,10eeeeb16781cd1a523692c5118d21b5f93f312324ce257483de29df01f72a26,0+2,0,6,18,45,,
confirmation,886,10eeeeb16781cd1a523692c5118d21b5f93f312324ce257483de29df01f72a26,1+2,0,22,44,104,,
confirmation,887,10eeeeb16781cd1a523692c5118d21b5f93f312324ce257483de29df01f72a26,0+1+2,0,4,16,36,,
confirmation,888,e8769f93280c2e8033fa641b790403852c363254c9d307fd50d2a0087bd41adf,0+1,0,37,63,118,,
confirmation,889,e8769f93280c2e8033fa641b790403852c363254c9d307fd50d2a0087bd41adf,0+2,0,13,25,48,,
confirmation,890,e8769f93280c2e8033fa641b790403852c363254c9d307fd50d2a0087bd41adf,1+2,3,37,67,131,,
confirmation,891,e8769f93280c2e8033fa641b790403852c363254c9d307fd50d2a0087bd41adf,0+1+2,0,11,19,39,,
confirmation,892,487aab94c376f35671a663d426e6a626e8f6403df611e6cc5733a61b4931f877,0+1,0,25,58,131,,
confirmation,893,487aab94c376f35671a663d426e6a626e8f6403df611e6cc5733a61b4931f877,0+2,0,9,22,48,,
confirmation,894,487aab94c376f35671a663d426e6a626e8f6403df611e6cc5733a61b4931f877,1+2,0,33,64,117,,
confirmation,895,487aab94c376f35671a663d426e6a626e8f6403df611e6cc5733a61b4931f877,0+1+2,0,6,18,36,,
confirmation,896,626ba90d37668a1139b7f729c1a15cd11c68059a2d906eab0095857380fcf546,0+1,0,17,41,99,,
confirmation,897,626ba90d37668a1139b7f729c1a15cd11c68059a2d906eab0095857380fcf546,0+2,0,6,19,39,,
confirmation,898,626ba90d37668a1139b7f729c1a15cd11c68059a2d906eab0095857380fcf546,1+2,9,32,54,96,,
confirmation,899,626ba90d37668a1139b7f729c1a15cd11c68059a2d906eab0095857380fcf546,0+1+2,0,4,17,34,,
confirmation,900,71231099d2d8ea1c2a2638167f119ffe1929e9026d625cbc0ec0f96b3abd1fea,0+1,8,43,75,129,,
confirmation,901,71231099d2d8ea1c2a2638167f119ffe1929e9026d625cbc0ec0f96b3abd1fea,0+2,0,13,26,49,,
confirmation,902,71231099d2d8ea1c2a2638167f119ffe1929e9026d625cbc0ec0f96b3abd1fea,1+2,0,32,55,113,,
confirmation,903,71231099d2d8ea1c2a2638167f119ffe1929e9026d625cbc0ec0f96b3abd1fea,0+1+2,0,10,20,39,,
confirmation,904,c233728883f36861bbb2ec4dfa5b89c007a3c9c94cb8e2af6b8850463b987a10,0+1,0,38,62,117,,
confirmation,905,c233728883f36861bbb2ec4dfa5b89c007a3c9c94cb8e2af6b8850463b987a10,0+2,0,13,22,45,,
confirmation,906,c233728883f36861bbb2ec4dfa5b89c007a3c9c94cb8e2af6b8850463b987a10,1+2,0,31,64,123,,
confirmation,907,c233728883f36861bbb2ec4dfa5b89c007a3c9c94cb8e2af6b8850463b987a10,0+1+2,0,12,18,37,,
confirmation,908,266aa87ee23503476c90f296500c81126be0a8fefae27a9c328d9c3b4d637024,0+1,0,26,52,116,,
confirmation,909,266aa87ee23503476c90f296500c81126be0a8fefae27a9c328d9c3b4d637024,0+2,0,13,17,43,,
confirmation,910,266aa87ee23503476c90f296500c81126be0a8fefae27a9c328d9c3b4d637024,1+2,0,28,56,118,,
confirmation,911,266aa87ee23503476c90f296500c81126be0a8fefae27a9c328d9c3b4d637024,0+1+2,0,12,14,33,,
confirmation,912,c938f9e5c070d68a8cad0803880531ea3f4594bb9f0dd78f5eee8bc16ebdb219,0+1,0,31,60,117,,
confirmation,913,c938f9e5c070d68a8cad0803880531ea3f4594bb9f0dd78f5eee8bc16ebdb219,0+2,0,10,21,43,,
confirmation,914,c938f9e5c070d68a8cad0803880531ea3f4594bb9f0dd78f5eee8bc16ebdb219,1+2,0,22,45,105,,
confirmation,915,c938f9e5c070d68a8cad0803880531ea3f4594bb9f0dd78f5eee8bc16ebdb219,0+1+2,0,10,17,35,,
confirmation,916,c7a33f358701f689a486134f5d90279d23017e1f4f49e2aeb85e70380d217863,0+1,0,18,29,50,,
confirmation,917,c7a33f358701f689a486134f5d90279d23017e1f4f49e2aeb85e70380d217863,0+2,0,9,12,26,,
confirmation,918,c7a33f358701f689a486134f5d90279d23017e1f4f49e2aeb85e70380d217863,1+2,0,12,23,47,,
confirmation,919,c7a33f358701f689a486134f5d90279d23017e1f4f49e2aeb85e70380d217863,0+1+2,0,8,11,25,,
confirmation,920,633c47cc05972b6806b9c58e9c765e51735c28953b0fb4e3d61b25ac3f5d5ee0,0+1,0,31,58,110,,
confirmation,921,633c47cc05972b6806b9c58e9c765e51735c28953b0fb4e3d61b25ac3f5d5ee0,0+2,0,12,20,43,,
confirmation,922,633c47cc05972b6806b9c58e9c765e51735c28953b0fb4e3d61b25ac3f5d5ee0,1+2,0,24,54,112,,
confirmation,923,633c47cc05972b6806b9c58e9c765e51735c28953b0fb4e3d61b25ac3f5d5ee0,0+1+2,0,9,14,32,,
confirmation,924,1d2e6ed4827f75088c119954ccd7f6af19ca9b15f07ee136da88cf1b7c818e59,0+1,0,24,59,128,,
confirmation,925,1d2e6ed4827f75088c119954ccd7f6af19ca9b15f07ee136da88cf1b7c818e59,0+2,0,6,20,47,,
confirmation,926,1d2e6ed4827f75088c119954ccd7f6af19ca9b15f07ee136da88cf1b7c818e59,1+2,5,36,65,126,,
confirmation,927,1d2e6ed4827f75088c119954ccd7f6af19ca9b15f07ee136da88cf1b7c818e59,0+1+2,0,5,19,39,,
confirmation,928,3096ad9c8f5039668b8c21f3408f884948a45b926d5a03e8a979e6e44ca7b9b5,0+1,3,32,65,121,,
confirmation,929,3096ad9c8f5039668b8c21f3408f884948a45b926d5a03e8a979e6e44ca7b9b5,0+2,0,6,20,44,,
confirmation,930,3096ad9c8f5039668b8c21f3408f884948a45b926d5a03e8a979e6e44ca7b9b5,1+2,0,28,52,114,,
confirmation,931,3096ad9c8f5039668b8c21f3408f884948a45b926d5a03e8a979e6e44ca7b9b5,0+1+2,0,4,18,36,,
confirmation,932,95fdaf4aff98f32e4a578306fcdcb181befaacd536cc03551ff63ce5d2ac1d9b,0+1,0,31,54,102,,
confirmation,933,95fdaf4aff98f32e4a578306fcdcb181befaacd536cc03551ff63ce5d2ac1d9b,0+2,0,12,20,37,,
confirmation,934,95fdaf4aff98f32e4a578306fcdcb181befaacd536cc03551ff63ce5d2ac1d9b,1+2,0,24,47,88,,
confirmation,935,95fdaf4aff98f32e4a578306fcdcb181befaacd536cc03551ff63ce5d2ac1d9b,0+1+2,0,11,17,30,,
confirmation,936,634d11fc4bc5b1b152e35accbdd0887a488ed76e77dde651a510d798ce030a40,0+1,10,26,50,93,,
confirmation,937,634d11fc4bc5b1b152e35accbdd0887a488ed76e77dde651a510d798ce030a40,0+2,3,14,23,33,,
confirmation,938,634d11fc4bc5b1b152e35accbdd0887a488ed76e77dde651a510d798ce030a40,1+2,5,26,48,74,,
confirmation,939,634d11fc4bc5b1b152e35accbdd0887a488ed76e77dde651a510d798ce030a40,0+1+2,3,10,19,26,,
confirmation,940,4a1a0a43dfaeb09c93a8254fdc632aab459e7e1fe7330ffa7caf83938410dc18,0+1,0,35,60,117,,
confirmation,941,4a1a0a43dfaeb09c93a8254fdc632aab459e7e1fe7330ffa7caf83938410dc18,0+2,0,15,27,53,,
confirmation,942,4a1a0a43dfaeb09c93a8254fdc632aab459e7e1fe7330ffa7caf83938410dc18,1+2,0,33,64,120,,
confirmation,943,4a1a0a43dfaeb09c93a8254fdc632aab459e7e1fe7330ffa7caf83938410dc18,0+1+2,0,14,20,38,,
confirmation,944,876908065a15bbe56bdeef27c98aa639e47fd2064c63bf85454099ef431294d9,0+1,1,27,62,119,,
confirmation,945,876908065a15bbe56bdeef27c98aa639e47fd2064c63bf85454099ef431294d9,0+2,0,11,26,50,,
confirmation,946,876908065a15bbe56bdeef27c98aa639e47fd2064c63bf85454099ef431294d9,1+2,0,31,65,128,,
confirmation,947,876908065a15bbe56bdeef27c98aa639e47fd2064c63bf85454099ef431294d9,0+1+2,0,5,19,38,,
confirmation,948,8a4d92a4f1c3aeebb94fa9dca3bff70083d2522c4832bd5a414348513a12b332,0+1,0,24,54,123,,
confirmation,949,8a4d92a4f1c3aeebb94fa9dca3bff70083d2522c4832bd5a414348513a12b332,0+2,0,9,23,48,,
confirmation,950,8a4d92a4f1c3aeebb94fa9dca3bff70083d2522c4832bd5a414348513a12b332,1+2,1,33,63,110,,
confirmation,951,8a4d92a4f1c3aeebb94fa9dca3bff70083d2522c4832bd5a414348513a12b332,0+1+2,0,7,19,39,,
confirmation,952,b0a9b528b88436191f8efc46410a2d78b91d17f06d5e554aa203ea526a8d2e54,0+1,0,27,51,85,,
confirmation,953,b0a9b528b88436191f8efc46410a2d78b91d17f06d5e554aa203ea526a8d2e54,0+2,0,14,23,38,,
confirmation,954,b0a9b528b88436191f8efc46410a2d78b91d17f06d5e554aa203ea526a8d2e54,1+2,0,24,46,86,,
confirmation,955,b0a9b528b88436191f8efc46410a2d78b91d17f06d5e554aa203ea526a8d2e54,0+1+2,0,12,16,27,,
confirmation,956,97edc269fe9111e708679946e9057cb693365c402260cb7939c293ef4e8c7347,0+1,4,32,63,117,,
confirmation,957,97edc269fe9111e708679946e9057cb693365c402260cb7939c293ef4e8c7347,0+2,3,16,29,49,,
confirmation,958,97edc269fe9111e708679946e9057cb693365c402260cb7939c293ef4e8c7347,1+2,12,44,74,133,,
confirmation,959,97edc269fe9111e708679946e9057cb693365c402260cb7939c293ef4e8c7347,0+1+2,3,11,23,40,,
confirmation,960,e72198de5d9da3ed686242b176b5b19ff9175aa0e224e49f34d73ee09fa8c3a9,0+1,3,25,41,90,,
confirmation,961,e72198de5d9da3ed686242b176b5b19ff9175aa0e224e49f34d73ee09fa8c3a9,0+2,0,4,12,32,,
confirmation,962,e72198de5d9da3ed686242b176b5b19ff9175aa0e224e49f34d73ee09fa8c3a9,1+2,0,18,39,84,,
confirmation,963,e72198de5d9da3ed686242b176b5b19ff9175aa0e224e49f34d73ee09fa8c3a9,0+1+2,0,4,9,26,,
confirmation,964,8f9a96d5b71b55d0074843080fafb0969fc3042813180a8f87ad9d9124ccc158,0+1,11,40,64,132,,
confirmation,965,8f9a96d5b71b55d0074843080fafb0969fc3042813180a8f87ad9d9124ccc158,0+2,0,14,24,48,,
confirmation,966,8f9a96d5b71b55d0074843080fafb0969fc3042813180a8f87ad9d9124ccc158,1+2,0,32,64,121,,
confirmation,967,8f9a96d5b71b55d0074843080fafb0969fc3042813180a8f87ad9d9124ccc158,0+1+2,0,13,18,35,,
confirmation,968,ecac30d34561c799ba2adbf2999cb4d38aee2f9f4259cb7a0a8fc04cee1a53c6,0+1,0,32,60,128,,
confirmation,969,ecac30d34561c799ba2adbf2999cb4d38aee2f9f4259cb7a0a8fc04cee1a53c6,0+2,0,11,20,43,,
confirmation,970,ecac30d34561c799ba2adbf2999cb4d38aee2f9f4259cb7a0a8fc04cee1a53c6,1+2,4,34,60,125,,
confirmation,971,ecac30d34561c799ba2adbf2999cb4d38aee2f9f4259cb7a0a8fc04cee1a53c6,0+1+2,0,11,16,35,,
confirmation,972,4940b7175f6abbc4a60f2f6b76e6e68c3a8eb95d5cf82ba1f5225be15cc8563c,0+1,0,20,38,92,,
confirmation,973,4940b7175f6abbc4a60f2f6b76e6e68c3a8eb95d5cf82ba1f5225be15cc8563c,0+2,0,13,22,47,,
confirmation,974,4940b7175f6abbc4a60f2f6b76e6e68c3a8eb95d5cf82ba1f5225be15cc8563c,1+2,4,24,46,95,,
confirmation,975,4940b7175f6abbc4a60f2f6b76e6e68c3a8eb95d5cf82ba1f5225be15cc8563c,0+1+2,0,11,19,38,,
confirmation,976,0e2995dc385a0a97f64b652832ff7e1dd61c03b0da0d532dbafb4297f0caa88b,0+1,11,43,64,130,,
confirmation,977,0e2995dc385a0a97f64b652832ff7e1dd61c03b0da0d532dbafb4297f0caa88b,0+2,0,11,22,45,,
confirmation,978,0e2995dc385a0a97f64b652832ff7e1dd61c03b0da0d532dbafb4297f0caa88b,1+2,0,32,60,124,,
confirmation,979,0e2995dc385a0a97f64b652832ff7e1dd61c03b0da0d532dbafb4297f0caa88b,0+1+2,0,11,18,37,,
confirmation,980,5f408790c26bfddef40e54db188b84fc5400f220143385361ca0f6b20bbd6857,0+1,0,29,68,122,,
confirmation,981,5f408790c26bfddef40e54db188b84fc5400f220143385361ca0f6b20bbd6857,0+2,0,12,28,47,,
confirmation,982,5f408790c26bfddef40e54db188b84fc5400f220143385361ca0f6b20bbd6857,1+2,4,35,66,126,,
confirmation,983,5f408790c26bfddef40e54db188b84fc5400f220143385361ca0f6b20bbd6857,0+1+2,0,8,19,35,,
confirmation,984,23c780bfb1c6fc84fcd40494e52d5d3ca0e4cf231e2249a8f69c78820c315f70,0+1,0,18,29,47,,
confirmation,985,23c780bfb1c6fc84fcd40494e52d5d3ca0e4cf231e2249a8f69c78820c315f70,0+2,0,5,12,22,,
confirmation,986,23c780bfb1c6fc84fcd40494e52d5d3ca0e4cf231e2249a8f69c78820c315f70,1+2,0,10,21,42,,
confirmation,987,23c780bfb1c6fc84fcd40494e52d5d3ca0e4cf231e2249a8f69c78820c315f70,0+1+2,0,5,12,21,,
confirmation,988,8d3d2c313a4d800af22edf7066f742a8018f6d83d7447358d7a97913b1f8c15e,0+1,0,29,70,127,,
confirmation,989,8d3d2c313a4d800af22edf7066f742a8018f6d83d7447358d7a97913b1f8c15e,0+2,0,11,25,46,,
confirmation,990,8d3d2c313a4d800af22edf7066f742a8018f6d83d7447358d7a97913b1f8c15e,1+2,0,22,44,106,,
confirmation,991,8d3d2c313a4d800af22edf7066f742a8018f6d83d7447358d7a97913b1f8c15e,0+1+2,0,7,18,36,,
confirmation,992,6880f2c1021a588c975f3c0bf25668ad6ce1a9a95765b670122773c6cf8f76fe,0+1,0,23,57,129,,
confirmation,993,6880f2c1021a588c975f3c0bf25668ad6ce1a9a95765b670122773c6cf8f76fe,0+2,0,10,23,46,,
confirmation,994,6880f2c1021a588c975f3c0bf25668ad6ce1a9a95765b670122773c6cf8f76fe,1+2,0,32,62,115,,
confirmation,995,6880f2c1021a588c975f3c0bf25668ad6ce1a9a95765b670122773c6cf8f76fe,0+1+2,0,6,18,36,,
confirmation,996,4d69fec51078a09479c3c32c348bcb9afce20ed7cfd0a9e524d0cb3364525a03,0+1,0,9,20,53,,
confirmation,997,4d69fec51078a09479c3c32c348bcb9afce20ed7cfd0a9e524d0cb3364525a03,0+2,0,7,8,20,,
confirmation,998,4d69fec51078a09479c3c32c348bcb9afce20ed7cfd0a9e524d0cb3364525a03,1+2,0,11,22,45,,
confirmation,999,4d69fec51078a09479c3c32c348bcb9afce20ed7cfd0a9e524d0cb3364525a03,0+1+2,0,6,7,19,,
confirmation,1000,3241a53af5f7e31ce5e7784cf46d533d08c88b139068a753e52aa2c2e5b75b06,0+1,6,35,61,115,,
confirmation,1001,3241a53af5f7e31ce5e7784cf46d533d08c88b139068a753e52aa2c2e5b75b06,0+2,0,12,26,51,,
confirmation,1002,3241a53af5f7e31ce5e7784cf46d533d08c88b139068a753e52aa2c2e5b75b06,1+2,2,36,68,116,,
confirmation,1003,3241a53af5f7e31ce5e7784cf46d533d08c88b139068a753e52aa2c2e5b75b06,0+1+2,0,10,18,37,,
confirmation,1004,99037c641648838e908c0726b772fbef33b15cb9b2b8c596e02caba023d0a0d6,0+1,7,33,67,121,,
confirmation,1005,99037c641648838e908c0726b772fbef33b15cb9b2b8c596e02caba023d0a0d6,0+2,1,11,24,48,,
confirmation,1006,99037c641648838e908c0726b772fbef33b15cb9b2b8c596e02caba023d0a0d6,1+2,6,29,59,124,,
confirmation,1007,99037c641648838e908c0726b772fbef33b15cb9b2b8c596e02caba023d0a0d6,0+1+2,1,8,20,37,,
confirmation,1008,ae2194757fb92280b6af8b25a34c3de3ff9d89e9c790685f89212f0722164e77,0+1,13,47,72,131,,
confirmation,1009,ae2194757fb92280b6af8b25a34c3de3ff9d89e9c790685f89212f0722164e77,0+2,11,24,37,63,,
confirmation,1010,ae2194757fb92280b6af8b25a34c3de3ff9d89e9c790685f89212f0722164e77,1+2,11,42,73,131,,
confirmation,1011,ae2194757fb92280b6af8b25a34c3de3ff9d89e9c790685f89212f0722164e77,0+1+2,11,23,30,49,,
confirmation,1012,d45d8205638188c73cbc2e464ecb11315cc1b06404fb54d7a06cbb28300ae480,0+1,2,28,52,105,,
confirmation,1013,d45d8205638188c73cbc2e464ecb11315cc1b06404fb54d7a06cbb28300ae480,0+2,0,12,24,48,,
confirmation,1014,d45d8205638188c73cbc2e464ecb11315cc1b06404fb54d7a06cbb28300ae480,1+2,0,23,50,112,,
confirmation,1015,d45d8205638188c73cbc2e464ecb11315cc1b06404fb54d7a06cbb28300ae480,0+1+2,0,8,18,35,,
confirmation,1016,c16710b4c083300dcf81e56d210218d9c794f2004c565b5f05014f48adbe7ebf,0+1,0,25,43,92,,
confirmation,1017,c16710b4c083300dcf81e56d210218d9c794f2004c565b5f05014f48adbe7ebf,0+2,0,14,21,41,,
confirmation,1018,c16710b4c083300dcf81e56d210218d9c794f2004c565b5f05014f48adbe7ebf,1+2,0,24,47,92,,
confirmation,1019,c16710b4c083300dcf81e56d210218d9c794f2004c565b5f05014f48adbe7ebf,0+1+2,0,13,19,36,,
confirmation,1020,4ee33b0506b030f5d833cb41bca5b6f14b5654cd586565f775aaa329e02aacc4,0+1,0,25,57,117,,
confirmation,1021,4ee33b0506b030f5d833cb41bca5b6f14b5654cd586565f775aaa329e02aacc4,0+2,0,12,26,52,,
confirmation,1022,4ee33b0506b030f5d833cb41bca5b6f14b5654cd586565f775aaa329e02aacc4,1+2,0,32,62,124,,
confirmation,1023,4ee33b0506b030f5d833cb41bca5b6f14b5654cd586565f775aaa329e02aacc4,0+1+2,0,6,19,38,,
confirmation,1024,e99de318d138773b0267fa983cbd69eadc30220ea9dcb7b019a55d92d0245f22,0+1,0,27,51,115,,
confirmation,1025,e99de318d138773b0267fa983cbd69eadc30220ea9dcb7b019a55d92d0245f22,0+2,0,12,25,48,,
confirmation,1026,e99de318d138773b0267fa983cbd69eadc30220ea9dcb7b019a55d92d0245f22,1+2,0,33,61,122,,
confirmation,1027,e99de318d138773b0267fa983cbd69eadc30220ea9dcb7b019a55d92d0245f22,0+1+2,0,9,19,37,,
confirmation,1028,56fe710a0660ed8f40a2d0656ed2ca4d062509707fdd72c83e3a723aa4aaa10b,0+1,5,31,56,115,,
confirmation,1029,56fe710a0660ed8f40a2d0656ed2ca4d062509707fdd72c83e3a723aa4aaa10b,0+2,7,19,33,50,,
confirmation,1030,56fe710a0660ed8f40a2d0656ed2ca4d062509707fdd72c83e3a723aa4aaa10b,1+2,9,40,70,125,,
confirmation,1031,56fe710a0660ed8f40a2d0656ed2ca4d062509707fdd72c83e3a723aa4aaa10b,0+1+2,5,13,24,38,,
confirmation,1032,d4744662fe34aeb3d92d8b42cf5462be9136481524804cd603f02547988ae53b,0+1,0,22,53,118,,
confirmation,1033,d4744662fe34aeb3d92d8b42cf5462be9136481524804cd603f02547988ae53b,0+2,0,12,22,46,,
confirmation,1034,d4744662fe34aeb3d92d8b42cf5462be9136481524804cd603f02547988ae53b,1+2,0,27,58,121,,
confirmation,1035,d4744662fe34aeb3d92d8b42cf5462be9136481524804cd603f02547988ae53b,0+1+2,0,8,17,36,,
confirmation,1036,0489a69ecdc73698f704d96f79721110a9d2cc3c341a4893151dbceea64db92d,0+1,10,40,73,124,,
confirmation,1037,0489a69ecdc73698f704d96f79721110a9d2cc3c341a4893151dbceea64db92d,0+2,2,13,24,47,,
confirmation,1038,0489a69ecdc73698f704d96f79721110a9d2cc3c341a4893151dbceea64db92d,1+2,1,33,64,123,,
confirmation,1039,0489a69ecdc73698f704d96f79721110a9d2cc3c341a4893151dbceea64db92d,0+1+2,1,11,19,35,,
confirmation,1040,e47836937e465114fb2edfb70c7361c01d829b4ff03c7bbe872bd08f8f99016d,0+1,11,41,69,122,,
confirmation,1041,e47836937e465114fb2edfb70c7361c01d829b4ff03c7bbe872bd08f8f99016d,0+2,2,6,14,35,,
confirmation,1042,e47836937e465114fb2edfb70c7361c01d829b4ff03c7bbe872bd08f8f99016d,1+2,1,21,44,100,,
confirmation,1043,e47836937e465114fb2edfb70c7361c01d829b4ff03c7bbe872bd08f8f99016d,0+1+2,1,5,11,28,,
confirmation,1044,5146eff1b01b4d36bfe2d8a633faeb83e9b5d1d888388c349fd942eae108d608,0+1,0,15,35,89,,
confirmation,1045,5146eff1b01b4d36bfe2d8a633faeb83e9b5d1d888388c349fd942eae108d608,0+2,0,7,11,30,,
confirmation,1046,5146eff1b01b4d36bfe2d8a633faeb83e9b5d1d888388c349fd942eae108d608,1+2,0,22,40,96,,
confirmation,1047,5146eff1b01b4d36bfe2d8a633faeb83e9b5d1d888388c349fd942eae108d608,0+1+2,0,4,8,23,,
confirmation,1048,6a756010debcc0a71a078110f1cce75db115595737032a13b9beccd8dc358990,0+1,11,27,53,95,,
confirmation,1049,6a756010debcc0a71a078110f1cce75db115595737032a13b9beccd8dc358990,0+2,4,13,15,31,,
confirmation,1050,6a756010debcc0a71a078110f1cce75db115595737032a13b9beccd8dc358990,1+2,3,24,44,88,,
confirmation,1051,6a756010debcc0a71a078110f1cce75db115595737032a13b9beccd8dc358990,0+1+2,3,11,12,23,,
confirmation,1052,693c8841697b96704f2c2e2263c40791b0f0f5613a67d7c9c114748664980572,0+1,11,36,62,117,,
confirmation,1053,693c8841697b96704f2c2e2263c40791b0f0f5613a67d7c9c114748664980572,0+2,7,21,31,55,,
confirmation,1054,693c8841697b96704f2c2e2263c40791b0f0f5613a67d7c9c114748664980572,1+2,6,33,63,126,,
confirmation,1055,693c8841697b96704f2c2e2263c40791b0f0f5613a67d7c9c114748664980572,0+1+2,6,18,23,41,,
confirmation,1056,a4b3a85a20b0d1b04bccb6ddbce6ef9b32655af9e65261ba61e45314bf3012b3,0+1,0,23,53,113,,
confirmation,1057,a4b3a85a20b0d1b04bccb6ddbce6ef9b32655af9e65261ba61e45314bf3012b3,0+2,0,8,21,41,,
confirmation,1058,a4b3a85a20b0d1b04bccb6ddbce6ef9b32655af9e65261ba61e45314bf3012b3,1+2,0,32,62,106,,
confirmation,1059,a4b3a85a20b0d1b04bccb6ddbce6ef9b32655af9e65261ba61e45314bf3012b3,0+1+2,0,7,18,34,,
confirmation,1060,23c1d1c297532ae57e4eb627277d36a1397ffa4990d8421e1ee0fa6c209c162b,0+1,0,25,55,114,,
confirmation,1061,23c1d1c297532ae57e4eb627277d36a1397ffa4990d8421e1ee0fa6c209c162b,0+2,0,9,23,45,,
confirmation,1062,23c1d1c297532ae57e4eb627277d36a1397ffa4990d8421e1ee0fa6c209c162b,1+2,6,37,65,128,,
confirmation,1063,23c1d1c297532ae57e4eb627277d36a1397ffa4990d8421e1ee0fa6c209c162b,0+1+2,0,5,17,34,,
confirmation,1064,15ada50cfe58c6721db3b44830be1b26f221b8fc260e2d7f8654ce927a5c5928,0+1,4,33,63,120,,
confirmation,1065,15ada50cfe58c6721db3b44830be1b26f221b8fc260e2d7f8654ce927a5c5928,0+2,0,6,21,45,,
confirmation,1066,15ada50cfe58c6721db3b44830be1b26f221b8fc260e2d7f8654ce927a5c5928,1+2,1,25,49,116,,
confirmation,1067,15ada50cfe58c6721db3b44830be1b26f221b8fc260e2d7f8654ce927a5c5928,0+1+2,0,6,20,37,,
confirmation,1068,3d9a02bc43d0d7223ea648e0d44f279d84e4944675adc0af39bc91803c956088,0+1,0,27,55,108,,
confirmation,1069,3d9a02bc43d0d7223ea648e0d44f279d84e4944675adc0af39bc91803c956088,0+2,0,12,25,48,,
confirmation,1070,3d9a02bc43d0d7223ea648e0d44f279d84e4944675adc0af39bc91803c956088,1+2,0,33,66,118,,
confirmation,1071,3d9a02bc43d0d7223ea648e0d44f279d84e4944675adc0af39bc91803c956088,0+1+2,0,9,19,37,,
confirmation,1072,45130b94942fd5af794ac92e6f8c06fa624571e72eb39e3b8b0bbe8a433397e5,0+1,10,44,70,127,,
confirmation,1073,45130b94942fd5af794ac92e6f8c06fa624571e72eb39e3b8b0bbe8a433397e5,0+2,9,23,35,58,,
confirmation,1074,45130b94942fd5af794ac92e6f8c06fa624571e72eb39e3b8b0bbe8a433397e5,1+2,13,36,60,117,,
confirmation,1075,45130b94942fd5af794ac92e6f8c06fa624571e72eb39e3b8b0bbe8a433397e5,0+1+2,9,22,29,45,,
confirmation,1076,e29057590cabe00bd35316898a07f883edef040ac377c3acee85b9c66ac958ab,0+1,0,25,58,99,,
confirmation,1077,e29057590cabe00bd35316898a07f883edef040ac377c3acee85b9c66ac958ab,0+2,0,12,26,46,,
confirmation,1078,e29057590cabe00bd35316898a07f883edef040ac377c3acee85b9c66ac958ab,1+2,0,32,65,108,,
confirmation,1079,e29057590cabe00bd35316898a07f883edef040ac377c3acee85b9c66ac958ab,0+1+2,0,6,18,36,,
confirmation,1080,6b98f2290a107e0312b6e6be1706a2386a46c8a4e2751706e9b1d1548a5bd033,0+1,12,38,70,110,,
confirmation,1081,6b98f2290a107e0312b6e6be1706a2386a46c8a4e2751706e9b1d1548a5bd033,0+2,8,18,31,51,,
confirmation,1082,6b98f2290a107e0312b6e6be1706a2386a46c8a4e2751706e9b1d1548a5bd033,1+2,8,35,58,106,,
confirmation,1083,6b98f2290a107e0312b6e6be1706a2386a46c8a4e2751706e9b1d1548a5bd033,0+1+2,8,13,25,44,,
confirmation,1084,4ae5fdf78aa1b74c17cfece8caf5a58b76d7bfdb86017967d6b3f75625d7ee03,0+1,0,32,57,126,,
confirmation,1085,4ae5fdf78aa1b74c17cfece8caf5a58b76d7bfdb86017967d6b3f75625d7ee03,0+2,0,13,20,47,,
confirmation,1086,4ae5fdf78aa1b74c17cfece8caf5a58b76d7bfdb86017967d6b3f75625d7ee03,1+2,0,28,57,112,,
confirmation,1087,4ae5fdf78aa1b74c17cfece8caf5a58b76d7bfdb86017967d6b3f75625d7ee03,0+1+2,0,12,18,37,,
confirmation,1088,6fce4832999cca4e0aa73ef5619747acdbde79f4e773c5bc638eb5d734cdf9c9,0+1,0,22,50,111,,
confirmation,1089,6fce4832999cca4e0aa73ef5619747acdbde79f4e773c5bc638eb5d734cdf9c9,0+2,0,13,23,44,,
confirmation,1090,6fce4832999cca4e0aa73ef5619747acdbde79f4e773c5bc638eb5d734cdf9c9,1+2,9,36,68,131,,
confirmation,1091,6fce4832999cca4e0aa73ef5619747acdbde79f4e773c5bc638eb5d734cdf9c9,0+1+2,0,10,18,35,,
confirmation,1092,100c1bf1602b653f7aba3e79f604bd050c564254cd8568582fe286d1d4ddeb47,0+1,0,23,48,112,,
confirmation,1093,100c1bf1602b653f7aba3e79f604bd050c564254cd8568582fe286d1d4ddeb47,0+2,0,13,23,45,,
confirmation,1094,100c1bf1602b653f7aba3e79f604bd050c564254cd8568582fe286d1d4ddeb47,1+2,0,28,59,122,,
confirmation,1095,100c1bf1602b653f7aba3e79f604bd050c564254cd8568582fe286d1d4ddeb47,0+1+2,0,11,17,33,,
confirmation,1096,ef334d1cdb345c190f4a48255ae8f9982e3e57728e45e020b0a77f13ef9dee47,0+1,0,36,65,118,,
confirmation,1097,ef334d1cdb345c190f4a48255ae8f9982e3e57728e45e020b0a77f13ef9dee47,0+2,0,14,25,44,,
confirmation,1098,ef334d1cdb345c190f4a48255ae8f9982e3e57728e45e020b0a77f13ef9dee47,1+2,0,30,60,115,,
confirmation,1099,ef334d1cdb345c190f4a48255ae8f9982e3e57728e45e020b0a77f13ef9dee47,0+1+2,0,13,19,35,,
confirmation,1100,4e16b58ccc7aca9b4aa1e330dba6afed7c64b7d77c5c89d9e89c13273043e298,0+1,0,9,22,66,,
confirmation,1101,4e16b58ccc7aca9b4aa1e330dba6afed7c64b7d77c5c89d9e89c13273043e298,0+2,0,2,13,34,,
confirmation,1102,4e16b58ccc7aca9b4aa1e330dba6afed7c64b7d77c5c89d9e89c13273043e298,1+2,0,12,24,70,,
confirmation,1103,4e16b58ccc7aca9b4aa1e330dba6afed7c64b7d77c5c89d9e89c13273043e298,0+1+2,0,2,13,34,,
confirmation,1104,14084d6519adcabe66f686667d403b70deb1c0af338293ab46ab93705b3adbcc,0+1,0,9,19,37,,
confirmation,1105,14084d6519adcabe66f686667d403b70deb1c0af338293ab46ab93705b3adbcc,0+2,0,6,12,22,,
confirmation,1106,14084d6519adcabe66f686667d403b70deb1c0af338293ab46ab93705b3adbcc,1+2,0,11,22,44,,
confirmation,1107,14084d6519adcabe66f686667d403b70deb1c0af338293ab46ab93705b3adbcc,0+1+2,0,6,12,21,,
confirmation,1108,0cfe839840866c690f2cb775ce035450a8b5cdbe676c8c4c6fd846758e6bf78a,0+1,0,21,52,111,,
confirmation,1109,0cfe839840866c690f2cb775ce035450a8b5cdbe676c8c4c6fd846758e6bf78a,0+2,0,6,19,43,,
confirmation,1110,0cfe839840866c690f2cb775ce035450a8b5cdbe676c8c4c6fd846758e6bf78a,1+2,0,22,45,98,,
confirmation,1111,0cfe839840866c690f2cb775ce035450a8b5cdbe676c8c4c6fd846758e6bf78a,0+1+2,0,5,18,35,,
confirmation,1112,ff604f7b7e338aade50de0723ab0f4b7d84a66805528b466207db34c31df453d,0+1,8,29,47,86,,
confirmation,1113,ff604f7b7e338aade50de0723ab0f4b7d84a66805528b466207db34c31df453d,0+2,8,21,28,46,,
confirmation,1114,ff604f7b7e338aade50de0723ab0f4b7d84a66805528b466207db34c31df453d,1+2,6,28,50,92,,
confirmation,1115,ff604f7b7e338aade50de0723ab0f4b7d84a66805528b466207db34c31df453d,0+1+2,6,17,23,38,,
confirmation,1116,b50a939aac72f897722f8175eb038e900643fb3df208d2206362f6248b6eb8c3,0+1,11,35,69,126,,
confirmation,1117,b50a939aac72f897722f8175eb038e900643fb3df208d2206362f6248b6eb8c3,0+2,0,12,26,46,,
confirmation,1118,b50a939aac72f897722f8175eb038e900643fb3df208d2206362f6248b6eb8c3,1+2,1,33,64,121,,
confirmation,1119,b50a939aac72f897722f8175eb038e900643fb3df208d2206362f6248b6eb8c3,0+1+2,0,7,20,37,,
confirmation,1120,0de695bbecb9da66d3679b02645923dcbf6a79e79c7535f7a6c315e80378845c,0+1,0,35,59,124,,
confirmation,1121,0de695bbecb9da66d3679b02645923dcbf6a79e79c7535f7a6c315e80378845c,0+2,0,13,22,47,,
confirmation,1122,0de695bbecb9da66d3679b02645923dcbf6a79e79c7535f7a6c315e80378845c,1+2,0,31,65,116,,
confirmation,1123,0de695bbecb9da66d3679b02645923dcbf6a79e79c7535f7a6c315e80378845c,0+1+2,0,13,19,38,,
confirmation,1124,2d6e4cc338dc9664247419ae572415299092d302982d9db3ecc4d6d2d1ba9d34,0+1,5,38,63,118,,
confirmation,1125,2d6e4cc338dc9664247419ae572415299092d302982d9db3ecc4d6d2d1ba9d34,0+2,4,17,29,51,,
confirmation,1126,2d6e4cc338dc9664247419ae572415299092d302982d9db3ecc4d6d2d1ba9d34,1+2,11,44,75,135,,
confirmation,1127,2d6e4cc338dc9664247419ae572415299092d302982d9db3ecc4d6d2d1ba9d34,0+1+2,4,16,22,40,,
confirmation,1128,d4930674f2562b2b12abd83eaa2405f0071ad773e3cf045336d2e77af37f7822,0+1,7,19,31,72,,
confirmation,1129,d4930674f2562b2b12abd83eaa2405f0071ad773e3cf045336d2e77af37f7822,0+2,4,7,14,34,,
confirmation,1130,d4930674f2562b2b12abd83eaa2405f0071ad773e3cf045336d2e77af37f7822,1+2,9,22,33,79,,
confirmation,1131,d4930674f2562b2b12abd83eaa2405f0071ad773e3cf045336d2e77af37f7822,0+1+2,4,7,13,30,,
confirmation,1132,1646e9dec5268143e421c0dfc685238698bacc0e04c4ae1e02caea3bad2f9eee,0+1,3,16,29,70,,
confirmation,1133,1646e9dec5268143e421c0dfc685238698bacc0e04c4ae1e02caea3bad2f9eee,0+2,0,5,10,29,,
confirmation,1134,1646e9dec5268143e421c0dfc685238698bacc0e04c4ae1e02caea3bad2f9eee,1+2,3,15,27,73,,
confirmation,1135,1646e9dec5268143e421c0dfc685238698bacc0e04c4ae1e02caea3bad2f9eee,0+1+2,0,4,9,24,,
confirmation,1136,d65e21457f937403afd83e266cde3e9549ac19742ea9f6b1730e16710bb80b3e,0+1,0,24,41,62,,
confirmation,1137,d65e21457f937403afd83e266cde3e9549ac19742ea9f6b1730e16710bb80b3e,0+2,0,12,19,29,,
confirmation,1138,d65e21457f937403afd83e266cde3e9549ac19742ea9f6b1730e16710bb80b3e,1+2,0,23,44,66,,
confirmation,1139,d65e21457f937403afd83e266cde3e9549ac19742ea9f6b1730e16710bb80b3e,0+1+2,0,12,16,25,,
confirmation,1140,8b71f857e4e427e164df62db201a9c451ce868f80c72cd7d3cea3f4a44fcbb74,0+1,9,27,51,90,,
confirmation,1141,8b71f857e4e427e164df62db201a9c451ce868f80c72cd7d3cea3f4a44fcbb74,0+2,9,16,29,43,,
confirmation,1142,8b71f857e4e427e164df62db201a9c451ce868f80c72cd7d3cea3f4a44fcbb74,1+2,13,34,58,97,,
confirmation,1143,8b71f857e4e427e164df62db201a9c451ce868f80c72cd7d3cea3f4a44fcbb74,0+1+2,9,13,26,36,,
confirmation,1144,7c397717b29addf28a6d3a394b2fcc9f4f4fca455891e13c926b05921dcc460e,0+1,2,36,60,126,,
confirmation,1145,7c397717b29addf28a6d3a394b2fcc9f4f4fca455891e13c926b05921dcc460e,0+2,0,14,23,48,,
confirmation,1146,7c397717b29addf28a6d3a394b2fcc9f4f4fca455891e13c926b05921dcc460e,1+2,10,40,72,123,,
confirmation,1147,7c397717b29addf28a6d3a394b2fcc9f4f4fca455891e13c926b05921dcc460e,0+1+2,0,13,19,37,,
confirmation,1148,8503212667452eeb7303a7d75add8af1ed638703f13d47f4a4fdc3c88128cb86,0+1,10,39,62,116,,
confirmation,1149,8503212667452eeb7303a7d75add8af1ed638703f13d47f4a4fdc3c88128cb86,0+2,0,12,24,47,,
confirmation,1150,8503212667452eeb7303a7d75add8af1ed638703f13d47f4a4fdc3c88128cb86,1+2,0,31,55,119,,
confirmation,1151,8503212667452eeb7303a7d75add8af1ed638703f13d47f4a4fdc3c88128cb86,0+1+2,0,9,18,37,,
confirmation,1152,11a76cd52832c79ec8a5fb2a50680c8637b299585d6cd7abab45430a310e04a7,0+1,7,32,54,106,,
confirmation,1153,11a76cd52832c79ec8a5fb2a50680c8637b299585d6cd7abab45430a310e04a7,0+2,10,16,29,53,,
confirmation,1154,11a76cd52832c79ec8a5fb2a50680c8637b299585d6cd7abab45430a310e04a7,1+2,8,37,60,121,,
confirmation,1155,11a76cd52832c79ec8a5fb2a50680c8637b299585d6cd7abab45430a310e04a7,0+1+2,7,11,22,40,,
confirmation,1156,229fcf15433fe4133635449c7a935032995c70fa67d68a7f4ae35ed9b994f6c7,0+1,3,21,43,96,,
confirmation,1157,229fcf15433fe4133635449c7a935032995c70fa67d68a7f4ae35ed9b994f6c7,0+2,5,13,17,37,,
confirmation,1158,229fcf15433fe4133635449c7a935032995c70fa67d68a7f4ae35ed9b994f6c7,1+2,9,29,47,104,,
confirmation,1159,229fcf15433fe4133635449c7a935032995c70fa67d68a7f4ae35ed9b994f6c7,0+1+2,3,8,12,28,,
confirmation,1160,8f3c7c2cd2f1b717c1a88446f15d007832440f66014b060aeecda3a35702710e,0+1,7,47,77,129,,
confirmation,1161,8f3c7c2cd2f1b717c1a88446f15d007832440f66014b060aeecda3a35702710e,0+2,9,23,34,55,,
confirmation,1162,8f3c7c2cd2f1b717c1a88446f15d007832440f66014b060aeecda3a35702710e,1+2,6,37,72,130,,
confirmation,1163,8f3c7c2cd2f1b717c1a88446f15d007832440f66014b060aeecda3a35702710e,0+1+2,6,20,26,43,,
confirmation,1164,360147d50945b34c83e55b13b9a586d645c16261e2569ac19b6e60cb0867e995,0+1,4,21,45,86,,
confirmation,1165,360147d50945b34c83e55b13b9a586d645c16261e2569ac19b6e60cb0867e995,0+2,6,12,26,45,,
confirmation,1166,360147d50945b34c83e55b13b9a586d645c16261e2569ac19b6e60cb0867e995,1+2,8,29,51,95,,
confirmation,1167,360147d50945b34c83e55b13b9a586d645c16261e2569ac19b6e60cb0867e995,0+1+2,4,9,22,39,,
confirmation,1168,6da1809712b4a69b0dc315067671ac8362582df80ae5272574fb9c67fb3af622,0+1,1,34,64,116,,
confirmation,1169,6da1809712b4a69b0dc315067671ac8362582df80ae5272574fb9c67fb3af622,0+2,0,14,25,41,,
confirmation,1170,6da1809712b4a69b0dc315067671ac8362582df80ae5272574fb9c67fb3af622,1+2,0,28,61,118,,
confirmation,1171,6da1809712b4a69b0dc315067671ac8362582df80ae5272574fb9c67fb3af622,0+1+2,0,12,18,31,,
confirmation,1172,ec58939e1e459f0092775f558cc305ec61673457173eaf762471146f72b2cb65,0+1,0,27,53,104,,
confirmation,1173,ec58939e1e459f0092775f558cc305ec61673457173eaf762471146f72b2cb65,0+2,0,12,22,45,,
confirmation,1174,ec58939e1e459f0092775f558cc305ec61673457173eaf762471146f72b2cb65,1+2,10,42,75,124,,
confirmation,1175,ec58939e1e459f0092775f558cc305ec61673457173eaf762471146f72b2cb65,0+1+2,0,9,18,35,,
confirmation,1176,65c17ef0ee4af3c8c615aa365c289c0063d5cf64ba0354fac1d403e8272cfc83,0+1,8,28,60,117,,
confirmation,1177,65c17ef0ee4af3c8c615aa365c289c0063d5cf64ba0354fac1d403e8272cfc83,0+2,0,10,20,42,,
confirmation,1178,65c17ef0ee4af3c8c615aa365c289c0063d5cf64ba0354fac1d403e8272cfc83,1+2,0,23,53,119,,
confirmation,1179,65c17ef0ee4af3c8c615aa365c289c0063d5cf64ba0354fac1d403e8272cfc83,0+1+2,0,6,16,35,,
confirmation,1180,4d4baaabf4fd85ef14d33c633cfbf77e7f7c7ab183389cef6d8cf0d262adb826,0+1,0,32,65,116,,
confirmation,1181,4d4baaabf4fd85ef14d33c633cfbf77e7f7c7ab183389cef6d8cf0d262adb826,0+2,0,10,22,46,,
confirmation,1182,4d4baaabf4fd85ef14d33c633cfbf77e7f7c7ab183389cef6d8cf0d262adb826,1+2,1,34,62,121,,
confirmation,1183,4d4baaabf4fd85ef14d33c633cfbf77e7f7c7ab183389cef6d8cf0d262adb826,0+1+2,0,10,17,35,,
confirmation,1184,80f6e9a8fe49f45ab158c31778be5af1cd4e76f87da3801556ef75acdab305b0,0+1,0,25,50,107,,
confirmation,1185,80f6e9a8fe49f45ab158c31778be5af1cd4e76f87da3801556ef75acdab305b0,0+2,0,10,24,49,,
confirmation,1186,80f6e9a8fe49f45ab158c31778be5af1cd4e76f87da3801556ef75acdab305b0,1+2,0,32,60,120,,
confirmation,1187,80f6e9a8fe49f45ab158c31778be5af1cd4e76f87da3801556ef75acdab305b0,0+1+2,0,7,18,37,,
confirmation,1188,c25176f534198c4b55d80ad40b4bb7240e99de2a859e222d0e267ca8a6066529,0+1,0,29,56,109,,
confirmation,1189,c25176f534198c4b55d80ad40b4bb7240e99de2a859e222d0e267ca8a6066529,0+2,0,14,27,49,,
confirmation,1190,c25176f534198c4b55d80ad40b4bb7240e99de2a859e222d0e267ca8a6066529,1+2,0,33,58,118,,
confirmation,1191,c25176f534198c4b55d80ad40b4bb7240e99de2a859e222d0e267ca8a6066529,0+1+2,0,12,22,40,,
confirmation,1192,218999f83727f41222b542df5f931c7bf5de692fbcd500ed0fffeb75ee0fc390,0+1,0,31,56,110,,
confirmation,1193,218999f83727f41222b542df5f931c7bf5de692fbcd500ed0fffeb75ee0fc390,0+2,0,14,25,46,,
confirmation,1194,218999f83727f41222b542df5f931c7bf5de692fbcd500ed0fffeb75ee0fc390,1+2,0,31,64,108,,
confirmation,1195,218999f83727f41222b542df5f931c7bf5de692fbcd500ed0fffeb75ee0fc390,0+1+2,0,12,20,37,,
confirmation,1196,86e7c95fade998cfc60b11455fea416aca807edd363a37ec0f7e569da3a87829,0+1,7,29,56,94,,
confirmation,1197,86e7c95fade998cfc60b11455fea416aca807edd363a37ec0f7e569da3a87829,0+2,3,17,24,42,,
confirmation,1198,86e7c95fade998cfc60b11455fea416aca807edd363a37ec0f7e569da3a87829,1+2,8,30,52,96,,
confirmation,1199,86e7c95fade998cfc60b11455fea416aca807edd363a37ec0f7e569da3a87829,0+1+2,3,15,21,36,,
confirmation,1200,b522d1e6690815a6754290a2169da2e6aaa2b64822a205f733e44e002fb77e76,0+1,0,24,56,116,,
confirmation,1201,b522d1e6690815a6754290a2169da2e6aaa2b64822a205f733e44e002fb77e76,0+2,0,12,26,49,,
confirmation,1202,b522d1e6690815a6754290a2169da2e6aaa2b64822a205f733e44e002fb77e76,1+2,0,25,47,111,,
confirmation,1203,b522d1e6690815a6754290a2169da2e6aaa2b64822a205f733e44e002fb77e76,0+1+2,0,6,19,36,,
confirmation,1204,8e2cf59608fb97690280f7a402d3fa50ac7f1759836592ad45b256ee582afde5,0+1,0,33,58,111,,
confirmation,1205,8e2cf59608fb97690280f7a402d3fa50ac7f1759836592ad45b256ee582afde5,0+2,0,14,24,43,,
confirmation,1206,8e2cf59608fb97690280f7a402d3fa50ac7f1759836592ad45b256ee582afde5,1+2,0,32,62,106,,
confirmation,1207,8e2cf59608fb97690280f7a402d3fa50ac7f1759836592ad45b256ee582afde5,0+1+2,0,13,17,35,,
confirmation,1208,21e6b682aa13139eb1476f4649aa0acb9621d6592facab37de5da0a42b370b65,0+1,10,34,66,125,,
confirmation,1209,21e6b682aa13139eb1476f4649aa0acb9621d6592facab37de5da0a42b370b65,0+2,10,19,34,60,,
confirmation,1210,21e6b682aa13139eb1476f4649aa0acb9621d6592facab37de5da0a42b370b65,1+2,9,41,70,130,,
confirmation,1211,21e6b682aa13139eb1476f4649aa0acb9621d6592facab37de5da0a42b370b65,0+1+2,9,14,28,46,,
confirmation,1212,9443e563bfb28d2d3f999f611cdc839c7e1f0075b7e2c8c79d30f065ed3ed0e3,0+1,0,32,56,124,,
confirmation,1213,9443e563bfb28d2d3f999f611cdc839c7e1f0075b7e2c8c79d30f065ed3ed0e3,0+2,0,14,22,48,,
confirmation,1214,9443e563bfb28d2d3f999f611cdc839c7e1f0075b7e2c8c79d30f065ed3ed0e3,1+2,0,29,60,115,,
confirmation,1215,9443e563bfb28d2d3f999f611cdc839c7e1f0075b7e2c8c79d30f065ed3ed0e3,0+1+2,0,13,18,37,,
confirmation,1216,24fd1959469b28abc7e2311b5662168d09a6bba89e7de6c0a230eaf9f41203cd,0+1,0,33,65,112,,
confirmation,1217,24fd1959469b28abc7e2311b5662168d09a6bba89e7de6c0a230eaf9f41203cd,0+2,0,11,26,47,,
confirmation,1218,24fd1959469b28abc7e2311b5662168d09a6bba89e7de6c0a230eaf9f41203cd,1+2,5,35,66,122,,
confirmation,1219,24fd1959469b28abc7e2311b5662168d09a6bba89e7de6c0a230eaf9f41203cd,0+1+2,0,6,19,35,,
confirmation,1220,25768011ec5506491ade985d109089ec230634cae21f854415c77b32c45e6a00,0+1,5,27,56,112,,
confirmation,1221,25768011ec5506491ade985d109089ec230634cae21f854415c77b32c45e6a00,0+2,6,11,24,48,,
confirmation,1222,25768011ec5506491ade985d109089ec230634cae21f854415c77b32c45e6a00,1+2,9,33,63,124,,
confirmation,1223,25768011ec5506491ade985d109089ec230634cae21f854415c77b32c45e6a00,0+1+2,5,7,20,39,,
confirmation,1224,d02b0f93c744631bb6a7f4b8a41b4ec0f8ff40d3e1e6dccf6943c97783497bf6,0+1,0,11,20,40,,
confirmation,1225,d02b0f93c744631bb6a7f4b8a41b4ec0f8ff40d3e1e6dccf6943c97783497bf6,0+2,0,2,12,25,,
confirmation,1226,d02b0f93c744631bb6a7f4b8a41b4ec0f8ff40d3e1e6dccf6943c97783497bf6,1+2,0,11,23,47,,
confirmation,1227,d02b0f93c744631bb6a7f4b8a41b4ec0f8ff40d3e1e6dccf6943c97783497bf6,0+1+2,0,2,11,24,,
confirmation,1228,37bc073b87efd04005910021eebc1a4ecbda7b8876e4b6328b59eb994094f787,0+1,0,31,65,116,,
confirmation,1229,37bc073b87efd04005910021eebc1a4ecbda7b8876e4b6328b59eb994094f787,0+2,0,10,22,48,,
confirmation,1230,37bc073b87efd04005910021eebc1a4ecbda7b8876e4b6328b59eb994094f787,1+2,8,38,71,132,,
confirmation,1231,37bc073b87efd04005910021eebc1a4ecbda7b8876e4b6328b59eb994094f787,0+1+2,0,10,18,37,,
confirmation,1232,1167884f1315852c53b39fa6d66e464722932d22f9ac8376b1cb250d9d86575a,0+1,0,40,68,123,,
confirmation,1233,1167884f1315852c53b39fa6d66e464722932d22f9ac8376b1cb250d9d86575a,0+2,0,14,24,45,,
confirmation,1234,1167884f1315852c53b39fa6d66e464722932d22f9ac8376b1cb250d9d86575a,1+2,9,38,71,129,,
confirmation,1235,1167884f1315852c53b39fa6d66e464722932d22f9ac8376b1cb250d9d86575a,0+1+2,0,11,18,36,,
confirmation,1236,ee0915c2487dfb971922eb6a0c690d9ca3bf9744b6b4d155a7b24dcfef92b288,0+1,0,23,57,116,,
confirmation,1237,ee0915c2487dfb971922eb6a0c690d9ca3bf9744b6b4d155a7b24dcfef92b288,0+2,0,7,20,39,,
confirmation,1238,ee0915c2487dfb971922eb6a0c690d9ca3bf9744b6b4d155a7b24dcfef92b288,1+2,0,31,59,110,,
confirmation,1239,ee0915c2487dfb971922eb6a0c690d9ca3bf9744b6b4d155a7b24dcfef92b288,0+1+2,0,5,17,31,,
confirmation,1240,c3ed0ba5a7e4badb76ca2cffd049260b942ad18b38e37fc8fd96da102248c707,0+1,10,41,64,113,,
confirmation,1241,c3ed0ba5a7e4badb76ca2cffd049260b942ad18b38e37fc8fd96da102248c707,0+2,0,13,26,43,,
confirmation,1242,c3ed0ba5a7e4badb76ca2cffd049260b942ad18b38e37fc8fd96da102248c707,1+2,0,31,61,114,,
confirmation,1243,c3ed0ba5a7e4badb76ca2cffd049260b942ad18b38e37fc8fd96da102248c707,0+1+2,0,12,18,31,,
confirmation,1244,1f37743552a1b5410d184a1140df4e3c2792465095ca41712fa955c60b705276,0+1,11,39,65,116,,
confirmation,1245,1f37743552a1b5410d184a1140df4e3c2792465095ca41712fa955c60b705276,0+2,0,13,23,46,,
confirmation,1246,1f37743552a1b5410d184a1140df4e3c2792465095ca41712fa955c60b705276,1+2,0,32,63,120,,
confirmation,1247,1f37743552a1b5410d184a1140df4e3c2792465095ca41712fa955c60b705276,0+1+2,0,10,19,36,,
confirmation,1248,b0c8bf34d98d731807576ee71495250685fe137e1840c442513b608f2dce0fd0,0+1,0,32,56,109,,
confirmation,1249,b0c8bf34d98d731807576ee71495250685fe137e1840c442513b608f2dce0fd0,0+2,0,14,26,50,,
confirmation,1250,b0c8bf34d98d731807576ee71495250685fe137e1840c442513b608f2dce0fd0,1+2,8,41,72,133,,
confirmation,1251,b0c8bf34d98d731807576ee71495250685fe137e1840c442513b608f2dce0fd0,0+1+2,0,13,19,38,,
confirmation,1252,4599d048a57c0ccf9088ce9c80002c1ecccbc4fa78df73e95fbc114b1d942a2f,0+1,0,24,39,93,,
confirmation,1253,4599d048a57c0ccf9088ce9c80002c1ecccbc4fa78df73e95fbc114b1d942a2f,0+2,0,13,18,38,,
confirmation,1254,4599d048a57c0ccf9088ce9c80002c1ecccbc4fa78df73e95fbc114b1d942a2f,1+2,0,24,44,90,,
confirmation,1255,4599d048a57c0ccf9088ce9c80002c1ecccbc4fa78df73e95fbc114b1d942a2f,0+1+2,0,13,15,31,,
confirmation,1256,b985e0cfeb6bf65e84e4cc54a804b717dec630eb3fd9b19839cf66e5914f0586,0+1,0,16,39,80,,
confirmation,1257,b985e0cfeb6bf65e84e4cc54a804b717dec630eb3fd9b19839cf66e5914f0586,0+2,0,9,14,35,,
confirmation,1258,b985e0cfeb6bf65e84e4cc54a804b717dec630eb3fd9b19839cf66e5914f0586,1+2,0,21,41,88,,
confirmation,1259,b985e0cfeb6bf65e84e4cc54a804b717dec630eb3fd9b19839cf66e5914f0586,0+1+2,0,6,11,29,,
confirmation,1260,1f9a5d6d516ff1f74fdb80fbe41c77cb8740810a9afe0d9ab306d75799c0fa88,0+1,6,31,54,114,,
confirmation,1261,1f9a5d6d516ff1f74fdb80fbe41c77cb8740810a9afe0d9ab306d75799c0fa88,0+2,0,13,19,45,,
confirmation,1262,1f9a5d6d516ff1f74fdb80fbe41c77cb8740810a9afe0d9ab306d75799c0fa88,1+2,4,26,50,116,,
confirmation,1263,1f9a5d6d516ff1f74fdb80fbe41c77cb8740810a9afe0d9ab306d75799c0fa88,0+1+2,0,12,18,37,,
confirmation,1264,f413b9205babdaa4444928dce6aad114d858a262e1a387408b7322b9f2f36b92,0+1,0,32,57,113,,
confirmation,1265,f413b9205babdaa4444928dce6aad114d858a262e1a387408b7322b9f2f36b92,0+2,0,13,26,46,,
confirmation,1266,f413b9205babdaa4444928dce6aad114d858a262e1a387408b7322b9f2f36b92,1+2,0,32,63,108,,
confirmation,1267,f413b9205babdaa4444928dce6aad114d858a262e1a387408b7322b9f2f36b92,0+1+2,0,12,19,37,,
confirmation,1268,13e6107d24925b8ae978ccb3143f189f443bebb892c29c8eb64313813ec753f6,0+1,9,33,65,105,,
confirmation,1269,13e6107d24925b8ae978ccb3143f189f443bebb892c29c8eb64313813ec753f6,0+2,2,14,26,45,,
confirmation,1270,13e6107d24925b8ae978ccb3143f189f443bebb892c29c8eb64313813ec753f6,1+2,5,21,44,88,,
confirmation,1271,13e6107d24925b8ae978ccb3143f189f443bebb892c29c8eb64313813ec753f6,0+1+2,2,10,21,38,,
confirmation,1272,616cb3a4dd215a7295c7a0208b9bda3683f81d84fecf5dbfb30624ee7b70e9ef,0+1,5,33,57,116,,
confirmation,1273,616cb3a4dd215a7295c7a0208b9bda3683f81d84fecf5dbfb30624ee7b70e9ef,0+2,5,16,27,52,,
confirmation,1274,616cb3a4dd215a7295c7a0208b9bda3683f81d84fecf5dbfb30624ee7b70e9ef,1+2,13,42,73,131,,
confirmation,1275,616cb3a4dd215a7295c7a0208b9bda3683f81d84fecf5dbfb30624ee7b70e9ef,0+1+2,5,14,23,43,,
confirmation,1276,98d5f02936cea1f5ec010d5c4ea6496696e6b48dc7d0c6b2f1ecc12471ef8969,0+1,0,25,48,86,,
confirmation,1277,98d5f02936cea1f5ec010d5c4ea6496696e6b48dc7d0c6b2f1ecc12471ef8969,0+2,0,11,20,42,,
confirmation,1278,98d5f02936cea1f5ec010d5c4ea6496696e6b48dc7d0c6b2f1ecc12471ef8969,1+2,0,16,38,82,,
confirmation,1279,98d5f02936cea1f5ec010d5c4ea6496696e6b48dc7d0c6b2f1ecc12471ef8969,0+1+2,0,8,17,35,,
confirmation,1280,eca5dde91a93820710061973ca22abf591ed3a6041d6d48f8488632d20b86e73,0+1,12,42,64,120,,
confirmation,1281,eca5dde91a93820710061973ca22abf591ed3a6041d6d48f8488632d20b86e73,0+2,2,16,21,44,,
confirmation,1282,eca5dde91a93820710061973ca22abf591ed3a6041d6d48f8488632d20b86e73,1+2,2,32,57,120,,
confirmation,1283,eca5dde91a93820710061973ca22abf591ed3a6041d6d48f8488632d20b86e73,0+1+2,2,15,17,36,,
confirmation,1284,eccc4250e79bc653ee6280bc28c149a42c876dfd5d850b6d0869e1d508ec5d34,0+1,1,29,53,106,,
confirmation,1285,eccc4250e79bc653ee6280bc28c149a42c876dfd5d850b6d0869e1d508ec5d34,0+2,2,8,20,45,,
confirmation,1286,eccc4250e79bc653ee6280bc28c149a42c876dfd5d850b6d0869e1d508ec5d34,1+2,10,37,64,124,,
confirmation,1287,eccc4250e79bc653ee6280bc28c149a42c876dfd5d850b6d0869e1d508ec5d34,0+1+2,1,4,14,33,,
confirmation,1288,736b217a6fdb2624938661fe2eff6c830160d259eacbff736d58138ccfe6c1dc,0+1,0,26,51,112,,
confirmation,1289,736b217a6fdb2624938661fe2eff6c830160d259eacbff736d58138ccfe6c1dc,0+2,0,12,16,41,,
confirmation,1290,736b217a6fdb2624938661fe2eff6c830160d259eacbff736d58138ccfe6c1dc,1+2,4,34,59,122,,
confirmation,1291,736b217a6fdb2624938661fe2eff6c830160d259eacbff736d58138ccfe6c1dc,0+1+2,0,12,13,32,,
confirmation,1292,c146c76c813185e6a1ccda7068166a5e6b3d06800abd2096fc83fd264b69ee34,0+1,8,29,59,105,,
confirmation,1293,c146c76c813185e6a1ccda7068166a5e6b3d06800abd2096fc83fd264b69ee34,0+2,0,12,22,32,,
confirmation,1294,c146c76c813185e6a1ccda7068166a5e6b3d06800abd2096fc83fd264b69ee34,1+2,0,27,57,97,,
confirmation,1295,c146c76c813185e6a1ccda7068166a5e6b3d06800abd2096fc83fd264b69ee34,0+1+2,0,8,16,25,,
confirmation,1296,1d02675200f40c89b71b70a1171156f52fba82d51b54605e02b194a78db9e0f2,0+1,0,24,50,103,,
confirmation,1297,1d02675200f40c89b71b70a1171156f52fba82d51b54605e02b194a78db9e0f2,0+2,0,6,20,44,,
confirmation,1298,1d02675200f40c89b71b70a1171156f52fba82d51b54605e02b194a78db9e0f2,1+2,4,26,49,102,,
confirmation,1299,1d02675200f40c89b71b70a1171156f52fba82d51b54605e02b194a78db9e0f2,0+1+2,0,6,18,36,,
confirmation,1300,42e7b8a626e094658b10b471e499372f068c0d433a0b547529276a486cb889e2,0+1,7,45,72,126,,
confirmation,1301,42e7b8a626e094658b10b471e499372f068c0d433a0b547529276a486cb889e2,0+2,8,22,31,53,,
confirmation,1302,42e7b8a626e094658b10b471e499372f068c0d433a0b547529276a486cb889e2,1+2,5,34,67,124,,
confirmation,1303,42e7b8a626e094658b10b471e499372f068c0d433a0b547529276a486cb889e2,0+1+2,5,17,24,42,,
confirmation,1304,736747e6da5a376eeebb8f1dc5d3fb43cd4e080227103b3beaa1a9a1511751d3,0+1,1,32,56,114,,
confirmation,1305,736747e6da5a376eeebb8f1dc5d3fb43cd4e080227103b3beaa1a9a1511751d3,0+2,0,11,20,40,,
confirmation,1306,736747e6da5a376eeebb8f1dc5d3fb43cd4e080227103b3beaa1a9a1511751d3,1+2,0,29,59,103,,
confirmation,1307,736747e6da5a376eeebb8f1dc5d3fb43cd4e080227103b3beaa1a9a1511751d3,0+1+2,0,10,17,31,,
confirmation,1308,9a9877ed341e09290b2ad86730b9d31c0c5bf533ed6a9ea0f86443e03a05ac37,0+1,0,12,27,48,,
confirmation,1309,9a9877ed341e09290b2ad86730b9d31c0c5bf533ed6a9ea0f86443e03a05ac37,0+2,0,2,7,19,,
confirmation,1310,9a9877ed341e09290b2ad86730b9d31c0c5bf533ed6a9ea0f86443e03a05ac37,1+2,0,2,16,38,,
confirmation,1311,9a9877ed341e09290b2ad86730b9d31c0c5bf533ed6a9ea0f86443e03a05ac37,0+1+2,0,2,6,18,,
confirmation,1312,40117abacca61938be00cf69c79e8d1473568ff6b7bbc8daafd22a53903adabd,0+1,12,40,62,117,,
confirmation,1313,40117abacca61938be00cf69c79e8d1473568ff6b7bbc8daafd22a53903adabd,0+2,6,16,29,53,,
confirmation,1314,40117abacca61938be00cf69c79e8d1473568ff6b7bbc8daafd22a53903adabd,1+2,6,30,56,118,,
confirmation,1315,40117abacca61938be00cf69c79e8d1473568ff6b7bbc8daafd22a53903adabd,0+1+2,6,14,24,43,,
confirmation,1316,664a8e4057b46f0c372c581551b1be24e470fafe292910c7d1be361f8feb7e6e,0+1,11,35,52,93,,
confirmation,1317,664a8e4057b46f0c372c581551b1be24e470fafe292910c7d1be361f8feb7e6e,0+2,3,18,23,44,,
confirmation,1318,664a8e4057b46f0c372c581551b1be24e470fafe292910c7d1be361f8feb7e6e,1+2,4,26,47,92,,
confirmation,1319,664a8e4057b46f0c372c581551b1be24e470fafe292910c7d1be361f8feb7e6e,0+1+2,3,16,19,38,,
confirmation,1320,2fa4f963731e51cea7157b6e973963f6cd3a77e0ff037fe484ae1961f3b2395b,0+1,0,30,56,111,,
confirmation,1321,2fa4f963731e51cea7157b6e973963f6cd3a77e0ff037fe484ae1961f3b2395b,0+2,0,13,27,51,,
confirmation,1322,2fa4f963731e51cea7157b6e973963f6cd3a77e0ff037fe484ae1961f3b2395b,1+2,1,32,57,114,,
confirmation,1323,2fa4f963731e51cea7157b6e973963f6cd3a77e0ff037fe484ae1961f3b2395b,0+1+2,0,11,20,39,,
confirmation,1324,a43251e0e6b4d6ec9f884ebfafab00d72050def23fbdcfa2de750ab44a1da7c2,0+1,0,26,55,99,,
confirmation,1325,a43251e0e6b4d6ec9f884ebfafab00d72050def23fbdcfa2de750ab44a1da7c2,0+2,0,13,27,49,,
confirmation,1326,a43251e0e6b4d6ec9f884ebfafab00d72050def23fbdcfa2de750ab44a1da7c2,1+2,0,27,60,108,,
confirmation,1327,a43251e0e6b4d6ec9f884ebfafab00d72050def23fbdcfa2de750ab44a1da7c2,0+1+2,0,7,18,38,,
confirmation,1328,69994e494efa9cbc4cecc8cebb8a201dcbc9fd705837e8332847f8bee9f07283,0+1,0,28,56,103,,
confirmation,1329,69994e494efa9cbc4cecc8cebb8a201dcbc9fd705837e8332847f8bee9f07283,0+2,0,13,26,46,,
confirmation,1330,69994e494efa9cbc4cecc8cebb8a201dcbc9fd705837e8332847f8bee9f07283,1+2,0,30,60,103,,
confirmation,1331,69994e494efa9cbc4cecc8cebb8a201dcbc9fd705837e8332847f8bee9f07283,0+1+2,0,10,20,36,,
confirmation,1332,17a265f5b5b5bc0fdc93090d6746c213d15cc5c7be1d3c3e1c4fd18a13412ce0,0+1,0,24,56,112,,
confirmation,1333,17a265f5b5b5bc0fdc93090d6746c213d15cc5c7be1d3c3e1c4fd18a13412ce0,0+2,0,8,22,48,,
confirmation,1334,17a265f5b5b5bc0fdc93090d6746c213d15cc5c7be1d3c3e1c4fd18a13412ce0,1+2,0,22,44,107,,
confirmation,1335,17a265f5b5b5bc0fdc93090d6746c213d15cc5c7be1d3c3e1c4fd18a13412ce0,0+1+2,0,6,19,39,,
confirmation,1336,df1d78f7a016cc5d8ba4d4ecafdb81163004b779a2647b502d694726800d2b02,0+1,12,45,67,126,,
confirmation,1337,df1d78f7a016cc5d8ba4d4ecafdb81163004b779a2647b502d694726800d2b02,0+2,4,18,25,52,,
confirmation,1338,df1d78f7a016cc5d8ba4d4ecafdb81163004b779a2647b502d694726800d2b02,1+2,5,34,66,129,,
confirmation,1339,df1d78f7a016cc5d8ba4d4ecafdb81163004b779a2647b502d694726800d2b02,0+1+2,4,18,23,43,,
confirmation,1340,cbe534a3dd8eedb4388232448928beedaeae0d308535c9dacf01d3db50f29c29,0+1,0,32,57,97,,
confirmation,1341,cbe534a3dd8eedb4388232448928beedaeae0d308535c9dacf01d3db50f29c29,0+2,0,14,25,44,,
confirmation,1342,cbe534a3dd8eedb4388232448928beedaeae0d308535c9dacf01d3db50f29c29,1+2,0,24,45,88,,
confirmation,1343,cbe534a3dd8eedb4388232448928beedaeae0d308535c9dacf01d3db50f29c29,0+1+2,0,12,18,35,,
confirmation,1344,ec6633dd54b237769efdb993013dbb885ce36d1954cc62b757accbd89b4fdbf5,0+1,0,30,66,117,,
confirmation,1345,ec6633dd54b237769efdb993013dbb885ce36d1954cc62b757accbd89b4fdbf5,0+2,0,11,24,49,,
confirmation,1346,ec6633dd54b237769efdb993013dbb885ce36d1954cc62b757accbd89b4fdbf5,1+2,0,28,51,111,,
confirmation,1347,ec6633dd54b237769efdb993013dbb885ce36d1954cc62b757accbd89b4fdbf5,0+1+2,0,5,18,37,,
confirmation,1348,aef01696b8c1e0775a4f610ef2b36fc0544bb4d4ecdc0635727c87ad0c66f0ca,0+1,0,26,49,103,,
confirmation,1349,aef01696b8c1e0775a4f610ef2b36fc0544bb4d4ecdc0635727c87ad0c66f0ca,0+2,0,12,16,41,,
confirmation,1350,aef01696b8c1e0775a4f610ef2b36fc0544bb4d4ecdc0635727c87ad0c66f0ca,1+2,0,23,49,111,,
confirmation,1351,aef01696b8c1e0775a4f610ef2b36fc0544bb4d4ecdc0635727c87ad0c66f0ca,0+1+2,0,12,13,31,,
confirmation,1352,901206fd2929509b87eda09d67f184fe0ecb822292d63ab0c3afc671a6e7e150,0+1,6,37,72,122,,
confirmation,1353,901206fd2929509b87eda09d67f184fe0ecb822292d63ab0c3afc671a6e7e150,0+2,0,12,25,42,,
confirmation,1354,901206fd2929509b87eda09d67f184fe0ecb822292d63ab0c3afc671a6e7e150,1+2,0,30,60,115,,
confirmation,1355,901206fd2929509b87eda09d67f184fe0ecb822292d63ab0c3afc671a6e7e150,0+1+2,0,7,19,32,,
confirmation,1356,f2797a0d0762ead7e780084fdb8092d88cc768e4055e9ccb138d52207b114a49,0+1,0,11,20,41,,
confirmation,1357,f2797a0d0762ead7e780084fdb8092d88cc768e4055e9ccb138d52207b114a49,0+2,0,9,12,23,,
confirmation,1358,f2797a0d0762ead7e780084fdb8092d88cc768e4055e9ccb138d52207b114a49,1+2,0,12,23,47,,
confirmation,1359,f2797a0d0762ead7e780084fdb8092d88cc768e4055e9ccb138d52207b114a49,0+1+2,0,9,12,23,,
confirmation,1360,5300a4c810727c0fce72c49cd799451a3a274cc48fd37df7c1944dbbff9a9e75,0+1,0,9,19,37,,
confirmation,1361,5300a4c810727c0fce72c49cd799451a3a274cc48fd37df7c1944dbbff9a9e75,0+2,0,8,12,23,,
confirmation,1362,5300a4c810727c0fce72c49cd799451a3a274cc48fd37df7c1944dbbff9a9e75,1+2,0,12,19,43,,
confirmation,1363,5300a4c810727c0fce72c49cd799451a3a274cc48fd37df7c1944dbbff9a9e75,0+1+2,0,8,12,23,,
confirmation,1364,813102483e5937ff9e6d6d37c3f58a9fa111efa5b14f9fc7a8f1cba5ebeb2550,0+1,0,28,68,126,,
confirmation,1365,813102483e5937ff9e6d6d37c3f58a9fa111efa5b14f9fc7a8f1cba5ebeb2550,0+2,0,11,24,45,,
confirmation,1366,813102483e5937ff9e6d6d37c3f58a9fa111efa5b14f9fc7a8f1cba5ebeb2550,1+2,0,33,58,116,,
confirmation,1367,813102483e5937ff9e6d6d37c3f58a9fa111efa5b14f9fc7a8f1cba5ebeb2550,0+1+2,0,7,19,37,,
confirmation,1368,78d271a66ae2fc10f835c1ae383ee855c122fe6f91c59c6a845cf9ef2473569c,0+1,0,9,23,64,,
confirmation,1369,78d271a66ae2fc10f835c1ae383ee855c122fe6f91c59c6a845cf9ef2473569c,0+2,0,0,13,32,,
confirmation,1370,78d271a66ae2fc10f835c1ae383ee855c122fe6f91c59c6a845cf9ef2473569c,1+2,0,11,24,69,,
confirmation,1371,78d271a66ae2fc10f835c1ae383ee855c122fe6f91c59c6a845cf9ef2473569c,0+1+2,0,0,13,32,,
confirmation,1372,6bf6f668b686eba73784b6d213626dcbc3f8a3778cc1cb284defdabb510ab127,0+1,9,39,64,114,,
confirmation,1373,6bf6f668b686eba73784b6d213626dcbc3f8a3778cc1cb284defdabb510ab127,0+2,9,23,35,55,,
confirmation,1374,6bf6f668b686eba73784b6d213626dcbc3f8a3778cc1cb284defdabb510ab127,1+2,7,39,69,124,,
confirmation,1375,6bf6f668b686eba73784b6d213626dcbc3f8a3778cc1cb284defdabb510ab127,0+1+2,7,20,27,42,,
confirmation,1376,8aa383e1ab29500a3df2f5638888744f52e3fb0d9351a89d4df92d56de6e8d6f,0+1,0,16,40,81,,
confirmation,1377,8aa383e1ab29500a3df2f5638888744f52e3fb0d9351a89d4df92d56de6e8d6f,0+2,0,7,20,41,,
confirmation,1378,8aa383e1ab29500a3df2f5638888744f52e3fb0d9351a89d4df92d56de6e8d6f,1+2,5,25,47,92,,
confirmation,1379,8aa383e1ab29500a3df2f5638888744f52e3fb0d9351a89d4df92d56de6e8d6f,0+1+2,0,5,17,36,,
confirmation,1380,0952060db2867edbbb61b9a3efed9e44160c0e862b8a48aded619282d764fd99,0+1,0,17,40,98,,
confirmation,1381,0952060db2867edbbb61b9a3efed9e44160c0e862b8a48aded619282d764fd99,0+2,0,5,18,44,,
confirmation,1382,0952060db2867edbbb61b9a3efed9e44160c0e862b8a48aded619282d764fd99,1+2,0,20,44,106,,
confirmation,1383,0952060db2867edbbb61b9a3efed9e44160c0e862b8a48aded619282d764fd99,0+1+2,0,2,15,35,,
confirmation,1384,08bdb310ef99c974f6dc1fd8c669f6d3ad4f7061b0290442507ff0fa9468a226,0+1,0,33,58,115,,
confirmation,1385,08bdb310ef99c974f6dc1fd8c669f6d3ad4f7061b0290442507ff0fa9468a226,0+2,0,12,20,44,,
confirmation,1386,08bdb310ef99c974f6dc1fd8c669f6d3ad4f7061b0290442507ff0fa9468a226,1+2,0,25,46,111,,
confirmation,1387,08bdb310ef99c974f6dc1fd8c669f6d3ad4f7061b0290442507ff0fa9468a226,0+1+2,0,12,17,36,,
confirmation,1388,572d94ca62d478c20b5fbe1ae7e726bdd6ab5b20fae00d9aebb4a48e1160c83c,0+1,2,34,59,116,,
confirmation,1389,572d94ca62d478c20b5fbe1ae7e726bdd6ab5b20fae00d9aebb4a48e1160c83c,0+2,0,14,26,52,,
confirmation,1390,572d94ca62d478c20b5fbe1ae7e726bdd6ab5b20fae00d9aebb4a48e1160c83c,1+2,3,25,50,104,,
confirmation,1391,572d94ca62d478c20b5fbe1ae7e726bdd6ab5b20fae00d9aebb4a48e1160c83c,0+1+2,0,13,18,36,,
confirmation,1392,76753aeb7f1db7cb75b8646e2f001a0941f09bc01a7c4c6fc7b189b874de7a7f,0+1,0,27,62,108,,
confirmation,1393,76753aeb7f1db7cb75b8646e2f001a0941f09bc01a7c4c6fc7b189b874de7a7f,0+2,0,12,26,45,,
confirmation,1394,76753aeb7f1db7cb75b8646e2f001a0941f09bc01a7c4c6fc7b189b874de7a7f,1+2,0,33,68,114,,
confirmation,1395,76753aeb7f1db7cb75b8646e2f001a0941f09bc01a7c4c6fc7b189b874de7a7f,0+1+2,0,6,20,39,,
confirmation,1396,606384388f8921e8e68f8a3d162281a001dbd6eec9c768ae47c8f6b93eadf26d,0+1,1,34,59,120,,
confirmation,1397,606384388f8921e8e68f8a3d162281a001dbd6eec9c768ae47c8f6b93eadf26d,0+2,0,13,22,50,,
confirmation,1398,606384388f8921e8e68f8a3d162281a001dbd6eec9c768ae47c8f6b93eadf26d,1+2,0,26,48,110,,
confirmation,1399,606384388f8921e8e68f8a3d162281a001dbd6eec9c768ae47c8f6b93eadf26d,0+1+2,0,13,20,40,,
confirmation,1400,7f4af5d03e29e374de120141f5022233ad675206d58aab17eb580a1f560b5d53,0+1,0,29,54,103,,
confirmation,1401,7f4af5d03e29e374de120141f5022233ad675206d58aab17eb580a1f560b5d53,0+2,0,12,24,47,,
confirmation,1402,7f4af5d03e29e374de120141f5022233ad675206d58aab17eb580a1f560b5d53,1+2,0,31,62,109,,
confirmation,1403,7f4af5d03e29e374de120141f5022233ad675206d58aab17eb580a1f560b5d53,0+1+2,0,11,17,36,,
confirmation,1404,fed721989b5768cf20b57db5a2bc3389e2a964df4abef759e2767d68b4a51876,0+1,6,35,59,105,,
confirmation,1405,fed721989b5768cf20b57db5a2bc3389e2a964df4abef759e2767d68b4a51876,0+2,6,18,30,47,,
confirmation,1406,fed721989b5768cf20b57db5a2bc3389e2a964df4abef759e2767d68b4a51876,1+2,12,43,73,116,,
confirmation,1407,fed721989b5768cf20b57db5a2bc3389e2a964df4abef759e2767d68b4a51876,0+1+2,6,16,25,39,,
confirmation,1408,f7325cf974abfef3d18fed84336e1961e650460b5f13436d484426c273a13ab7,0+1,4,34,62,115,,
confirmation,1409,f7325cf974abfef3d18fed84336e1961e650460b5f13436d484426c273a13ab7,0+2,0,8,19,39,,
confirmation,1410,f7325cf974abfef3d18fed84336e1961e650460b5f13436d484426c273a13ab7,1+2,0,20,41,98,,
confirmation,1411,f7325cf974abfef3d18fed84336e1961e650460b5f13436d484426c273a13ab7,0+1+2,0,6,14,30,,
confirmation,1412,1b37cb0e4f3c3438a570778c9adf33e972f39fbd01c9f7b0f4afaa16dea596f1,0+1,9,41,65,134,,
confirmation,1413,1b37cb0e4f3c3438a570778c9adf33e972f39fbd01c9f7b0f4afaa16dea596f1,0+2,0,13,19,46,,
confirmation,1414,1b37cb0e4f3c3438a570778c9adf33e972f39fbd01c9f7b0f4afaa16dea596f1,1+2,0,28,57,115,,
confirmation,1415,1b37cb0e4f3c3438a570778c9adf33e972f39fbd01c9f7b0f4afaa16dea596f1,0+1+2,0,13,17,38,,
confirmation,1416,247ff2a40488286bc51091b0ce320f017f6063d094c53c9f4bd72176adc469ae,0+1,0,25,42,64,,
confirmation,1417,247ff2a40488286bc51091b0ce320f017f6063d094c53c9f4bd72176adc469ae,0+2,0,14,20,32,,
confirmation,1418,247ff2a40488286bc51091b0ce320f017f6063d094c53c9f4bd72176adc469ae,1+2,0,21,42,64,,
confirmation,1419,247ff2a40488286bc51091b0ce320f017f6063d094c53c9f4bd72176adc469ae,0+1+2,0,12,17,29,,
confirmation,1420,19dd6f052f274d99b5354f232cb85541949da00d125eb0011b309c22d08d4201,0+1,1,22,40,89,,
confirmation,1421,19dd6f052f274d99b5354f232cb85541949da00d125eb0011b309c22d08d4201,0+2,0,7,13,31,,
confirmation,1422,19dd6f052f274d99b5354f232cb85541949da00d125eb0011b309c22d08d4201,1+2,0,19,39,93,,
confirmation,1423,19dd6f052f274d99b5354f232cb85541949da00d125eb0011b309c22d08d4201,0+1+2,0,6,8,22,,
confirmation,1424,82361ef0d9493430e2863e9caf7852b22448651dab4ba6c87ba411900cb7f614,0+1,0,14,39,84,,
confirmation,1425,82361ef0d9493430e2863e9caf7852b22448651dab4ba6c87ba411900cb7f614,0+2,0,6,12,27,,
confirmation,1426,82361ef0d9493430e2863e9caf7852b22448651dab4ba6c87ba411900cb7f614,1+2,0,18,38,92,,
confirmation,1427,82361ef0d9493430e2863e9caf7852b22448651dab4ba6c87ba411900cb7f614,0+1+2,0,4,5,16,,
confirmation,1428,4fb38f5e2ae3ff190c2fae0dfd0ba8deffbb94cc42a08ea3aed00248680c044a,0+1,0,14,23,40,,
confirmation,1429,4fb38f5e2ae3ff190c2fae0dfd0ba8deffbb94cc42a08ea3aed00248680c044a,0+2,0,12,13,18,,
confirmation,1430,4fb38f5e2ae3ff190c2fae0dfd0ba8deffbb94cc42a08ea3aed00248680c044a,1+2,0,12,23,28,,
confirmation,1431,4fb38f5e2ae3ff190c2fae0dfd0ba8deffbb94cc42a08ea3aed00248680c044a,0+1+2,0,12,13,18,,
confirmation,1432,ef2a44b23bee1614de502a4b7aa13b271fea8fecfaf85c1988104071a5d0727e,0+1,7,38,63,119,,
confirmation,1433,ef2a44b23bee1614de502a4b7aa13b271fea8fecfaf85c1988104071a5d0727e,0+2,9,23,31,52,,
confirmation,1434,ef2a44b23bee1614de502a4b7aa13b271fea8fecfaf85c1988104071a5d0727e,1+2,6,35,67,122,,
confirmation,1435,ef2a44b23bee1614de502a4b7aa13b271fea8fecfaf85c1988104071a5d0727e,0+1+2,6,18,24,41,,
confirmation,1436,26de37036a50cccf00e31a8df5b64dbfc70a73c3b106c002e59170d8f28efb69,0+1,10,38,59,97,,
confirmation,1437,26de37036a50cccf00e31a8df5b64dbfc70a73c3b106c002e59170d8f28efb69,0+2,0,9,22,39,,
confirmation,1438,26de37036a50cccf00e31a8df5b64dbfc70a73c3b106c002e59170d8f28efb69,1+2,0,23,45,86,,
confirmation,1439,26de37036a50cccf00e31a8df5b64dbfc70a73c3b106c002e59170d8f28efb69,0+1+2,0,8,19,34,,
confirmation,1440,d919a71577b7731bb9f304a61566c450f14d15f8a3b1197db728601aee7f1976,0+1,0,23,48,104,,
confirmation,1441,d919a71577b7731bb9f304a61566c450f14d15f8a3b1197db728601aee7f1976,0+2,0,9,21,43,,
confirmation,1442,d919a71577b7731bb9f304a61566c450f14d15f8a3b1197db728601aee7f1976,1+2,0,20,43,104,,
confirmation,1443,d919a71577b7731bb9f304a61566c450f14d15f8a3b1197db728601aee7f1976,0+1+2,0,9,16,35,,
confirmation,1444,53d0c2d918a22a48107ebb3bb424054d435c7d0a6a86560c7a4bcf8ff775c84a,0+1,1,29,52,109,,
confirmation,1445,53d0c2d918a22a48107ebb3bb424054d435c7d0a6a86560c7a4bcf8ff775c84a,0+2,0,14,24,50,,
confirmation,1446,53d0c2d918a22a48107ebb3bb424054d435c7d0a6a86560c7a4bcf8ff775c84a,1+2,6,28,52,112,,
confirmation,1447,53d0c2d918a22a48107ebb3bb424054d435c7d0a6a86560c7a4bcf8ff775c84a,0+1+2,0,12,18,36,,
confirmation,1448,d284d5467d35495cf4c55b90d42d0a84a3b029cd6213fea7df1022688a51dac2,0+1,8,29,46,101,,
confirmation,1449,d284d5467d35495cf4c55b90d42d0a84a3b029cd6213fea7df1022688a51dac2,0+2,5,19,26,53,,
confirmation,1450,d284d5467d35495cf4c55b90d42d0a84a3b029cd6213fea7df1022688a51dac2,1+2,10,33,56,110,,
confirmation,1451,d284d5467d35495cf4c55b90d42d0a84a3b029cd6213fea7df1022688a51dac2,0+1+2,5,17,24,44,,
confirmation,1452,2c392832c92b92c8036cdfee3ebc9c0f4cdd14c5760489852cc90b752b4d1594,0+1,4,15,25,60,,
confirmation,1453,2c392832c92b92c8036cdfee3ebc9c0f4cdd14c5760489852cc90b752b4d1594,0+2,0,0,11,27,,
confirmation,1454,2c392832c92b92c8036cdfee3ebc9c0f4cdd14c5760489852cc90b752b4d1594,1+2,5,15,27,68,,
confirmation,1455,2c392832c92b92c8036cdfee3ebc9c0f4cdd14c5760489852cc90b752b4d1594,0+1+2,0,0,9,22,,
confirmation,1456,f5a4ae1260e063248cc8d919086dd0747dd12b4879c6a1b5000c9a00d878a061,0+1,0,12,21,60,,
confirmation,1457,f5a4ae1260e063248cc8d919086dd0747dd12b4879c6a1b5000c9a00d878a061,0+2,0,8,11,30,,
confirmation,1458,f5a4ae1260e063248cc8d919086dd0747dd12b4879c6a1b5000c9a00d878a061,1+2,0,12,24,66,,
confirmation,1459,f5a4ae1260e063248cc8d919086dd0747dd12b4879c6a1b5000c9a00d878a061,0+1+2,0,8,11,26,,
confirmation,1460,cd18db8b8afbfe4ad93a54429be23e02b424e817aca29b82010013b55c05c179,0+1,13,36,66,124,,
confirmation,1461,cd18db8b8afbfe4ad93a54429be23e02b424e817aca29b82010013b55c05c179,0+2,6,16,30,56,,
confirmation,1462,cd18db8b8afbfe4ad93a54429be23e02b424e817aca29b82010013b55c05c179,1+2,6,36,65,115,,
confirmation,1463,cd18db8b8afbfe4ad93a54429be23e02b424e817aca29b82010013b55c05c179,0+1+2,6,11,24,42,,
confirmation,1464,6fe653e59ea42ff32668b1960a5d76e8878953944379fffa9ab6dbbfd541c369,0+1,6,35,61,114,,
confirmation,1465,6fe653e59ea42ff32668b1960a5d76e8878953944379fffa9ab6dbbfd541c369,0+2,6,19,32,56,,
confirmation,1466,6fe653e59ea42ff32668b1960a5d76e8878953944379fffa9ab6dbbfd541c369,1+2,12,34,59,118,,
confirmation,1467,6fe653e59ea42ff32668b1960a5d76e8878953944379fffa9ab6dbbfd541c369,0+1+2,6,16,26,45,,
confirmation,1468,5875ec086dbf62fe6a46ed4db9f7f53854df9717296a4cced3bd855a1d76e2bb,0+1,2,31,54,111,,
confirmation,1469,5875ec086dbf62fe6a46ed4db9f7f53854df9717296a4cced3bd855a1d76e2bb,0+2,0,13,18,44,,
confirmation,1470,5875ec086dbf62fe6a46ed4db9f7f53854df9717296a4cced3bd855a1d76e2bb,1+2,0,24,46,108,,
confirmation,1471,5875ec086dbf62fe6a46ed4db9f7f53854df9717296a4cced3bd855a1d76e2bb,0+1+2,0,13,15,33,,
confirmation,1472,e4cb87312e96f12abd45c8d48c728a3492996274b5ab71201969dea249c9a36a,0+1,5,30,58,105,,
confirmation,1473,e4cb87312e96f12abd45c8d48c728a3492996274b5ab71201969dea249c9a36a,0+2,7,17,31,49,,
confirmation,1474,e4cb87312e96f12abd45c8d48c728a3492996274b5ab71201969dea249c9a36a,1+2,8,39,69,123,,
confirmation,1475,e4cb87312e96f12abd45c8d48c728a3492996274b5ab71201969dea249c9a36a,0+1+2,5,11,24,37,,
confirmation,1476,d531d45250e1900cdb9ab43e748fa768e37343f720dc1b039bc0cd291bf0f5e1,0+1,5,24,50,103,,
confirmation,1477,d531d45250e1900cdb9ab43e748fa768e37343f720dc1b039bc0cd291bf0f5e1,0+2,9,12,22,46,,
confirmation,1478,d531d45250e1900cdb9ab43e748fa768e37343f720dc1b039bc0cd291bf0f5e1,1+2,5,25,47,106,,
confirmation,1479,d531d45250e1900cdb9ab43e748fa768e37343f720dc1b039bc0cd291bf0f5e1,0+1+2,5,8,16,35,,
confirmation,1480,d22a09555231907f705a14d21f945c0980245b9318c4c8b2194c4c53356cc6df,0+1,0,18,38,90,,
confirmation,1481,d22a09555231907f705a14d21f945c0980245b9318c4c8b2194c4c53356cc6df,0+2,0,13,17,41,,
confirmation,1482,d22a09555231907f705a14d21f945c0980245b9318c4c8b2194c4c53356cc6df,1+2,2,24,44,91,,
confirmation,1483,d22a09555231907f705a14d21f945c0980245b9318c4c8b2194c4c53356cc6df,0+1+2,0,10,13,32,,
confirmation,1484,0ad56f73a2cfdda9f82b554b2e57fc3525d365d02e30c98ef75f8e013fc283be,0+1,7,25,52,107,,
confirmation,1485,0ad56f73a2cfdda9f82b554b2e57fc3525d365d02e30c98ef75f8e013fc283be,0+2,0,12,17,40,,
confirmation,1486,0ad56f73a2cfdda9f82b554b2e57fc3525d365d02e30c98ef75f8e013fc283be,1+2,0,22,42,102,,
confirmation,1487,0ad56f73a2cfdda9f82b554b2e57fc3525d365d02e30c98ef75f8e013fc283be,0+1+2,0,9,14,33,,
confirmation,1488,795bd4fdd107e301e7b490e20b9ce2e0c1ac8386c563df6dd7920e0b92c16621,0+1,0,23,53,106,,
confirmation,1489,795bd4fdd107e301e7b490e20b9ce2e0c1ac8386c563df6dd7920e0b92c16621,0+2,0,13,24,47,,
confirmation,1490,795bd4fdd107e301e7b490e20b9ce2e0c1ac8386c563df6dd7920e0b92c16621,1+2,10,38,70,130,,
confirmation,1491,795bd4fdd107e301e7b490e20b9ce2e0c1ac8386c563df6dd7920e0b92c16621,0+1+2,0,9,18,37,,
confirmation,1492,76496e07de7aa243922977c75f66033110aa3284c4a4723ce914fc7a54dab103,0+1,7,33,56,108,,
confirmation,1493,76496e07de7aa243922977c75f66033110aa3284c4a4723ce914fc7a54dab103,0+2,0,4,16,41,,
confirmation,1494,76496e07de7aa243922977c75f66033110aa3284c4a4723ce914fc7a54dab103,1+2,0,26,55,116,,
confirmation,1495,76496e07de7aa243922977c75f66033110aa3284c4a4723ce914fc7a54dab103,0+1+2,0,1,12,31,,
confirmation,1496,af4dd2335122929bebc53c6b1d1f03e8db5445f1f7ebb38a6d1fc3895b22215d,0+1,10,43,71,122,,
confirmation,1497,af4dd2335122929bebc53c6b1d1f03e8db5445f1f7ebb38a6d1fc3895b22215d,0+2,0,14,23,41,,
confirmation,1498,af4dd2335122929bebc53c6b1d1f03e8db5445f1f7ebb38a6d1fc3895b22215d,1+2,0,31,63,119,,
confirmation,1499,af4dd2335122929bebc53c6b1d1f03e8db5445f1f7ebb38a6d1fc3895b22215d,0+1+2,0,14,20,34,,
confirmation,1500,273ebe6086854a71298447b2bb18000a13c52a1d43c6e7aa907b7e6bd5b3296f,0+1,0,9,20,39,,
confirmation,1501,273ebe6086854a71298447b2bb18000a13c52a1d43c6e7aa907b7e6bd5b3296f,0+2,0,11,11,24,,
confirmation,1502,273ebe6086854a71298447b2bb18000a13c52a1d43c6e7aa907b7e6bd5b3296f,1+2,0,11,21,45,,
confirmation,1503,273ebe6086854a71298447b2bb18000a13c52a1d43c6e7aa907b7e6bd5b3296f,0+1+2,0,9,9,22,,
confirmation,1504,8b40cdfb97c8cf7be9b00be5c2d176ec5cab1f0b9677222f768f84245c6877c0,0+1,0,24,49,103,,
confirmation,1505,8b40cdfb97c8cf7be9b00be5c2d176ec5cab1f0b9677222f768f84245c6877c0,0+2,0,12,24,47,,
confirmation,1506,8b40cdfb97c8cf7be9b00be5c2d176ec5cab1f0b9677222f768f84245c6877c0,1+2,0,30,62,123,,
confirmation,1507,8b40cdfb97c8cf7be9b00be5c2d176ec5cab1f0b9677222f768f84245c6877c0,0+1+2,0,9,17,36,,
confirmation,1508,a197bf23a6b997728762e3c4029969a2c73e37636ed280ff5d116d719497f0e9,0+1,0,9,20,39,,
confirmation,1509,a197bf23a6b997728762e3c4029969a2c73e37636ed280ff5d116d719497f0e9,0+2,0,7,12,22,,
confirmation,1510,a197bf23a6b997728762e3c4029969a2c73e37636ed280ff5d116d719497f0e9,1+2,0,13,25,47,,
confirmation,1511,a197bf23a6b997728762e3c4029969a2c73e37636ed280ff5d116d719497f0e9,0+1+2,0,7,12,19,,
confirmation,1512,26d720e4dc516ad59294b98879c9fca51f02b4a8a31a23e94aba512bd5caa0cc,0+1,11,28,51,108,,
confirmation,1513,26d720e4dc516ad59294b98879c9fca51f02b4a8a31a23e94aba512bd5caa0cc,0+2,6,14,27,52,,
confirmation,1514,26d720e4dc516ad59294b98879c9fca51f02b4a8a31a23e94aba512bd5caa0cc,1+2,8,33,55,120,,
confirmation,1515,26d720e4dc516ad59294b98879c9fca51f02b4a8a31a23e94aba512bd5caa0cc,0+1+2,6,14,26,44,,
confirmation,1516,80e6a73aca7e1a7ce030e6927decdfaa7654fe1cceff9eb1a5c6ccb3c551ba43,0+1,0,22,57,117,,
confirmation,1517,80e6a73aca7e1a7ce030e6927decdfaa7654fe1cceff9eb1a5c6ccb3c551ba43,0+2,0,7,20,46,,
confirmation,1518,80e6a73aca7e1a7ce030e6927decdfaa7654fe1cceff9eb1a5c6ccb3c551ba43,1+2,0,24,46,113,,
confirmation,1519,80e6a73aca7e1a7ce030e6927decdfaa7654fe1cceff9eb1a5c6ccb3c551ba43,0+1+2,0,7,19,39,,
confirmation,1520,feaa8441dc25ed317f7f37aba2c8d4ffdb981f504d5e7b7d4b9085c673d07850,0+1,0,34,60,120,,
confirmation,1521,feaa8441dc25ed317f7f37aba2c8d4ffdb981f504d5e7b7d4b9085c673d07850,0+2,0,14,28,53,,
confirmation,1522,feaa8441dc25ed317f7f37aba2c8d4ffdb981f504d5e7b7d4b9085c673d07850,1+2,0,23,46,106,,
confirmation,1523,feaa8441dc25ed317f7f37aba2c8d4ffdb981f504d5e7b7d4b9085c673d07850,0+1+2,0,13,21,40,,
confirmation,1524,a46f41b47ce490d0e6bf203dcd671bb2fe347762f113c42ab56f6bac62bbfa0f,0+1,1,20,39,93,,
confirmation,1525,a46f41b47ce490d0e6bf203dcd671bb2fe347762f113c42ab56f6bac62bbfa0f,0+2,0,12,18,44,,
confirmation,1526,a46f41b47ce490d0e6bf203dcd671bb2fe347762f113c42ab56f6bac62bbfa0f,1+2,7,29,50,110,,
confirmation,1527,a46f41b47ce490d0e6bf203dcd671bb2fe347762f113c42ab56f6bac62bbfa0f,0+1+2,0,10,15,34,,
confirmation,1528,074efad360a3209db83833dbad1da8d222a49b063f347883bf36b91d0ba72cea,0+1,0,12,20,61,,
confirmation,1529,074efad360a3209db83833dbad1da8d222a49b063f347883bf36b91d0ba72cea,0+2,0,12,13,33,,
confirmation,1530,074efad360a3209db83833dbad1da8d222a49b063f347883bf36b91d0ba72cea,1+2,0,12,23,67,,
confirmation,1531,074efad360a3209db83833dbad1da8d222a49b063f347883bf36b91d0ba72cea,0+1+2,0,11,12,29,,
confirmation,1532,a54d0bd08f5dd882d7bf014628065f0ba84495220e012cf397b581ddb375eede,0+1,8,41,63,122,,
confirmation,1533,a54d0bd08f5dd882d7bf014628065f0ba84495220e012cf397b581ddb375eede,0+2,0,14,19,44,,
confirmation,1534,a54d0bd08f5dd882d7bf014628065f0ba84495220e012cf397b581ddb375eede,1+2,0,22,44,107,,
confirmation,1535,a54d0bd08f5dd882d7bf014628065f0ba84495220e012cf397b581ddb375eede,0+1+2,0,13,16,35,,
confirmation,1536,61a1570bd09f0666027872782eae2299e57ca20a230bbc4386c0f76fa921bfb6,0+1,9,27,45,97,,
confirmation,1537,61a1570bd09f0666027872782eae2299e57ca20a230bbc4386c0f76fa921bfb6,0+2,5,17,22,46,,
confirmation,1538,61a1570bd09f0666027872782eae2299e57ca20a230bbc4386c0f76fa921bfb6,1+2,3,24,45,106,,
confirmation,1539,61a1570bd09f0666027872782eae2299e57ca20a230bbc4386c0f76fa921bfb6,0+1+2,3,13,18,37,,
confirmation,1540,523be1cd46ff0788ebc646b495da662e1d72fbccce19f7593dc763158e64c45d,0+1,9,40,64,130,,
confirmation,1541,523be1cd46ff0788ebc646b495da662e1d72fbccce19f7593dc763158e64c45d,0+2,0,14,19,46,,
confirmation,1542,523be1cd46ff0788ebc646b495da662e1d72fbccce19f7593dc763158e64c45d,1+2,0,28,56,112,,
confirmation,1543,523be1cd46ff0788ebc646b495da662e1d72fbccce19f7593dc763158e64c45d,0+1+2,0,13,16,35,,
confirmation,1544,0e3c3245279fee4ad54ffd8da0f0a66e24fb353905c3c637aa12a54b75117b66,0+1,8,35,76,129,,
confirmation,1545,0e3c3245279fee4ad54ffd8da0f0a66e24fb353905c3c637aa12a54b75117b66,0+2,0,9,22,44,,
confirmation,1546,0e3c3245279fee4ad54ffd8da0f0a66e24fb353905c3c637aa12a54b75117b66,1+2,0,33,63,120,,
confirmation,1547,0e3c3245279fee4ad54ffd8da0f0a66e24fb353905c3c637aa12a54b75117b66,0+1+2,0,6,18,36,,
confirmation,1548,18b2ea2604a2181bdc97de8bb45477eefca8e2f5b42af1611f431480d40ea1d5,0+1,0,10,19,19,,
confirmation,1549,18b2ea2604a2181bdc97de8bb45477eefca8e2f5b42af1611f431480d40ea1d5,0+2,0,2,11,11,,
confirmation,1550,18b2ea2604a2181bdc97de8bb45477eefca8e2f5b42af1611f431480d40ea1d5,1+2,0,11,24,24,,
confirmation,1551,18b2ea2604a2181bdc97de8bb45477eefca8e2f5b42af1611f431480d40ea1d5,0+1+2,0,2,11,11,,
confirmation,1552,3a3fbc7584c4d53a767766ddb76e4414dd52e79d848de2b4237e70b8ad79d975,0+1,0,39,67,121,,
confirmation,1553,3a3fbc7584c4d53a767766ddb76e4414dd52e79d848de2b4237e70b8ad79d975,0+2,0,14,22,43,,
confirmation,1554,3a3fbc7584c4d53a767766ddb76e4414dd52e79d848de2b4237e70b8ad79d975,1+2,8,35,67,124,,
confirmation,1555,3a3fbc7584c4d53a767766ddb76e4414dd52e79d848de2b4237e70b8ad79d975,0+1+2,0,13,18,36,,
confirmation,1556,d11e939c64974cad2df58aba7014f81674fb60c1d581722590b946bea701beb5,0+1,8,33,66,107,,
confirmation,1557,d11e939c64974cad2df58aba7014f81674fb60c1d581722590b946bea701beb5,0+2,5,14,28,48,,
confirmation,1558,d11e939c64974cad2df58aba7014f81674fb60c1d581722590b946bea701beb5,1+2,3,25,49,90,,
confirmation,1559,d11e939c64974cad2df58aba7014f81674fb60c1d581722590b946bea701beb5,0+1+2,3,9,22,38,,
confirmation,1560,d48200508ef12394963d04edc83133e38ce50d7a33818fb3a992b03df5259601,0+1,5,26,44,97,,
confirmation,1561,d48200508ef12394963d04edc83133e38ce50d7a33818fb3a992b03df5259601,0+2,8,15,27,48,,
confirmation,1562,d48200508ef12394963d04edc83133e38ce50d7a33818fb3a992b03df5259601,1+2,7,27,48,108,,
confirmation,1563,d48200508ef12394963d04edc83133e38ce50d7a33818fb3a992b03df5259601,0+1+2,5,12,21,38,,
confirmation,1564,cb1feca87e875a85966cf7725eaaa7a203c32a71ea5edca58326a488785bfa28,0+1,0,26,53,94,,
confirmation,1565,cb1feca87e875a85966cf7725eaaa7a203c32a71ea5edca58326a488785bfa28,0+2,0,15,25,39,,
confirmation,1566,cb1feca87e875a85966cf7725eaaa7a203c32a71ea5edca58326a488785bfa28,1+2,0,30,60,103,,
confirmation,1567,cb1feca87e875a85966cf7725eaaa7a203c32a71ea5edca58326a488785bfa28,0+1+2,0,12,19,30,,
confirmation,1568,ef52ac106f7025d1e74acbf209b110f583b0b9ad8c58875a096f0cda69d087f8,0+1,13,45,70,125,,
confirmation,1569,ef52ac106f7025d1e74acbf209b110f583b0b9ad8c58875a096f0cda69d087f8,0+2,3,16,24,44,,
confirmation,1570,ef52ac106f7025d1e74acbf209b110f583b0b9ad8c58875a096f0cda69d087f8,1+2,3,32,64,109,,
confirmation,1571,ef52ac106f7025d1e74acbf209b110f583b0b9ad8c58875a096f0cda69d087f8,0+1+2,3,15,20,37,,
confirmation,1572,144e8be3d46149afdc1230fe467a33105bafe5581f878b2b3e1e2ac9b2a8948f,0+1,2,34,57,98,,
confirmation,1573,144e8be3d46149afdc1230fe467a33105bafe5581f878b2b3e1e2ac9b2a8948f,0+2,0,15,28,47,,
confirmation,1574,144e8be3d46149afdc1230fe467a33105bafe5581f878b2b3e1e2ac9b2a8948f,1+2,0,30,61,104,,
confirmation,1575,144e8be3d46149afdc1230fe467a33105bafe5581f878b2b3e1e2ac9b2a8948f,0+1+2,0,13,19,35,,
confirmation,1576,b58dee25248430eb0ab68747a65842da9f9a3f971c6996c1fd99ef1354a2623e,0+1,8,26,51,109,,
confirmation,1577,b58dee25248430eb0ab68747a65842da9f9a3f971c6996c1fd99ef1354a2623e,0+2,0,5,19,44,,
confirmation,1578,b58dee25248430eb0ab68747a65842da9f9a3f971c6996c1fd99ef1354a2623e,1+2,3,25,48,110,,
confirmation,1579,b58dee25248430eb0ab68747a65842da9f9a3f971c6996c1fd99ef1354a2623e,0+1+2,0,4,18,37,,
confirmation,1580,7b7692c4769908213b8298926ed95177f607412b6f253881578caf0cacf31892,0+1,0,22,38,91,,
confirmation,1581,7b7692c4769908213b8298926ed95177f607412b6f253881578caf0cacf31892,0+2,0,11,20,39,,
confirmation,1582,7b7692c4769908213b8298926ed95177f607412b6f253881578caf0cacf31892,1+2,0,23,46,92,,
confirmation,1583,7b7692c4769908213b8298926ed95177f607412b6f253881578caf0cacf31892,0+1+2,0,11,17,35,,
confirmation,1584,b545dedf60f12738554f9ff0276ebd89dc3f897d250c691f29f652992f2b3a5a,0+1,8,19,36,75,,
confirmation,1585,b545dedf60f12738554f9ff0276ebd89dc3f897d250c691f29f652992f2b3a5a,0+2,1,12,13,34,,
confirmation,1586,b545dedf60f12738554f9ff0276ebd89dc3f897d250c691f29f652992f2b3a5a,1+2,5,18,29,76,,
confirmation,1587,b545dedf60f12738554f9ff0276ebd89dc3f897d250c691f29f652992f2b3a5a,0+1+2,1,12,13,32,,
confirmation,1588,5a43921988785fe89313e4110695843f545630f83a8bd194b1b512c95f7e51d1,0+1,0,30,53,107,,
confirmation,1589,5a43921988785fe89313e4110695843f545630f83a8bd194b1b512c95f7e51d1,0+2,0,10,22,47,,
confirmation,1590,5a43921988785fe89313e4110695843f545630f83a8bd194b1b512c95f7e51d1,1+2,0,24,47,110,,
confirmation,1591,5a43921988785fe89313e4110695843f545630f83a8bd194b1b512c95f7e51d1,0+1+2,0,10,19,38,,
confirmation,1592,65180bdfc32d2939ede06bf994b6231957ab95872d4053b4918842ee1da9579f,0+1,0,27,47,101,,
confirmation,1593,65180bdfc32d2939ede06bf994b6231957ab95872d4053b4918842ee1da9579f,0+2,0,6,19,40,,
confirmation,1594,65180bdfc32d2939ede06bf994b6231957ab95872d4053b4918842ee1da9579f,1+2,0,21,43,106,,
confirmation,1595,65180bdfc32d2939ede06bf994b6231957ab95872d4053b4918842ee1da9579f,0+1+2,0,6,16,34,,
confirmation,1596,1dc5d2efb879bf4288199e683a7e134ec0c0383e5deb6eacf68137ab9ff72b1f,0+1,0,12,36,75,,
confirmation,1597,1dc5d2efb879bf4288199e683a7e134ec0c0383e5deb6eacf68137ab9ff72b1f,0+2,0,0,12,31,,
confirmation,1598,1dc5d2efb879bf4288199e683a7e134ec0c0383e5deb6eacf68137ab9ff72b1f,1+2,6,17,30,58,,
confirmation,1599,1dc5d2efb879bf4288199e683a7e134ec0c0383e5deb6eacf68137ab9ff72b1f,0+1+2,0,0,12,29,,
confirmation,1600,7a616ba402d4079b7c7e375ab2e78474530f56a4c768048b900ccf00a5af6870,0+1,0,17,41,70,,
confirmation,1601,7a616ba402d4079b7c7e375ab2e78474530f56a4c768048b900ccf00a5af6870,0+2,0,6,21,33,,
confirmation,1602,7a616ba402d4079b7c7e375ab2e78474530f56a4c768048b900ccf00a5af6870,1+2,11,34,57,80,,
confirmation,1603,7a616ba402d4079b7c7e375ab2e78474530f56a4c768048b900ccf00a5af6870,0+1+2,0,6,20,32,,
confirmation,1604,15bfeb0b9c2d82c195ab09aef587be7b156c2da0bfad3dbeaac34e2f5811120e,0+1,4,26,57,104,,
confirmation,1605,15bfeb0b9c2d82c195ab09aef587be7b156c2da0bfad3dbeaac34e2f5811120e,0+2,0,10,21,36,,
confirmation,1606,15bfeb0b9c2d82c195ab09aef587be7b156c2da0bfad3dbeaac34e2f5811120e,1+2,0,28,60,102,,
confirmation,1607,15bfeb0b9c2d82c195ab09aef587be7b156c2da0bfad3dbeaac34e2f5811120e,0+1+2,0,7,18,29,,
confirmation,1608,7eafde9cc638e61fa3bdec3b24cebdb3a8a5ce7bd42ae3b1e011aa0737a5e8f4,0+1,0,33,59,107,,
confirmation,1609,7eafde9cc638e61fa3bdec3b24cebdb3a8a5ce7bd42ae3b1e011aa0737a5e8f4,0+2,0,10,23,37,,
confirmation,1610,7eafde9cc638e61fa3bdec3b24cebdb3a8a5ce7bd42ae3b1e011aa0737a5e8f4,1+2,8,40,70,121,,
confirmation,1611,7eafde9cc638e61fa3bdec3b24cebdb3a8a5ce7bd42ae3b1e011aa0737a5e8f4,0+1+2,0,7,18,30,,
confirmation,1612,6e349aed9188660b1f2bd5acbeca05534147d21977edbcc531926d3691f455ad,0+1,0,26,62,110,,
confirmation,1613,6e349aed9188660b1f2bd5acbeca05534147d21977edbcc531926d3691f455ad,0+2,0,7,20,38,,
confirmation,1614,6e349aed9188660b1f2bd5acbeca05534147d21977edbcc531926d3691f455ad,1+2,0,28,55,107,,
confirmation,1615,6e349aed9188660b1f2bd5acbeca05534147d21977edbcc531926d3691f455ad,0+1+2,0,4,16,29,,
confirmation,1616,f85e6554af3dbbb408aa3038383f8b19a8b9b108edcf217ae22c63e5a4988e98,0+1,6,33,70,121,,
confirmation,1617,f85e6554af3dbbb408aa3038383f8b19a8b9b108edcf217ae22c63e5a4988e98,0+2,6,14,27,45,,
confirmation,1618,f85e6554af3dbbb408aa3038383f8b19a8b9b108edcf217ae22c63e5a4988e98,1+2,3,36,64,120,,
confirmation,1619,f85e6554af3dbbb408aa3038383f8b19a8b9b108edcf217ae22c63e5a4988e98,0+1+2,3,9,21,35,,
confirmation,1620,3489995090eabd6fbd2bfc2568f5ba90793d04d59476be1818b0c1de67636423,0+1,0,21,50,114,,
confirmation,1621,3489995090eabd6fbd2bfc2568f5ba90793d04d59476be1818b0c1de67636423,0+2,0,12,22,44,,
confirmation,1622,3489995090eabd6fbd2bfc2568f5ba90793d04d59476be1818b0c1de67636423,1+2,6,33,64,124,,
confirmation,1623,3489995090eabd6fbd2bfc2568f5ba90793d04d59476be1818b0c1de67636423,0+1+2,0,8,16,35,,
confirmation,1624,6078e527358324b4197e21d54d3ac83a0b0e97f5483556b28653b4994591ff7d,0+1,0,12,21,42,,
confirmation,1625,6078e527358324b4197e21d54d3ac83a0b0e97f5483556b28653b4994591ff7d,0+2,0,2,9,22,,
confirmation,1626,6078e527358324b4197e21d54d3ac83a0b0e97f5483556b28653b4994591ff7d,1+2,0,2,12,35,,
confirmation,1627,6078e527358324b4197e21d54d3ac83a0b0e97f5483556b28653b4994591ff7d,0+1+2,0,2,8,21,,
confirmation,1628,882b7b70f8aabc6f9c2ad1e888756538b668c922aa97bf942fe4900130708a89,0+1,0,22,51,107,,
confirmation,1629,882b7b70f8aabc6f9c2ad1e888756538b668c922aa97bf942fe4900130708a89,0+2,0,6,19,45,,
confirmation,1630,882b7b70f8aabc6f9c2ad1e888756538b668c922aa97bf942fe4900130708a89,1+2,0,22,45,97,,
confirmation,1631,882b7b70f8aabc6f9c2ad1e888756538b668c922aa97bf942fe4900130708a89,0+1+2,0,3,15,33,,
confirmation,1632,b0ea2327d535cb7e96ea0f9d2c0f620605068433a9603302281800f1a68f0b47,0+1,0,32,56,117,,
confirmation,1633,b0ea2327d535cb7e96ea0f9d2c0f620605068433a9603302281800f1a68f0b47,0+2,0,14,21,48,,
confirmation,1634,b0ea2327d535cb7e96ea0f9d2c0f620605068433a9603302281800f1a68f0b47,1+2,6,30,62,126,,
confirmation,1635,b0ea2327d535cb7e96ea0f9d2c0f620605068433a9603302281800f1a68f0b47,0+1+2,0,14,20,41,,
confirmation,1636,0d3f20896da651ec79223dfedc8e18a31227a246a5217493af0ff035d609ed23,0+1,1,35,62,105,,
confirmation,1637,0d3f20896da651ec79223dfedc8e18a31227a246a5217493af0ff035d609ed23,0+2,0,13,26,47,,
confirmation,1638,0d3f20896da651ec79223dfedc8e18a31227a246a5217493af0ff035d609ed23,1+2,10,41,73,117,,
confirmation,1639,0d3f20896da651ec79223dfedc8e18a31227a246a5217493af0ff035d609ed23,0+1+2,0,12,20,38,,
confirmation,1640,7646faebba0cb02125a0247928376edfb0bc250bb89768b9a8dafd2e8dfb8587,0+1,0,28,53,109,,
confirmation,1641,7646faebba0cb02125a0247928376edfb0bc250bb89768b9a8dafd2e8dfb8587,0+2,0,13,26,52,,
confirmation,1642,7646faebba0cb02125a0247928376edfb0bc250bb89768b9a8dafd2e8dfb8587,1+2,0,22,46,92,,
confirmation,1643,7646faebba0cb02125a0247928376edfb0bc250bb89768b9a8dafd2e8dfb8587,0+1+2,0,11,18,37,,
confirmation,1644,ef8b146f470fdb91c591b07fc8329a2e6188803e4ba25e1137c267619b1fd133,0+1,14,49,76,118,,
confirmation,1645,ef8b146f470fdb91c591b07fc8329a2e6188803e4ba25e1137c267619b1fd133,0+2,13,27,40,60,,
confirmation,1646,ef8b146f470fdb91c591b07fc8329a2e6188803e4ba25e1137c267619b1fd133,1+2,13,47,80,127,,
confirmation,1647,ef8b146f470fdb91c591b07fc8329a2e6188803e4ba25e1137c267619b1fd133,0+1+2,13,27,34,54,,
confirmation,1648,cf34e1461d155fa36025ff585d8e1d5585a3452201fb52f2ef893f8952ed1f07,0+1,0,16,28,49,,
confirmation,1649,cf34e1461d155fa36025ff585d8e1d5585a3452201fb52f2ef893f8952ed1f07,0+2,0,10,10,21,,
confirmation,1650,cf34e1461d155fa36025ff585d8e1d5585a3452201fb52f2ef893f8952ed1f07,1+2,0,12,23,48,,
confirmation,1651,cf34e1461d155fa36025ff585d8e1d5585a3452201fb52f2ef893f8952ed1f07,0+1+2,0,6,6,17,,
confirmation,1652,680cef856ed51581d9ff540dd4bfdedc905e48901803b849dfae8f92c622e8c7,0+1,0,33,58,98,,
confirmation,1653,680cef856ed51581d9ff540dd4bfdedc905e48901803b849dfae8f92c622e8c7,0+2,0,14,29,48,,
confirmation,1654,680cef856ed51581d9ff540dd4bfdedc905e48901803b849dfae8f92c622e8c7,1+2,8,38,69,111,,
confirmation,1655,680cef856ed51581d9ff540dd4bfdedc905e48901803b849dfae8f92c622e8c7,0+1+2,0,13,21,36,,
confirmation,1656,b940949e9f493bfbddea1c22ff987ebad31cf16b443c336e9bb235f6dcc3dc72,0+1,2,28,62,119,,
confirmation,1657,b940949e9f493bfbddea1c22ff987ebad31cf16b443c336e9bb235f6dcc3dc72,0+2,1,11,24,43,,
confirmation,1658,b940949e9f493bfbddea1c22ff987ebad31cf16b443c336e9bb235f6dcc3dc72,1+2,11,31,54,113,,
confirmation,1659,b940949e9f493bfbddea1c22ff987ebad31cf16b443c336e9bb235f6dcc3dc72,0+1+2,1,6,19,37,,
confirmation,1660,88b279b70532666be7b0eecda756bd400fa910d8064a18b3d87a6bb6d70a935e,0+1,8,26,46,102,,
confirmation,1661,88b279b70532666be7b0eecda756bd400fa910d8064a18b3d87a6bb6d70a935e,0+2,10,22,32,54,,
confirmation,1662,88b279b70532666be7b0eecda756bd400fa910d8064a18b3d87a6bb6d70a935e,1+2,9,32,57,106,,
confirmation,1663,88b279b70532666be7b0eecda756bd400fa910d8064a18b3d87a6bb6d70a935e,0+1+2,8,17,27,45,,
confirmation,1664,42c8cd98d06af368fd4e5dbe43385bea4223176886e1e3f102f7eb6277b5f5ac,0+1,0,22,46,110,,
confirmation,1665,42c8cd98d06af368fd4e5dbe43385bea4223176886e1e3f102f7eb6277b5f5ac,0+2,0,12,19,46,,
confirmation,1666,42c8cd98d06af368fd4e5dbe43385bea4223176886e1e3f102f7eb6277b5f5ac,1+2,7,32,59,120,,
confirmation,1667,42c8cd98d06af368fd4e5dbe43385bea4223176886e1e3f102f7eb6277b5f5ac,0+1+2,0,10,15,35,,
confirmation,1668,75f4fcc70aa0f64bf4624d9855d524a39acc2e37e1f18c09360c1c3657acd124,0+1,0,11,20,40,,
confirmation,1669,75f4fcc70aa0f64bf4624d9855d524a39acc2e37e1f18c09360c1c3657acd124,0+2,0,3,11,24,,
confirmation,1670,75f4fcc70aa0f64bf4624d9855d524a39acc2e37e1f18c09360c1c3657acd124,1+2,0,11,23,47,,
confirmation,1671,75f4fcc70aa0f64bf4624d9855d524a39acc2e37e1f18c09360c1c3657acd124,0+1+2,0,3,11,24,,
confirmation,1672,3018d5e9b3ed572276cdcb2add8e908dffdcb016aa548fdcbe07343662514c7d,0+1,0,25,62,111,,
confirmation,1673,3018d5e9b3ed572276cdcb2add8e908dffdcb016aa548fdcbe07343662514c7d,0+2,0,7,21,40,,
confirmation,1674,3018d5e9b3ed572276cdcb2add8e908dffdcb016aa548fdcbe07343662514c7d,1+2,3,34,62,114,,
confirmation,1675,3018d5e9b3ed572276cdcb2add8e908dffdcb016aa548fdcbe07343662514c7d,0+1+2,0,5,18,32,,
confirmation,1676,93132af081599702db6cb70a02494277486cd7b89ab354f36cb86af655cb94cd,0+1,0,19,29,65,,
confirmation,1677,93132af081599702db6cb70a02494277486cd7b89ab354f36cb86af655cb94cd,0+2,0,4,13,35,,
confirmation,1678,93132af081599702db6cb70a02494277486cd7b89ab354f36cb86af655cb94cd,1+2,0,12,25,71,,
confirmation,1679,93132af081599702db6cb70a02494277486cd7b89ab354f36cb86af655cb94cd,0+1+2,0,4,13,32,,
confirmation,1680,4a6ecc85e728e4b030da1314bb8e029e601e7ace2c8e9b12c083a8f675442d1c,0+1,0,30,62,109,,
confirmation,1681,4a6ecc85e728e4b030da1314bb8e029e601e7ace2c8e9b12c083a8f675442d1c,0+2,0,14,25,44,,
confirmation,1682,4a6ecc85e728e4b030da1314bb8e029e601e7ace2c8e9b12c083a8f675442d1c,1+2,9,39,68,122,,
confirmation,1683,4a6ecc85e728e4b030da1314bb8e029e601e7ace2c8e9b12c083a8f675442d1c,0+1+2,0,11,18,32,,
confirmation,1684,f452b275fd8dbd39c702da968febc0823074d4e908bcbb2d351075b95afcd101,0+1,0,25,43,95,,
confirmation,1685,f452b275fd8dbd39c702da968febc0823074d4e908bcbb2d351075b95afcd101,0+2,0,4,18,43,,
confirmation,1686,f452b275fd8dbd39c702da968febc0823074d4e908bcbb2d351075b95afcd101,1+2,10,30,52,111,,
confirmation,1687,f452b275fd8dbd39c702da968febc0823074d4e908bcbb2d351075b95afcd101,0+1+2,0,3,14,34,,
confirmation,1688,aba6d199bb1fef1e102517089916ed963ea9a29ef815291f0d483e4125c8e5f0,0+1,0,22,54,125,,
confirmation,1689,aba6d199bb1fef1e102517089916ed963ea9a29ef815291f0d483e4125c8e5f0,0+2,0,6,19,47,,
confirmation,1690,aba6d199bb1fef1e102517089916ed963ea9a29ef815291f0d483e4125c8e5f0,1+2,0,28,57,117,,
confirmation,1691,aba6d199bb1fef1e102517089916ed963ea9a29ef815291f0d483e4125c8e5f0,0+1+2,0,4,17,39,,
confirmation,1692,ce789172e3bbb2e9e820ff1b8d00885b5d02ec63469994333cb094da6a2030bb,0+1,7,32,59,109,,
confirmation,1693,ce789172e3bbb2e9e820ff1b8d00885b5d02ec63469994333cb094da6a2030bb,0+2,10,22,32,52,,
confirmation,1694,ce789172e3bbb2e9e820ff1b8d00885b5d02ec63469994333cb094da6a2030bb,1+2,8,39,68,112,,
confirmation,1695,ce789172e3bbb2e9e820ff1b8d00885b5d02ec63469994333cb094da6a2030bb,0+1+2,7,17,25,40,,
confirmation,1696,8816ba5c896e140700c8cb4b9aaa6e4b96321f6b76fa581e48f2bc28137d3f05,0+1,0,26,48,104,,
confirmation,1697,8816ba5c896e140700c8cb4b9aaa6e4b96321f6b76fa581e48f2bc28137d3f05,0+2,0,12,19,40,,
confirmation,1698,8816ba5c896e140700c8cb4b9aaa6e4b96321f6b76fa581e48f2bc28137d3f05,1+2,0,21,41,101,,
confirmation,1699,8816ba5c896e140700c8cb4b9aaa6e4b96321f6b76fa581e48f2bc28137d3f05,0+1+2,0,8,15,34,,
confirmation,1700,d8d7cc0f376d2e3b2448c2c2b956e4bee1b56a0bd5e35b733e1df33b6a2d0dcb,0+1,6,16,25,62,,
confirmation,1701,d8d7cc0f376d2e3b2448c2c2b956e4bee1b56a0bd5e35b733e1df33b6a2d0dcb,0+2,5,9,17,39,,
confirmation,1702,d8d7cc0f376d2e3b2448c2c2b956e4bee1b56a0bd5e35b733e1df33b6a2d0dcb,1+2,12,23,36,82,,
confirmation,1703,d8d7cc0f376d2e3b2448c2c2b956e4bee1b56a0bd5e35b733e1df33b6a2d0dcb,0+1+2,5,9,17,36,,
confirmation,1704,936a53c64ec5e74257087f1967d6fa482b2e007b7b36b2f5f0253d687dc2cb7d,0+1,8,26,51,106,,
confirmation,1705,936a53c64ec5e74257087f1967d6fa482b2e007b7b36b2f5f0253d687dc2cb7d,0+2,7,13,27,45,,
confirmation,1706,936a53c64ec5e74257087f1967d6fa482b2e007b7b36b2f5f0253d687dc2cb7d,1+2,12,35,59,100,,
confirmation,1707,936a53c64ec5e74257087f1967d6fa482b2e007b7b36b2f5f0253d687dc2cb7d,0+1+2,7,13,27,42,,
confirmation,1708,1e180028c092c9922b882be00c3f8bcab41e4528c8c238b246b00093b0ea519f,0+1,2,30,51,105,,
confirmation,1709,1e180028c092c9922b882be00c3f8bcab41e4528c8c238b246b00093b0ea519f,0+2,0,14,22,48,,
confirmation,1710,1e180028c092c9922b882be00c3f8bcab41e4528c8c238b246b00093b0ea519f,1+2,1,24,49,101,,
confirmation,1711,1e180028c092c9922b882be00c3f8bcab41e4528c8c238b246b00093b0ea519f,0+1+2,0,11,19,38,,
confirmation,1712,2d49089a8681fed4f7538007826a53fad620cda89353547cf2d9f9565c1636ae,0+1,13,35,53,110,,
confirmation,1713,2d49089a8681fed4f7538007826a53fad620cda89353547cf2d9f9565c1636ae,0+2,12,23,31,57,,
confirmation,1714,2d49089a8681fed4f7538007826a53fad620cda89353547cf2d9f9565c1636ae,1+2,12,36,58,122,,
confirmation,1715,2d49089a8681fed4f7538007826a53fad620cda89353547cf2d9f9565c1636ae,0+1+2,12,23,29,49,,
confirmation,1716,21553f23930b12b4c2f2749aa429cd3a249a9f02732aff15d2b6eb1c0379a980,0+1,10,34,58,114,,
confirmation,1717,21553f23930b12b4c2f2749aa429cd3a249a9f02732aff15d2b6eb1c0379a980,0+2,2,14,21,44,,
confirmation,1718,21553f23930b12b4c2f2749aa429cd3a249a9f02732aff15d2b6eb1c0379a980,1+2,4,27,50,111,,
confirmation,1719,21553f23930b12b4c2f2749aa429cd3a249a9f02732aff15d2b6eb1c0379a980,0+1+2,2,14,18,36,,
confirmation,1720,89fc1604eeb405524bce3c47459ccbf6444eb014db55bfb434c2e6f1335422ab,0+1,1,20,41,92,,
confirmation,1721,89fc1604eeb405524bce3c47459ccbf6444eb014db55bfb434c2e6f1335422ab,0+2,0,13,16,40,,
confirmation,1722,89fc1604eeb405524bce3c47459ccbf6444eb014db55bfb434c2e6f1335422ab,1+2,11,34,54,115,,
confirmation,1723,89fc1604eeb405524bce3c47459ccbf6444eb014db55bfb434c2e6f1335422ab,0+1+2,0,11,12,30,,
confirmation,1724,31ad939d664a4afd56435cba4ab6dd0e9d4d433c368ec1db705252c846293660,0+1,0,22,40,77,,
confirmation,1725,31ad939d664a4afd56435cba4ab6dd0e9d4d433c368ec1db705252c846293660,0+2,0,14,20,37,,
confirmation,1726,31ad939d664a4afd56435cba4ab6dd0e9d4d433c368ec1db705252c846293660,1+2,0,23,47,79,,
confirmation,1727,31ad939d664a4afd56435cba4ab6dd0e9d4d433c368ec1db705252c846293660,0+1+2,0,13,19,32,,
confirmation,1728,a1aa8c2a655674ef5143dbaa5ff78165a46bd549861907f43139d6259804c723,0+1,1,24,40,96,,
confirmation,1729,a1aa8c2a655674ef5143dbaa5ff78165a46bd549861907f43139d6259804c723,0+2,0,10,21,42,,
confirmation,1730,a1aa8c2a655674ef5143dbaa5ff78165a46bd549861907f43139d6259804c723,1+2,0,20,40,83,,
confirmation,1731,a1aa8c2a655674ef5143dbaa5ff78165a46bd549861907f43139d6259804c723,0+1+2,0,10,16,34,,
confirmation,1732,32545217733917272ef203975e05ca6b9dc542a72737fc67a49cfd41f6eebef6,0+1,0,9,22,45,,
confirmation,1733,32545217733917272ef203975e05ca6b9dc542a72737fc67a49cfd41f6eebef6,0+2,0,3,12,24,,
confirmation,1734,32545217733917272ef203975e05ca6b9dc542a72737fc67a49cfd41f6eebef6,1+2,0,11,23,46,,
confirmation,1735,32545217733917272ef203975e05ca6b9dc542a72737fc67a49cfd41f6eebef6,0+1+2,0,3,12,24,,
confirmation,1736,08ed80e0c1311118fad1bd27fabcaa70a3aacd359d138fa14ccd33afa8f32ad0,0+1,11,33,65,132,,
confirmation,1737,08ed80e0c1311118fad1bd27fabcaa70a3aacd359d138fa14ccd33afa8f32ad0,0+2,0,5,19,45,,
confirmation,1738,08ed80e0c1311118fad1bd27fabcaa70a3aacd359d138fa14ccd33afa8f32ad0,1+2,0,25,55,113,,
confirmation,1739,08ed80e0c1311118fad1bd27fabcaa70a3aacd359d138fa14ccd33afa8f32ad0,0+1+2,0,2,16,35,,
confirmation,1740,01096b5c93653c8e290e6473ce321c9c57b6e3ada3e69c636f07c377cc97c189,0+1,0,32,57,112,,
confirmation,1741,01096b5c93653c8e290e6473ce321c9c57b6e3ada3e69c636f07c377cc97c189,0+2,0,13,17,38,,
confirmation,1742,01096b5c93653c8e290e6473ce321c9c57b6e3ada3e69c636f07c377cc97c189,1+2,6,36,58,115,,
confirmation,1743,01096b5c93653c8e290e6473ce321c9c57b6e3ada3e69c636f07c377cc97c189,0+1+2,0,12,12,28,,
confirmation,1744,5d3936128a446a733fe0ae538cb5bf7db9e6ef6202f6791dfa0e2f63aa62bc46,0+1,0,29,52,116,,
confirmation,1745,5d3936128a446a733fe0ae538cb5bf7db9e6ef6202f6791dfa0e2f63aa62bc46,0+2,0,13,18,43,,
confirmation,1746,5d3936128a446a733fe0ae538cb5bf7db9e6ef6202f6791dfa0e2f63aa62bc46,1+2,4,31,58,117,,
confirmation,1747,5d3936128a446a733fe0ae538cb5bf7db9e6ef6202f6791dfa0e2f63aa62bc46,0+1+2,0,12,14,32,,
confirmation,1748,0268d162ddf41e8e53c326e0c0772173cc796d204d7bd4dc7677a5aee718a024,0+1,0,19,38,57,,
confirmation,1749,0268d162ddf41e8e53c326e0c0772173cc796d204d7bd4dc7677a5aee718a024,0+2,0,11,21,33,,
confirmation,1750,0268d162ddf41e8e53c326e0c0772173cc796d204d7bd4dc7677a5aee718a024,1+2,0,22,44,66,,
confirmation,1751,0268d162ddf41e8e53c326e0c0772173cc796d204d7bd4dc7677a5aee718a024,0+1+2,0,9,18,30,,
confirmation,1752,03707bea2ee7da4a636082b1b6a75475b5f3567ded9fe39e3f765003942e6eb1,0+1,0,33,58,107,,
confirmation,1753,03707bea2ee7da4a636082b1b6a75475b5f3567ded9fe39e3f765003942e6eb1,0+2,0,11,14,36,,
confirmation,1754,03707bea2ee7da4a636082b1b6a75475b5f3567ded9fe39e3f765003942e6eb1,1+2,0,23,44,103,,
confirmation,1755,03707bea2ee7da4a636082b1b6a75475b5f3567ded9fe39e3f765003942e6eb1,0+1+2,0,11,12,28,,
confirmation,1756,fac765cdd3f2fb0651d28cd53a6c5f889556c62c813701c4932c484806f727be,0+1,0,25,48,102,,
confirmation,1757,fac765cdd3f2fb0651d28cd53a6c5f889556c62c813701c4932c484806f727be,0+2,0,13,18,43,,
confirmation,1758,fac765cdd3f2fb0651d28cd53a6c5f889556c62c813701c4932c484806f727be,1+2,12,39,67,128,,
confirmation,1759,fac765cdd3f2fb0651d28cd53a6c5f889556c62c813701c4932c484806f727be,0+1+2,0,11,14,32,,
confirmation,1760,bc2cc56794e38ef2a948f4c3b344841a11efd673f7d7193a2d90063bca9a5f9e,0+1,4,27,54,110,,
confirmation,1761,bc2cc56794e38ef2a948f4c3b344841a11efd673f7d7193a2d90063bca9a5f9e,0+2,4,9,21,46,,
confirmation,1762,bc2cc56794e38ef2a948f4c3b344841a11efd673f7d7193a2d90063bca9a5f9e,1+2,12,35,56,118,,
confirmation,1763,bc2cc56794e38ef2a948f4c3b344841a11efd673f7d7193a2d90063bca9a5f9e,0+1+2,4,8,19,38,,
confirmation,1764,baf6dc0160e8a7918579fe4d6a149869e79328103fdd38457010d82594d8f316,0+1,0,32,56,115,,
confirmation,1765,baf6dc0160e8a7918579fe4d6a149869e79328103fdd38457010d82594d8f316,0+2,0,13,24,50,,
confirmation,1766,baf6dc0160e8a7918579fe4d6a149869e79328103fdd38457010d82594d8f316,1+2,0,22,46,98,,
confirmation,1767,baf6dc0160e8a7918579fe4d6a149869e79328103fdd38457010d82594d8f316,0+1+2,0,12,19,38,,
confirmation,1768,c64fbb9604e4323c4d6d3c740615be2b1405e047cb9dc3b9b44a8a083ec1d6e3,0+1,0,23,59,117,,
confirmation,1769,c64fbb9604e4323c4d6d3c740615be2b1405e047cb9dc3b9b44a8a083ec1d6e3,0+2,0,6,20,43,,
confirmation,1770,c64fbb9604e4323c4d6d3c740615be2b1405e047cb9dc3b9b44a8a083ec1d6e3,1+2,0,23,47,93,,
confirmation,1771,c64fbb9604e4323c4d6d3c740615be2b1405e047cb9dc3b9b44a8a083ec1d6e3,0+1+2,0,3,17,36,,
confirmation,1772,cdddd47f1e7a17af72db0d21aad58ddd1e3191a3d1dce50047c383169938c146,0+1,10,31,53,109,,
confirmation,1773,cdddd47f1e7a17af72db0d21aad58ddd1e3191a3d1dce50047c383169938c146,0+2,7,14,28,52,,
confirmation,1774,cdddd47f1e7a17af72db0d21aad58ddd1e3191a3d1dce50047c383169938c146,1+2,9,34,57,118,,
confirmation,1775,cdddd47f1e7a17af72db0d21aad58ddd1e3191a3d1dce50047c383169938c146,0+1+2,7,14,26,43,,
confirmation,1776,8f9048fe61ff933d192d71621dbbbb43db6df7833c167f708e6120376d6bdc7a,0+1,3,20,43,82,,
confirmation,1777,8f9048fe61ff933d192d71621dbbbb43db6df7833c167f708e6120376d6bdc7a,0+2,0,7,20,40,,
confirmation,1778,8f9048fe61ff933d192d71621dbbbb43db6df7833c167f708e6120376d6bdc7a,1+2,6,27,50,93,,
confirmation,1779,8f9048fe61ff933d192d71621dbbbb43db6df7833c167f708e6120376d6bdc7a,0+1+2,0,5,17,34,,
confirmation,1780,08edc686398af29eee0343954e3e81515052308cf04045d2a4bec34104bc3927,0+1,13,32,52,97,,
confirmation,1781,08edc686398af29eee0343954e3e81515052308cf04045d2a4bec34104bc3927,0+2,6,15,26,44,,
confirmation,1782,08edc686398af29eee0343954e3e81515052308cf04045d2a4bec34104bc3927,1+2,6,30,52,93,,
confirmation,1783,08edc686398af29eee0343954e3e81515052308cf04045d2a4bec34104bc3927,0+1+2,6,14,24,39,,
confirmation,1784,dcf0c9df0de0105f7c183c819cadf20bda4aa1bbcdb4f23b45fd5083f99ba045,0+1,10,30,58,110,,
confirmation,1785,dcf0c9df0de0105f7c183c819cadf20bda4aa1bbcdb4f23b45fd5083f99ba045,0+2,10,15,26,51,,
confirmation,1786,dcf0c9df0de0105f7c183c819cadf20bda4aa1bbcdb4f23b45fd5083f99ba045,1+2,8,28,51,110,,
confirmation,1787,dcf0c9df0de0105f7c183c819cadf20bda4aa1bbcdb4f23b45fd5083f99ba045,0+1+2,8,11,21,40,,
confirmation,1788,fa8decdb72fecf4305f885545a0aa8ae1bdc7e0627fb34f721bcd8bddabc4f3f,0+1,0,34,58,127,,
confirmation,1789,fa8decdb72fecf4305f885545a0aa8ae1bdc7e0627fb34f721bcd8bddabc4f3f,0+2,0,13,20,44,,
confirmation,1790,fa8decdb72fecf4305f885545a0aa8ae1bdc7e0627fb34f721bcd8bddabc4f3f,1+2,9,37,67,112,,
confirmation,1791,fa8decdb72fecf4305f885545a0aa8ae1bdc7e0627fb34f721bcd8bddabc4f3f,0+1+2,0,12,17,36,,
confirmation,1792,30fa076f2e76de029a149cdf35faf1db1b5361ccae27c4a6111f0e44ad883010,0+1,0,24,42,89,,
confirmation,1793,30fa076f2e76de029a149cdf35faf1db1b5361ccae27c4a6111f0e44ad883010,0+2,0,13,20,37,,
confirmation,1794,30fa076f2e76de029a149cdf35faf1db1b5361ccae27c4a6111f0e44ad883010,1+2,0,22,45,70,,
confirmation,1795,30fa076f2e76de029a149cdf35faf1db1b5361ccae27c4a6111f0e44ad883010,0+1+2,0,12,17,30,,
confirmation,1796,0c362ec2fc3b5e99a81f2de4f53e0be4af70ef6192cbac664dd4b9b36525427e,0+1,3,20,44,87,,
confirmation,1797,0c362ec2fc3b5e99a81f2de4f53e0be4af70ef6192cbac664dd4b9b36525427e,0+2,0,6,20,41,,
confirmation,1798,0c362ec2fc3b5e99a81f2de4f53e0be4af70ef6192cbac664dd4b9b36525427e,1+2,0,23,42,87,,
confirmation,1799,0c362ec2fc3b5e99a81f2de4f53e0be4af70ef6192cbac664dd4b9b36525427e,0+1+2,0,6,19,36,,
confirmation,1800,9a1aed178de3fb093125ceebe3032b9e2075e5438fb9a997420026bc937deca0,0+1,0,33,56,102,,
confirmation,1801,9a1aed178de3fb093125ceebe3032b9e2075e5438fb9a997420026bc937deca0,0+2,1,15,21,38,,
confirmation,1802,9a1aed178de3fb093125ceebe3032b9e2075e5438fb9a997420026bc937deca0,1+2,9,32,54,94,,
confirmation,1803,9a1aed178de3fb093125ceebe3032b9e2075e5438fb9a997420026bc937deca0,0+1+2,0,13,17,29,,
confirmation,1804,aa0861f0c378a2c22b89993d51d924703d5a885bb39756f82c60050633360852,0+1,9,33,59,102,,
confirmation,1805,aa0861f0c378a2c22b89993d51d924703d5a885bb39756f82c60050633360852,0+2,0,13,24,39,,
confirmation,1806,aa0861f0c378a2c22b89993d51d924703d5a885bb39756f82c60050633360852,1+2,0,29,60,102,,
confirmation,1807,aa0861f0c378a2c22b89993d51d924703d5a885bb39756f82c60050633360852,0+1+2,0,11,19,31,,
confirmation,1808,62fcd06ebb3fa6d36b8d7f15bba0f395db83f16251d4ff3ffbcbbd985548bfe6,0+1,10,37,59,123,,
confirmation,1809,62fcd06ebb3fa6d36b8d7f15bba0f395db83f16251d4ff3ffbcbbd985548bfe6,0+2,0,12,16,39,,
confirmation,1810,62fcd06ebb3fa6d36b8d7f15bba0f395db83f16251d4ff3ffbcbbd985548bfe6,1+2,0,29,53,113,,
confirmation,1811,62fcd06ebb3fa6d36b8d7f15bba0f395db83f16251d4ff3ffbcbbd985548bfe6,0+1+2,0,12,12,30,,
confirmation,1812,0c3a6855b122e6fff4717927a38f8ddb69e6eff6fb9e164b733391b2bd1da6c2,0+1,6,31,63,112,,
confirmation,1813,0c3a6855b122e6fff4717927a38f8ddb69e6eff6fb9e164b733391b2bd1da6c2,0+2,0,7,20,38,,
confirmation,1814,0c3a6855b122e6fff4717927a38f8ddb69e6eff6fb9e164b733391b2bd1da6c2,1+2,0,29,56,103,,
confirmation,1815,0c3a6855b122e6fff4717927a38f8ddb69e6eff6fb9e164b733391b2bd1da6c2,0+1+2,0,4,16,29,,
confirmation,1816,319798f34ecf1be7f45416851cf5de21acd022e4701031db817c4710b741c029,0+1,5,31,56,109,,
confirmation,1817,319798f34ecf1be7f45416851cf5de21acd022e4701031db817c4710b741c029,0+2,0,7,18,40,,
confirmation,1818,319798f34ecf1be7f45416851cf5de21acd022e4701031db817c4710b741c029,1+2,0,21,41,99,,
confirmation,1819,319798f34ecf1be7f45416851cf5de21acd022e4701031db817c4710b741c029,0+1+2,0,2,12,29,,
confirmation,1820,77da199eff19e50002b7681bf48260725a87340d68461f9db3f6d884a13e8d75,0+1,4,26,53,103,,
confirmation,1821,77da199eff19e50002b7681bf48260725a87340d68461f9db3f6d884a13e8d75,0+2,0,12,15,40,,
confirmation,1822,77da199eff19e50002b7681bf48260725a87340d68461f9db3f6d884a13e8d75,1+2,0,23,43,103,,
confirmation,1823,77da199eff19e50002b7681bf48260725a87340d68461f9db3f6d884a13e8d75,0+1+2,0,10,12,31,,
confirmation,1824,d7bc654184b5ea2425c407ce8ede6a838e766aef621c65ac99550b3872355a32,0+1,12,33,63,120,,
confirmation,1825,d7bc654184b5ea2425c407ce8ede6a838e766aef621c65ac99550b3872355a32,0+2,4,9,22,46,,
confirmation,1826,d7bc654184b5ea2425c407ce8ede6a838e766aef621c65ac99550b3872355a32,1+2,4,26,50,113,,
confirmation,1827,d7bc654184b5ea2425c407ce8ede6a838e766aef621c65ac99550b3872355a32,0+1+2,4,6,19,39,,
confirmation,1828,f9f4ccb5b82688fa73acba9ad1ccf579b330eaecafc73e72f6745717df518e00,0+1,0,28,51,92,,
confirmation,1829,f9f4ccb5b82688fa73acba9ad1ccf579b330eaecafc73e72f6745717df518e00,0+2,0,14,23,39,,
confirmation,1830,f9f4ccb5b82688fa73acba9ad1ccf579b330eaecafc73e72f6745717df518e00,1+2,0,28,60,103,,
confirmation,1831,f9f4ccb5b82688fa73acba9ad1ccf579b330eaecafc73e72f6745717df518e00,0+1+2,0,12,17,29,,
confirmation,1832,65ec3b3e33c39a60f3ab9d6486cad4ac34ed6c6161a76b109d1724eb28ce1978,0+1,3,21,45,101,,
confirmation,1833,65ec3b3e33c39a60f3ab9d6486cad4ac34ed6c6161a76b109d1724eb28ce1978,0+2,0,5,20,46,,
confirmation,1834,65ec3b3e33c39a60f3ab9d6486cad4ac34ed6c6161a76b109d1724eb28ce1978,1+2,0,20,41,104,,
confirmation,1835,65ec3b3e33c39a60f3ab9d6486cad4ac34ed6c6161a76b109d1724eb28ce1978,0+1+2,0,3,17,35,,
confirmation,1836,667aba3f6f5c53cb12cbea159dc8e9644aadd970d451db195fdcfdbe329bd8b9,0+1,0,17,38,92,,
confirmation,1837,667aba3f6f5c53cb12cbea159dc8e9644aadd970d451db195fdcfdbe329bd8b9,0+2,0,7,21,46,,
confirmation,1838,667aba3f6f5c53cb12cbea159dc8e9644aadd970d451db195fdcfdbe329bd8b9,1+2,0,24,45,99,,
confirmation,1839,667aba3f6f5c53cb12cbea159dc8e9644aadd970d451db195fdcfdbe329bd8b9,0+1+2,0,7,19,38,,
confirmation,1840,14fde2ce4292307477dc811f3e284ae0d2282b6eab544adc963cdfdd7a56061e,0+1,0,12,21,63,,
confirmation,1841,14fde2ce4292307477dc811f3e284ae0d2282b6eab544adc963cdfdd7a56061e,0+2,0,11,11,30,,
confirmation,1842,14fde2ce4292307477dc811f3e284ae0d2282b6eab544adc963cdfdd7a56061e,1+2,0,10,21,64,,
confirmation,1843,14fde2ce4292307477dc811f3e284ae0d2282b6eab544adc963cdfdd7a56061e,0+1+2,0,10,10,27,,
confirmation,1844,d58263cf296d84599acb8397cb639e7da6e6fbfe2c07fced165b436efaaabc10,0+1,0,23,40,94,,
confirmation,1845,d58263cf296d84599acb8397cb639e7da6e6fbfe2c07fced165b436efaaabc10,0+2,0,10,20,41,,
confirmation,1846,d58263cf296d84599acb8397cb639e7da6e6fbfe2c07fced165b436efaaabc10,1+2,0,20,39,83,,
confirmation,1847,d58263cf296d84599acb8397cb639e7da6e6fbfe2c07fced165b436efaaabc10,0+1+2,0,10,15,32,,
confirmation,1848,4b2b68c51c0ba5b61fbff3b5a3b53f7f986285e41ca6ef630f2d51d5f2d9d4de,0+1,0,22,52,109,,
confirmation,1849,4b2b68c51c0ba5b61fbff3b5a3b53f7f986285e41ca6ef630f2d51d5f2d9d4de,0+2,0,5,19,44,,
confirmation,1850,4b2b68c51c0ba5b61fbff3b5a3b53f7f986285e41ca6ef630f2d51d5f2d9d4de,1+2,0,22,46,107,,
confirmation,1851,4b2b68c51c0ba5b61fbff3b5a3b53f7f986285e41ca6ef630f2d51d5f2d9d4de,0+1+2,0,2,16,35,,
confirmation,1852,ae9b8de821fd90d6b62d2617a6f1d688481c378510281ddfcc24070081255346,0+1,0,29,53,102,,
confirmation,1853,ae9b8de821fd90d6b62d2617a6f1d688481c378510281ddfcc24070081255346,0+2,0,15,25,41,,
confirmation,1854,ae9b8de821fd90d6b62d2617a6f1d688481c378510281ddfcc24070081255346,1+2,0,29,60,104,,
confirmation,1855,ae9b8de821fd90d6b62d2617a6f1d688481c378510281ddfcc24070081255346,0+1+2,0,13,18,31,,
confirmation,1856,4c8d331350d60ac7c514869fb546ef7eeecdcd37b5cf3020b80eafd414666df4,0+1,0,10,19,39,,
confirmation,1857,4c8d331350d60ac7c514869fb546ef7eeecdcd37b5cf3020b80eafd414666df4,0+2,0,5,12,24,,
confirmation,1858,4c8d331350d60ac7c514869fb546ef7eeecdcd37b5cf3020b80eafd414666df4,1+2,0,11,23,48,,
confirmation,1859,4c8d331350d60ac7c514869fb546ef7eeecdcd37b5cf3020b80eafd414666df4,0+1+2,0,5,12,23,,
confirmation,1860,cf73652acbc269c3e4de0c8599e5cdb64d7f291eded489707829cfee92187cb1,0+1,9,31,55,92,,
confirmation,1861,cf73652acbc269c3e4de0c8599e5cdb64d7f291eded489707829cfee92187cb1,0+2,1,7,17,36,,
confirmation,1862,cf73652acbc269c3e4de0c8599e5cdb64d7f291eded489707829cfee92187cb1,1+2,0,12,24,69,,
confirmation,1863,cf73652acbc269c3e4de0c8599e5cdb64d7f291eded489707829cfee92187cb1,0+1+2,0,6,12,28,,
confirmation,1864,6d6e0c68ef16b53b941ec42a1d347edace7b881a51d845dacd60a2ac0a4b4940,0+1,0,28,55,104,,
confirmation,1865,6d6e0c68ef16b53b941ec42a1d347edace7b881a51d845dacd60a2ac0a4b4940,0+2,0,14,20,37,,
confirmation,1866,6d6e0c68ef16b53b941ec42a1d347edace7b881a51d845dacd60a2ac0a4b4940,1+2,9,38,66,115,,
confirmation,1867,6d6e0c68ef16b53b941ec42a1d347edace7b881a51d845dacd60a2ac0a4b4940,0+1+2,0,12,15,26,,
confirmation,1868,ddd704f3c26d6ea3c993e6742bd91813b8dfb30d2fba53db1214c2f49567de9d,0+1,0,10,19,55,,
confirmation,1869,ddd704f3c26d6ea3c993e6742bd91813b8dfb30d2fba53db1214c2f49567de9d,0+2,0,8,13,34,,
confirmation,1870,ddd704f3c26d6ea3c993e6742bd91813b8dfb30d2fba53db1214c2f49567de9d,1+2,0,11,23,59,,
confirmation,1871,ddd704f3c26d6ea3c993e6742bd91813b8dfb30d2fba53db1214c2f49567de9d,0+1+2,0,8,13,31,,
confirmation,1872,1801908c06fe364e09086542fe4634c9fa81e7390745b7b122becd1541a4e60e,0+1,0,20,52,119,,
confirmation,1873,1801908c06fe364e09086542fe4634c9fa81e7390745b7b122becd1541a4e60e,0+2,0,10,21,41,,
confirmation,1874,1801908c06fe364e09086542fe4634c9fa81e7390745b7b122becd1541a4e60e,1+2,4,31,62,122,,
confirmation,1875,1801908c06fe364e09086542fe4634c9fa81e7390745b7b122becd1541a4e60e,0+1+2,0,6,17,34,,
confirmation,1876,214a6f5ed9e4f5589e4acc3f880b8981acebf44114d44ea4d2103a97cc8a58ee,0+1,11,49,75,126,,
confirmation,1877,214a6f5ed9e4f5589e4acc3f880b8981acebf44114d44ea4d2103a97cc8a58ee,0+2,0,11,21,41,,
confirmation,1878,214a6f5ed9e4f5589e4acc3f880b8981acebf44114d44ea4d2103a97cc8a58ee,1+2,0,31,61,112,,
confirmation,1879,214a6f5ed9e4f5589e4acc3f880b8981acebf44114d44ea4d2103a97cc8a58ee,0+1+2,0,11,18,32,,
confirmation,1880,8a17e59c1b9590c2a4cb62fd47acaaab266f558f4573de7352a501f2c77a3375,0+1,0,22,47,112,,
confirmation,1881,8a17e59c1b9590c2a4cb62fd47acaaab266f558f4573de7352a501f2c77a3375,0+2,0,4,17,41,,
confirmation,1882,8a17e59c1b9590c2a4cb62fd47acaaab266f558f4573de7352a501f2c77a3375,1+2,6,33,60,120,,
confirmation,1883,8a17e59c1b9590c2a4cb62fd47acaaab266f558f4573de7352a501f2c77a3375,0+1+2,0,2,13,32,,
confirmation,1884,276fd304e95bfcda4aa448b9674e934fa0e9213fadf6d0805307ab76c5e2cf3b,0+1,0,34,61,119,,
confirmation,1885,276fd304e95bfcda4aa448b9674e934fa0e9213fadf6d0805307ab76c5e2cf3b,0+2,0,13,23,42,,
confirmation,1886,276fd304e95bfcda4aa448b9674e934fa0e9213fadf6d0805307ab76c5e2cf3b,1+2,0,24,44,102,,
confirmation,1887,276fd304e95bfcda4aa448b9674e934fa0e9213fadf6d0805307ab76c5e2cf3b,0+1+2,0,12,18,35,,
confirmation,1888,be2c6aef9128536913e05479b7e5db46b98270ee0493153e064cd86d28ff521f,0+1,7,37,58,111,,
confirmation,1889,be2c6aef9128536913e05479b7e5db46b98270ee0493153e064cd86d28ff521f,0+2,9,18,29,51,,
confirmation,1890,be2c6aef9128536913e05479b7e5db46b98270ee0493153e064cd86d28ff521f,1+2,10,32,53,115,,
confirmation,1891,be2c6aef9128536913e05479b7e5db46b98270ee0493153e064cd86d28ff521f,0+1+2,7,16,24,43,,
confirmation,1892,13642a3fe8ba03bfe872faf4837c287a70262c9b4421a86898afe20bd73ed6f0,0+1,0,17,36,88,,
confirmation,1893,13642a3fe8ba03bfe872faf4837c287a70262c9b4421a86898afe20bd73ed6f0,0+2,0,12,19,42,,
confirmation,1894,13642a3fe8ba03bfe872faf4837c287a70262c9b4421a86898afe20bd73ed6f0,1+2,0,21,41,99,,
confirmation,1895,13642a3fe8ba03bfe872faf4837c287a70262c9b4421a86898afe20bd73ed6f0,0+1+2,0,9,16,34,,
confirmation,1896,c381137c2a730b0472b577122721cad0d3a79074e10e02e7207c7528eaa2e7b2,0+1,0,25,51,105,,
confirmation,1897,c381137c2a730b0472b577122721cad0d3a79074e10e02e7207c7528eaa2e7b2,0+2,0,12,22,46,,
confirmation,1898,c381137c2a730b0472b577122721cad0d3a79074e10e02e7207c7528eaa2e7b2,1+2,0,22,44,89,,
confirmation,1899,c381137c2a730b0472b577122721cad0d3a79074e10e02e7207c7528eaa2e7b2,0+1+2,0,9,18,37,,
confirmation,1900,f6a393f830e76488af7751d12259051d54d19aa60493dc9d7508b4683398825e,0+1,5,32,56,95,,
confirmation,1901,f6a393f830e76488af7751d12259051d54d19aa60493dc9d7508b4683398825e,0+2,1,12,23,43,,
confirmation,1902,f6a393f830e76488af7751d12259051d54d19aa60493dc9d7508b4683398825e,1+2,8,30,60,104,,
confirmation,1903,f6a393f830e76488af7751d12259051d54d19aa60493dc9d7508b4683398825e,0+1+2,1,10,18,36,,
confirmation,1904,a04f616bbcc2531d532769e57f3570eb4911611bff28cce686666b53a88f501e,0+1,0,21,39,76,,
confirmation,1905,a04f616bbcc2531d532769e57f3570eb4911611bff28cce686666b53a88f501e,0+2,0,13,20,35,,
confirmation,1906,a04f616bbcc2531d532769e57f3570eb4911611bff28cce686666b53a88f501e,1+2,0,24,46,71,,
confirmation,1907,a04f616bbcc2531d532769e57f3570eb4911611bff28cce686666b53a88f501e,0+1+2,0,12,19,33,,
confirmation,1908,696a055d1f2d9524ff9a31f182fc489fa2dee681a44200e7ff40da948ffcba3b,0+1,0,18,43,100,,
confirmation,1909,696a055d1f2d9524ff9a31f182fc489fa2dee681a44200e7ff40da948ffcba3b,0+2,0,6,19,38,,
confirmation,1910,696a055d1f2d9524ff9a31f182fc489fa2dee681a44200e7ff40da948ffcba3b,1+2,0,21,44,77,,
confirmation,1911,696a055d1f2d9524ff9a31f182fc489fa2dee681a44200e7ff40da948ffcba3b,0+1+2,0,5,18,35,,
confirmation,1912,ee153ef5da954231ed7b01a1cdd2827fad67fca1ec4973ab91dfd1220536349e,0+1,2,22,43,82,,
confirmation,1913,ee153ef5da954231ed7b01a1cdd2827fad67fca1ec4973ab91dfd1220536349e,0+2,0,13,21,43,,
confirmation,1914,ee153ef5da954231ed7b01a1cdd2827fad67fca1ec4973ab91dfd1220536349e,1+2,0,19,43,90,,
confirmation,1915,ee153ef5da954231ed7b01a1cdd2827fad67fca1ec4973ab91dfd1220536349e,0+1+2,0,11,19,38,,
confirmation,1916,6d7d34b75d4a25e05fb90e9c6f04f2c86e018b59f4b58ded37dc153f11547e1d,0+1,0,29,61,109,,
confirmation,1917,6d7d34b75d4a25e05fb90e9c6f04f2c86e018b59f4b58ded37dc153f11547e1d,0+2,0,13,25,46,,
confirmation,1918,6d7d34b75d4a25e05fb90e9c6f04f2c86e018b59f4b58ded37dc153f11547e1d,1+2,8,30,60,114,,
confirmation,1919,6d7d34b75d4a25e05fb90e9c6f04f2c86e018b59f4b58ded37dc153f11547e1d,0+1+2,0,12,19,35,,
confirmation,1920,341b468098c123cba48502c7d4afc1896afc5e838c0ff74451004c92c1b40372,0+1,0,27,49,114,,
confirmation,1921,341b468098c123cba48502c7d4afc1896afc5e838c0ff74451004c92c1b40372,0+2,0,13,18,44,,
confirmation,1922,341b468098c123cba48502c7d4afc1896afc5e838c0ff74451004c92c1b40372,1+2,0,27,55,108,,
confirmation,1923,341b468098c123cba48502c7d4afc1896afc5e838c0ff74451004c92c1b40372,0+1+2,0,11,14,32,,
confirmation,1924,42d548203cff6d3ea38fd3251feb57b5778e83992e4f428eb1fc24356e743aae,0+1,4,21,42,68,,
confirmation,1925,42d548203cff6d3ea38fd3251feb57b5778e83992e4f428eb1fc24356e743aae,0+2,7,13,27,39,,
confirmation,1926,42d548203cff6d3ea38fd3251feb57b5778e83992e4f428eb1fc24356e743aae,1+2,6,30,53,76,,
confirmation,1927,42d548203cff6d3ea38fd3251feb57b5778e83992e4f428eb1fc24356e743aae,0+1+2,4,10,22,33,,
confirmation,1928,f39cae5ea72f5d607931848f1c942802980281a33f0c0af5e0ca4734b278f2fa,0+1,9,32,64,127,,
confirmation,1929,f39cae5ea72f5d607931848f1c942802980281a33f0c0af5e0ca4734b278f2fa,0+2,0,11,21,41,,
confirmation,1930,f39cae5ea72f5d607931848f1c942802980281a33f0c0af5e0ca4734b278f2fa,1+2,0,26,54,111,,
confirmation,1931,f39cae5ea72f5d607931848f1c942802980281a33f0c0af5e0ca4734b278f2fa,0+1+2,0,7,16,33,,
confirmation,1932,742279dc640ca0c688aa66057a06a13c2013e0caa85a3457d5bc355dc492cdf2,0+1,0,28,59,105,,
confirmation,1933,742279dc640ca0c688aa66057a06a13c2013e0caa85a3457d5bc355dc492cdf2,0+2,0,9,22,39,,
confirmation,1934,742279dc640ca0c688aa66057a06a13c2013e0caa85a3457d5bc355dc492cdf2,1+2,0,31,58,110,,
confirmation,1935,742279dc640ca0c688aa66057a06a13c2013e0caa85a3457d5bc355dc492cdf2,0+1+2,0,6,18,30,,
confirmation,1936,6775243585170cdfae14c87c3211c7caa982a262ffc31895227587f4649839b9,0+1,0,22,54,120,,
confirmation,1937,6775243585170cdfae14c87c3211c7caa982a262ffc31895227587f4649839b9,0+2,0,9,20,41,,
confirmation,1938,6775243585170cdfae14c87c3211c7caa982a262ffc31895227587f4649839b9,1+2,9,34,64,127,,
confirmation,1939,6775243585170cdfae14c87c3211c7caa982a262ffc31895227587f4649839b9,0+1+2,0,5,16,34,,
confirmation,1940,600d9ece5c05a0cb44edf546d2120be3384e8f1d54672a21c50bc77f1b7e0715,0+1,9,27,57,118,,
confirmation,1941,600d9ece5c05a0cb44edf546d2120be3384e8f1d54672a21c50bc77f1b7e0715,0+2,0,10,18,38,,
confirmation,1942,600d9ece5c05a0cb44edf546d2120be3384e8f1d54672a21c50bc77f1b7e0715,1+2,0,25,51,106,,
confirmation,1943,600d9ece5c05a0cb44edf546d2120be3384e8f1d54672a21c50bc77f1b7e0715,0+1+2,0,5,13,29,,
confirmation,1944,8beefdcbcc552251a8854de581d680779001e8af90cafc657bb79cfb3c1ee22b,0+1,1,25,47,98,,
confirmation,1945,8beefdcbcc552251a8854de581d680779001e8af90cafc657bb79cfb3c1ee22b,0+2,3,6,18,42,,
confirmation,1946,8beefdcbcc552251a8854de581d680779001e8af90cafc657bb79cfb3c1ee22b,1+2,8,33,62,123,,
confirmation,1947,8beefdcbcc552251a8854de581d680779001e8af90cafc657bb79cfb3c1ee22b,0+1+2,1,2,13,32,,
confirmation,1948,2cb5c149f18b02eaf8b2b8e99997b02c83e6f700e089ab349a466fceac3b3af6,0+1,0,23,52,98,,
confirmation,1949,2cb5c149f18b02eaf8b2b8e99997b02c83e6f700e089ab349a466fceac3b3af6,0+2,0,13,23,34,,
confirmation,1950,2cb5c149f18b02eaf8b2b8e99997b02c83e6f700e089ab349a466fceac3b3af6,1+2,0,25,55,96,,
confirmation,1951,2cb5c149f18b02eaf8b2b8e99997b02c83e6f700e089ab349a466fceac3b3af6,0+1+2,0,9,17,27,,
confirmation,1952,15d2892022398da93eb31dbc814d0d4a04a2d064790b32bde4c7e9670dcfec50,0+1,0,13,22,27,,
confirmation,1953,15d2892022398da93eb31dbc814d0d4a04a2d064790b32bde4c7e9670dcfec50,0+2,0,9,13,13,,
confirmation,1954,15d2892022398da93eb31dbc814d0d4a04a2d064790b32bde4c7e9670dcfec50,1+2,0,12,23,27,,
confirmation,1955,15d2892022398da93eb31dbc814d0d4a04a2d064790b32bde4c7e9670dcfec50,0+1+2,0,9,13,13,,
confirmation,1956,7ebcc73d374dfbdf1fe044d626bd7d9a7abacefe24aae15e50168741415bd3fb,0+1,0,13,24,44,,
confirmation,1957,7ebcc73d374dfbdf1fe044d626bd7d9a7abacefe24aae15e50168741415bd3fb,0+2,0,10,10,21,,
confirmation,1958,7ebcc73d374dfbdf1fe044d626bd7d9a7abacefe24aae15e50168741415bd3fb,1+2,0,11,14,37,,
confirmation,1959,7ebcc73d374dfbdf1fe044d626bd7d9a7abacefe24aae15e50168741415bd3fb,0+1+2,0,10,10,20,,
confirmation,1960,634bec1c275e0138f293005508e0fc66ae2be19f2c6c3b32b6bd990bf9a9f3cf,0+1,12,40,68,106,,
confirmation,1961,634bec1c275e0138f293005508e0fc66ae2be19f2c6c3b32b6bd990bf9a9f3cf,0+2,6,17,30,51,,
confirmation,1962,634bec1c275e0138f293005508e0fc66ae2be19f2c6c3b32b6bd990bf9a9f3cf,1+2,7,39,72,118,,
confirmation,1963,634bec1c275e0138f293005508e0fc66ae2be19f2c6c3b32b6bd990bf9a9f3cf,0+1+2,6,15,26,45,,
confirmation,1964,512de19a40d33c22aa9124ae6f29bfc12536ee215205e90220d7523e656431d2,0+1,0,16,40,97,,
confirmation,1965,512de19a40d33c22aa9124ae6f29bfc12536ee215205e90220d7523e656431d2,0+2,0,6,20,39,,
confirmation,1966,512de19a40d33c22aa9124ae6f29bfc12536ee215205e90220d7523e656431d2,1+2,0,23,45,89,,
confirmation,1967,512de19a40d33c22aa9124ae6f29bfc12536ee215205e90220d7523e656431d2,0+1+2,0,5,18,34,,
confirmation,1968,5dae58708e0bb4810662f747de15b57eed658d4acd2a49ec937f384dd00346d3,0+1,0,18,38,89,,
confirmation,1969,5dae58708e0bb4810662f747de15b57eed658d4acd2a49ec937f384dd00346d3,0+2,0,13,22,44,,
confirmation,1970,5dae58708e0bb4810662f747de15b57eed658d4acd2a49ec937f384dd00346d3,1+2,0,23,47,93,,
confirmation,1971,5dae58708e0bb4810662f747de15b57eed658d4acd2a49ec937f384dd00346d3,0+1+2,0,10,19,39,,
confirmation,1972,f1bc24aac8b8952176d65f2258caece88056fa61bc77cc691cb4c64117e416f3,0+1,2,35,58,98,,
confirmation,1973,f1bc24aac8b8952176d65f2258caece88056fa61bc77cc691cb4c64117e416f3,0+2,0,14,24,43,,
confirmation,1974,f1bc24aac8b8952176d65f2258caece88056fa61bc77cc691cb4c64117e416f3,1+2,0,22,45,90,,
confirmation,1975,f1bc24aac8b8952176d65f2258caece88056fa61bc77cc691cb4c64117e416f3,0+1+2,0,13,18,34,,
confirmation,1976,d37eb6620fc689241bb733d8a4476ced263b0fd39887080ca57b52b87b0c8fcb,0+1,7,28,54,108,,
confirmation,1977,d37eb6620fc689241bb733d8a4476ced263b0fd39887080ca57b52b87b0c8fcb,0+2,9,14,26,48,,
confirmation,1978,d37eb6620fc689241bb733d8a4476ced263b0fd39887080ca57b52b87b0c8fcb,1+2,9,30,52,111,,
confirmation,1979,d37eb6620fc689241bb733d8a4476ced263b0fd39887080ca57b52b87b0c8fcb,0+1+2,7,12,20,38,,
confirmation,1980,b6f815dff98e72685662f3d82ad65295db83a32f52e8793c5243df1e319fd02d,0+1,0,32,56,104,,
confirmation,1981,b6f815dff98e72685662f3d82ad65295db83a32f52e8793c5243df1e319fd02d,0+2,0,11,21,40,,
confirmation,1982,b6f815dff98e72685662f3d82ad65295db83a32f52e8793c5243df1e319fd02d,1+2,0,28,57,97,,
confirmation,1983,b6f815dff98e72685662f3d82ad65295db83a32f52e8793c5243df1e319fd02d,0+1+2,0,11,19,32,,
confirmation,1984,57e54efb34487dd76577a92aec2795f407ef48646a91bbc03b1f3cddaae398e2,0+1,6,22,42,80,,
confirmation,1985,57e54efb34487dd76577a92aec2795f407ef48646a91bbc03b1f3cddaae398e2,0+2,0,12,16,37,,
confirmation,1986,57e54efb34487dd76577a92aec2795f407ef48646a91bbc03b1f3cddaae398e2,1+2,0,23,43,88,,
confirmation,1987,57e54efb34487dd76577a92aec2795f407ef48646a91bbc03b1f3cddaae398e2,0+1+2,0,9,13,31,,
confirmation,1988,cf140e1c3b3fefe25aa71de9a234f904b6a987e450d3d68c06b367dd6d918b16,0+1,0,28,60,107,,
confirmation,1989,cf140e1c3b3fefe25aa71de9a234f904b6a987e450d3d68c06b367dd6d918b16,0+2,0,14,25,40,,
confirmation,1990,cf140e1c3b3fefe25aa71de9a234f904b6a987e450d3d68c06b367dd6d918b16,1+2,6,35,67,121,,
confirmation,1991,cf140e1c3b3fefe25aa71de9a234f904b6a987e450d3d68c06b367dd6d918b16,0+1+2,0,12,18,29,,
confirmation,1992,e9f136171b18722b41fbdf2f2032d6ff211311d183069c412ec53fdb96670e9b,0+1,7,38,59,126,,
confirmation,1993,e9f136171b18722b41fbdf2f2032d6ff211311d183069c412ec53fdb96670e9b,0+2,0,11,21,45,,
confirmation,1994,e9f136171b18722b41fbdf2f2032d6ff211311d183069c412ec53fdb96670e9b,1+2,0,29,54,113,,
confirmation,1995,e9f136171b18722b41fbdf2f2032d6ff211311d183069c412ec53fdb96670e9b,0+1+2,0,11,17,36,,
confirmation,1996,8b89eb29864047324602ef9f19947760036700a384d5fa67588bb9f64f8dead7,0+1,0,32,55,96,,
confirmation,1997,8b89eb29864047324602ef9f19947760036700a384d5fa67588bb9f64f8dead7,0+2,0,13,18,37,,
confirmation,1998,8b89eb29864047324602ef9f19947760036700a384d5fa67588bb9f64f8dead7,1+2,0,21,43,82,,
confirmation,1999,8b89eb29864047324602ef9f19947760036700a384d5fa67588bb9f64f8dead7,0+1+2,0,12,16,30,,
confirmation,2000,c2c59b963fe9bf41437f7199e817b2064410e40fea8d60c20a13588394d26c20,0+1,10,38,73,122,,
confirmation,2001,c2c59b963fe9bf41437f7199e817b2064410e40fea8d60c20a13588394d26c20,0+2,0,7,21,40,,
confirmation,2002,c2c59b963fe9bf41437f7199e817b2064410e40fea8d60c20a13588394d26c20,1+2,0,31,60,111,,
confirmation,2003,c2c59b963fe9bf41437f7199e817b2064410e40fea8d60c20a13588394d26c20,0+1+2,0,5,18,32,,
confirmation,2004,2a7956f8f82ea8e6e2195d5d2085fc6dd28101a2b9327bed84d6051f87f59236,0+1,9,28,46,97,,
confirmation,2005,2a7956f8f82ea8e6e2195d5d2085fc6dd28101a2b9327bed84d6051f87f59236,0+2,0,4,14,36,,
confirmation,2006,2a7956f8f82ea8e6e2195d5d2085fc6dd28101a2b9327bed84d6051f87f59236,1+2,0,20,43,104,,
confirmation,2007,2a7956f8f82ea8e6e2195d5d2085fc6dd28101a2b9327bed84d6051f87f59236,0+1+2,0,4,12,30,,
confirmation,2008,81c3599100ea2e6b39c893bb383bd9c970d160aa2ebcbf7a19094a79f1c2743c,0+1,0,16,39,95,,
confirmation,2009,81c3599100ea2e6b39c893bb383bd9c970d160aa2ebcbf7a19094a79f1c2743c,0+2,0,5,18,37,,
confirmation,2010,81c3599100ea2e6b39c893bb383bd9c970d160aa2ebcbf7a19094a79f1c2743c,1+2,2,23,47,89,,
confirmation,2011,81c3599100ea2e6b39c893bb383bd9c970d160aa2ebcbf7a19094a79f1c2743c,0+1+2,0,2,15,34,,
confirmation,2012,6656b0fb113859e68e9b3587cb405ee820bef55fbcb8dd18f99801ce4d4d9ccb,0+1,10,39,62,110,,
confirmation,2013,6656b0fb113859e68e9b3587cb405ee820bef55fbcb8dd18f99801ce4d4d9ccb,0+2,0,12,24,39,,
confirmation,2014,6656b0fb113859e68e9b3587cb405ee820bef55fbcb8dd18f99801ce4d4d9ccb,1+2,0,31,60,101,,
confirmation,2015,6656b0fb113859e68e9b3587cb405ee820bef55fbcb8dd18f99801ce4d4d9ccb,0+1+2,0,10,19,31,,
confirmation,2016,02d1e1d66fd2c4103ebeb9d852789c31d299ed681be40cb2e9468afa4f413af9,0+1,2,36,61,101,,
confirmation,2017,02d1e1d66fd2c4103ebeb9d852789c31d299ed681be40cb2e9468afa4f413af9,0+2,0,13,21,41,,
confirmation,2018,02d1e1d66fd2c4103ebeb9d852789c31d299ed681be40cb2e9468afa4f413af9,1+2,0,31,62,104,,
confirmation,2019,02d1e1d66fd2c4103ebeb9d852789c31d299ed681be40cb2e9468afa4f413af9,0+1+2,0,13,19,34,,
confirmation,2020,60d5dedd32c954bbaa8aeaf3b550cbbfa2a440c6c1d60734f18cc61a075506f2,0+1,0,29,53,99,,
confirmation,2021,60d5dedd32c954bbaa8aeaf3b550cbbfa2a440c6c1d60734f18cc61a075506f2,0+2,0,13,24,41,,
confirmation,2022,60d5dedd32c954bbaa8aeaf3b550cbbfa2a440c6c1d60734f18cc61a075506f2,1+2,0,23,53,95,,
confirmation,2023,60d5dedd32c954bbaa8aeaf3b550cbbfa2a440c6c1d60734f18cc61a075506f2,0+1+2,0,10,18,32,,
confirmation,2024,9b269bb3467efc3093a86dcfd614996d813701559fb1a10679e39e2e58b83a75,0+1,12,30,52,111,,
confirmation,2025,9b269bb3467efc3093a86dcfd614996d813701559fb1a10679e39e2e58b83a75,0+2,13,20,33,58,,
confirmation,2026,9b269bb3467efc3093a86dcfd614996d813701559fb1a10679e39e2e58b83a75,1+2,13,38,60,123,,
confirmation,2027,9b269bb3467efc3093a86dcfd614996d813701559fb1a10679e39e2e58b83a75,0+1+2,12,19,31,49,,
confirmation,2028,189e96b1ab58cf8c5effe9473afdefb52832b5357ab2b3af79b665a465215d2a,0+1,2,13,21,60,,
confirmation,2029,189e96b1ab58cf8c5effe9473afdefb52832b5357ab2b3af79b665a465215d2a,0+2,0,9,9,28,,
confirmation,2030,189e96b1ab58cf8c5effe9473afdefb52832b5357ab2b3af79b665a465215d2a,1+2,3,14,25,68,,
confirmation,2031,189e96b1ab58cf8c5effe9473afdefb52832b5357ab2b3af79b665a465215d2a,0+1+2,0,8,8,23,,
confirmation,2032,b4ec9f28829433789a75d11b0816fc9babebb428a8e83af713621dfe8773aafd,0+1,0,19,52,101,,
confirmation,2033,b4ec9f28829433789a75d11b0816fc9babebb428a8e83af713621dfe8773aafd,0+2,0,8,21,40,,
confirmation,2034,b4ec9f28829433789a75d11b0816fc9babebb428a8e83af713621dfe8773aafd,1+2,0,22,46,89,,
confirmation,2035,b4ec9f28829433789a75d11b0816fc9babebb428a8e83af713621dfe8773aafd,0+1+2,0,7,19,35,,
confirmation,2036,cf9a3627222a7f73d91f638126ee07aa99ba5564c60852634a270a9f7f39e23b,0+1,2,31,50,103,,
confirmation,2037,cf9a3627222a7f73d91f638126ee07aa99ba5564c60852634a270a9f7f39e23b,0+2,0,12,17,42,,
confirmation,2038,cf9a3627222a7f73d91f638126ee07aa99ba5564c60852634a270a9f7f39e23b,1+2,0,22,42,87,,
confirmation,2039,cf9a3627222a7f73d91f638126ee07aa99ba5564c60852634a270a9f7f39e23b,0+1+2,0,10,13,32,,
confirmation,2040,23684c9c4adbd6634742f704b823fe4b0c5df5c53a8b16c4162518587ba47d30,0+1,0,26,54,103,,
confirmation,2041,23684c9c4adbd6634742f704b823fe4b0c5df5c53a8b16c4162518587ba47d30,0+2,0,15,25,44,,
confirmation,2042,23684c9c4adbd6634742f704b823fe4b0c5df5c53a8b16c4162518587ba47d30,1+2,0,29,61,104,,
confirmation,2043,23684c9c4adbd6634742f704b823fe4b0c5df5c53a8b16c4162518587ba47d30,0+1+2,0,9,19,36,,
confirmation,2044,14c6239675113828140790603c0aa36475e3095395eeea36c8fde836d119f000,0+1,0,22,50,98,,
confirmation,2045,14c6239675113828140790603c0aa36475e3095395eeea36c8fde836d119f000,0+2,0,9,22,38,,
confirmation,2046,14c6239675113828140790603c0aa36475e3095395eeea36c8fde836d119f000,1+2,0,31,60,103,,
confirmation,2047,14c6239675113828140790603c0aa36475e3095395eeea36c8fde836d119f000,0+1+2,0,5,16,27,,
confirmation,2048,227ec61e0792df2fa0fdaab31662adee706010f8871a3a2140546967d2f5aedb,0+1,11,24,36,76,,
confirmation,2049,227ec61e0792df2fa0fdaab31662adee706010f8871a3a2140546967d2f5aedb,0+2,0,5,13,35,,
confirmation,2050,227ec61e0792df2fa0fdaab31662adee706010f8871a3a2140546967d2f5aedb,1+2,0,11,21,67,,
confirmation,2051,227ec61e0792df2fa0fdaab31662adee706010f8871a3a2140546967d2f5aedb,0+1+2,0,5,13,32,,
confirmation,2052,6acb7c8bc36c1b7228f8f05f3e843adc17e8c89e3d70b0fc77a7a1b0e0173b33,0+1,0,29,58,104,,
confirmation,2053,6acb7c8bc36c1b7228f8f05f3e843adc17e8c89e3d70b0fc77a7a1b0e0173b33,0+2,0,14,23,40,,
confirmation,2054,6acb7c8bc36c1b7228f8f05f3e843adc17e8c89e3d70b0fc77a7a1b0e0173b33,1+2,11,40,72,125,,
confirmation,2055,6acb7c8bc36c1b7228f8f05f3e843adc17e8c89e3d70b0fc77a7a1b0e0173b33,0+1+2,0,12,17,29,,
confirmation,2056,3bde5fdf472d35d0e2bd4f2841f6b36568e0732c390823cb2bf973da110deaa6,0+1,3,25,50,114,,
confirmation,2057,3bde5fdf472d35d0e2bd4f2841f6b36568e0732c390823cb2bf973da110deaa6,0+2,0,4,16,42,,
confirmation,2058,3bde5fdf472d35d0e2bd4f2841f6b36568e0732c390823cb2bf973da110deaa6,1+2,0,24,55,118,,
confirmation,2059,3bde5fdf472d35d0e2bd4f2841f6b36568e0732c390823cb2bf973da110deaa6,0+1+2,0,0,12,32,,
confirmation,2060,7443d269860ffa74653f088866245dfdcb0513310bffd955363050ba5cfc9a9d,0+1,10,30,52,108,,
confirmation,2061,7443d269860ffa74653f088866245dfdcb0513310bffd955363050ba5cfc9a9d,0+2,0,11,14,36,,
confirmation,2062,7443d269860ffa74653f088866245dfdcb0513310bffd955363050ba5cfc9a9d,1+2,0,28,50,109,,
confirmation,2063,7443d269860ffa74653f088866245dfdcb0513310bffd955363050ba5cfc9a9d,0+1+2,0,10,10,26,,
confirmation,2064,f4a2b2582c894eb96a29c75b24dc202442effc095274506c4e57c3f681e24b14,0+1,0,9,22,29,,
confirmation,2065,f4a2b2582c894eb96a29c75b24dc202442effc095274506c4e57c3f681e24b14,0+2,0,0,13,13,,
confirmation,2066,f4a2b2582c894eb96a29c75b24dc202442effc095274506c4e57c3f681e24b14,1+2,0,11,25,25,,
confirmation,2067,f4a2b2582c894eb96a29c75b24dc202442effc095274506c4e57c3f681e24b14,0+1+2,0,0,13,13,,
confirmation,2068,0b3f89664f4fb8d7786d4ecf8873908bcac441d9b428c5be2419744a714e2591,0+1,0,14,23,45,,
confirmation,2069,0b3f89664f4fb8d7786d4ecf8873908bcac441d9b428c5be2419744a714e2591,0+2,0,11,12,24,,
confirmation,2070,0b3f89664f4fb8d7786d4ecf8873908bcac441d9b428c5be2419744a714e2591,1+2,0,12,23,46,,
confirmation,2071,0b3f89664f4fb8d7786d4ecf8873908bcac441d9b428c5be2419744a714e2591,0+1+2,0,11,12,24,,
confirmation,2072,29fef40a3f425ab674b15b8b84128e84dd31e8528061c66a125bcef4c22efd96,0+1,9,32,56,94,,
confirmation,2073,29fef40a3f425ab674b15b8b84128e84dd31e8528061c66a125bcef4c22efd96,0+2,0,14,19,36,,
confirmation,2074,29fef40a3f425ab674b15b8b84128e84dd31e8528061c66a125bcef4c22efd96,1+2,0,22,43,83,,
confirmation,2075,29fef40a3f425ab674b15b8b84128e84dd31e8528061c66a125bcef4c22efd96,0+1+2,0,13,16,27,,
confirmation,2076,30f13d674dbc13b3ccc91c38b4d1e9cef1cb346649fdaeb416defa80e86954f3,0+1,3,29,58,113,,
confirmation,2077,30f13d674dbc13b3ccc91c38b4d1e9cef1cb346649fdaeb416defa80e86954f3,0+2,0,10,19,39,,
confirmation,2078,30f13d674dbc13b3ccc91c38b4d1e9cef1cb346649fdaeb416defa80e86954f3,1+2,0,20,40,98,,
confirmation,2079,30f13d674dbc13b3ccc91c38b4d1e9cef1cb346649fdaeb416defa80e86954f3,0+1+2,0,5,14,32,,
confirmation,2080,c1206282a8df7869b0c66cde7ec2399ad7143b5e67d7d59eb5e41f40123aa175,0+1,0,22,53,89,,
confirmation,2081,c1206282a8df7869b0c66cde7ec2399ad7143b5e67d7d59eb5e41f40123aa175,0+2,0,12,22,32,,
confirmation,2082,c1206282a8df7869b0c66cde7ec2399ad7143b5e67d7d59eb5e41f40123aa175,1+2,9,30,52,91,,
confirmation,2083,c1206282a8df7869b0c66cde7ec2399ad7143b5e67d7d59eb5e41f40123aa175,0+1+2,0,9,17,26,,
confirmation,2084,d3b29dd63db5a7b2db126d0186bdcd5eed76cade82319883312dbcef8ca62892,0+1,0,15,40,63,,
confirmation,2085,d3b29dd63db5a7b2db126d0186bdcd5eed76cade82319883312dbcef8ca62892,0+2,0,2,16,28,,
confirmation,2086,d3b29dd63db5a7b2db126d0186bdcd5eed76cade82319883312dbcef8ca62892,1+2,0,11,27,50,,
confirmation,2087,d3b29dd63db5a7b2db126d0186bdcd5eed76cade82319883312dbcef8ca62892,0+1+2,0,2,16,28,,
confirmation,2088,bed758588d795c810f08a3aa465631cc2c55cd459c096e2988102250a226bf85,0+1,0,24,40,60,,
confirmation,2089,bed758588d795c810f08a3aa465631cc2c55cd459c096e2988102250a226bf85,0+2,0,7,18,25,,
confirmation,2090,bed758588d795c810f08a3aa465631cc2c55cd459c096e2988102250a226bf85,1+2,0,11,24,43,,
confirmation,2091,bed758588d795c810f08a3aa465631cc2c55cd459c096e2988102250a226bf85,0+1+2,0,7,13,17,,
confirmation,2092,0380984085140e651b22d888fa08fab236ae13e466e33a989000d1d76b39e4e5,0+1,0,21,41,83,,
confirmation,2093,0380984085140e651b22d888fa08fab236ae13e466e33a989000d1d76b39e4e5,0+2,0,15,19,40,,
confirmation,2094,0380984085140e651b22d888fa08fab236ae13e466e33a989000d1d76b39e4e5,1+2,0,22,43,86,,
confirmation,2095,0380984085140e651b22d888fa08fab236ae13e466e33a989000d1d76b39e4e5,0+1+2,0,13,16,34,,
confirmation,2096,af78a24891ea7f08dce147f7279b1539b7135ba9e55e0a1cf381a3dd5c3ee2a7,0+1,4,36,64,105,,
confirmation,2097,af78a24891ea7f08dce147f7279b1539b7135ba9e55e0a1cf381a3dd5c3ee2a7,0+2,0,15,27,47,,
confirmation,2098,af78a24891ea7f08dce147f7279b1539b7135ba9e55e0a1cf381a3dd5c3ee2a7,1+2,7,32,64,108,,
confirmation,2099,af78a24891ea7f08dce147f7279b1539b7135ba9e55e0a1cf381a3dd5c3ee2a7,0+1+2,0,13,22,40,,
confirmation,2100,09c3ff21c171ab4aff88a3aab02ca47e987946cee426c9c880c9832d9e44bd47,0+1,8,25,45,63,,
confirmation,2101,09c3ff21c171ab4aff88a3aab02ca47e987946cee426c9c880c9832d9e44bd47,0+2,0,8,20,32,,
confirmation,2102,09c3ff21c171ab4aff88a3aab02ca47e987946cee426c9c880c9832d9e44bd47,1+2,0,22,44,66,,
confirmation,2103,09c3ff21c171ab4aff88a3aab02ca47e987946cee426c9c880c9832d9e44bd47,0+1+2,0,7,17,29,,
confirmation,2104,7892e1792b59989e5e43ecb6d688b23fdcbfa268ea56e5da81bd58d23c9c22eb,0+1,0,31,56,97,,
confirmation,2105,7892e1792b59989e5e43ecb6d688b23fdcbfa268ea56e5da81bd58d23c9c22eb,0+2,0,13,21,42,,
confirmation,2106,7892e1792b59989e5e43ecb6d688b23fdcbfa268ea56e5da81bd58d23c9c22eb,1+2,7,37,68,111,,
confirmation,2107,7892e1792b59989e5e43ecb6d688b23fdcbfa268ea56e5da81bd58d23c9c22eb,0+1+2,0,12,19,36,,
confirmation,2108,6cafd6a90d4182fa4b685fbbedf86306818adb1b57252f4b6589d24a25251713,0+1,10,33,64,122,,
confirmation,2109,6cafd6a90d4182fa4b685fbbedf86306818adb1b57252f4b6589d24a25251713,0+2,0,6,19,43,,
confirmation,2110,6cafd6a90d4182fa4b685fbbedf86306818adb1b57252f4b6589d24a25251713,1+2,0,26,50,106,,
confirmation,2111,6cafd6a90d4182fa4b685fbbedf86306818adb1b57252f4b6589d24a25251713,0+1+2,0,3,16,34,,
confirmation,2112,552caeb5a6e3b3fae8118f9400834a00a7be17f2ec7b2ae78c61cae141f3c95c,0+1,4,37,60,111,,
confirmation,2113,552caeb5a6e3b3fae8118f9400834a00a7be17f2ec7b2ae78c61cae141f3c95c,0+2,0,14,20,40,,
confirmation,2114,552caeb5a6e3b3fae8118f9400834a00a7be17f2ec7b2ae78c61cae141f3c95c,1+2,0,29,58,97,,
confirmation,2115,552caeb5a6e3b3fae8118f9400834a00a7be17f2ec7b2ae78c61cae141f3c95c,0+1+2,0,14,18,33,,
confirmation,2116,209704dc5d7dc24a8c7c6cc8e388e6b6abd35e32872c24c8c11ea5cbd42736fa,0+1,11,38,61,101,,
confirmation,2117,209704dc5d7dc24a8c7c6cc8e388e6b6abd35e32872c24c8c11ea5cbd42736fa,0+2,0,14,21,36,,
confirmation,2118,209704dc5d7dc24a8c7c6cc8e388e6b6abd35e32872c24c8c11ea5cbd42736fa,1+2,0,21,43,81,,
confirmation,2119,209704dc5d7dc24a8c7c6cc8e388e6b6abd35e32872c24c8c11ea5cbd42736fa,0+1+2,0,12,15,25,,
confirmation,2120,f05b37690ddc1f81c78fd1a2df12f286ba2b5ea8ce3b1a9aa359bd7c0eb44497,0+1,0,25,53,98,,
confirmation,2121,f05b37690ddc1f81c78fd1a2df12f286ba2b5ea8ce3b1a9aa359bd7c0eb44497,0+2,0,13,24,38,,
confirmation,2122,f05b37690ddc1f81c78fd1a2df12f286ba2b5ea8ce3b1a9aa359bd7c0eb44497,1+2,0,29,60,111,,
confirmation,2123,f05b37690ddc1f81c78fd1a2df12f286ba2b5ea8ce3b1a9aa359bd7c0eb44497,0+1+2,0,11,19,31,,
confirmation,2124,1ef64242575ac0e56d3fb9983d2b997d0123b04afacf57a1dace26ba82f19d9b,0+1,0,18,42,89,,
confirmation,2125,1ef64242575ac0e56d3fb9983d2b997d0123b04afacf57a1dace26ba82f19d9b,0+2,1,11,15,34,,
confirmation,2126,1ef64242575ac0e56d3fb9983d2b997d0123b04afacf57a1dace26ba82f19d9b,1+2,8,31,49,106,,
confirmation,2127,1ef64242575ac0e56d3fb9983d2b997d0123b04afacf57a1dace26ba82f19d9b,0+1+2,0,8,8,23,,
confirmation,2128,1fc9236036ea1a835e30997126013d7dc64492027217cd09ab0cc8d3f2754e53,0+1,2,24,44,101,,
confirmation,2129,1fc9236036ea1a835e30997126013d7dc64492027217cd09ab0cc8d3f2754e53,0+2,0,3,15,35,,
confirmation,2130,1fc9236036ea1a835e30997126013d7dc64492027217cd09ab0cc8d3f2754e53,1+2,0,21,48,103,,
confirmation,2131,1fc9236036ea1a835e30997126013d7dc64492027217cd09ab0cc8d3f2754e53,0+1+2,0,0,10,25,,
confirmation,2132,43e2d4e3e641c8be0e5a1786ec6c3ecf5d8e4f4fdd87fe7000e3dd7149394d0f,0+1,0,16,37,87,,
confirmation,2133,43e2d4e3e641c8be0e5a1786ec6c3ecf5d8e4f4fdd87fe7000e3dd7149394d0f,0+2,0,5,18,37,,
confirmation,2134,43e2d4e3e641c8be0e5a1786ec6c3ecf5d8e4f4fdd87fe7000e3dd7149394d0f,1+2,0,21,43,70,,
confirmation,2135,43e2d4e3e641c8be0e5a1786ec6c3ecf5d8e4f4fdd87fe7000e3dd7149394d0f,0+1+2,0,2,13,26,,
confirmation,2136,3668dc469d31ba99cfda96b0936dd77731d077d2447ea02373b98210165425f0,0+1,5,37,64,118,,
confirmation,2137,3668dc469d31ba99cfda96b0936dd77731d077d2447ea02373b98210165425f0,0+2,0,7,16,37,,
confirmation,2138,3668dc469d31ba99cfda96b0936dd77731d077d2447ea02373b98210165425f0,1+2,0,20,40,100,,
confirmation,2139,3668dc469d31ba99cfda96b0936dd77731d077d2447ea02373b98210165425f0,0+1+2,0,6,12,30,,
confirmation,2140,eacdbf2588e465f936fd6d3b103b9cb652a42b0b9932043e0bfe1bf2fba68aa9,0+1,0,17,40,83,,
confirmation,2141,eacdbf2588e465f936fd6d3b103b9cb652a42b0b9932043e0bfe1bf2fba68aa9,0+2,0,5,18,38,,
confirmation,2142,eacdbf2588e465f936fd6d3b103b9cb652a42b0b9932043e0bfe1bf2fba68aa9,1+2,0,23,44,85,,
confirmation,2143,eacdbf2588e465f936fd6d3b103b9cb652a42b0b9932043e0bfe1bf2fba68aa9,0+1+2,0,3,15,35,,
confirmation,2144,be88f7de8c05aadc4e8f507889102f279dd97ac5976b410e4fe8213a951760bf,0+1,9,34,66,107,,
confirmation,2145,be88f7de8c05aadc4e8f507889102f279dd97ac5976b410e4fe8213a951760bf,0+2,0,8,21,39,,
confirmation,2146,be88f7de8c05aadc4e8f507889102f279dd97ac5976b410e4fe8213a951760bf,1+2,0,29,57,99,,
confirmation,2147,be88f7de8c05aadc4e8f507889102f279dd97ac5976b410e4fe8213a951760bf,0+1+2,0,6,17,31,,
confirmation,2148,8f45e37b81ec4e719190806f6cad2db152cff728b50d2580016835b9e446a5a1,0+1,2,20,44,102,,
confirmation,2149,8f45e37b81ec4e719190806f6cad2db152cff728b50d2580016835b9e446a5a1,0+2,0,9,21,43,,
confirmation,2150,8f45e37b81ec4e719190806f6cad2db152cff728b50d2580016835b9e446a5a1,1+2,0,22,46,104,,
confirmation,2151,8f45e37b81ec4e719190806f6cad2db152cff728b50d2580016835b9e446a5a1,0+1+2,0,5,17,37,,
confirmation,2152,a65ab41a5d7d23d3ea1a21effcdeff02ea86e9101e11d5aff363a1333bc7cfeb,0+1,0,17,35,65,,
confirmation,2153,a65ab41a5d7d23d3ea1a21effcdeff02ea86e9101e11d5aff363a1333bc7cfeb,0+2,0,9,21,34,,
confirmation,2154,a65ab41a5d7d23d3ea1a21effcdeff02ea86e9101e11d5aff363a1333bc7cfeb,1+2,0,23,46,70,,
confirmation,2155,a65ab41a5d7d23d3ea1a21effcdeff02ea86e9101e11d5aff363a1333bc7cfeb,0+1+2,0,8,18,31,,
confirmation,2156,dc3f99e911183327a11c8e6ae2c07da827b5af0f077c246e8b4c309c9e4bca8e,0+1,10,27,50,91,,
confirmation,2157,dc3f99e911183327a11c8e6ae2c07da827b5af0f077c246e8b4c309c9e4bca8e,0+2,5,10,23,41,,
confirmation,2158,dc3f99e911183327a11c8e6ae2c07da827b5af0f077c246e8b4c309c9e4bca8e,1+2,8,27,47,84,,
confirmation,2159,dc3f99e911183327a11c8e6ae2c07da827b5af0f077c246e8b4c309c9e4bca8e,0+1+2,5,8,20,37,,
confirmation,2160,5a4c7f6c50eba7550c5e83b4a63ff638b8c55c0f6e45a8a6947692f0b96855d1,0+1,2,20,37,55,,
confirmation,2161,5a4c7f6c50eba7550c5e83b4a63ff638b8c55c0f6e45a8a6947692f0b96855d1,0+2,0,3,14,23,,
confirmation,2162,5a4c7f6c50eba7550c5e83b4a63ff638b8c55c0f6e45a8a6947692f0b96855d1,1+2,1,12,25,49,,
confirmation,2163,5a4c7f6c50eba7550c5e83b4a63ff638b8c55c0f6e45a8a6947692f0b96855d1,0+1+2,0,3,13,20,,
confirmation,2164,7865bbef2a362b761aeec6de01d44b39330afb186ad061a0787da8e791ee2a07,0+1,0,20,45,89,,
confirmation,2165,7865bbef2a362b761aeec6de01d44b39330afb186ad061a0787da8e791ee2a07,0+2,0,13,22,38,,
confirmation,2166,7865bbef2a362b761aeec6de01d44b39330afb186ad061a0787da8e791ee2a07,1+2,0,24,47,91,,
confirmation,2167,7865bbef2a362b761aeec6de01d44b39330afb186ad061a0787da8e791ee2a07,0+1+2,0,11,19,32,,
confirmation,2168,4af15e1f408e7130e2a34d83f590cafbad690a45064fa9d500c4487e47131662,0+1,0,26,52,101,,
confirmation,2169,4af15e1f408e7130e2a34d83f590cafbad690a45064fa9d500c4487e47131662,0+2,0,13,25,44,,
confirmation,2170,4af15e1f408e7130e2a34d83f590cafbad690a45064fa9d500c4487e47131662,1+2,0,28,58,102,,
confirmation,2171,4af15e1f408e7130e2a34d83f590cafbad690a45064fa9d500c4487e47131662,0+1+2,0,8,18,34,,
confirmation,2172,e01bfe95ac23dabe0c5091901bbf46919bbe58404ac014942d0050abc6cc0c8f,0+1,0,27,59,105,,
confirmation,2173,e01bfe95ac23dabe0c5091901bbf46919bbe58404ac014942d0050abc6cc0c8f,0+2,0,12,25,47,,
confirmation,2174,e01bfe95ac23dabe0c5091901bbf46919bbe58404ac014942d0050abc6cc0c8f,1+2,9,31,61,118,,
confirmation,2175,e01bfe95ac23dabe0c5091901bbf46919bbe58404ac014942d0050abc6cc0c8f,0+1+2,0,10,18,35,,
confirmation,2176,d108dcc136e8067fb1bb0ae187db8dac4e85318c592b3acaf6c1102315b8747c,0+1,0,26,50,93,,
confirmation,2177,d108dcc136e8067fb1bb0ae187db8dac4e85318c592b3acaf6c1102315b8747c,0+2,0,11,23,36,,
confirmation,2178,d108dcc136e8067fb1bb0ae187db8dac4e85318c592b3acaf6c1102315b8747c,1+2,0,32,61,102,,
confirmation,2179,d108dcc136e8067fb1bb0ae187db8dac4e85318c592b3acaf6c1102315b8747c,0+1+2,0,7,17,27,,
confirmation,2180,d18a460838b5b955e556579b8742689b10cc9b49890cbe2bb77bd4270ff73395,0+1,4,29,60,107,,
confirmation,2181,d18a460838b5b955e556579b8742689b10cc9b49890cbe2bb77bd4270ff73395,0+2,8,19,30,41,,
confirmation,2182,d18a460838b5b955e556579b8742689b10cc9b49890cbe2bb77bd4270ff73395,1+2,4,30,61,111,,
confirmation,2183,d18a460838b5b955e556579b8742689b10cc9b49890cbe2bb77bd4270ff73395,0+1+2,4,12,22,31,,
confirmation,2184,057e21fc3b5d904a02b6b98345c0b673e1bf7d9997e2ee6f2725c685da0b278b,0+1,0,24,45,95,,
confirmation,2185,057e21fc3b5d904a02b6b98345c0b673e1bf7d9997e2ee6f2725c685da0b278b,0+2,0,3,14,39,,
confirmation,2186,057e21fc3b5d904a02b6b98345c0b673e1bf7d9997e2ee6f2725c685da0b278b,1+2,0,24,46,109,,
confirmation,2187,057e21fc3b5d904a02b6b98345c0b673e1bf7d9997e2ee6f2725c685da0b278b,0+1+2,0,0,10,28,,
confirmation,2188,7c6d2acd83e6aea60518968907b68e1640211ca20bdc9e7f174377c21d85525f,0+1,0,22,53,102,,
confirmation,2189,7c6d2acd83e6aea60518968907b68e1640211ca20bdc9e7f174377c21d85525f,0+2,0,11,22,33,,
confirmation,2190,7c6d2acd83e6aea60518968907b68e1640211ca20bdc9e7f174377c21d85525f,1+2,10,36,65,111,,
confirmation,2191,7c6d2acd83e6aea60518968907b68e1640211ca20bdc9e7f174377c21d85525f,0+1+2,0,7,17,26,,
confirmation,2192,0d960cee4822ba853c5c072f6320a02d8137061f503f89e5fb2982cea988a4cc,0+1,0,22,39,59,,
confirmation,2193,0d960cee4822ba853c5c072f6320a02d8137061f503f89e5fb2982cea988a4cc,0+2,0,11,20,32,,
confirmation,2194,0d960cee4822ba853c5c072f6320a02d8137061f503f89e5fb2982cea988a4cc,1+2,0,14,35,58,,
confirmation,2195,0d960cee4822ba853c5c072f6320a02d8137061f503f89e5fb2982cea988a4cc,0+1+2,0,11,18,30,,
confirmation,2196,1f92fc9ca8d9fdec9cdc201c860486caec75306c49c6ebbfe6b9c0ae7e2c00ed,0+1,0,30,57,114,,
confirmation,2197,1f92fc9ca8d9fdec9cdc201c860486caec75306c49c6ebbfe6b9c0ae7e2c00ed,0+2,0,3,13,33,,
confirmation,2198,1f92fc9ca8d9fdec9cdc201c860486caec75306c49c6ebbfe6b9c0ae7e2c00ed,1+2,0,21,50,106,,
confirmation,2199,1f92fc9ca8d9fdec9cdc201c860486caec75306c49c6ebbfe6b9c0ae7e2c00ed,0+1+2,0,3,10,27,,
confirmation,2200,a0185237b18ce59a15746ac5c246ebc1514d97a5b8520a1ef04880a2c99ba40f,0+1,0,25,51,113,,
confirmation,2201,a0185237b18ce59a15746ac5c246ebc1514d97a5b8520a1ef04880a2c99ba40f,0+2,0,5,19,39,,
confirmation,2202,a0185237b18ce59a15746ac5c246ebc1514d97a5b8520a1ef04880a2c99ba40f,1+2,0,28,54,97,,
confirmation,2203,a0185237b18ce59a15746ac5c246ebc1514d97a5b8520a1ef04880a2c99ba40f,0+1+2,0,3,15,29,,
confirmation,2204,c446044605055a7d0515836d4f27256ab98f05bcac50e9133ad4468f8619bac8,0+1,0,23,53,112,,
confirmation,2205,c446044605055a7d0515836d4f27256ab98f05bcac50e9133ad4468f8619bac8,0+2,0,12,22,42,,
confirmation,2206,c446044605055a7d0515836d4f27256ab98f05bcac50e9133ad4468f8619bac8,1+2,0,25,54,113,,
confirmation,2207,c446044605055a7d0515836d4f27256ab98f05bcac50e9133ad4468f8619bac8,0+1+2,0,9,17,35,,
confirmation,2208,60c2a74ad7fc7732d9297b4d4c985c1b7cf507ea8a1bf3b1d05875fbc874c424,0+1,0,9,19,38,,
confirmation,2209,60c2a74ad7fc7732d9297b4d4c985c1b7cf507ea8a1bf3b1d05875fbc874c424,0+2,0,5,13,23,,
confirmation,2210,60c2a74ad7fc7732d9297b4d4c985c1b7cf507ea8a1bf3b1d05875fbc874c424,1+2,0,12,23,34,,
confirmation,2211,60c2a74ad7fc7732d9297b4d4c985c1b7cf507ea8a1bf3b1d05875fbc874c424,0+1+2,0,5,13,21,,
confirmation,2212,2a5e1a92a04d3bc305a22b245697790744ac92a4d2218f5e2db9b8c9e8196497,0+1,0,31,54,94,,
confirmation,2213,2a5e1a92a04d3bc305a22b245697790744ac92a4d2218f5e2db9b8c9e8196497,0+2,0,15,24,41,,
confirmation,2214,2a5e1a92a04d3bc305a22b245697790744ac92a4d2218f5e2db9b8c9e8196497,1+2,9,33,63,103,,
confirmation,2215,2a5e1a92a04d3bc305a22b245697790744ac92a4d2218f5e2db9b8c9e8196497,0+1+2,0,14,18,32,,
confirmation,2216,8e7a071df1f2616798fa02217ad98689aeb025a1722a07126ecc9e5797b891d9,0+1,0,20,50,90,,
confirmation,2217,8e7a071df1f2616798fa02217ad98689aeb025a1722a07126ecc9e5797b891d9,0+2,0,3,16,37,,
confirmation,2218,8e7a071df1f2616798fa02217ad98689aeb025a1722a07126ecc9e5797b891d9,1+2,1,22,45,92,,
confirmation,2219,8e7a071df1f2616798fa02217ad98689aeb025a1722a07126ecc9e5797b891d9,0+1+2,0,1,12,31,,
confirmation,2220,08c955ccc0df4401aac7a5fa08b5ea0cc6db6059c363951f6788b669a71211da,0+1,0,10,18,39,,
confirmation,2221,08c955ccc0df4401aac7a5fa08b5ea0cc6db6059c363951f6788b669a71211da,0+2,0,7,7,19,,
confirmation,2222,08c955ccc0df4401aac7a5fa08b5ea0cc6db6059c363951f6788b669a71211da,1+2,0,12,24,48,,
confirmation,2223,08c955ccc0df4401aac7a5fa08b5ea0cc6db6059c363951f6788b669a71211da,0+1+2,0,6,6,18,,
confirmation,2224,c9a87cf470a00d6a358086751a233c8a7290041c57d967186d52735d5c2f25ec,0+1,0,24,42,83,,
confirmation,2225,c9a87cf470a00d6a358086751a233c8a7290041c57d967186d52735d5c2f25ec,0+2,0,14,20,39,,
confirmation,2226,c9a87cf470a00d6a358086751a233c8a7290041c57d967186d52735d5c2f25ec,1+2,0,22,47,93,,
confirmation,2227,c9a87cf470a00d6a358086751a233c8a7290041c57d967186d52735d5c2f25ec,0+1+2,0,13,19,35,,
confirmation,2228,c472683ed5aab43467d155a03c5413a8a9bdaea4c3bd3af07f91212000838e68,0+1,0,13,24,46,,
confirmation,2229,c472683ed5aab43467d155a03c5413a8a9bdaea4c3bd3af07f91212000838e68,0+2,0,12,12,24,,
confirmation,2230,c472683ed5aab43467d155a03c5413a8a9bdaea4c3bd3af07f91212000838e68,1+2,0,12,15,39,,
confirmation,2231,c472683ed5aab43467d155a03c5413a8a9bdaea4c3bd3af07f91212000838e68,0+1+2,0,12,12,24,,
confirmation,2232,d612c6819ce827a56b90d9cfb079f2898ee09e9adc43e068bc3ffa17562cf549,0+1,0,30,52,109,,
confirmation,2233,d612c6819ce827a56b90d9cfb079f2898ee09e9adc43e068bc3ffa17562cf549,0+2,0,13,19,43,,
confirmation,2234,d612c6819ce827a56b90d9cfb079f2898ee09e9adc43e068bc3ffa17562cf549,1+2,0,24,45,105,,
confirmation,2235,d612c6819ce827a56b90d9cfb079f2898ee09e9adc43e068bc3ffa17562cf549,0+1+2,0,13,15,32,,
confirmation,2236,88ae02db9c3d69a97dda7c62bb45819688abfbaa51020f028c54209ac2117a3f,0+1,0,20,38,78,,
confirmation,2237,88ae02db9c3d69a97dda7c62bb45819688abfbaa51020f028c54209ac2117a3f,0+2,0,13,17,36,,
confirmation,2238,88ae02db9c3d69a97dda7c62bb45819688abfbaa51020f028c54209ac2117a3f,1+2,0,22,42,86,,
confirmation,2239,88ae02db9c3d69a97dda7c62bb45819688abfbaa51020f028c54209ac2117a3f,0+1+2,0,12,13,31,,
confirmation,2240,35345264dd860d0a2c17a371f64e2df2402e8f121c1e92e819c69ce3e71452af,0+1,8,40,63,114,,
confirmation,2241,35345264dd860d0a2c17a371f64e2df2402e8f121c1e92e819c69ce3e71452af,0+2,0,13,20,39,,
confirmation,2242,35345264dd860d0a2c17a371f64e2df2402e8f121c1e92e819c69ce3e71452af,1+2,0,30,60,109,,
confirmation,2243,35345264dd860d0a2c17a371f64e2df2402e8f121c1e92e819c69ce3e71452af,0+1+2,0,12,18,33,,
confirmation,2244,0992c6005632010dd60bb6a81124cff63b3d840b306add0bdf24957ff4594dc2,0+1,9,33,59,94,,
confirmation,2245,0992c6005632010dd60bb6a81124cff63b3d840b306add0bdf24957ff4594dc2,0+2,0,5,18,33,,
confirmation,2246,0992c6005632010dd60bb6a81124cff63b3d840b306add0bdf24957ff4594dc2,1+2,0,22,43,82,,
confirmation,2247,0992c6005632010dd60bb6a81124cff63b3d840b306add0bdf24957ff4594dc2,0+1+2,0,4,15,25,,
confirmation,2248,ea4ca947a438f24b1d1150aab21b1e2e60b2e042198508c512ddc2f4311b7eea,0+1,6,32,69,121,,
confirmation,2249,ea4ca947a438f24b1d1150aab21b1e2e60b2e042198508c512ddc2f4311b7eea,0+2,2,10,22,42,,
confirmation,2250,ea4ca947a438f24b1d1150aab21b1e2e60b2e042198508c512ddc2f4311b7eea,1+2,0,31,61,112,,
confirmation,2251,ea4ca947a438f24b1d1150aab21b1e2e60b2e042198508c512ddc2f4311b7eea,0+1+2,0,6,17,31,,
confirmation,2252,fdebbfd8a2d188891b01a7fb58f17baa5e424aff25e239e7464fe313deb07957,0+1,0,28,66,117,,
confirmation,2253,fdebbfd8a2d188891b01a7fb58f17baa5e424aff25e239e7464fe313deb07957,0+2,0,9,20,41,,
confirmation,2254,fdebbfd8a2d188891b01a7fb58f17baa5e424aff25e239e7464fe313deb07957,1+2,10,38,68,119,,
confirmation,2255,fdebbfd8a2d188891b01a7fb58f17baa5e424aff25e239e7464fe313deb07957,0+1+2,0,8,18,33,,
confirmation,2256,310500bb4bdcc36cf024092f8a38904eb8fb7c2dce2ca05b3cf2549e299b9704,0+1,0,17,38,65,,
confirmation,2257,310500bb4bdcc36cf024092f8a38904eb8fb7c2dce2ca05b3cf2549e299b9704,0+2,0,12,21,31,,
confirmation,2258,310500bb4bdcc36cf024092f8a38904eb8fb7c2dce2ca05b3cf2549e299b9704,1+2,0,16,27,51,,
confirmation,2259,310500bb4bdcc36cf024092f8a38904eb8fb7c2dce2ca05b3cf2549e299b9704,0+1+2,0,8,17,26,,
confirmation,2260,d354a24d625c2cebbaa49c064be6f68c4157d7f89d3299e630e311ee97871c05,0+1,0,8,18,19,,
confirmation,2261,d354a24d625c2cebbaa49c064be6f68c4157d7f89d3299e630e311ee97871c05,0+2,0,3,12,12,,
confirmation,2262,d354a24d625c2cebbaa49c064be6f68c4157d7f89d3299e630e311ee97871c05,1+2,0,12,24,24,,
confirmation,2263,d354a24d625c2cebbaa49c064be6f68c4157d7f89d3299e630e311ee97871c05,0+1+2,0,3,12,12,,
confirmation,2264,c450f7534561365818bfe7d51aac453987d42ece4d7d0b07b2958059a8dbfc8d,0+1,0,39,64,117,,
confirmation,2265,c450f7534561365818bfe7d51aac453987d42ece4d7d0b07b2958059a8dbfc8d,0+2,0,13,20,42,,
confirmation,2266,c450f7534561365818bfe7d51aac453987d42ece4d7d0b07b2958059a8dbfc8d,1+2,0,28,58,112,,
confirmation,2267,c450f7534561365818bfe7d51aac453987d42ece4d7d0b07b2958059a8dbfc8d,0+1+2,0,12,17,34,,
confirmation,2268,7415ad0b61893b1f0ca54db5687d7e77685c99a32933035beadbf76c9bfa805f,0+1,0,12,20,56,,
confirmation,2269,7415ad0b61893b1f0ca54db5687d7e77685c99a32933035beadbf76c9bfa805f,0+2,0,8,12,26,,
confirmation,2270,7415ad0b61893b1f0ca54db5687d7e77685c99a32933035beadbf76c9bfa805f,1+2,0,12,23,47,,
confirmation,2271,7415ad0b61893b1f0ca54db5687d7e77685c99a32933035beadbf76c9bfa805f,0+1+2,0,8,12,25,,
confirmation,2272,67a55e32d5fb172a43343e8f869a7a45d591071e845fa5763a5a12823465f8c6,0+1,6,30,62,102,,
confirmation,2273,67a55e32d5fb172a43343e8f869a7a45d591071e845fa5763a5a12823465f8c6,0+2,0,9,23,41,,
confirmation,2274,67a55e32d5fb172a43343e8f869a7a45d591071e845fa5763a5a12823465f8c6,1+2,0,31,61,103,,
confirmation,2275,67a55e32d5fb172a43343e8f869a7a45d591071e845fa5763a5a12823465f8c6,0+1+2,0,6,19,32,,
confirmation,2276,06ee49d44c592974c12470789ef273c9bef6e28919bd1e7a436a01ea12f31c8f,0+1,0,12,21,23,,
confirmation,2277,06ee49d44c592974c12470789ef273c9bef6e28919bd1e7a436a01ea12f31c8f,0+2,0,6,13,13,,
confirmation,2278,06ee49d44c592974c12470789ef273c9bef6e28919bd1e7a436a01ea12f31c8f,1+2,0,11,24,24,,
confirmation,2279,06ee49d44c592974c12470789ef273c9bef6e28919bd1e7a436a01ea12f31c8f,0+1+2,0,6,13,13,,
confirmation,2280,d68c7ae4a9bc6cec6dc1a3f2a3188f9a88a94ef2f7c2b1242eb203e5e0835a74,0+1,6,24,42,96,,
confirmation,2281,d68c7ae4a9bc6cec6dc1a3f2a3188f9a88a94ef2f7c2b1242eb203e5e0835a74,0+2,4,17,26,51,,
confirmation,2282,d68c7ae4a9bc6cec6dc1a3f2a3188f9a88a94ef2f7c2b1242eb203e5e0835a74,1+2,10,34,58,106,,
confirmation,2283,d68c7ae4a9bc6cec6dc1a3f2a3188f9a88a94ef2f7c2b1242eb203e5e0835a74,0+1+2,4,14,23,42,,
confirmation,2284,4bd3451d1f623400e3e43ea2d8b8e541adf40249e2f6ee9dcde0eba64131b86a,0+1,6,24,44,97,,
confirmation,2285,4bd3451d1f623400e3e43ea2d8b8e541adf40249e2f6ee9dcde0eba64131b86a,0+2,1,10,22,43,,
confirmation,2286,4bd3451d1f623400e3e43ea2d8b8e541adf40249e2f6ee9dcde0eba64131b86a,1+2,7,28,50,93,,
confirmation,2287,4bd3451d1f623400e3e43ea2d8b8e541adf40249e2f6ee9dcde0eba64131b86a,0+1+2,1,9,19,35,,
confirmation,2288,522b2f640a1c60482e03c4b76f4021d6bd29228a1087a731dc891f58108e90f2,0+1,4,22,44,102,,
confirmation,2289,522b2f640a1c60482e03c4b76f4021d6bd29228a1087a731dc891f58108e90f2,0+2,0,8,21,42,,
confirmation,2290,522b2f640a1c60482e03c4b76f4021d6bd29228a1087a731dc891f58108e90f2,1+2,1,25,48,91,,
confirmation,2291,522b2f640a1c60482e03c4b76f4021d6bd29228a1087a731dc891f58108e90f2,0+1+2,0,7,19,37,,
confirmation,2292,9c45bb6bcd16268c0889c10bf33cb5e65af91d415979e15b6bbbdd620173b912,0+1,10,27,45,97,,
confirmation,2293,9c45bb6bcd16268c0889c10bf33cb5e65af91d415979e15b6bbbdd620173b912,0+2,11,17,29,53,,
confirmation,2294,9c45bb6bcd16268c0889c10bf33cb5e65af91d415979e15b6bbbdd620173b912,1+2,11,31,53,109,,
confirmation,2295,9c45bb6bcd16268c0889c10bf33cb5e65af91d415979e15b6bbbdd620173b912,0+1+2,10,16,26,43,,
confirmation,2296,832c5ed9a6911fd8f4fbab10efbbccd3b04f7a5e908c3ffceb1c6ee04d358424,0+1,0,9,18,38,,
confirmation,2297,832c5ed9a6911fd8f4fbab10efbbccd3b04f7a5e908c3ffceb1c6ee04d358424,0+2,0,7,12,22,,
confirmation,2298,832c5ed9a6911fd8f4fbab10efbbccd3b04f7a5e908c3ffceb1c6ee04d358424,1+2,0,11,21,31,,
confirmation,2299,832c5ed9a6911fd8f4fbab10efbbccd3b04f7a5e908c3ffceb1c6ee04d358424,0+1+2,0,7,12,20,,
confirmation,2300,a3394442894dec332d40f220d57a24352685a8275bc65795d8936e1ecb74de9a,0+1,0,23,39,83,,
confirmation,2301,a3394442894dec332d40f220d57a24352685a8275bc65795d8936e1ecb74de9a,0+2,0,11,19,39,,
confirmation,2302,a3394442894dec332d40f220d57a24352685a8275bc65795d8936e1ecb74de9a,1+2,0,21,35,78,,
confirmation,2303,a3394442894dec332d40f220d57a24352685a8275bc65795d8936e1ecb74de9a,0+1+2,0,10,13,32,,
confirmation,2304,d99681648659bf61e8ed174d4daa0f50c23c130e430232f338547f3c6a1982f9,0+1,10,25,38,79,,
confirmation,2305,d99681648659bf61e8ed174d4daa0f50c23c130e430232f338547f3c6a1982f9,0+2,0,1,11,30,,
confirmation,2306,d99681648659bf61e8ed174d4daa0f50c23c130e430232f338547f3c6a1982f9,1+2,0,11,23,66,,
confirmation,2307,d99681648659bf61e8ed174d4daa0f50c23c130e430232f338547f3c6a1982f9,0+1+2,0,1,11,27,,
confirmation,2308,a7d313d78df1a0e4c4f75909e0794334b3e159159f620f03738e095f166bbce6,0+1,0,30,49,106,,
confirmation,2309,a7d313d78df1a0e4c4f75909e0794334b3e159159f620f03738e095f166bbce6,0+2,0,8,17,38,,
confirmation,2310,a7d313d78df1a0e4c4f75909e0794334b3e159159f620f03738e095f166bbce6,1+2,9,35,55,112,,
confirmation,2311,a7d313d78df1a0e4c4f75909e0794334b3e159159f620f03738e095f166bbce6,0+1+2,0,6,10,28,,
confirmation,2312,c1cb2de3e1dc421452b5f6117e4b3b1cd2cf1ad950623391823fe3fedccf759e,0+1,0,20,51,92,,
confirmation,2313,c1cb2de3e1dc421452b5f6117e4b3b1cd2cf1ad950623391823fe3fedccf759e,0+2,0,10,20,32,,
confirmation,2314,c1cb2de3e1dc421452b5f6117e4b3b1cd2cf1ad950623391823fe3fedccf759e,1+2,5,32,63,102,,
confirmation,2315,c1cb2de3e1dc421452b5f6117e4b3b1cd2cf1ad950623391823fe3fedccf759e,0+1+2,0,6,16,26,,
confirmation,2316,0ab9755cd6a897444af838423ad2c27de3a1649af24750607fd8d7167b4deed2,0+1,7,28,47,93,,
confirmation,2317,0ab9755cd6a897444af838423ad2c27de3a1649af24750607fd8d7167b4deed2,0+2,0,5,10,27,,
confirmation,2318,0ab9755cd6a897444af838423ad2c27de3a1649af24750607fd8d7167b4deed2,1+2,0,20,36,88,,
confirmation,2319,0ab9755cd6a897444af838423ad2c27de3a1649af24750607fd8d7167b4deed2,0+1+2,0,1,5,17,,
confirmation,2320,8efa3df26fa55dff1ce280460887f4fdcd58b4255bcfcfe3ecaf2c14f5d286fa,0+1,0,13,21,39,,
confirmation,2321,8efa3df26fa55dff1ce280460887f4fdcd58b4255bcfcfe3ecaf2c14f5d286fa,0+2,0,8,12,25,,
confirmation,2322,8efa3df26fa55dff1ce280460887f4fdcd58b4255bcfcfe3ecaf2c14f5d286fa,1+2,0,11,22,37,,
confirmation,2323,8efa3df26fa55dff1ce280460887f4fdcd58b4255bcfcfe3ecaf2c14f5d286fa,0+1+2,0,8,12,24,,
confirmation,2324,8765e3c584d562908210d1a3ec5008a16c6392492e5e1d2573ac3fde1e3678de,0+1,0,22,54,117,,
confirmation,2325,8765e3c584d562908210d1a3ec5008a16c6392492e5e1d2573ac3fde1e3678de,0+2,0,10,21,42,,
confirmation,2326,8765e3c584d562908210d1a3ec5008a16c6392492e5e1d2573ac3fde1e3678de,1+2,0,25,55,104,,
confirmation,2327,8765e3c584d562908210d1a3ec5008a16c6392492e5e1d2573ac3fde1e3678de,0+1+2,0,6,17,34,,
confirmation,2328,4034ceecf1c9b07d66390b33eb17c803492c23b93ee86ca8ae755df5dae0d597,0+1,9,33,58,92,,
confirmation,2329,4034ceecf1c9b07d66390b33eb17c803492c23b93ee86ca8ae755df5dae0d597,0+2,1,10,24,37,,
confirmation,2330,4034ceecf1c9b07d66390b33eb17c803492c23b93ee86ca8ae755df5dae0d597,1+2,0,32,58,100,,
confirmation,2331,4034ceecf1c9b07d66390b33eb17c803492c23b93ee86ca8ae755df5dae0d597,0+1+2,0,5,17,27,,
confirmation,2332,f22081c6c81565ce98272aa2688721567bd5cb6382cf3dc504dd1cca8065ca75,0+1,0,34,56,98,,
confirmation,2333,f22081c6c81565ce98272aa2688721567bd5cb6382cf3dc504dd1cca8065ca75,0+2,0,15,23,44,,
confirmation,2334,f22081c6c81565ce98272aa2688721567bd5cb6382cf3dc504dd1cca8065ca75,1+2,0,28,48,95,,
confirmation,2335,f22081c6c81565ce98272aa2688721567bd5cb6382cf3dc504dd1cca8065ca75,0+1+2,0,14,19,37,,
confirmation,2336,2cbe8f5a564c0979463b0f21ba21362c8625da2e55ad98d640b01967762ad66a,0+1,0,31,53,96,,
confirmation,2337,2cbe8f5a564c0979463b0f21ba21362c8625da2e55ad98d640b01967762ad66a,0+2,0,14,20,38,,
confirmation,2338,2cbe8f5a564c0979463b0f21ba21362c8625da2e55ad98d640b01967762ad66a,1+2,0,23,44,85,,
confirmation,2339,2cbe8f5a564c0979463b0f21ba21362c8625da2e55ad98d640b01967762ad66a,0+1+2,0,13,16,28,,
confirmation,2340,78ae11a52d93aed514cce00a582d9d5552eb34dfa5a469447a3ca9770e85e8f1,0+1,5,20,37,72,,
confirmation,2341,78ae11a52d93aed514cce00a582d9d5552eb34dfa5a469447a3ca9770e85e8f1,0+2,0,10,13,28,,
confirmation,2342,78ae11a52d93aed514cce00a582d9d5552eb34dfa5a469447a3ca9770e85e8f1,1+2,0,11,22,63,,
confirmation,2343,78ae11a52d93aed514cce00a582d9d5552eb34dfa5a469447a3ca9770e85e8f1,0+1+2,0,8,8,21,,
confirmation,2344,5781a2649264e9c43639aa625d6a3ed999bffa1164edc00e8a5917931d8d5c24,0+1,0,21,40,79,,
confirmation,2345,5781a2649264e9c43639aa625d6a3ed999bffa1164edc00e8a5917931d8d5c24,0+2,0,15,22,43,,
confirmation,2346,5781a2649264e9c43639aa625d6a3ed999bffa1164edc00e8a5917931d8d5c24,1+2,0,24,46,89,,
confirmation,2347,5781a2649264e9c43639aa625d6a3ed999bffa1164edc00e8a5917931d8d5c24,0+1+2,0,13,19,36,,
confirmation,2348,71587be839bf433ba9c1baff94cee81684ee37db434c34f5bd16505357453f4f,0+1,12,43,68,110,,
confirmation,2349,71587be839bf433ba9c1baff94cee81684ee37db434c34f5bd16505357453f4f,0+2,9,22,33,54,,
confirmation,2350,71587be839bf433ba9c1baff94cee81684ee37db434c34f5bd16505357453f4f,1+2,10,23,38,84,,
confirmation,2351,71587be839bf433ba9c1baff94cee81684ee37db434c34f5bd16505357453f4f,0+1+2,9,20,27,46,,
confirmation,2352,a43100744a9725270957d1777390b68dc9b7c180ddb4353792fc4485e4400a1a,0+1,0,23,45,86,,
confirmation,2353,a43100744a9725270957d1777390b68dc9b7c180ddb4353792fc4485e4400a1a,0+2,0,5,19,38,,
confirmation,2354,a43100744a9725270957d1777390b68dc9b7c180ddb4353792fc4485e4400a1a,1+2,0,23,46,92,,
confirmation,2355,a43100744a9725270957d1777390b68dc9b7c180ddb4353792fc4485e4400a1a,0+1+2,0,5,18,35,,
confirmation,2356,43a61c86a48ffd89153daa3c21b265565147a59c9f5feff4d101fc88a64534a0,0+1,0,16,34,72,,
confirmation,2357,43a61c86a48ffd89153daa3c21b265565147a59c9f5feff4d101fc88a64534a0,0+2,0,11,12,31,,
confirmation,2358,43a61c86a48ffd89153daa3c21b265565147a59c9f5feff4d101fc88a64534a0,1+2,4,26,46,91,,
confirmation,2359,43a61c86a48ffd89153daa3c21b265565147a59c9f5feff4d101fc88a64534a0,0+1+2,0,9,10,27,,
confirmation,2360,2b72e946701f973815f2ae5a55f39e7c6a03f35823fdfc5c3686d71801c3290b,0+1,0,32,55,96,,
confirmation,2361,2b72e946701f973815f2ae5a55f39e7c6a03f35823fdfc5c3686d71801c3290b,0+2,0,12,21,39,,
confirmation,2362,2b72e946701f973815f2ae5a55f39e7c6a03f35823fdfc5c3686d71801c3290b,1+2,8,37,67,108,,
confirmation,2363,2b72e946701f973815f2ae5a55f39e7c6a03f35823fdfc5c3686d71801c3290b,0+1+2,0,12,19,34,,
confirmation,2364,f5b9eca6509ab6214e1b1583ec017c7d36ce896b786fc7b13d4db97fc718d874,0+1,0,15,29,68,,
confirmation,2365,f5b9eca6509ab6214e1b1583ec017c7d36ce896b786fc7b13d4db97fc718d874,0+2,0,0,14,35,,
confirmation,2366,f5b9eca6509ab6214e1b1583ec017c7d36ce896b786fc7b13d4db97fc718d874,1+2,0,11,25,67,,
confirmation,2367,f5b9eca6509ab6214e1b1583ec017c7d36ce896b786fc7b13d4db97fc718d874,0+1+2,0,0,14,33,,
confirmation,2368,c2fa88146ed843a779b40e1f55f18e5024e4a3c493de62aa383aa7a7fb09ef53,0+1,0,30,58,112,,
confirmation,2369,c2fa88146ed843a779b40e1f55f18e5024e4a3c493de62aa383aa7a7fb09ef53,0+2,0,4,13,35,,
confirmation,2370,c2fa88146ed843a779b40e1f55f18e5024e4a3c493de62aa383aa7a7fb09ef53,1+2,0,21,43,99,,
confirmation,2371,c2fa88146ed843a779b40e1f55f18e5024e4a3c493de62aa383aa7a7fb09ef53,0+1+2,0,4,10,28,,
confirmation,2372,6378b6c2709d16189aba303720325370c085c0159b49e7de382d241c1bcf1dd4,0+1,0,9,20,43,,
confirmation,2373,6378b6c2709d16189aba303720325370c085c0159b49e7de382d241c1bcf1dd4,0+2,0,0,12,26,,
confirmation,2374,6378b6c2709d16189aba303720325370c085c0159b49e7de382d241c1bcf1dd4,1+2,0,11,23,45,,
confirmation,2375,6378b6c2709d16189aba303720325370c085c0159b49e7de382d241c1bcf1dd4,0+1+2,0,0,10,24,,
confirmation,2376,d1f62796e3e0cf40b1e9bedb05e050b51754703093d387db974e91cb5934fc5a,0+1,0,29,60,109,,
confirmation,2377,d1f62796e3e0cf40b1e9bedb05e050b51754703093d387db974e91cb5934fc5a,0+2,0,9,23,40,,
confirmation,2378,d1f62796e3e0cf40b1e9bedb05e050b51754703093d387db974e91cb5934fc5a,1+2,0,31,59,111,,
confirmation,2379,d1f62796e3e0cf40b1e9bedb05e050b51754703093d387db974e91cb5934fc5a,0+1+2,0,5,17,29,,
confirmation,2380,df10907c53e710187644ff523edb13f084286bdeb71180991401a4e62d17e18e,0+1,0,19,48,97,,
confirmation,2381,df10907c53e710187644ff523edb13f084286bdeb71180991401a4e62d17e18e,0+2,0,7,21,38,,
confirmation,2382,df10907c53e710187644ff523edb13f084286bdeb71180991401a4e62d17e18e,1+2,6,26,51,97,,
confirmation,2383,df10907c53e710187644ff523edb13f084286bdeb71180991401a4e62d17e18e,0+1+2,0,1,13,27,,
confirmation,2384,fee637ae633b5760e357c5bfd160e6cd68a217ba25f79c301a589d44f7a798a8,0+1,6,24,44,78,,
confirmation,2385,fee637ae633b5760e357c5bfd160e6cd68a217ba25f79c301a589d44f7a798a8,0+2,1,9,22,34,,
confirmation,2386,fee637ae633b5760e357c5bfd160e6cd68a217ba25f79c301a589d44f7a798a8,1+2,0,24,47,91,,
confirmation,2387,fee637ae633b5760e357c5bfd160e6cd68a217ba25f79c301a589d44f7a798a8,0+1+2,0,8,19,30,,
confirmation,2388,d0f8027ea1684300372a6f819e76b6fcf84227c498681491d62a5a90a7824dde,0+1,0,28,45,99,,
confirmation,2389,d0f8027ea1684300372a6f819e76b6fcf84227c498681491d62a5a90a7824dde,0+2,0,2,9,29,,
confirmation,2390,d0f8027ea1684300372a6f819e76b6fcf84227c498681491d62a5a90a7824dde,1+2,0,18,37,93,,
confirmation,2391,d0f8027ea1684300372a6f819e76b6fcf84227c498681491d62a5a90a7824dde,0+1+2,0,2,8,23,,
confirmation,2392,087e6ef12b5c07b8cebb54bfab4412e1ac98c7c66586fa96c5d54e6799b51da4,0+1,0,30,53,115,,
confirmation,2393,087e6ef12b5c07b8cebb54bfab4412e1ac98c7c66586fa96c5d54e6799b51da4,0+2,0,14,20,41,,
confirmation,2394,087e6ef12b5c07b8cebb54bfab4412e1ac98c7c66586fa96c5d54e6799b51da4,1+2,0,31,58,104,,
confirmation,2395,087e6ef12b5c07b8cebb54bfab4412e1ac98c7c66586fa96c5d54e6799b51da4,0+1+2,0,13,16,32,,
confirmation,2396,97316158a43ad9042cd726dd4a6bfe3489cdc79f0f62ae14763c23944a2731b8,0+1,0,23,52,89,,
confirmation,2397,97316158a43ad9042cd726dd4a6bfe3489cdc79f0f62ae14763c23944a2731b8,0+2,0,12,24,36,,
confirmation,2398,97316158a43ad9042cd726dd4a6bfe3489cdc79f0f62ae14763c23944a2731b8,1+2,0,25,56,97,,
confirmation,2399,97316158a43ad9042cd726dd4a6bfe3489cdc79f0f62ae14763c23944a2731b8,0+1+2,0,9,18,28,,
confirmation,2400,11d5943558c615b3e8cac3d1142a3a5d3530a7f4011d1d46d1d1172c95061613,0+1,0,8,20,40,,
confirmation,2401,11d5943558c615b3e8cac3d1142a3a5d3530a7f4011d1d46d1d1172c95061613,0+2,0,1,13,23,,
confirmation,2402,11d5943558c615b3e8cac3d1142a3a5d3530a7f4011d1d46d1d1172c95061613,1+2,0,11,25,48,,
confirmation,2403,11d5943558c615b3e8cac3d1142a3a5d3530a7f4011d1d46d1d1172c95061613,0+1+2,0,1,13,23,,
confirmation,2404,f3f5b35907fc790d857b9f77621a3f1adf4a52ff13b091046ee35c7f761a476f,0+1,2,28,56,91,,
confirmation,2405,f3f5b35907fc790d857b9f77621a3f1adf4a52ff13b091046ee35c7f761a476f,0+2,1,11,26,45,,
confirmation,2406,f3f5b35907fc790d857b9f77621a3f1adf4a52ff13b091046ee35c7f761a476f,1+2,11,34,64,109,,
confirmation,2407,f3f5b35907fc790d857b9f77621a3f1adf4a52ff13b091046ee35c7f761a476f,0+1+2,1,10,21,38,,
confirmation,2408,7f19f94f4bb6f922316035a016b448f252d8d76d094d3e93c184b5c9e840e747,0+1,11,41,67,105,,
confirmation,2409,7f19f94f4bb6f922316035a016b448f252d8d76d094d3e93c184b5c9e840e747,0+2,5,18,29,50,,
confirmation,2410,7f19f94f4bb6f922316035a016b448f252d8d76d094d3e93c184b5c9e840e747,1+2,7,29,54,101,,
confirmation,2411,7f19f94f4bb6f922316035a016b448f252d8d76d094d3e93c184b5c9e840e747,0+1+2,5,16,24,42,,
confirmation,2412,bb612799cbe14493965d64cfdd42ab42a814b9de2f13e2d1faa98da81825e391,0+1,9,35,62,100,,
confirmation,2413,bb612799cbe14493965d64cfdd42ab42a814b9de2f13e2d1faa98da81825e391,0+2,3,16,27,49,,
confirmation,2414,bb612799cbe14493965d64cfdd42ab42a814b9de2f13e2d1faa98da81825e391,1+2,6,29,54,101,,
confirmation,2415,bb612799cbe14493965d64cfdd42ab42a814b9de2f13e2d1faa98da81825e391,0+1+2,3,13,22,42,,
confirmation,2416,2daa205c195f2ebf870f71e6046476a0fce8a7033ba29c6d41c7284d51d87ea3,0+1,0,22,39,62,,
confirmation,2417,2daa205c195f2ebf870f71e6046476a0fce8a7033ba29c6d41c7284d51d87ea3,0+2,0,10,21,32,,
confirmation,2418,2daa205c195f2ebf870f71e6046476a0fce8a7033ba29c6d41c7284d51d87ea3,1+2,0,22,44,68,,
confirmation,2419,2daa205c195f2ebf870f71e6046476a0fce8a7033ba29c6d41c7284d51d87ea3,0+1+2,0,10,18,28,,
confirmation,2420,42958881dea97f312b219d91ef62dd9c26ac89873185a154443a11f4ccd3c5b7,0+1,0,25,47,104,,
confirmation,2421,42958881dea97f312b219d91ef62dd9c26ac89873185a154443a11f4ccd3c5b7,0+2,0,13,20,42,,
confirmation,2422,42958881dea97f312b219d91ef62dd9c26ac89873185a154443a11f4ccd3c5b7,1+2,0,21,43,87,,
confirmation,2423,42958881dea97f312b219d91ef62dd9c26ac89873185a154443a11f4ccd3c5b7,0+1+2,0,12,16,32,,
confirmation,2424,4a87e88cfddea13b92345f70b7f041db922994627fc9cbd3ba5d801e694547f6,0+1,0,35,58,99,,
confirmation,2425,4a87e88cfddea13b92345f70b7f041db922994627fc9cbd3ba5d801e694547f6,0+2,0,13,21,40,,
confirmation,2426,4a87e88cfddea13b92345f70b7f041db922994627fc9cbd3ba5d801e694547f6,1+2,0,24,43,86,,
confirmation,2427,4a87e88cfddea13b92345f70b7f041db922994627fc9cbd3ba5d801e694547f6,0+1+2,0,12,16,31,,
confirmation,2428,664104289e831cef09ebb8a7e5e1497afd3cdb50e854c54f05fbb7cb797f935e,0+1,0,9,20,38,,
confirmation,2429,664104289e831cef09ebb8a7e5e1497afd3cdb50e854c54f05fbb7cb797f935e,0+2,0,10,11,23,,
confirmation,2430,664104289e831cef09ebb8a7e5e1497afd3cdb50e854c54f05fbb7cb797f935e,1+2,0,11,22,44,,
confirmation,2431,664104289e831cef09ebb8a7e5e1497afd3cdb50e854c54f05fbb7cb797f935e,0+1+2,0,9,10,22,,
confirmation,2432,382f5aff523a30b114ee172416dc90db73506b491d6d35be8451a17d22b95577,0+1,0,20,49,112,,
confirmation,2433,382f5aff523a30b114ee172416dc90db73506b491d6d35be8451a17d22b95577,0+2,0,11,19,42,,
confirmation,2434,382f5aff523a30b114ee172416dc90db73506b491d6d35be8451a17d22b95577,1+2,2,27,52,103,,
confirmation,2435,382f5aff523a30b114ee172416dc90db73506b491d6d35be8451a17d22b95577,0+1+2,0,8,14,32,,
confirmation,2436,630f5d9c5aac044269796ecc42f844e6cbafefcce710ac35f54d13b14f9e5d22,0+1,0,23,44,102,,
confirmation,2437,630f5d9c5aac044269796ecc42f844e6cbafefcce710ac35f54d13b14f9e5d22,0+2,0,3,13,37,,
confirmation,2438,630f5d9c5aac044269796ecc42f844e6cbafefcce710ac35f54d13b14f9e5d22,1+2,0,24,54,114,,
confirmation,2439,630f5d9c5aac044269796ecc42f844e6cbafefcce710ac35f54d13b14f9e5d22,0+1+2,0,1,11,29,,
confirmation,2440,0ea56c9b17fae7539191141d198d1bf60c989e74e86655fe989b062f9a2e19f3,0+1,6,38,59,110,,
confirmation,2441,0ea56c9b17fae7539191141d198d1bf60c989e74e86655fe989b062f9a2e19f3,0+2,1,15,25,44,,
confirmation,2442,0ea56c9b17fae7539191141d198d1bf60c989e74e86655fe989b062f9a2e19f3,1+2,0,26,57,101,,
confirmation,2443,0ea56c9b17fae7539191141d198d1bf60c989e74e86655fe989b062f9a2e19f3,0+1+2,0,13,19,34,,
confirmation,2444,92bfd03f1d9c1ab026c60ae5214abd1566759727717ee9733d1af281211b32dd,0+1,0,21,52,116,,
confirmation,2445,92bfd03f1d9c1ab026c60ae5214abd1566759727717ee9733d1af281211b32dd,0+2,0,11,21,42,,
confirmation,2446,92bfd03f1d9c1ab026c60ae5214abd1566759727717ee9733d1af281211b32dd,1+2,7,24,52,103,,
confirmation,2447,92bfd03f1d9c1ab026c60ae5214abd1566759727717ee9733d1af281211b32dd,0+1+2,0,7,16,34,,
confirmation,2448,46904b62a82703d07b11b75a7fe8c48e937d1a3aa68210f73c05a7c52581db67,0+1,0,27,53,98,,
confirmation,2449,46904b62a82703d07b11b75a7fe8c48e937d1a3aa68210f73c05a7c52581db67,0+2,0,14,17,34,,
confirmation,2450,46904b62a82703d07b11b75a7fe8c48e937d1a3aa68210f73c05a7c52581db67,1+2,0,25,44,97,,
confirmation,2451,46904b62a82703d07b11b75a7fe8c48e937d1a3aa68210f73c05a7c52581db67,0+1+2,0,13,13,26,,
confirmation,2452,da568bb3f167232d6430fb4a8f2361c9b8b383c32954c3d07e75a056b53d143f,0+1,0,21,50,110,,
confirmation,2453,da568bb3f167232d6430fb4a8f2361c9b8b383c32954c3d07e75a056b53d143f,0+2,0,7,18,39,,
confirmation,2454,da568bb3f167232d6430fb4a8f2361c9b8b383c32954c3d07e75a056b53d143f,1+2,0,25,54,107,,
confirmation,2455,da568bb3f167232d6430fb4a8f2361c9b8b383c32954c3d07e75a056b53d143f,0+1+2,0,3,14,31,,
confirmation,2456,4537bdbd5cc5a47eea37ee7c1e45496af2d0f4a9b68fe8d5d4237cc3e43efe95,0+1,8,37,56,107,,
confirmation,2457,4537bdbd5cc5a47eea37ee7c1e45496af2d0f4a9b68fe8d5d4237cc3e43efe95,0+2,0,2,11,34,,
confirmation,2458,4537bdbd5cc5a47eea37ee7c1e45496af2d0f4a9b68fe8d5d4237cc3e43efe95,1+2,0,19,40,98,,
confirmation,2459,4537bdbd5cc5a47eea37ee7c1e45496af2d0f4a9b68fe8d5d4237cc3e43efe95,0+1+2,0,2,10,27,,
confirmation,2460,a2158ee64884ad559f1cf61b254b38d951c54b80bd124857dccb1076228b4aed,0+1,0,21,52,109,,
confirmation,2461,a2158ee64884ad559f1cf61b254b38d951c54b80bd124857dccb1076228b4aed,0+2,0,12,20,41,,
confirmation,2462,a2158ee64884ad559f1cf61b254b38d951c54b80bd124857dccb1076228b4aed,1+2,10,31,51,110,,
confirmation,2463,a2158ee64884ad559f1cf61b254b38d951c54b80bd124857dccb1076228b4aed,0+1+2,0,8,16,34,,
confirmation,2464,cb9385ee843ede0a11827b0a5ea128a3f20ccc283d1f62f3d8c12acb1f42f2e8,0+1,0,29,50,104,,
confirmation,2465,cb9385ee843ede0a11827b0a5ea128a3f20ccc283d1f62f3d8c12acb1f42f2e8,0+2,0,6,18,38,,
confirmation,2466,cb9385ee843ede0a11827b0a5ea128a3f20ccc283d1f62f3d8c12acb1f42f2e8,1+2,12,32,54,114,,
confirmation,2467,cb9385ee843ede0a11827b0a5ea128a3f20ccc283d1f62f3d8c12acb1f42f2e8,0+1+2,0,6,15,33,,
confirmation,2468,0ec31ac8f43b2d7b615de6a9690a9dae2ab63d923b72e57d99907aa10fb892fb,0+1,0,17,40,77,,
confirmation,2469,0ec31ac8f43b2d7b615de6a9690a9dae2ab63d923b72e57d99907aa10fb892fb,0+2,0,4,18,34,,
confirmation,2470,0ec31ac8f43b2d7b615de6a9690a9dae2ab63d923b72e57d99907aa10fb892fb,1+2,9,30,53,93,,
confirmation,2471,0ec31ac8f43b2d7b615de6a9690a9dae2ab63d923b72e57d99907aa10fb892fb,0+1+2,0,2,15,26,,
confirmation,2472,47f217e214fd97d37d66791f35539bc11c7319e3051856db406529f5e889ecb9,0+1,0,34,56,97,,
confirmation,2473,47f217e214fd97d37d66791f35539bc11c7319e3051856db406529f5e889ecb9,0+2,0,14,20,41,,
confirmation,2474,47f217e214fd97d37d66791f35539bc11c7319e3051856db406529f5e889ecb9,1+2,1,25,46,89,,
confirmation,2475,47f217e214fd97d37d66791f35539bc11c7319e3051856db406529f5e889ecb9,0+1+2,0,14,16,34,,
confirmation,2476,60b41b3986a25e6c26bc6ae600f83dac7821c256e1ea0a08d5d8525ddbb87f50,0+1,0,11,19,38,,
confirmation,2477,60b41b3986a25e6c26bc6ae600f83dac7821c256e1ea0a08d5d8525ddbb87f50,0+2,0,0,10,22,,
confirmation,2478,60b41b3986a25e6c26bc6ae600f83dac7821c256e1ea0a08d5d8525ddbb87f50,1+2,0,10,21,43,,
confirmation,2479,60b41b3986a25e6c26bc6ae600f83dac7821c256e1ea0a08d5d8525ddbb87f50,0+1+2,0,0,8,20,,
confirmation,2480,51fc116eefc0583c8fd19b19105acc8b2c0e775e94239a80475bba172c25035f,0+1,0,9,21,41,,
confirmation,2481,51fc116eefc0583c8fd19b19105acc8b2c0e775e94239a80475bba172c25035f,0+2,0,7,11,24,,
confirmation,2482,51fc116eefc0583c8fd19b19105acc8b2c0e775e94239a80475bba172c25035f,1+2,0,12,24,47,,
confirmation,2483,51fc116eefc0583c8fd19b19105acc8b2c0e775e94239a80475bba172c25035f,0+1+2,0,6,10,23,,
confirmation,2484,1f39ec8445cab811900121687d5d5e2934902430e4a8315b34e52e9b622b148d,0+1,12,38,66,103,,
confirmation,2485,1f39ec8445cab811900121687d5d5e2934902430e4a8315b34e52e9b622b148d,0+2,6,17,27,45,,
confirmation,2486,1f39ec8445cab811900121687d5d5e2934902430e4a8315b34e52e9b622b148d,1+2,5,27,52,94,,
confirmation,2487,1f39ec8445cab811900121687d5d5e2934902430e4a8315b34e52e9b622b148d,0+1+2,5,14,23,38,,
confirmation,2488,de9beb31d7f0a484ddbec62197c79ef568a4a4d59a4ff6e585a7700b8f92b40a,0+1,0,29,52,89,,
confirmation,2489,de9beb31d7f0a484ddbec62197c79ef568a4a4d59a4ff6e585a7700b8f92b40a,0+2,0,9,22,35,,
confirmation,2490,de9beb31d7f0a484ddbec62197c79ef568a4a4d59a4ff6e585a7700b8f92b40a,1+2,0,24,47,89,,
confirmation,2491,de9beb31d7f0a484ddbec62197c79ef568a4a4d59a4ff6e585a7700b8f92b40a,0+1+2,0,9,19,30,,
confirmation,2492,757e7566eb116839d1f920bed3c8509a97d5d26a15a0d3fb1fc991149fe45983,0+1,6,25,52,100,,
confirmation,2493,757e7566eb116839d1f920bed3c8509a97d5d26a15a0d3fb1fc991149fe45983,0+2,0,2,15,36,,
confirmation,2494,757e7566eb116839d1f920bed3c8509a97d5d26a15a0d3fb1fc991149fe45983,1+2,0,20,43,88,,
confirmation,2495,757e7566eb116839d1f920bed3c8509a97d5d26a15a0d3fb1fc991149fe45983,0+1+2,0,0,11,27,,
confirmation,2496,4c3203ebd3475be8faa193506886dc4bf99187c41d99857307fe4696840d34b4,0+1,0,26,50,96,,
confirmation,2497,4c3203ebd3475be8faa193506886dc4bf99187c41d99857307fe4696840d34b4,0+2,0,8,22,36,,
confirmation,2498,4c3203ebd3475be8faa193506886dc4bf99187c41d99857307fe4696840d34b4,1+2,0,27,54,94,,
confirmation,2499,4c3203ebd3475be8faa193506886dc4bf99187c41d99857307fe4696840d34b4,0+1+2,0,5,16,25,,
confirmation,2500,db1014e7d5ce33778197ca7e972986c29617462961e7130ac5523eea953fb64e,0+1,0,29,50,110,,
confirmation,2501,db1014e7d5ce33778197ca7e972986c29617462961e7130ac5523eea953fb64e,0+2,0,8,20,42,,
confirmation,2502,db1014e7d5ce33778197ca7e972986c29617462961e7130ac5523eea953fb64e,1+2,0,25,50,108,,
confirmation,2503,db1014e7d5ce33778197ca7e972986c29617462961e7130ac5523eea953fb64e,0+1+2,0,5,13,31,,
confirmation,2504,2b4b4a906fefca649509cd59ffcc9ae80c8720ba8947616bec0ac50ee5a24a71,0+1,2,24,52,117,,
confirmation,2505,2b4b4a906fefca649509cd59ffcc9ae80c8720ba8947616bec0ac50ee5a24a71,0+2,0,7,18,40,,
confirmation,2506,2b4b4a906fefca649509cd59ffcc9ae80c8720ba8947616bec0ac50ee5a24a71,1+2,0,23,52,112,,
confirmation,2507,2b4b4a906fefca649509cd59ffcc9ae80c8720ba8947616bec0ac50ee5a24a71,0+1+2,0,3,14,33,,
confirmation,2508,53f839ffef6756f96ffc96885abf2405c312780f9f17218ef07dc54d5e13e6a2,0+1,0,5,18,36,,
confirmation,2509,53f839ffef6756f96ffc96885abf2405c312780f9f17218ef07dc54d5e13e6a2,0+2,0,0,9,22,,
confirmation,2510,53f839ffef6756f96ffc96885abf2405c312780f9f17218ef07dc54d5e13e6a2,1+2,0,0,9,25,,
confirmation,2511,53f839ffef6756f96ffc96885abf2405c312780f9f17218ef07dc54d5e13e6a2,0+1+2,0,0,9,21,,
confirmation,2512,cf08e50cd26bb05690afa46c8206b5392ff7440d1b4d7c54378140638e99c40f,0+1,0,29,59,106,,
confirmation,2513,cf08e50cd26bb05690afa46c8206b5392ff7440d1b4d7c54378140638e99c40f,0+2,0,9,23,41,,
confirmation,2514,cf08e50cd26bb05690afa46c8206b5392ff7440d1b4d7c54378140638e99c40f,1+2,7,37,65,117,,
confirmation,2515,cf08e50cd26bb05690afa46c8206b5392ff7440d1b4d7c54378140638e99c40f,0+1+2,0,5,17,29,,
confirmation,2516,1fb40280eb38e2e83b368b348bee8adb59f1de154bd8700d191a2265fde0e653,0+1,0,27,62,111,,
confirmation,2517,1fb40280eb38e2e83b368b348bee8adb59f1de154bd8700d191a2265fde0e653,0+2,0,5,18,37,,
confirmation,2518,1fb40280eb38e2e83b368b348bee8adb59f1de154bd8700d191a2265fde0e653,1+2,10,39,66,117,,
confirmation,2519,1fb40280eb38e2e83b368b348bee8adb59f1de154bd8700d191a2265fde0e653,0+1+2,0,4,16,29,,
confirmation,2520,45f43ff4a5742a0ef412df207e6acdf4d49d9c27ff4983cfca82c64240e7ed5f,0+1,0,31,52,116,,
confirmation,2521,45f43ff4a5742a0ef412df207e6acdf4d49d9c27ff4983cfca82c64240e7ed5f,0+2,0,11,21,42,,
confirmation,2522,45f43ff4a5742a0ef412df207e6acdf4d49d9c27ff4983cfca82c64240e7ed5f,1+2,0,30,56,106,,
confirmation,2523,45f43ff4a5742a0ef412df207e6acdf4d49d9c27ff4983cfca82c64240e7ed5f,0+1+2,0,11,17,35,,
confirmation,2524,5d5a71a2cc06f2607b25f2419497a507788f7b1857d24db2ff9f8d9538ee42ba,0+1,0,21,43,97,,
confirmation,2525,5d5a71a2cc06f2607b25f2419497a507788f7b1857d24db2ff9f8d9538ee42ba,0+2,0,7,12,31,,
confirmation,2526,5d5a71a2cc06f2607b25f2419497a507788f7b1857d24db2ff9f8d9538ee42ba,1+2,0,21,40,99,,
confirmation,2527,5d5a71a2cc06f2607b25f2419497a507788f7b1857d24db2ff9f8d9538ee42ba,0+1+2,0,5,10,26,,
confirmation,2528,5f37e48a5d970ba8217073750df70f3e103c3a897245c25020a9881796d909e8,0+1,11,31,48,98,,
confirmation,2529,5f37e48a5d970ba8217073750df70f3e103c3a897245c25020a9881796d909e8,0+2,0,4,14,38,,
confirmation,2530,5f37e48a5d970ba8217073750df70f3e103c3a897245c25020a9881796d909e8,1+2,0,20,42,105,,
confirmation,2531,5f37e48a5d970ba8217073750df70f3e103c3a897245c25020a9881796d909e8,0+1+2,0,4,12,31,,
confirmation,2532,05198802ab3907a69076ba0d3603ce32cbaae68bb0e40bcf12de6aaf5e05a80b,0+1,0,22,39,92,,
confirmation,2533,05198802ab3907a69076ba0d3603ce32cbaae68bb0e40bcf12de6aaf5e05a80b,0+2,0,9,19,38,,
confirmation,2534,05198802ab3907a69076ba0d3603ce32cbaae68bb0e40bcf12de6aaf5e05a80b,1+2,0,22,42,85,,
confirmation,2535,05198802ab3907a69076ba0d3603ce32cbaae68bb0e40bcf12de6aaf5e05a80b,0+1+2,0,9,15,31,,
confirmation,2536,8940bb52b445d19edf7fcd485dde3e2079985664cc96c095b4b1ec936d94de6f,0+1,0,33,55,96,,
confirmation,2537,8940bb52b445d19edf7fcd485dde3e2079985664cc96c095b4b1ec936d94de6f,0+2,0,14,20,41,,
confirmation,2538,8940bb52b445d19edf7fcd485dde3e2079985664cc96c095b4b1ec936d94de6f,1+2,0,23,42,88,,
confirmation,2539,8940bb52b445d19edf7fcd485dde3e2079985664cc96c095b4b1ec936d94de6f,0+1+2,0,13,15,34,,
confirmation,2540,5b97f25a99a0125c6bb81a9eafbbbf693444d11f8f026f8e8f0c14d3053e4ed4,0+1,2,20,43,85,,
confirmation,2541,5b97f25a99a0125c6bb81a9eafbbbf693444d11f8f026f8e8f0c14d3053e4ed4,0+2,0,7,19,32,,
confirmation,2542,5b97f25a99a0125c6bb81a9eafbbbf693444d11f8f026f8e8f0c14d3053e4ed4,1+2,3,28,50,76,,
confirmation,2543,5b97f25a99a0125c6bb81a9eafbbbf693444d11f8f026f8e8f0c14d3053e4ed4,0+1+2,0,7,18,30,,
confirmation,2544,add7e4d3e2114beae4cf9d49d2b7c34f9392c845d597932359e4d04034907e56,0+1,9,34,61,98,,
confirmation,2545,add7e4d3e2114beae4cf9d49d2b7c34f9392c845d597932359e4d04034907e56,0+2,1,13,24,43,,
confirmation,2546,add7e4d3e2114beae4cf9d49d2b7c34f9392c845d597932359e4d04034907e56,1+2,4,27,49,93,,
confirmation,2547,add7e4d3e2114beae4cf9d49d2b7c34f9392c845d597932359e4d04034907e56,0+1+2,1,8,17,34,,
confirmation,2548,c66cb99f1db4ff25073e41d03c2f1fc6cd1c471d849df9f928897f2269171700,0+1,0,8,20,49,,
confirmation,2549,c66cb99f1db4ff25073e41d03c2f1fc6cd1c471d849df9f928897f2269171700,0+2,0,0,12,25,,
confirmation,2550,c66cb99f1db4ff25073e41d03c2f1fc6cd1c471d849df9f928897f2269171700,1+2,0,12,25,45,,
confirmation,2551,c66cb99f1db4ff25073e41d03c2f1fc6cd1c471d849df9f928897f2269171700,0+1+2,0,0,12,25,,
confirmation,2552,de5b9fde319be455136a076153bc09263bf16f909a3dc53be4bf263bd68cb30b,0+1,0,20,41,93,,
confirmation,2553,de5b9fde319be455136a076153bc09263bf16f909a3dc53be4bf263bd68cb30b,0+2,0,12,16,41,,
confirmation,2554,de5b9fde319be455136a076153bc09263bf16f909a3dc53be4bf263bd68cb30b,1+2,2,26,46,107,,
confirmation,2555,de5b9fde319be455136a076153bc09263bf16f909a3dc53be4bf263bd68cb30b,0+1+2,0,12,12,30,,
confirmation,2556,3854612337856b61f66bbf998b621a5adc2cefe5eedbc21100e0b99fe897370a,0+1,1,23,58,104,,
confirmation,2557,3854612337856b61f66bbf998b621a5adc2cefe5eedbc21100e0b99fe897370a,0+2,3,10,24,44,,
confirmation,2558,3854612337856b61f66bbf998b621a5adc2cefe5eedbc21100e0b99fe897370a,1+2,8,29,57,103,,
confirmation,2559,3854612337856b61f66bbf998b621a5adc2cefe5eedbc21100e0b99fe897370a,0+1+2,1,6,19,35,,
confirmation,2560,876c23dc9c9bb1325872df66eda9b879b0d61931fefce4a56a8a6d6e2d6e1477,0+1,0,25,48,100,,
confirmation,2561,876c23dc9c9bb1325872df66eda9b879b0d61931fefce4a56a8a6d6e2d6e1477,0+2,0,8,14,32,,
confirmation,2562,876c23dc9c9bb1325872df66eda9b879b0d61931fefce4a56a8a6d6e2d6e1477,1+2,0,19,39,96,,
confirmation,2563,876c23dc9c9bb1325872df66eda9b879b0d61931fefce4a56a8a6d6e2d6e1477,0+1+2,0,7,9,24,,
confirmation,2564,2f548d29cc459782ccfb11b8755b9158e0609fa07667a0611b0e2a5f2d681271,0+1,0,9,20,42,,
confirmation,2565,2f548d29cc459782ccfb11b8755b9158e0609fa07667a0611b0e2a5f2d681271,0+2,0,3,11,24,,
confirmation,2566,2f548d29cc459782ccfb11b8755b9158e0609fa07667a0611b0e2a5f2d681271,1+2,0,12,23,48,,
confirmation,2567,2f548d29cc459782ccfb11b8755b9158e0609fa07667a0611b0e2a5f2d681271,0+1+2,0,3,10,23,,
confirmation,2568,fc509e8aec8439089ccbde5184c0328048aab2c5efc6927264e70ab9d8023c96,0+1,0,9,20,58,,
confirmation,2569,fc509e8aec8439089ccbde5184c0328048aab2c5efc6927264e70ab9d8023c96,0+2,0,7,11,34,,
confirmation,2570,fc509e8aec8439089ccbde5184c0328048aab2c5efc6927264e70ab9d8023c96,1+2,0,13,25,68,,
confirmation,2571,fc509e8aec8439089ccbde5184c0328048aab2c5efc6927264e70ab9d8023c96,0+1+2,0,7,11,30,,
confirmation,2572,470f1405f6da265b699be85e07f3f985d14690912795c8b4262a6621884d773e,0+1,6,35,55,117,,
confirmation,2573,470f1405f6da265b699be85e07f3f985d14690912795c8b4262a6621884d773e,0+2,0,4,14,36,,
confirmation,2574,470f1405f6da265b699be85e07f3f985d14690912795c8b4262a6621884d773e,1+2,0,23,51,110,,
confirmation,2575,470f1405f6da265b699be85e07f3f985d14690912795c8b4262a6621884d773e,0+1+2,0,4,11,29,,
confirmation,2576,0aefb453b6d86bf18529ac84eb737146a47979929760d55d7cae68cae697aed8,0+1,0,20,42,95,,
confirmation,2577,0aefb453b6d86bf18529ac84eb737146a47979929760d55d7cae68cae697aed8,0+2,0,8,13,29,,
confirmation,2578,0aefb453b6d86bf18529ac84eb737146a47979929760d55d7cae68cae697aed8,1+2,0,23,45,100,,
confirmation,2579,0aefb453b6d86bf18529ac84eb737146a47979929760d55d7cae68cae697aed8,0+1+2,0,7,7,19,,
confirmation,2580,8624640b374354ddf27530b518c69c57c0fc22d079c20b1300178a4a255ab036,0+1,0,26,47,106,,
confirmation,2581,8624640b374354ddf27530b518c69c57c0fc22d079c20b1300178a4a255ab036,0+2,0,3,13,36,,
confirmation,2582,8624640b374354ddf27530b518c69c57c0fc22d079c20b1300178a4a255ab036,1+2,10,35,63,122,,
confirmation,2583,8624640b374354ddf27530b518c69c57c0fc22d079c20b1300178a4a255ab036,0+1+2,0,1,11,28,,
confirmation,2584,df1e117081d265d8e8a4c62739b2e0e1adf449c23e0b9ef76d0b86426ad55451,0+1,0,20,45,104,,
confirmation,2585,df1e117081d265d8e8a4c62739b2e0e1adf449c23e0b9ef76d0b86426ad55451,0+2,0,11,13,36,,
confirmation,2586,df1e117081d265d8e8a4c62739b2e0e1adf449c23e0b9ef76d0b86426ad55451,1+2,9,37,60,118,,
confirmation,2587,df1e117081d265d8e8a4c62739b2e0e1adf449c23e0b9ef76d0b86426ad55451,0+1+2,0,10,10,27,,
confirmation,2588,feaec9c231ebca10a97ee343f6672d2e88ad352969c0ab61c9ed3500c134dcb7,0+1,0,13,16,38,,
confirmation,2589,feaec9c231ebca10a97ee343f6672d2e88ad352969c0ab61c9ed3500c134dcb7,0+2,0,7,7,20,,
confirmation,2590,feaec9c231ebca10a97ee343f6672d2e88ad352969c0ab61c9ed3500c134dcb7,1+2,0,7,7,31,,
confirmation,2591,feaec9c231ebca10a97ee343f6672d2e88ad352969c0ab61c9ed3500c134dcb7,0+1+2,0,7,7,20,,
confirmation,2592,edc17eb1f11d5c075ae550a09f5a68741726796835baad5e5ff36c8c0989f01a,0+1,11,37,63,100,,
confirmation,2593,edc17eb1f11d5c075ae550a09f5a68741726796835baad5e5ff36c8c0989f01a,0+2,0,14,24,38,,
confirmation,2594,edc17eb1f11d5c075ae550a09f5a68741726796835baad5e5ff36c8c0989f01a,1+2,1,31,63,105,,
confirmation,2595,edc17eb1f11d5c075ae550a09f5a68741726796835baad5e5ff36c8c0989f01a,0+1+2,0,12,20,32,,
confirmation,2596,d2790989b79b6416e2f0854b02fd5827296893aeb03e5655532826dfa0dfb2d3,0+1,0,17,36,83,,
confirmation,2597,d2790989b79b6416e2f0854b02fd5827296893aeb03e5655532826dfa0dfb2d3,0+2,0,5,18,30,,
confirmation,2598,d2790989b79b6416e2f0854b02fd5827296893aeb03e5655532826dfa0dfb2d3,1+2,6,27,50,92,,
confirmation,2599,d2790989b79b6416e2f0854b02fd5827296893aeb03e5655532826dfa0dfb2d3,0+1+2,0,5,16,26,,
confirmation,2600,bd0cad41d96c6441df3536c8cad25e17b06389f6e5764fd41b867ee1b0b0d953,0+1,12,33,66,107,,
confirmation,2601,bd0cad41d96c6441df3536c8cad25e17b06389f6e5764fd41b867ee1b0b0d953,0+2,13,16,31,50,,
confirmation,2602,bd0cad41d96c6441df3536c8cad25e17b06389f6e5764fd41b867ee1b0b0d953,1+2,13,24,40,82,,
confirmation,2603,bd0cad41d96c6441df3536c8cad25e17b06389f6e5764fd41b867ee1b0b0d953,0+1+2,12,15,29,45,,
confirmation,2604,deff34e9bca38dafcff074b1a6e7188afa6db6f05fb1d744a6ea0d14fee2c814,0+1,0,18,41,83,,
confirmation,2605,deff34e9bca38dafcff074b1a6e7188afa6db6f05fb1d744a6ea0d14fee2c814,0+2,0,6,19,40,,
confirmation,2606,deff34e9bca38dafcff074b1a6e7188afa6db6f05fb1d744a6ea0d14fee2c814,1+2,0,18,41,86,,
confirmation,2607,deff34e9bca38dafcff074b1a6e7188afa6db6f05fb1d744a6ea0d14fee2c814,0+1+2,0,3,16,35,,
confirmation,2608,076bf9bfe952e8a7109aa85927530caec3c19f05b520ba35b336464ad8740fa7,0+1,0,17,39,77,,
confirmation,2609,076bf9bfe952e8a7109aa85927530caec3c19f05b520ba35b336464ad8740fa7,0+2,0,10,20,41,,
confirmation,2610,076bf9bfe952e8a7109aa85927530caec3c19f05b520ba35b336464ad8740fa7,1+2,0,20,43,89,,
confirmation,2611,076bf9bfe952e8a7109aa85927530caec3c19f05b520ba35b336464ad8740fa7,0+1+2,0,7,17,36,,
confirmation,2612,2595e8f00beaa8e3bc3bebcaeb237ef0b12a3d9db1a77ab046476e6505c8f301,0+1,0,21,46,84,,
confirmation,2613,2595e8f00beaa8e3bc3bebcaeb237ef0b12a3d9db1a77ab046476e6505c8f301,0+2,0,5,16,38,,
confirmation,2614,2595e8f00beaa8e3bc3bebcaeb237ef0b12a3d9db1a77ab046476e6505c8f301,1+2,4,23,44,89,,
confirmation,2615,2595e8f00beaa8e3bc3bebcaeb237ef0b12a3d9db1a77ab046476e6505c8f301,0+1+2,0,5,12,31,,
confirmation,2616,fd5f7117cedb4fed1324872ec4c0c3a38a27015694636411192bba6f4e4e288a,0+1,0,34,56,110,,
confirmation,2617,fd5f7117cedb4fed1324872ec4c0c3a38a27015694636411192bba6f4e4e288a,0+2,0,14,23,42,,
confirmation,2618,fd5f7117cedb4fed1324872ec4c0c3a38a27015694636411192bba6f4e4e288a,1+2,0,26,47,93,,
confirmation,2619,fd5f7117cedb4fed1324872ec4c0c3a38a27015694636411192bba6f4e4e288a,0+1+2,0,13,17,33,,
confirmation,2620,1373d23c1e6ada5e51665f5a461d3cbd89f66b0d8c80b099858b4abaffbbcac0,0+1,0,27,52,97,,
confirmation,2621,1373d23c1e6ada5e51665f5a461d3cbd89f66b0d8c80b099858b4abaffbbcac0,0+2,0,15,23,38,,
confirmation,2622,1373d23c1e6ada5e51665f5a461d3cbd89f66b0d8c80b099858b4abaffbbcac0,1+2,0,27,56,96,,
confirmation,2623,1373d23c1e6ada5e51665f5a461d3cbd89f66b0d8c80b099858b4abaffbbcac0,0+1+2,0,13,17,27,,
confirmation,2624,cffef1dec4ea8dfd3adc4180a6147aa1d5bc37e91236e5ce260919780c939bbc,0+1,0,8,21,61,,
confirmation,2625,cffef1dec4ea8dfd3adc4180a6147aa1d5bc37e91236e5ce260919780c939bbc,0+2,0,4,10,28,,
confirmation,2626,cffef1dec4ea8dfd3adc4180a6147aa1d5bc37e91236e5ce260919780c939bbc,1+2,0,12,23,68,,
confirmation,2627,cffef1dec4ea8dfd3adc4180a6147aa1d5bc37e91236e5ce260919780c939bbc,0+1+2,0,4,10,25,,
confirmation,2628,fe88440065e1ccb37a5ae24c92a9a4a2aedf1a42cc3648ac5b331d4da2ca60c5,0+1,10,23,47,87,,
confirmation,2629,fe88440065e1ccb37a5ae24c92a9a4a2aedf1a42cc3648ac5b331d4da2ca60c5,0+2,0,2,16,34,,
confirmation,2630,fe88440065e1ccb37a5ae24c92a9a4a2aedf1a42cc3648ac5b331d4da2ca60c5,1+2,0,12,31,72,,
confirmation,2631,fe88440065e1ccb37a5ae24c92a9a4a2aedf1a42cc3648ac5b331d4da2ca60c5,0+1+2,0,2,15,30,,
confirmation,2632,0315c141d931f105e819e664407a3795dca4e08482ee4146b55741dfb6b91a96,0+1,0,15,34,70,,
confirmation,2633,0315c141d931f105e819e664407a3795dca4e08482ee4146b55741dfb6b91a96,0+2,0,10,10,27,,
confirmation,2634,0315c141d931f105e819e664407a3795dca4e08482ee4146b55741dfb6b91a96,1+2,8,19,30,71,,
confirmation,2635,0315c141d931f105e819e664407a3795dca4e08482ee4146b55741dfb6b91a96,0+1+2,0,8,8,22,,
confirmation,2636,ebbe0b401dd9dfb956a91fbb3d0544e09e70b79d978d6b79f13c3eeedb54d616,0+1,0,17,40,60,,
confirmation,2637,ebbe0b401dd9dfb956a91fbb3d0544e09e70b79d978d6b79f13c3eeedb54d616,0+2,0,9,20,30,,
confirmation,2638,ebbe0b401dd9dfb956a91fbb3d0544e09e70b79d978d6b79f13c3eeedb54d616,1+2,0,17,40,63,,
confirmation,2639,ebbe0b401dd9dfb956a91fbb3d0544e09e70b79d978d6b79f13c3eeedb54d616,0+1+2,0,5,16,25,,
confirmation,2640,4d5e73aa60d070046241388fc81de41e5a8642a40acc42fc09f89f729ea00b64,0+1,3,28,59,106,,
confirmation,2641,4d5e73aa60d070046241388fc81de41e5a8642a40acc42fc09f89f729ea00b64,0+2,0,4,17,31,,
confirmation,2642,4d5e73aa60d070046241388fc81de41e5a8642a40acc42fc09f89f729ea00b64,1+2,0,26,56,102,,
confirmation,2643,4d5e73aa60d070046241388fc81de41e5a8642a40acc42fc09f89f729ea00b64,0+1+2,0,1,14,22,,
confirmation,2644,69561144e27706096fe52bdf4bc81943268f5a44a6877859e7d0007e4b70af71,0+1,0,23,48,89,,
confirmation,2645,69561144e27706096fe52bdf4bc81943268f5a44a6877859e7d0007e4b70af71,0+2,0,3,15,28,,
confirmation,2646,69561144e27706096fe52bdf4bc81943268f5a44a6877859e7d0007e4b70af71,1+2,0,25,54,93,,
confirmation,2647,69561144e27706096fe52bdf4bc81943268f5a44a6877859e7d0007e4b70af71,0+1+2,0,0,11,17,,
confirmation,2648,fa9376d67e563e5fa4f7b242dd70b1defa9a05fd235ca125e8a3eadc730dfa60,0+1,3,28,56,110,,
confirmation,2649,fa9376d67e563e5fa4f7b242dd70b1defa9a05fd235ca125e8a3eadc730dfa60,0+2,0,8,11,32,,
confirmation,2650,fa9376d67e563e5fa4f7b242dd70b1defa9a05fd235ca125e8a3eadc730dfa60,1+2,0,20,39,95,,
confirmation,2651,fa9376d67e563e5fa4f7b242dd70b1defa9a05fd235ca125e8a3eadc730dfa60,0+1+2,0,6,9,25,,
confirmation,2652,38ab1d197ca3919c6eba46244ba3288ccb5e67ac1bb61f0979979b07f4bb906c,0+1,0,20,42,95,,
confirmation,2653,38ab1d197ca3919c6eba46244ba3288ccb5e67ac1bb61f0979979b07f4bb906c,0+2,0,8,13,34,,
confirmation,2654,38ab1d197ca3919c6eba46244ba3288ccb5e67ac1bb61f0979979b07f4bb906c,1+2,0,22,41,99,,
confirmation,2655,38ab1d197ca3919c6eba46244ba3288ccb5e67ac1bb61f0979979b07f4bb906c,0+1+2,0,4,9,26,,
confirmation,2656,7bd99c9d55de45383092ef7e4a48cba656944f61a83655533751b5c54f141187,0+1,0,12,21,55,,
confirmation,2657,7bd99c9d55de45383092ef7e4a48cba656944f61a83655533751b5c54f141187,0+2,0,9,13,26,,
confirmation,2658,7bd99c9d55de45383092ef7e4a48cba656944f61a83655533751b5c54f141187,1+2,0,12,23,46,,
confirmation,2659,7bd99c9d55de45383092ef7e4a48cba656944f61a83655533751b5c54f141187,0+1+2,0,9,13,24,,
confirmation,2660,a0d3deed002e0d9ed9851173196a0c72669289c33c96fe22628116f9bae47b9a,0+1,7,40,64,105,,
confirmation,2661,a0d3deed002e0d9ed9851173196a0c72669289c33c96fe22628116f9bae47b9a,0+2,9,21,32,52,,
confirmation,2662,a0d3deed002e0d9ed9851173196a0c72669289c33c96fe22628116f9bae47b9a,1+2,9,32,66,112,,
confirmation,2663,a0d3deed002e0d9ed9851173196a0c72669289c33c96fe22628116f9bae47b9a,0+1+2,7,19,27,43,,
confirmation,2664,bb4bc36ef36fb42f5f93e833860c564dd303638966fc68667af40ce10b2682d5,0+1,2,21,40,76,,
confirmation,2665,bb4bc36ef36fb42f5f93e833860c564dd303638966fc68667af40ce10b2682d5,0+2,0,10,20,39,,
confirmation,2666,bb4bc36ef36fb42f5f93e833860c564dd303638966fc68667af40ce10b2682d5,1+2,0,21,43,89,,
confirmation,2667,bb4bc36ef36fb42f5f93e833860c564dd303638966fc68667af40ce10b2682d5,0+1+2,0,9,18,35,,
confirmation,2668,b2fc9d8a207dbc6c13c6f83e13b40bf29c7f5c16093f3569103958592f6c2763,0+1,10,32,56,94,,
confirmation,2669,b2fc9d8a207dbc6c13c6f83e13b40bf29c7f5c16093f3569103958592f6c2763,0+2,6,17,27,46,,
confirmation,2670,b2fc9d8a207dbc6c13c6f83e13b40bf29c7f5c16093f3569103958592f6c2763,1+2,9,22,41,88,,
confirmation,2671,b2fc9d8a207dbc6c13c6f83e13b40bf29c7f5c16093f3569103958592f6c2763,0+1+2,6,17,24,42,,
confirmation,2672,464686c0493b30973e644c09b30096a33805144089c613e4c8e493e7de7ca772,0+1,5,22,44,97,,
confirmation,2673,464686c0493b30973e644c09b30096a33805144089c613e4c8e493e7de7ca772,0+2,0,11,21,42,,
confirmation,2674,464686c0493b30973e644c09b30096a33805144089c613e4c8e493e7de7ca772,1+2,0,21,46,88,,
confirmation,2675,464686c0493b30973e644c09b30096a33805144089c613e4c8e493e7de7ca772,0+1+2,0,8,18,36,,
confirmation,2676,98ea6f49081828ff19527550e6706996eab67113471efe4eae544e32b588a35e,0+1,3,26,60,99,,
confirmation,2677,98ea6f49081828ff19527550e6706996eab67113471efe4eae544e32b588a35e,0+2,0,7,20,40,,
confirmation,2678,98ea6f49081828ff19527550e6706996eab67113471efe4eae544e32b588a35e,1+2,0,23,45,89,,
confirmation,2679,98ea6f49081828ff19527550e6706996eab67113471efe4eae544e32b588a35e,0+1+2,0,6,18,34,,
confirmation,2680,24bab079db217d7f5ba53caa5297913a92930fbc16adaaffcc19e32d8e8ca33a,0+1,0,23,54,93,,
confirmation,2681,24bab079db217d7f5ba53caa5297913a92930fbc16adaaffcc19e32d8e8ca33a,0+2,0,5,18,34,,
confirmation,2682,24bab079db217d7f5ba53caa5297913a92930fbc16adaaffcc19e32d8e8ca33a,1+2,0,21,44,82,,
confirmation,2683,24bab079db217d7f5ba53caa5297913a92930fbc16adaaffcc19e32d8e8ca33a,0+1+2,0,3,15,25,,
confirmation,2684,343071a4184e5d9f1bda78103ff4c9beec1ec3bbf1c28ac1d44f992ad23cf7a2,0+1,0,0,1,21,,
confirmation,2685,343071a4184e5d9f1bda78103ff4c9beec1ec3bbf1c28ac1d44f992ad23cf7a2,0+2,0,0,0,13,,
confirmation,2686,343071a4184e5d9f1bda78103ff4c9beec1ec3bbf1c28ac1d44f992ad23cf7a2,1+2,0,0,0,23,,
confirmation,2687,343071a4184e5d9f1bda78103ff4c9beec1ec3bbf1c28ac1d44f992ad23cf7a2,0+1+2,0,0,0,13,,
confirmation,2688,d8159ec872466a38e81c36972dc59c94981952561fe0de35e8942a066f27d6fc,0+1,0,23,47,98,,
confirmation,2689,d8159ec872466a38e81c36972dc59c94981952561fe0de35e8942a066f27d6fc,0+2,0,7,13,32,,
confirmation,2690,d8159ec872466a38e81c36972dc59c94981952561fe0de35e8942a066f27d6fc,1+2,0,21,40,97,,
confirmation,2691,d8159ec872466a38e81c36972dc59c94981952561fe0de35e8942a066f27d6fc,0+1+2,0,3,8,22,,
confirmation,2692,a98a74da045eb8038fd95c76ac555f9d53b62cf6e51bf13810d6e7fcb4958c01,0+1,0,11,22,41,,
confirmation,2693,a98a74da045eb8038fd95c76ac555f9d53b62cf6e51bf13810d6e7fcb4958c01,0+2,0,1,12,25,,
confirmation,2694,a98a74da045eb8038fd95c76ac555f9d53b62cf6e51bf13810d6e7fcb4958c01,1+2,0,11,24,48,,
confirmation,2695,a98a74da045eb8038fd95c76ac555f9d53b62cf6e51bf13810d6e7fcb4958c01,0+1+2,0,1,12,25,,
confirmation,2696,870c0db30bd968dbda7932443b26a950a9c726991d64b609be59fb853703dfec,0+1,0,23,47,105,,
confirmation,2697,870c0db30bd968dbda7932443b26a950a9c726991d64b609be59fb853703dfec,0+2,0,7,14,32,,
confirmation,2698,870c0db30bd968dbda7932443b26a950a9c726991d64b609be59fb853703dfec,1+2,8,32,56,112,,
confirmation,2699,870c0db30bd968dbda7932443b26a950a9c726991d64b609be59fb853703dfec,0+1+2,0,6,8,22,,
confirmation,2700,724ff23f43f47fa16bde60175221d12ac59357f0f21e8a40b62db2da218c88b7,0+1,0,22,44,85,,
confirmation,2701,724ff23f43f47fa16bde60175221d12ac59357f0f21e8a40b62db2da218c88b7,0+2,0,4,11,32,,
confirmation,2702,724ff23f43f47fa16bde60175221d12ac59357f0f21e8a40b62db2da218c88b7,1+2,6,21,33,75,,
confirmation,2703,724ff23f43f47fa16bde60175221d12ac59357f0f21e8a40b62db2da218c88b7,0+1+2,0,4,8,24,,
confirmation,2704,c8adad8f3f886ba28a0f2e68e389a16f6928f9913f7e5a362ba11346c4552682,0+1,9,44,67,114,,
confirmation,2705,c8adad8f3f886ba28a0f2e68e389a16f6928f9913f7e5a362ba11346c4552682,0+2,0,10,21,31,,
confirmation,2706,c8adad8f3f886ba28a0f2e68e389a16f6928f9913f7e5a362ba11346c4552682,1+2,0,29,55,103,,
confirmation,2707,c8adad8f3f886ba28a0f2e68e389a16f6928f9913f7e5a362ba11346c4552682,0+1+2,0,10,17,25,,
confirmation,2708,a05d5b087b7b2d1f1797c70a668eb9f2901a5414f6232eaaeff6bcdaed8cdf53,0+1,0,36,61,109,,
confirmation,2709,a05d5b087b7b2d1f1797c70a668eb9f2901a5414f6232eaaeff6bcdaed8cdf53,0+2,1,14,20,36,,
confirmation,2710,a05d5b087b7b2d1f1797c70a668eb9f2901a5414f6232eaaeff6bcdaed8cdf53,1+2,6,36,64,111,,
confirmation,2711,a05d5b087b7b2d1f1797c70a668eb9f2901a5414f6232eaaeff6bcdaed8cdf53,0+1+2,0,13,17,28,,
confirmation,2712,f562d2abfe14322eade14da752bfa94a079005301eb2dc301fc2d6516dbef99b,0+1,0,22,46,99,,
confirmation,2713,f562d2abfe14322eade14da752bfa94a079005301eb2dc301fc2d6516dbef99b,0+2,0,3,16,36,,
confirmation,2714,f562d2abfe14322eade14da752bfa94a079005301eb2dc301fc2d6516dbef99b,1+2,0,25,53,96,,
confirmation,2715,f562d2abfe14322eade14da752bfa94a079005301eb2dc301fc2d6516dbef99b,0+1+2,0,0,12,25,,
confirmation,2716,a584f49644301dfb4d86a3c388616e4f02cbce280c17db99a759b629b430c504,0+1,7,24,40,76,,
confirmation,2717,a584f49644301dfb4d86a3c388616e4f02cbce280c17db99a759b629b430c504,0+2,5,7,18,35,,
confirmation,2718,a584f49644301dfb4d86a3c388616e4f02cbce280c17db99a759b629b430c504,1+2,2,21,43,86,,
confirmation,2719,a584f49644301dfb4d86a3c388616e4f02cbce280c17db99a759b629b430c504,0+1+2,2,2,12,27,,
confirmation,2720,92e1ae4028a2b9526f29caf829b006a7a5826b63109b35bbe0f202e27dc44a85,0+1,0,19,35,84,,
confirmation,2721,92e1ae4028a2b9526f29caf829b006a7a5826b63109b35bbe0f202e27dc44a85,0+2,0,2,13,35,,
confirmation,2722,92e1ae4028a2b9526f29caf829b006a7a5826b63109b35bbe0f202e27dc44a85,1+2,0,20,41,82,,
confirmation,2723,92e1ae4028a2b9526f29caf829b006a7a5826b63109b35bbe0f202e27dc44a85,0+1+2,0,0,9,24,,
confirmation,2724,6fef0e23857d9ff16d6c028283331de528204728a85b7a011fc96c8ddac125b7,0+1,1,18,36,68,,
confirmation,2725,6fef0e23857d9ff16d6c028283331de528204728a85b7a011fc96c8ddac125b7,0+2,0,4,14,30,,
confirmation,2726,6fef0e23857d9ff16d6c028283331de528204728a85b7a011fc96c8ddac125b7,1+2,10,22,42,78,,
confirmation,2727,6fef0e23857d9ff16d6c028283331de528204728a85b7a011fc96c8ddac125b7,0+1+2,0,0,9,22,,
confirmation,2728,4d01d2ea51a8515e81362cf124696b0a57dd722fa615d3842707b1e66e17e8d2,0+1,0,17,39,74,,
confirmation,2729,4d01d2ea51a8515e81362cf124696b0a57dd722fa615d3842707b1e66e17e8d2,0+2,0,4,18,32,,
confirmation,2730,4d01d2ea51a8515e81362cf124696b0a57dd722fa615d3842707b1e66e17e8d2,1+2,0,20,42,69,,
confirmation,2731,4d01d2ea51a8515e81362cf124696b0a57dd722fa615d3842707b1e66e17e8d2,0+1+2,0,3,16,29,,
confirmation,2732,95cd81eb35887fb963d1bc6b60210c4f2e9512478f0ac0d850d7d07d831f5324,0+1,0,23,40,81,,
confirmation,2733,95cd81eb35887fb963d1bc6b60210c4f2e9512478f0ac0d850d7d07d831f5324,0+2,0,14,19,39,,
confirmation,2734,95cd81eb35887fb963d1bc6b60210c4f2e9512478f0ac0d850d7d07d831f5324,1+2,0,22,44,79,,
confirmation,2735,95cd81eb35887fb963d1bc6b60210c4f2e9512478f0ac0d850d7d07d831f5324,0+1+2,0,13,17,34,,
confirmation,2736,92815908bdc6d1014bc6435056b0cacd430dce13d50d2202eb6d198e2db8b84f,0+1,0,9,17,35,,
confirmation,2737,92815908bdc6d1014bc6435056b0cacd430dce13d50d2202eb6d198e2db8b84f,0+2,0,0,10,23,,
confirmation,2738,92815908bdc6d1014bc6435056b0cacd430dce13d50d2202eb6d198e2db8b84f,1+2,0,11,22,47,,
confirmation,2739,92815908bdc6d1014bc6435056b0cacd430dce13d50d2202eb6d198e2db8b84f,0+1+2,0,0,8,21,,
confirmation,2740,2dd7f85bb79817e695583b702fd00491196fcfb07580dea9db172b2cbc3f8c19,0+1,13,31,49,102,,
confirmation,2741,2dd7f85bb79817e695583b702fd00491196fcfb07580dea9db172b2cbc3f8c19,0+2,6,12,26,45,,
confirmation,2742,2dd7f85bb79817e695583b702fd00491196fcfb07580dea9db172b2cbc3f8c19,1+2,6,26,49,82,,
confirmation,2743,2dd7f85bb79817e695583b702fd00491196fcfb07580dea9db172b2cbc3f8c19,0+1+2,6,12,23,39,,
confirmation,2744,970b05c04eaa6e5baefc2062d7782d71de76ba8b273fddfb90de7f6fcbbe233d,0+1,0,9,18,48,,
confirmation,2745,970b05c04eaa6e5baefc2062d7782d71de76ba8b273fddfb90de7f6fcbbe233d,0+2,0,7,12,24,,
confirmation,2746,970b05c04eaa6e5baefc2062d7782d71de76ba8b273fddfb90de7f6fcbbe233d,1+2,0,11,23,39,,
confirmation,2747,970b05c04eaa6e5baefc2062d7782d71de76ba8b273fddfb90de7f6fcbbe233d,0+1+2,0,7,12,22,,
confirmation,2748,3e057b32f00769fc53350fc2fcb8acd5c804013f6b5a91f275baca8b30ec85f5,0+1,0,26,52,98,,
confirmation,2749,3e057b32f00769fc53350fc2fcb8acd5c804013f6b5a91f275baca8b30ec85f5,0+2,0,10,24,38,,
confirmation,2750,3e057b32f00769fc53350fc2fcb8acd5c804013f6b5a91f275baca8b30ec85f5,1+2,0,32,60,103,,
confirmation,2751,3e057b32f00769fc53350fc2fcb8acd5c804013f6b5a91f275baca8b30ec85f5,0+1+2,0,6,18,29,,
confirmation,2752,4910f18e7f68220721c350942ad1089df3e007eeba976cd10aa61a8ec814d057,0+1,3,28,53,97,,
confirmation,2753,4910f18e7f68220721c350942ad1089df3e007eeba976cd10aa61a8ec814d057,0+2,0,14,24,37,,
confirmation,2754,4910f18e7f68220721c350942ad1089df3e007eeba976cd10aa61a8ec814d057,1+2,0,28,59,103,,
confirmation,2755,4910f18e7f68220721c350942ad1089df3e007eeba976cd10aa61a8ec814d057,0+1+2,0,12,18,28,,
confirmation,2756,bd7ce88badedbbc1a04aca669c93fe1aa9af29e22c5a1d44f1bd23a67d5117cd,0+1,0,19,47,106,,
confirmation,2757,bd7ce88badedbbc1a04aca669c93fe1aa9af29e22c5a1d44f1bd23a67d5117cd,0+2,0,9,12,36,,
confirmation,2758,bd7ce88badedbbc1a04aca669c93fe1aa9af29e22c5a1d44f1bd23a67d5117cd,1+2,4,32,53,110,,
confirmation,2759,bd7ce88badedbbc1a04aca669c93fe1aa9af29e22c5a1d44f1bd23a67d5117cd,0+1+2,0,8,11,29,,
confirmation,2760,2072f659f303caab251eabe73b6ea4783b02494d447837e9f3a8784807bd4a45,0+1,0,24,40,60,,
confirmation,2761,2072f659f303caab251eabe73b6ea4783b02494d447837e9f3a8784807bd4a45,0+2,0,14,22,34,,
confirmation,2762,2072f659f303caab251eabe73b6ea4783b02494d447837e9f3a8784807bd4a45,1+2,0,23,37,59,,
confirmation,2763,2072f659f303caab251eabe73b6ea4783b02494d447837e9f3a8784807bd4a45,0+1+2,0,13,19,31,,
confirmation,2764,33b5c391e0f2fc0c6ad70f8ab29d9010cd50241275e6d55f6e349938dfe558c2,0+1,0,8,18,27,,
confirmation,2765,33b5c391e0f2fc0c6ad70f8ab29d9010cd50241275e6d55f6e349938dfe558c2,0+2,0,7,12,14,,
confirmation,2766,33b5c391e0f2fc0c6ad70f8ab29d9010cd50241275e6d55f6e349938dfe558c2,1+2,0,12,23,28,,
confirmation,2767,33b5c391e0f2fc0c6ad70f8ab29d9010cd50241275e6d55f6e349938dfe558c2,0+1+2,0,7,12,14,,
confirmation,2768,ca6af782c431432c62e8bcaaac645c50d49b5b0a067d42664fc3d42083021ff2,0+1,8,26,42,93,,
confirmation,2769,ca6af782c431432c62e8bcaaac645c50d49b5b0a067d42664fc3d42083021ff2,0+2,0,10,16,34,,
confirmation,2770,ca6af782c431432c62e8bcaaac645c50d49b5b0a067d42664fc3d42083021ff2,1+2,0,18,37,79,,
confirmation,2771,ca6af782c431432c62e8bcaaac645c50d49b5b0a067d42664fc3d42083021ff2,0+1+2,0,8,9,23,,
confirmation,2772,92800931ba5c4a4775195ca14650f11eeddc4fc9b457f5858e63e2eec1610412,0+1,0,19,48,111,,
confirmation,2773,92800931ba5c4a4775195ca14650f11eeddc4fc9b457f5858e63e2eec1610412,0+2,0,10,16,40,,
confirmation,2774,92800931ba5c4a4775195ca14650f11eeddc4fc9b457f5858e63e2eec1610412,1+2,3,27,52,106,,
confirmation,2775,92800931ba5c4a4775195ca14650f11eeddc4fc9b457f5858e63e2eec1610412,0+1+2,0,6,11,31,,
confirmation,2776,b2565d3a27c7f7dc24d81186fab89e2293f587c20aabbe4f13ddb3a011da0008,0+1,0,28,52,104,,
confirmation,2777,b2565d3a27c7f7dc24d81186fab89e2293f587c20aabbe4f13ddb3a011da0008,0+2,0,3,9,32,,
confirmation,2778,b2565d3a27c7f7dc24d81186fab89e2293f587c20aabbe4f13ddb3a011da0008,1+2,0,17,38,94,,
confirmation,2779,b2565d3a27c7f7dc24d81186fab89e2293f587c20aabbe4f13ddb3a011da0008,0+1+2,0,3,8,25,,
confirmation,2780,7e5cf7528a43bdad6cead45417fb4ffe677de3ac1f7a7921576b56b8ba777622,0+1,0,19,30,67,,
confirmation,2781,7e5cf7528a43bdad6cead45417fb4ffe677de3ac1f7a7921576b56b8ba777622,0+2,0,9,10,27,,
confirmation,2782,7e5cf7528a43bdad6cead45417fb4ffe677de3ac1f7a7921576b56b8ba777622,1+2,0,14,25,49,,
confirmation,2783,7e5cf7528a43bdad6cead45417fb4ffe677de3ac1f7a7921576b56b8ba777622,0+1+2,0,8,9,23,,
confirmation,2784,114bfed236b56fea24270b7a3d1d8b1b58ca6035f8f7d33202b43d39518b3bf7,0+1,0,16,39,95,,
confirmation,2785,114bfed236b56fea24270b7a3d1d8b1b58ca6035f8f7d33202b43d39518b3bf7,0+2,0,7,15,35,,
confirmation,2786,114bfed236b56fea24270b7a3d1d8b1b58ca6035f8f7d33202b43d39518b3bf7,1+2,0,20,41,84,,
confirmation,2787,114bfed236b56fea24270b7a3d1d8b1b58ca6035f8f7d33202b43d39518b3bf7,0+1+2,0,3,11,27,,
confirmation,2788,e4a1f788f14217c86de98d3fb8271b74c604e31c77c61fc7aac2dd1c444b1795,0+1,8,31,57,93,,
confirmation,2789,e4a1f788f14217c86de98d3fb8271b74c604e31c77c61fc7aac2dd1c444b1795,0+2,0,7,19,34,,
confirmation,2790,e4a1f788f14217c86de98d3fb8271b74c604e31c77c61fc7aac2dd1c444b1795,1+2,0,25,48,92,,
confirmation,2791,e4a1f788f14217c86de98d3fb8271b74c604e31c77c61fc7aac2dd1c444b1795,0+1+2,0,7,17,30,,
confirmation,2792,c49b6af2054074b9b9797c1c78090438266e8f9805f39334ca2a037af1289d0b,0+1,7,32,49,71,,
confirmation,2793,c49b6af2054074b9b9797c1c78090438266e8f9805f39334ca2a037af1289d0b,0+2,0,12,20,34,,
confirmation,2794,c49b6af2054074b9b9797c1c78090438266e8f9805f39334ca2a037af1289d0b,1+2,0,17,42,68,,
confirmation,2795,c49b6af2054074b9b9797c1c78090438266e8f9805f39334ca2a037af1289d0b,0+1+2,0,12,20,34,,
confirmation,2796,edee011a35950f25a6ee6f0c67f58a22e845e43cb0c0d4bdb98d72b8278e18e1,0+1,11,28,52,90,,
confirmation,2797,edee011a35950f25a6ee6f0c67f58a22e845e43cb0c0d4bdb98d72b8278e18e1,0+2,7,15,29,47,,
confirmation,2798,edee011a35950f25a6ee6f0c67f58a22e845e43cb0c0d4bdb98d72b8278e18e1,1+2,9,32,55,82,,
confirmation,2799,edee011a35950f25a6ee6f0c67f58a22e845e43cb0c0d4bdb98d72b8278e18e1,0+1+2,7,13,26,43,,
confirmation,2800,ded5d13fefed1845ad60a4d4f0c239b15d6e83a69cbce676a5e8a205fbdbb2bd,0+1,0,24,40,82,,
confirmation,2801,ded5d13fefed1845ad60a4d4f0c239b15d6e83a69cbce676a5e8a205fbdbb2bd,0+2,0,13,20,41,,
confirmation,2802,ded5d13fefed1845ad60a4d4f0c239b15d6e83a69cbce676a5e8a205fbdbb2bd,1+2,0,22,47,93,,
confirmation,2803,ded5d13fefed1845ad60a4d4f0c239b15d6e83a69cbce676a5e8a205fbdbb2bd,0+1+2,0,12,19,37,,
confirmation,2804,38d310c6d04cfbaf2d29163e19e8bec04a093348dee7a141d44316baf2d9d973,0+1,0,4,16,22,,
confirmation,2805,38d310c6d04cfbaf2d29163e19e8bec04a093348dee7a141d44316baf2d9d973,0+2,0,0,5,6,,
confirmation,2806,38d310c6d04cfbaf2d29163e19e8bec04a093348dee7a141d44316baf2d9d973,1+2,0,0,5,12,,
confirmation,2807,38d310c6d04cfbaf2d29163e19e8bec04a093348dee7a141d44316baf2d9d973,0+1+2,0,0,5,6,,
confirmation,2808,10737cf4d4ef74ed654d9494af80416623926b8f5fbcc145b70e7f18ebb2c293,0+1,2,27,54,89,,
confirmation,2809,10737cf4d4ef74ed654d9494af80416623926b8f5fbcc145b70e7f18ebb2c293,0+2,3,15,27,41,,
confirmation,2810,10737cf4d4ef74ed654d9494af80416623926b8f5fbcc145b70e7f18ebb2c293,1+2,11,36,68,112,,
confirmation,2811,10737cf4d4ef74ed654d9494af80416623926b8f5fbcc145b70e7f18ebb2c293,0+1+2,2,12,20,32,,
confirmation,2812,bf09025cb6551c13c87305b885b572f092e4103b0767a269f008356e38f5a694,0+1,0,25,50,97,,
confirmation,2813,bf09025cb6551c13c87305b885b572f092e4103b0767a269f008356e38f5a694,0+2,0,13,26,40,,
confirmation,2814,bf09025cb6551c13c87305b885b572f092e4103b0767a269f008356e38f5a694,1+2,0,33,62,106,,
confirmation,2815,bf09025cb6551c13c87305b885b572f092e4103b0767a269f008356e38f5a694,0+1+2,0,8,19,31,,
confirmation,2816,76e623acd1f0ae67b1d244760f0f7e93899881fdf36adb26cf594ba68c8e20ed,0+1,3,35,58,95,,
confirmation,2817,76e623acd1f0ae67b1d244760f0f7e93899881fdf36adb26cf594ba68c8e20ed,0+2,0,11,21,32,,
confirmation,2818,76e623acd1f0ae67b1d244760f0f7e93899881fdf36adb26cf594ba68c8e20ed,1+2,0,21,45,86,,
confirmation,2819,76e623acd1f0ae67b1d244760f0f7e93899881fdf36adb26cf594ba68c8e20ed,0+1+2,0,10,16,25,,
confirmation,2820,c3df1dfe1e7f7a76a5578a5525fc7b3bd7a1e763402f38f2770cc27bf30cb448,0+1,0,24,56,99,,
confirmation,2821,c3df1dfe1e7f7a76a5578a5525fc7b3bd7a1e763402f38f2770cc27bf30cb448,0+2,0,13,22,35,,
confirmation,2822,c3df1dfe1e7f7a76a5578a5525fc7b3bd7a1e763402f38f2770cc27bf30cb448,1+2,9,37,66,114,,
confirmation,2823,c3df1dfe1e7f7a76a5578a5525fc7b3bd7a1e763402f38f2770cc27bf30cb448,0+1+2,0,11,17,26,,
confirmation,2824,144bfca94effe26f2e761c0670417867259415de965b48b5871234758996c1e3,0+1,7,28,59,115,,
confirmation,2825,144bfca94effe26f2e761c0670417867259415de965b48b5871234758996c1e3,0+2,0,10,18,38,,
confirmation,2826,144bfca94effe26f2e761c0670417867259415de965b48b5871234758996c1e3,1+2,0,20,41,91,,
confirmation,2827,144bfca94effe26f2e761c0670417867259415de965b48b5871234758996c1e3,0+1+2,0,6,14,31,,
confirmation,2828,7bf90f73f831f7e90ebbefe9f2ad350a761306fb625ffc3cac3a181e9b747a15,0+1,0,21,41,81,,
confirmation,2829,7bf90f73f831f7e90ebbefe9f2ad350a761306fb625ffc3cac3a181e9b747a15,0+2,0,4,9,28,,
confirmation,2830,7bf90f73f831f7e90ebbefe9f2ad350a761306fb625ffc3cac3a181e9b747a15,1+2,6,17,29,70,,
confirmation,2831,7bf90f73f831f7e90ebbefe9f2ad350a761306fb625ffc3cac3a181e9b747a15,0+1+2,0,4,8,22,,
confirmation,2832,e4d9022b713cde0a9c8ebf28f6ca136787937453b793870d576dd0f1f0550756,0+1,0,28,59,107,,
confirmation,2833,e4d9022b713cde0a9c8ebf28f6ca136787937453b793870d576dd0f1f0550756,0+2,0,6,20,37,,
confirmation,2834,e4d9022b713cde0a9c8ebf28f6ca136787937453b793870d576dd0f1f0550756,1+2,9,36,63,112,,
confirmation,2835,e4d9022b713cde0a9c8ebf28f6ca136787937453b793870d576dd0f1f0550756,0+1+2,0,3,16,27,,
confirmation,2836,fafdc13e8bd8d2bc4f290ed5bd6484debe8f4165f9f5a7644fa6ac9fe5cab530,0+1,0,23,48,83,,
confirmation,2837,fafdc13e8bd8d2bc4f290ed5bd6484debe8f4165f9f5a7644fa6ac9fe5cab530,0+2,1,8,21,36,,
confirmation,2838,fafdc13e8bd8d2bc4f290ed5bd6484debe8f4165f9f5a7644fa6ac9fe5cab530,1+2,6,34,61,100,,
confirmation,2839,fafdc13e8bd8d2bc4f290ed5bd6484debe8f4165f9f5a7644fa6ac9fe5cab530,0+1+2,0,3,14,24,,
confirmation,2840,12dfd79221122bdddffdc45cd33ed3b8e3b453fb75918a1c01fa8c3b4621a9ec,0+1,10,33,55,104,,
confirmation,2841,12dfd79221122bdddffdc45cd33ed3b8e3b453fb75918a1c01fa8c3b4621a9ec,0+2,0,8,15,32,,
confirmation,2842,12dfd79221122bdddffdc45cd33ed3b8e3b453fb75918a1c01fa8c3b4621a9ec,1+2,0,19,38,93,,
confirmation,2843,12dfd79221122bdddffdc45cd33ed3b8e3b453fb75918a1c01fa8c3b4621a9ec,0+1+2,0,8,9,22,,
confirmation,2844,5117796a5432dd16144e1c916bea534ed584d821b3c3e3cb5e430f33d81d8fd4,0+1,0,27,49,99,,
confirmation,2845,5117796a5432dd16144e1c916bea534ed584d821b3c3e3cb5e430f33d81d8fd4,0+2,0,12,18,37,,
confirmation,2846,5117796a5432dd16144e1c916bea534ed584d821b3c3e3cb5e430f33d81d8fd4,1+2,1,22,46,93,,
confirmation,2847,5117796a5432dd16144e1c916bea534ed584d821b3c3e3cb5e430f33d81d8fd4,0+1+2,0,11,13,27,,
confirmation,2848,e620318dc3eec0483f75f434afa1fa5cbb8f44066ea6fc2ca5e542fd5f7240be,0+1,3,29,47,99,,
confirmation,2849,e620318dc3eec0483f75f434afa1fa5cbb8f44066ea6fc2ca5e542fd5f7240be,0+2,4,6,17,40,,
confirmation,2850,e620318dc3eec0483f75f434afa1fa5cbb8f44066ea6fc2ca5e542fd5f7240be,1+2,9,28,51,108,,
confirmation,2851,e620318dc3eec0483f75f434afa1fa5cbb8f44066ea6fc2ca5e542fd5f7240be,0+1+2,3,4,14,31,,
confirmation,2852,bd20438dc6a3e1b18db37911c112279e7af6c57c414933eba8358d7df8acaaeb,0+1,0,2,13,33,,
confirmation,2853,bd20438dc6a3e1b18db37911c112279e7af6c57c414933eba8358d7df8acaaeb,0+2,0,0,3,15,,
confirmation,2854,bd20438dc6a3e1b18db37911c112279e7af6c57c414933eba8358d7df8acaaeb,1+2,0,0,4,26,,
confirmation,2855,bd20438dc6a3e1b18db37911c112279e7af6c57c414933eba8358d7df8acaaeb,0+1+2,0,0,3,15,,
confirmation,2856,e2cdcb8e4083246ae9050dda6c2148a89d8030ecad2badcbfe1f9acfd05343db,0+1,3,16,25,49,,
confirmation,2857,e2cdcb8e4083246ae9050dda6c2148a89d8030ecad2badcbfe1f9acfd05343db,0+2,0,11,12,22,,
confirmation,2858,e2cdcb8e4083246ae9050dda6c2148a89d8030ecad2badcbfe1f9acfd05343db,1+2,0,12,23,42,,
confirmation,2859,e2cdcb8e4083246ae9050dda6c2148a89d8030ecad2badcbfe1f9acfd05343db,0+1+2,0,11,12,21,,
confirmation,2860,926a55dfcf42eebd8e29510caf0acde24459f7cd2b34f334a515b603dfbde4a8,0+1,0,15,28,71,,
confirmation,2861,926a55dfcf42eebd8e29510caf0acde24459f7cd2b34f334a515b603dfbde4a8,0+2,0,0,13,34,,
confirmation,2862,926a55dfcf42eebd8e29510caf0acde24459f7cd2b34f334a515b603dfbde4a8,1+2,1,13,27,75,,
confirmation,2863,926a55dfcf42eebd8e29510caf0acde24459f7cd2b34f334a515b603dfbde4a8,0+1+2,0,0,13,33,,
confirmation,2864,509effb1cddec1cbff43ce55bc1871a8b978a1c5ab13e62b5e483bf8feeeefc6,0+1,0,21,37,79,,
confirmation,2865,509effb1cddec1cbff43ce55bc1871a8b978a1c5ab13e62b5e483bf8feeeefc6,0+2,0,15,20,41,,
confirmation,2866,509effb1cddec1cbff43ce55bc1871a8b978a1c5ab13e62b5e483bf8feeeefc6,1+2,0,14,34,79,,
confirmation,2867,509effb1cddec1cbff43ce55bc1871a8b978a1c5ab13e62b5e483bf8feeeefc6,0+1+2,0,13,16,35,,
confirmation,2868,ca0ed6e7e52c6ea27f16878e72c3a1c83c6ed6da8417dd3290f5f78488125e98,0+1,0,21,37,77,,
confirmation,2869,ca0ed6e7e52c6ea27f16878e72c3a1c83c6ed6da8417dd3290f5f78488125e98,0+2,0,12,12,33,,
confirmation,2870,ca0ed6e7e52c6ea27f16878e72c3a1c83c6ed6da8417dd3290f5f78488125e98,1+2,0,11,22,68,,
confirmation,2871,ca0ed6e7e52c6ea27f16878e72c3a1c83c6ed6da8417dd3290f5f78488125e98,0+1+2,0,11,11,30,,
confirmation,2872,7b73dfb36bb8c34153132440060fe18330789ef85ed6509961a6222471ad897b,0+1,0,11,20,39,,
confirmation,2873,7b73dfb36bb8c34153132440060fe18330789ef85ed6509961a6222471ad897b,0+2,0,10,13,23,,
confirmation,2874,7b73dfb36bb8c34153132440060fe18330789ef85ed6509961a6222471ad897b,1+2,0,12,24,42,,
confirmation,2875,7b73dfb36bb8c34153132440060fe18330789ef85ed6509961a6222471ad897b,0+1+2,0,10,13,21,,
confirmation,2876,37f7f407a41aaf07e80eb4f4304f6e30de9c9db0dce16d08351f295ca55ab4ab,0+1,0,17,39,59,,
confirmation,2877,37f7f407a41aaf07e80eb4f4304f6e30de9c9db0dce16d08351f295ca55ab4ab,0+2,0,9,20,31,,
confirmation,2878,37f7f407a41aaf07e80eb4f4304f6e30de9c9db0dce16d08351f295ca55ab4ab,1+2,3,22,45,69,,
confirmation,2879,37f7f407a41aaf07e80eb4f4304f6e30de9c9db0dce16d08351f295ca55ab4ab,0+1+2,0,7,18,29,,
confirmation,2880,9d646301ef29829e2deb637568b54f2452a70fccaa810b7654d6f26f1716efa1,0+1,0,25,48,100,,
confirmation,2881,9d646301ef29829e2deb637568b54f2452a70fccaa810b7654d6f26f1716efa1,0+2,0,4,11,30,,
confirmation,2882,9d646301ef29829e2deb637568b54f2452a70fccaa810b7654d6f26f1716efa1,1+2,8,26,47,101,,
confirmation,2883,9d646301ef29829e2deb637568b54f2452a70fccaa810b7654d6f26f1716efa1,0+1+2,0,4,7,22,,
confirmation,2884,eb760fba95933b3daeffba6a6bfa99f1c7066f9bad3a32775b98378866dcd001,0+1,0,36,62,112,,
confirmation,2885,eb760fba95933b3daeffba6a6bfa99f1c7066f9bad3a32775b98378866dcd001,0+2,0,12,21,36,,
confirmation,2886,eb760fba95933b3daeffba6a6bfa99f1c7066f9bad3a32775b98378866dcd001,1+2,7,39,66,114,,
confirmation,2887,eb760fba95933b3daeffba6a6bfa99f1c7066f9bad3a32775b98378866dcd001,0+1+2,0,12,18,29,,
confirmation,2888,619cb3a839d1b7791acfa25d7d182eadf6f8d4c15983f1d502751ced765ce446,0+1,0,18,36,66,,
confirmation,2889,619cb3a839d1b7791acfa25d7d182eadf6f8d4c15983f1d502751ced765ce446,0+2,0,9,23,35,,
confirmation,2890,619cb3a839d1b7791acfa25d7d182eadf6f8d4c15983f1d502751ced765ce446,1+2,0,24,43,68,,
confirmation,2891,619cb3a839d1b7791acfa25d7d182eadf6f8d4c15983f1d502751ced765ce446,0+1+2,0,9,20,32,,
confirmation,2892,0f4c1711055e022cb56c2e64ed57eaaca91269d2329e82444a821ccac5eef692,0+1,0,12,21,43,,
confirmation,2893,0f4c1711055e022cb56c2e64ed57eaaca91269d2329e82444a821ccac5eef692,0+2,0,13,13,26,,
confirmation,2894,0f4c1711055e022cb56c2e64ed57eaaca91269d2329e82444a821ccac5eef692,1+2,0,12,23,43,,
confirmation,2895,0f4c1711055e022cb56c2e64ed57eaaca91269d2329e82444a821ccac5eef692,0+1+2,0,12,12,25,,
confirmation,2896,c0ce5344bdb79a82268e11dad3c2dba57278f537258c37be49328fabc9d0df43,0+1,3,26,55,103,,
confirmation,2897,c0ce5344bdb79a82268e11dad3c2dba57278f537258c37be49328fabc9d0df43,0+2,5,17,28,39,,
confirmation,2898,c0ce5344bdb79a82268e11dad3c2dba57278f537258c37be49328fabc9d0df43,1+2,1,30,61,103,,
confirmation,2899,c0ce5344bdb79a82268e11dad3c2dba57278f537258c37be49328fabc9d0df43,0+1+2,1,10,19,29,,
confirmation,2900,2559b7b8dff051d58cd7602a43a0b9a1cac0d822938e80d5b232de28fb827cd1,0+1,0,25,48,93,,
confirmation,2901,2559b7b8dff051d58cd7602a43a0b9a1cac0d822938e80d5b232de28fb827cd1,0+2,0,9,22,36,,
confirmation,2902,2559b7b8dff051d58cd7602a43a0b9a1cac0d822938e80d5b232de28fb827cd1,1+2,10,41,69,111,,
confirmation,2903,2559b7b8dff051d58cd7602a43a0b9a1cac0d822938e80d5b232de28fb827cd1,0+1+2,0,6,17,27,,
confirmation,2904,4434923979be781c3515f24fbff479a06407ca38185ccd7fb163bf12bfeafc7f,0+1,0,24,53,103,,
confirmation,2905,4434923979be781c3515f24fbff479a06407ca38185ccd7fb163bf12bfeafc7f,0+2,0,11,22,38,,
confirmation,2906,4434923979be781c3515f24fbff479a06407ca38185ccd7fb163bf12bfeafc7f,1+2,0,21,52,93,,
confirmation,2907,4434923979be781c3515f24fbff479a06407ca38185ccd7fb163bf12bfeafc7f,0+1+2,0,9,19,31,,
confirmation,2908,f8c35f65840878c7164f5674b704eb945a97d47352285afecff9b100c55b8566,0+1,9,30,62,102,,
confirmation,2909,f8c35f65840878c7164f5674b704eb945a97d47352285afecff9b100c55b8566,0+2,0,10,22,33,,
confirmation,2910,f8c35f65840878c7164f5674b704eb945a97d47352285afecff9b100c55b8566,1+2,0,26,57,96,,
confirmation,2911,f8c35f65840878c7164f5674b704eb945a97d47352285afecff9b100c55b8566,0+1+2,0,6,17,26,,
confirmation,2912,81612506bd04a259d1779204570306d86f15dfd852401b76ff917998efa5bb95,0+1,10,26,47,101,,
confirmation,2913,81612506bd04a259d1779204570306d86f15dfd852401b76ff917998efa5bb95,0+2,0,5,18,40,,
confirmation,2914,81612506bd04a259d1779204570306d86f15dfd852401b76ff917998efa5bb95,1+2,0,21,42,86,,
confirmation,2915,81612506bd04a259d1779204570306d86f15dfd852401b76ff917998efa5bb95,0+1+2,0,1,13,31,,
confirmation,2916,3786ba36e898ae194c96dae1d9fb52f9d8d1a120c5ba08ac058d465c0cf1c33b,0+1,0,13,23,50,,
confirmation,2917,3786ba36e898ae194c96dae1d9fb52f9d8d1a120c5ba08ac058d465c0cf1c33b,0+2,0,13,13,24,,
confirmation,2918,3786ba36e898ae194c96dae1d9fb52f9d8d1a120c5ba08ac058d465c0cf1c33b,1+2,8,22,34,58,,
confirmation,2919,3786ba36e898ae194c96dae1d9fb52f9d8d1a120c5ba08ac058d465c0cf1c33b,0+1+2,0,13,13,24,,
confirmation,2920,cb753fddb7088920c20b662d90d0b9c32257d80d01ac6da7039026995172affb,0+1,0,21,40,77,,
confirmation,2921,cb753fddb7088920c20b662d90d0b9c32257d80d01ac6da7039026995172affb,0+2,0,11,21,39,,
confirmation,2922,cb753fddb7088920c20b662d90d0b9c32257d80d01ac6da7039026995172affb,1+2,0,21,43,68,,
confirmation,2923,cb753fddb7088920c20b662d90d0b9c32257d80d01ac6da7039026995172affb,0+1+2,0,10,18,33,,
confirmation,2924,e91bc554055b5b616921ee4e00c4f043fabe7a294851f04d8010669aac7b3459,0+1,4,24,43,81,,
confirmation,2925,e91bc554055b5b616921ee4e00c4f043fabe7a294851f04d8010669aac7b3459,0+2,0,10,22,42,,
confirmation,2926,e91bc554055b5b616921ee4e00c4f043fabe7a294851f04d8010669aac7b3459,1+2,3,17,35,82,,
confirmation,2927,e91bc554055b5b616921ee4e00c4f043fabe7a294851f04d8010669aac7b3459,0+1+2,0,10,19,37,,
confirmation,2928,c03615a12f325b30537ed6081b5912a8f9f52f69a17b2d62e6b7657f2e1386c4,0+1,0,18,41,62,,
confirmation,2929,c03615a12f325b30537ed6081b5912a8f9f52f69a17b2d62e6b7657f2e1386c4,0+2,0,9,22,35,,
confirmation,2930,c03615a12f325b30537ed6081b5912a8f9f52f69a17b2d62e6b7657f2e1386c4,1+2,0,23,47,71,,
confirmation,2931,c03615a12f325b30537ed6081b5912a8f9f52f69a17b2d62e6b7657f2e1386c4,0+1+2,0,6,18,31,,
confirmation,2932,401a0f655b5c8c23d857495df902d1338695810a8f9b3268e9ad93f110740abe,0+1,0,30,51,90,,
confirmation,2933,401a0f655b5c8c23d857495df902d1338695810a8f9b3268e9ad93f110740abe,0+2,0,11,21,37,,
confirmation,2934,401a0f655b5c8c23d857495df902d1338695810a8f9b3268e9ad93f110740abe,1+2,0,22,45,86,,
confirmation,2935,401a0f655b5c8c23d857495df902d1338695810a8f9b3268e9ad93f110740abe,0+1+2,0,10,17,30,,
confirmation,2936,a0c261c92d02976a5ce7f5ea6570314a16d700b0dac7b4e7a07c58e9e69dd3ba,0+1,0,18,47,83,,
confirmation,2937,a0c261c92d02976a5ce7f5ea6570314a16d700b0dac7b4e7a07c58e9e69dd3ba,0+2,0,6,19,35,,
confirmation,2938,a0c261c92d02976a5ce7f5ea6570314a16d700b0dac7b4e7a07c58e9e69dd3ba,1+2,11,30,53,97,,
confirmation,2939,a0c261c92d02976a5ce7f5ea6570314a16d700b0dac7b4e7a07c58e9e69dd3ba,0+1+2,0,0,11,23,,
confirmation,2940,89a76adfd1dd94fe08008d68c921dc8c0cc85129b605403e6a0583f4f3a4ece3,0+1,8,29,57,95,,
confirmation,2941,89a76adfd1dd94fe08008d68c921dc8c0cc85129b605403e6a0583f4f3a4ece3,0+2,4,9,22,35,,
confirmation,2942,89a76adfd1dd94fe08008d68c921dc8c0cc85129b605403e6a0583f4f3a4ece3,1+2,2,27,58,97,,
confirmation,2943,89a76adfd1dd94fe08008d68c921dc8c0cc85129b605403e6a0583f4f3a4ece3,0+1+2,2,3,16,24,,
confirmation,2944,1319c4849ee1b5b5d477cd2cf6bd9c1fdbb2be6a2ea9e1791b6bac71d08c908d,0+1,0,19,34,83,,
confirmation,2945,1319c4849ee1b5b5d477cd2cf6bd9c1fdbb2be6a2ea9e1791b6bac71d08c908d,0+2,0,2,11,29,,
confirmation,2946,1319c4849ee1b5b5d477cd2cf6bd9c1fdbb2be6a2ea9e1791b6bac71d08c908d,1+2,0,19,39,81,,
confirmation,2947,1319c4849ee1b5b5d477cd2cf6bd9c1fdbb2be6a2ea9e1791b6bac71d08c908d,0+1+2,0,1,9,25,,
confirmation,2948,63e6ae31fd20cdc0da688c579b006f5af96a886a64b2a66bb706d492838ac744,0+1,1,22,41,94,,
confirmation,2949,63e6ae31fd20cdc0da688c579b006f5af96a886a64b2a66bb706d492838ac744,0+2,5,9,19,36,,
confirmation,2950,63e6ae31fd20cdc0da688c579b006f5af96a886a64b2a66bb706d492838ac744,1+2,4,25,48,101,,
confirmation,2951,63e6ae31fd20cdc0da688c579b006f5af96a886a64b2a66bb706d492838ac744,0+1+2,1,1,10,23,,
confirmation,2952,19cab943dce87c4ba52b0584990adb218f9c6fea533dc1329004e54cb6d2989f,0+1,0,25,56,94,,
confirmation,2953,19cab943dce87c4ba52b0584990adb218f9c6fea533dc1329004e54cb6d2989f,0+2,0,6,20,35,,
confirmation,2954,19cab943dce87c4ba52b0584990adb218f9c6fea533dc1329004e54cb6d2989f,1+2,0,22,45,82,,
confirmation,2955,19cab943dce87c4ba52b0584990adb218f9c6fea533dc1329004e54cb6d2989f,0+1+2,0,4,17,27,,
confirmation,2956,388e6d36f230e23f1e6d8729e82592d7c5ee4fb6185963f77eae34e045f5bcb0,0+1,0,22,57,101,,
confirmation,2957,388e6d36f230e23f1e6d8729e82592d7c5ee4fb6185963f77eae34e045f5bcb0,0+2,0,10,19,27,,
confirmation,2958,388e6d36f230e23f1e6d8729e82592d7c5ee4fb6185963f77eae34e045f5bcb0,1+2,3,27,53,98,,
confirmation,2959,388e6d36f230e23f1e6d8729e82592d7c5ee4fb6185963f77eae34e045f5bcb0,0+1+2,0,7,14,20,,
confirmation,2960,2cf8c4dfa156e176e6faa7b778f8688c1898dfb709fb5e97cdc943c1a5856133,0+1,0,16,38,92,,
confirmation,2961,2cf8c4dfa156e176e6faa7b778f8688c1898dfb709fb5e97cdc943c1a5856133,0+2,0,10,18,39,,
confirmation,2962,2cf8c4dfa156e176e6faa7b778f8688c1898dfb709fb5e97cdc943c1a5856133,1+2,3,23,43,88,,
confirmation,2963,2cf8c4dfa156e176e6faa7b778f8688c1898dfb709fb5e97cdc943c1a5856133,0+1+2,0,6,14,32,,
confirmation,2964,d510dc3a328a181c4e85a05a27fe620b622ee047e8292d476f4af0cb385a8a4c,0+1,8,28,54,106,,
confirmation,2965,d510dc3a328a181c4e85a05a27fe620b622ee047e8292d476f4af0cb385a8a4c,0+2,0,8,11,33,,
confirmation,2966,d510dc3a328a181c4e85a05a27fe620b622ee047e8292d476f4af0cb385a8a4c,1+2,0,20,41,96,,
confirmation,2967,d510dc3a328a181c4e85a05a27fe620b622ee047e8292d476f4af0cb385a8a4c,0+1+2,0,5,8,25,,
confirmation,2968,577358b46d932c5fbfb731d722c5cd6bd56d38df9db8f146dab07e06d1ab233d,0+1,0,0,0,18,,
confirmation,2969,577358b46d932c5fbfb731d722c5cd6bd56d38df9db8f146dab07e06d1ab233d,0+2,0,0,0,13,,
confirmation,2970,577358b46d932c5fbfb731d722c5cd6bd56d38df9db8f146dab07e06d1ab233d,1+2,0,0,0,23,,
confirmation,2971,577358b46d932c5fbfb731d722c5cd6bd56d38df9db8f146dab07e06d1ab233d,0+1+2,0,0,0,13,,
confirmation,2972,e1157b965f92696724365b7ff371d34d0297f32c52da6ef71b4215cc56f0a6ce,0+1,0,24,53,100,,
confirmation,2973,e1157b965f92696724365b7ff371d34d0297f32c52da6ef71b4215cc56f0a6ce,0+2,2,15,24,36,,
confirmation,2974,e1157b965f92696724365b7ff371d34d0297f32c52da6ef71b4215cc56f0a6ce,1+2,8,35,65,108,,
confirmation,2975,e1157b965f92696724365b7ff371d34d0297f32c52da6ef71b4215cc56f0a6ce,0+1+2,0,10,18,29,,
confirmation,2976,7c6a972d9c379d755458d48ec0016bc9afc41e1b81aea7e304e4f3012cb7528a,0+1,10,33,49,104,,
confirmation,2977,7c6a972d9c379d755458d48ec0016bc9afc41e1b81aea7e304e4f3012cb7528a,0+2,4,12,22,42,,
confirmation,2978,7c6a972d9c379d755458d48ec0016bc9afc41e1b81aea7e304e4f3012cb7528a,1+2,3,22,42,89,,
confirmation,2979,7c6a972d9c379d755458d48ec0016bc9afc41e1b81aea7e304e4f3012cb7528a,0+1+2,3,11,17,34,,
confirmation,2980,08d789fbf2bbe84f2016cb51c2c29163e9d1f310b337a09939b7beaac191acbc,0+1,2,19,39,74,,
confirmation,2981,08d789fbf2bbe84f2016cb51c2c29163e9d1f310b337a09939b7beaac191acbc,0+2,0,7,20,35,,
confirmation,2982,08d789fbf2bbe84f2016cb51c2c29163e9d1f310b337a09939b7beaac191acbc,1+2,0,24,46,89,,
confirmation,2983,08d789fbf2bbe84f2016cb51c2c29163e9d1f310b337a09939b7beaac191acbc,0+1+2,0,7,18,30,,
confirmation,2984,ca3f00f3b8a0a9219fc7e3175afcc8851811fa8a4d06c1909d7c5990599f683c,0+1,0,17,39,76,,
confirmation,2985,ca3f00f3b8a0a9219fc7e3175afcc8851811fa8a4d06c1909d7c5990599f683c,0+2,0,7,21,37,,
confirmation,2986,ca3f00f3b8a0a9219fc7e3175afcc8851811fa8a4d06c1909d7c5990599f683c,1+2,0,25,46,88,,
confirmation,2987,ca3f00f3b8a0a9219fc7e3175afcc8851811fa8a4d06c1909d7c5990599f683c,0+1+2,0,7,19,31,,
confirmation,2988,94f9f266e105621a27e91905918021809c2f1b1e5d8fb4023408d1460e57a7b8,0+1,5,22,46,85,,
confirmation,2989,94f9f266e105621a27e91905918021809c2f1b1e5d8fb4023408d1460e57a7b8,0+2,0,6,21,39,,
confirmation,2990,94f9f266e105621a27e91905918021809c2f1b1e5d8fb4023408d1460e57a7b8,1+2,5,27,50,76,,
confirmation,2991,94f9f266e105621a27e91905918021809c2f1b1e5d8fb4023408d1460e57a7b8,0+1+2,0,5,19,35,,
confirmation,2992,cd24d8349533191e996ccbe5dd87c434ee277150701ea09ca489298f75c99799,0+1,7,23,43,83,,
confirmation,2993,cd24d8349533191e996ccbe5dd87c434ee277150701ea09ca489298f75c99799,0+2,7,7,19,40,,
confirmation,2994,cd24d8349533191e996ccbe5dd87c434ee277150701ea09ca489298f75c99799,1+2,13,24,37,84,,
confirmation,2995,cd24d8349533191e996ccbe5dd87c434ee277150701ea09ca489298f75c99799,0+1+2,7,7,19,38,,
confirmation,2996,2dab1a5b5c80de2784517cfb2284e2769234fef58f4b9373bc4c9888479b89a7,0+1,9,27,50,85,,
confirmation,2997,2dab1a5b5c80de2784517cfb2284e2769234fef58f4b9373bc4c9888479b89a7,0+2,0,9,20,30,,
confirmation,2998,2dab1a5b5c80de2784517cfb2284e2769234fef58f4b9373bc4c9888479b89a7,1+2,0,21,44,66,,
confirmation,2999,2dab1a5b5c80de2784517cfb2284e2769234fef58f4b9373bc4c9888479b89a7,0+1+2,0,5,16,24,,
confirmation,3000,685e6c9af0e2916520a86e12bc344302639fbf43782189de0ff71400184303b6,0+1,0,31,52,91,,
confirmation,3001,685e6c9af0e2916520a86e12bc344302639fbf43782189de0ff71400184303b6,0+2,0,14,19,37,,
confirmation,3002,685e6c9af0e2916520a86e12bc344302639fbf43782189de0ff71400184303b6,1+2,0,21,42,82,,
confirmation,3003,685e6c9af0e2916520a86e12bc344302639fbf43782189de0ff71400184303b6,0+1+2,0,12,15,28,,
confirmation,3004,62d62931623fd69744bc499619908ff534330286457099fcc4d61ae73921ac0e,0+1,0,18,40,89,,
confirmation,3005,62d62931623fd69744bc499619908ff534330286457099fcc4d61ae73921ac0e,0+2,0,12,15,38,,
confirmation,3006,62d62931623fd69744bc499619908ff534330286457099fcc4d61ae73921ac0e,1+2,4,26,45,104,,
confirmation,3007,62d62931623fd69744bc499619908ff534330286457099fcc4d61ae73921ac0e,0+1+2,0,11,11,27,,
confirmation,3008,8484395b9af90907aa7a18c3ff937582c5c048d69bc331cefd7a7c26a6462008,0+1,0,23,41,87,,
confirmation,3009,8484395b9af90907aa7a18c3ff937582c5c048d69bc331cefd7a7c26a6462008,0+2,0,4,13,30,,
confirmation,3010,8484395b9af90907aa7a18c3ff937582c5c048d69bc331cefd7a7c26a6462008,1+2,0,17,37,89,,
confirmation,3011,8484395b9af90907aa7a18c3ff937582c5c048d69bc331cefd7a7c26a6462008,0+1+2,0,0,8,20,,
confirmation,3012,1e0e2d1c8388e0871ec91b73e847e9c4c22b30b164235fbaff91998a3179fa3e,0+1,4,24,40,74,,
confirmation,3013,1e0e2d1c8388e0871ec91b73e847e9c4c22b30b164235fbaff91998a3179fa3e,0+2,0,13,19,33,,
confirmation,3014,1e0e2d1c8388e0871ec91b73e847e9c4c22b30b164235fbaff91998a3179fa3e,1+2,0,19,42,81,,
confirmation,3015,1e0e2d1c8388e0871ec91b73e847e9c4c22b30b164235fbaff91998a3179fa3e,0+1+2,0,11,17,29,,
confirmation,3016,7c3d23a5581d66f639baa0e2ff8699ce7e55a0af54eb2ec8f4eb4cad3ba4c9b1,0+1,8,27,56,116,,
confirmation,3017,7c3d23a5581d66f639baa0e2ff8699ce7e55a0af54eb2ec8f4eb4cad3ba4c9b1,0+2,0,11,18,38,,
confirmation,3018,7c3d23a5581d66f639baa0e2ff8699ce7e55a0af54eb2ec8f4eb4cad3ba4c9b1,1+2,0,25,50,101,,
confirmation,3019,7c3d23a5581d66f639baa0e2ff8699ce7e55a0af54eb2ec8f4eb4cad3ba4c9b1,0+1+2,0,7,12,29,,
confirmation,3020,dfc9b9abf1a47ebb70a691709be80cb7aa1b33872dc592090389ca2d11e183f6,0+1,0,21,57,104,,
confirmation,3021,dfc9b9abf1a47ebb70a691709be80cb7aa1b33872dc592090389ca2d11e183f6,0+2,0,12,22,32,,
confirmation,3022,dfc9b9abf1a47ebb70a691709be80cb7aa1b33872dc592090389ca2d11e183f6,1+2,0,27,56,99,,
confirmation,3023,dfc9b9abf1a47ebb70a691709be80cb7aa1b33872dc592090389ca2d11e183f6,0+1+2,0,8,16,24,,
confirmation,3024,a9ada5ba663ba751e147f9dee7f65ec7f888f0d4be1b05f5409cb86e5f293eb8,0+1,0,17,41,80,,
confirmation,3025,a9ada5ba663ba751e147f9dee7f65ec7f888f0d4be1b05f5409cb86e5f293eb8,0+2,0,8,20,35,,
confirmation,3026,a9ada5ba663ba751e147f9dee7f65ec7f888f0d4be1b05f5409cb86e5f293eb8,1+2,6,29,53,83,,
confirmation,3027,a9ada5ba663ba751e147f9dee7f65ec7f888f0d4be1b05f5409cb86e5f293eb8,0+1+2,0,5,17,28,,
confirmation,3028,1494746b2c6b1d8da6369861d70f6e36a156fa24fdc043c1c95b72469f316985,0+1,0,13,25,45,,
confirmation,3029,1494746b2c6b1d8da6369861d70f6e36a156fa24fdc043c1c95b72469f316985,0+2,0,4,12,20,,
confirmation,3030,1494746b2c6b1d8da6369861d70f6e36a156fa24fdc043c1c95b72469f316985,1+2,0,11,22,44,,
confirmation,3031,1494746b2c6b1d8da6369861d70f6e36a156fa24fdc043c1c95b72469f316985,0+1+2,0,4,12,18,,
confirmation,3032,211ec2aaf0282bcd94f6cec5e378dde63f0780c601a8854af90262f910d93bc1,0+1,0,28,48,100,,
confirmation,3033,211ec2aaf0282bcd94f6cec5e378dde63f0780c601a8854af90262f910d93bc1,0+2,0,4,14,38,,
confirmation,3034,211ec2aaf0282bcd94f6cec5e378dde63f0780c601a8854af90262f910d93bc1,1+2,1,25,52,106,,
confirmation,3035,211ec2aaf0282bcd94f6cec5e378dde63f0780c601a8854af90262f910d93bc1,0+1+2,0,4,12,31,,
confirmation,3036,df288ad8f74586cbe29ada5ed5f623ebfd272484a9440d5bdd65992a24ec0d1d,0+1,4,28,49,89,,
confirmation,3037,df288ad8f74586cbe29ada5ed5f623ebfd272484a9440d5bdd65992a24ec0d1d,0+2,0,6,17,31,,
confirmation,3038,df288ad8f74586cbe29ada5ed5f623ebfd272484a9440d5bdd65992a24ec0d1d,1+2,0,26,51,86,,
confirmation,3039,df288ad8f74586cbe29ada5ed5f623ebfd272484a9440d5bdd65992a24ec0d1d,0+1+2,0,4,12,20,,
confirmation,3040,fb647c7de44d93ce6eb9a928f87dcdb12162b6d033eac9cb2196008f3f271089,0+1,0,12,20,40,,
confirmation,3041,fb647c7de44d93ce6eb9a928f87dcdb12162b6d033eac9cb2196008f3f271089,0+2,0,9,12,23,,
confirmation,3042,fb647c7de44d93ce6eb9a928f87dcdb12162b6d033eac9cb2196008f3f271089,1+2,0,12,23,47,,
confirmation,3043,fb647c7de44d93ce6eb9a928f87dcdb12162b6d033eac9cb2196008f3f271089,0+1+2,0,9,12,22,,
confirmation,3044,0682dc889966eef3f077aa4a35c1b982639c0a2f3f507b2837fbc3fa3a80c915,0+1,0,34,55,97,,
confirmation,3045,0682dc889966eef3f077aa4a35c1b982639c0a2f3f507b2837fbc3fa3a80c915,0+2,0,13,21,41,,
confirmation,3046,0682dc889966eef3f077aa4a35c1b982639c0a2f3f507b2837fbc3fa3a80c915,1+2,5,28,50,96,,
confirmation,3047,0682dc889966eef3f077aa4a35c1b982639c0a2f3f507b2837fbc3fa3a80c915,0+1+2,0,13,17,34,,
confirmation,3048,47f2c0cc65b8154636f33b32b22dbcebcd3c42c86b6b06fc41ca6703a93d4604,0+1,0,19,28,66,,
confirmation,3049,47f2c0cc65b8154636f33b32b22dbcebcd3c42c86b6b06fc41ca6703a93d4604,0+2,0,4,12,34,,
confirmation,3050,47f2c0cc65b8154636f33b32b22dbcebcd3c42c86b6b06fc41ca6703a93d4604,1+2,0,12,25,73,,
confirmation,3051,47f2c0cc65b8154636f33b32b22dbcebcd3c42c86b6b06fc41ca6703a93d4604,0+1+2,0,4,12,31,,
confirmation,3052,e6a3bd0e165365b65e691f11932b81dc2f568bd10cb8858a1811dbd6dd5262cc,0+1,0,12,21,62,,
confirmation,3053,e6a3bd0e165365b65e691f11932b81dc2f568bd10cb8858a1811dbd6dd5262cc,0+2,0,6,12,33,,
confirmation,3054,e6a3bd0e165365b65e691f11932b81dc2f568bd10cb8858a1811dbd6dd5262cc,1+2,0,12,24,56,,
confirmation,3055,e6a3bd0e165365b65e691f11932b81dc2f568bd10cb8858a1811dbd6dd5262cc,0+1+2,0,6,12,30,,
confirmation,3056,4c65dc02e808d9184ed61f16a3c55782cd8121645ccc323ecc536d2cb7d4a3e8,0+1,4,14,23,59,,
confirmation,3057,4c65dc02e808d9184ed61f16a3c55782cd8121645ccc323ecc536d2cb7d4a3e8,0+2,0,4,12,33,,
confirmation,3058,4c65dc02e808d9184ed61f16a3c55782cd8121645ccc323ecc536d2cb7d4a3e8,1+2,0,12,25,71,,
confirmation,3059,4c65dc02e808d9184ed61f16a3c55782cd8121645ccc323ecc536d2cb7d4a3e8,0+1+2,0,4,12,30,,
confirmation,3060,2a62ca1267e1bda3a05c0825e2f24058733ed9b89151fb457154f40e47972725,0+1,10,29,47,76,,
confirmation,3061,2a62ca1267e1bda3a05c0825e2f24058733ed9b89151fb457154f40e47972725,0+2,2,14,22,33,,
confirmation,3062,2a62ca1267e1bda3a05c0825e2f24058733ed9b89151fb457154f40e47972725,1+2,4,27,50,72,,
confirmation,3063,2a62ca1267e1bda3a05c0825e2f24058733ed9b89151fb457154f40e47972725,0+1+2,2,12,20,30,,
confirmation,3064,f7ac814386a30f2a7f7795011a48489d3c7ea46c94a12e584ae4809271546fc9,0+1,0,18,40,92,,
confirmation,3065,f7ac814386a30f2a7f7795011a48489d3c7ea46c94a12e584ae4809271546fc9,0+2,0,7,18,39,,
confirmation,3066,f7ac814386a30f2a7f7795011a48489d3c7ea46c94a12e584ae4809271546fc9,1+2,7,28,49,104,,
confirmation,3067,f7ac814386a30f2a7f7795011a48489d3c7ea46c94a12e584ae4809271546fc9,0+1+2,0,3,14,31,,
confirmation,3068,43b03df99f34a16fd5d90ee3c6c7de413c46237c9b592a79f237affba126bb43,0+1,8,35,56,105,,
confirmation,3069,43b03df99f34a16fd5d90ee3c6c7de413c46237c9b592a79f237affba126bb43,0+2,0,12,17,37,,
confirmation,3070,43b03df99f34a16fd5d90ee3c6c7de413c46237c9b592a79f237affba126bb43,1+2,0,21,43,90,,
confirmation,3071,43b03df99f34a16fd5d90ee3c6c7de413c46237c9b592a79f237affba126bb43,0+1+2,0,11,12,27,,
confirmation,3072,29d0aaec26c4f2ccc4c2e85cc69b11887ca425660597b78650b6d820fb4f0f63,0+1,8,24,49,94,,
confirmation,3073,29d0aaec26c4f2ccc4c2e85cc69b11887ca425660597b78650b6d820fb4f0f63,0+2,1,6,18,32,,
confirmation,3074,29d0aaec26c4f2ccc4c2e85cc69b11887ca425660597b78650b6d820fb4f0f63,1+2,0,21,46,93,,
confirmation,3075,29d0aaec26c4f2ccc4c2e85cc69b11887ca425660597b78650b6d820fb4f0f63,0+1+2,0,0,10,21,,
confirmation,3076,187fb6396601630509d09a5bfee1df7bcf48b1c3d5dc7b5dcf31cc9fd3e60586,0+1,0,21,42,96,,
confirmation,3077,187fb6396601630509d09a5bfee1df7bcf48b1c3d5dc7b5dcf31cc9fd3e60586,0+2,2,10,17,34,,
confirmation,3078,187fb6396601630509d09a5bfee1df7bcf48b1c3d5dc7b5dcf31cc9fd3e60586,1+2,5,28,51,108,,
confirmation,3079,187fb6396601630509d09a5bfee1df7bcf48b1c3d5dc7b5dcf31cc9fd3e60586,0+1+2,0,7,8,22,,
confirmation,3080,416b1759e2d341c0afa39cb664fba437f6ba81e730d9cb78b6d79416fdb6dbc9,0+1,0,28,46,97,,
confirmation,3081,416b1759e2d341c0afa39cb664fba437f6ba81e730d9cb78b6d79416fdb6dbc9,0+2,0,2,10,31,,
confirmation,3082,416b1759e2d341c0afa39cb664fba437f6ba81e730d9cb78b6d79416fdb6dbc9,1+2,9,29,48,100,,
confirmation,3083,416b1759e2d341c0afa39cb664fba437f6ba81e730d9cb78b6d79416fdb6dbc9,0+1+2,0,1,8,23,,
confirmation,3084,fc039e80d55498573e072a4128d0d9815b64dd1d7110561bf225f873ddd1e106,0+1,0,8,19,46,,
confirmation,3085,fc039e80d55498573e072a4128d0d9815b64dd1d7110561bf225f873ddd1e106,0+2,0,7,13,22,,
confirmation,3086,fc039e80d55498573e072a4128d0d9815b64dd1d7110561bf225f873ddd1e106,1+2,0,13,25,51,,
confirmation,3087,fc039e80d55498573e072a4128d0d9815b64dd1d7110561bf225f873ddd1e106,0+1+2,0,7,13,20,,
confirmation,3088,9f941efaf7a196469aeec500997e2e8436dbc8aa988b4223ea76b3ec5f92725a,0+1,0,29,49,103,,
confirmation,3089,9f941efaf7a196469aeec500997e2e8436dbc8aa988b4223ea76b3ec5f92725a,0+2,0,7,17,36,,
confirmation,3090,9f941efaf7a196469aeec500997e2e8436dbc8aa988b4223ea76b3ec5f92725a,1+2,10,29,49,106,,
confirmation,3091,9f941efaf7a196469aeec500997e2e8436dbc8aa988b4223ea76b3ec5f92725a,0+1+2,0,7,12,29,,
confirmation,3092,cc98871e5db2d41bb238c92139fd35c89c8000351298d0663ac9f53edd097902,0+1,0,8,21,44,,
confirmation,3093,cc98871e5db2d41bb238c92139fd35c89c8000351298d0663ac9f53edd097902,0+2,0,0,13,20,,
confirmation,3094,cc98871e5db2d41bb238c92139fd35c89c8000351298d0663ac9f53edd097902,1+2,0,11,23,39,,
confirmation,3095,cc98871e5db2d41bb238c92139fd35c89c8000351298d0663ac9f53edd097902,0+1+2,0,0,12,18,,
confirmation,3096,bc3a23208784268f86eed9965f2e38ccb0bb712b4dca7159e7704a797070097e,0+1,0,22,48,95,,
confirmation,3097,bc3a23208784268f86eed9965f2e38ccb0bb712b4dca7159e7704a797070097e,0+2,0,13,23,34,,
confirmation,3098,bc3a23208784268f86eed9965f2e38ccb0bb712b4dca7159e7704a797070097e,1+2,11,38,69,110,,
confirmation,3099,bc3a23208784268f86eed9965f2e38ccb0bb712b4dca7159e7704a797070097e,0+1+2,0,10,17,27,,
confirmation,3100,ea9497b28c95262ef43ca25c47bd1fd5a218317e475c5e05063406ca39995476,0+1,0,21,49,92,,
confirmation,3101,ea9497b28c95262ef43ca25c47bd1fd5a218317e475c5e05063406ca39995476,0+2,0,12,17,31,,
confirmation,3102,ea9497b28c95262ef43ca25c47bd1fd5a218317e475c5e05063406ca39995476,1+2,0,21,45,87,,
confirmation,3103,ea9497b28c95262ef43ca25c47bd1fd5a218317e475c5e05063406ca39995476,0+1+2,0,9,13,23,,
confirmation,3104,483f9595a16482f2f96c89192df6e4e8bb2b68cea776ed18f50132ffc9263ade,0+1,5,22,42,95,,
confirmation,3105,483f9595a16482f2f96c89192df6e4e8bb2b68cea776ed18f50132ffc9263ade,0+2,7,18,21,46,,
confirmation,3106,483f9595a16482f2f96c89192df6e4e8bb2b68cea776ed18f50132ffc9263ade,1+2,8,30,50,98,,
confirmation,3107,483f9595a16482f2f96c89192df6e4e8bb2b68cea776ed18f50132ffc9263ade,0+1+2,5,14,17,37,,
confirmation,3108,edf72f20308a7d1e4c6e18ff8ca3f6b09257081bc14a8652a99c76278c029b02,0+1,0,16,33,70,,
confirmation,3109,edf72f20308a7d1e4c6e18ff8ca3f6b09257081bc14a8652a99c76278c029b02,0+2,0,2,14,31,,
confirmation,3110,edf72f20308a7d1e4c6e18ff8ca3f6b09257081bc14a8652a99c76278c029b02,1+2,0,12,32,76,,
confirmation,3111,edf72f20308a7d1e4c6e18ff8ca3f6b09257081bc14a8652a99c76278c029b02,0+1+2,0,0,10,25,,
confirmation,3112,322e3df4eafee04950611c2e84c87199fa962adeadcdfe94961651eda83f6eb0,0+1,0,17,28,67,,
confirmation,3113,322e3df4eafee04950611c2e84c87199fa962adeadcdfe94961651eda83f6eb0,0+2,0,0,12,32,,
confirmation,3114,322e3df4eafee04950611c2e84c87199fa962adeadcdfe94961651eda83f6eb0,1+2,2,14,26,70,,
confirmation,3115,322e3df4eafee04950611c2e84c87199fa962adeadcdfe94961651eda83f6eb0,0+1+2,0,0,11,29,,
confirmation,3116,f0b34a536ed158425772ee4b33d7f0be9883ba842ec2975c446087c1826a7b80,0+1,8,29,47,67,,
confirmation,3117,f0b34a536ed158425772ee4b33d7f0be9883ba842ec2975c446087c1826a7b80,0+2,7,22,28,40,,
confirmation,3118,f0b34a536ed158425772ee4b33d7f0be9883ba842ec2975c446087c1826a7b80,1+2,12,35,59,84,,
confirmation,3119,f0b34a536ed158425772ee4b33d7f0be9883ba842ec2975c446087c1826a7b80,0+1+2,7,20,26,38,,
confirmation,3120,863aa0d97962f3d03a66270d4ad88ac58555a38724ad1891980b6afe176fdb7e,0+1,0,20,31,66,,
confirmation,3121,863aa0d97962f3d03a66270d4ad88ac58555a38724ad1891980b6afe176fdb7e,0+2,0,13,13,33,,
confirmation,3122,863aa0d97962f3d03a66270d4ad88ac58555a38724ad1891980b6afe176fdb7e,1+2,0,14,25,68,,
confirmation,3123,863aa0d97962f3d03a66270d4ad88ac58555a38724ad1891980b6afe176fdb7e,0+1+2,0,11,11,28,,
confirmation,3124,3fab59bdad9cfb863e177cd9165951ab3de14ae3d910ecdb49992e841dfda247,0+1,4,21,40,79,,
confirmation,3125,3fab59bdad9cfb863e177cd9165951ab3de14ae3d910ecdb49992e841dfda247,0+2,4,13,19,36,,
confirmation,3126,3fab59bdad9cfb863e177cd9165951ab3de14ae3d910ecdb49992e841dfda247,1+2,12,23,36,79,,
confirmation,3127,3fab59bdad9cfb863e177cd9165951ab3de14ae3d910ecdb49992e841dfda247,0+1+2,4,11,12,25,,
confirmation,3128,fa838f02d277e1b51587391477728f31f79b7e6fbf1d21b919c3eb0d49b3a090,0+1,0,15,36,87,,
confirmation,3129,fa838f02d277e1b51587391477728f31f79b7e6fbf1d21b919c3eb0d49b3a090,0+2,0,7,10,31,,
confirmation,3130,fa838f02d277e1b51587391477728f31f79b7e6fbf1d21b919c3eb0d49b3a090,1+2,0,21,40,83,,
confirmation,3131,fa838f02d277e1b51587391477728f31f79b7e6fbf1d21b919c3eb0d49b3a090,0+1+2,0,4,7,24,,
confirmation,3132,97470f09cdaeb48aa62cbc85d19586fde5f265cdf1804d989818b7a22e545b13,0+1,1,19,38,58,,
confirmation,3133,97470f09cdaeb48aa62cbc85d19586fde5f265cdf1804d989818b7a22e545b13,0+2,2,15,22,34,,
confirmation,3134,97470f09cdaeb48aa62cbc85d19586fde5f265cdf1804d989818b7a22e545b13,1+2,10,33,55,78,,
confirmation,3135,97470f09cdaeb48aa62cbc85d19586fde5f265cdf1804d989818b7a22e545b13,0+1+2,1,11,18,29,,
confirmation,3136,534840d06dbd6b27db74e8abcbb6afec2b2ce78737ce406587bd2b33f3e1ea7a,0+1,0,21,47,90,,
confirmation,3137,534840d06dbd6b27db74e8abcbb6afec2b2ce78737ce406587bd2b33f3e1ea7a,0+2,0,5,20,35,,
confirmation,3138,534840d06dbd6b27db74e8abcbb6afec2b2ce78737ce406587bd2b33f3e1ea7a,1+2,0,27,54,94,,
confirmation,3139,534840d06dbd6b27db74e8abcbb6afec2b2ce78737ce406587bd2b33f3e1ea7a,0+1+2,0,2,15,25,,
confirmation,3140,f789d41543eb9df3f86083e37abd74191f70f9f90245c6f21edda5c831581030,0+1,0,19,46,103,,
confirmation,3141,f789d41543eb9df3f86083e37abd74191f70f9f90245c6f21edda5c831581030,0+2,0,9,11,34,,
confirmation,3142,f789d41543eb9df3f86083e37abd74191f70f9f90245c6f21edda5c831581030,1+2,9,36,57,116,,
confirmation,3143,f789d41543eb9df3f86083e37abd74191f70f9f90245c6f21edda5c831581030,0+1+2,0,8,10,27,,
confirmation,3144,b8b78d02aeaa9b8e1f279284740a5e8afa3d7aefb43b85ff58a485fb49271221,0+1,5,25,50,106,,
confirmation,3145,b8b78d02aeaa9b8e1f279284740a5e8afa3d7aefb43b85ff58a485fb49271221,0+2,1,6,17,37,,
confirmation,3146,b8b78d02aeaa9b8e1f279284740a5e8afa3d7aefb43b85ff58a485fb49271221,1+2,0,25,52,99,,
confirmation,3147,b8b78d02aeaa9b8e1f279284740a5e8afa3d7aefb43b85ff58a485fb49271221,0+1+2,0,0,10,25,,
confirmation,3148,f7f5527c56630ada1ad324167a4ccbe0934d3f161a763c610227661ee1699e49,0+1,2,23,45,102,,
confirmation,3149,f7f5527c56630ada1ad324167a4ccbe0934d3f161a763c610227661ee1699e49,0+2,5,17,21,43,,
confirmation,3150,f7f5527c56630ada1ad324167a4ccbe0934d3f161a763c610227661ee1699e49,1+2,0,26,50,104,,
confirmation,3151,f7f5527c56630ada1ad324167a4ccbe0934d3f161a763c610227661ee1699e49,0+1+2,0,10,10,25,,
confirmation,3152,b67d6737c9fe7d46e332be1d3c5a8a64a7ca7e8af3bf0765a43913450bae5cb2,0+1,0,15,38,76,,
confirmation,3153,b67d6737c9fe7d46e332be1d3c5a8a64a7ca7e8af3bf0765a43913450bae5cb2,0+2,0,9,20,36,,
confirmation,3154,b67d6737c9fe7d46e332be1d3c5a8a64a7ca7e8af3bf0765a43913450bae5cb2,1+2,6,23,48,89,,
confirmation,3155,b67d6737c9fe7d46e332be1d3c5a8a64a7ca7e8af3bf0765a43913450bae5cb2,0+1+2,0,6,17,29,,
confirmation,3156,e112ec6a2b5105cdbb82aff6a669134c297a3a764111169f8e57923805a0415f,0+1,0,9,19,37,,
confirmation,3157,e112ec6a2b5105cdbb82aff6a669134c297a3a764111169f8e57923805a0415f,0+2,0,10,10,23,,
confirmation,3158,e112ec6a2b5105cdbb82aff6a669134c297a3a764111169f8e57923805a0415f,1+2,0,10,22,46,,
confirmation,3159,e112ec6a2b5105cdbb82aff6a669134c297a3a764111169f8e57923805a0415f,0+1+2,0,8,8,21,,
confirmation,3160,864a24b6ac3af696a9e864c76c5ef0a14ecbda726e9355c32e6e04cd8ba1e4c7,0+1,3,22,47,99,,
confirmation,3161,864a24b6ac3af696a9e864c76c5ef0a14ecbda726e9355c32e6e04cd8ba1e4c7,0+2,8,15,23,41,,
confirmation,3162,864a24b6ac3af696a9e864c76c5ef0a14ecbda726e9355c32e6e04cd8ba1e4c7,1+2,3,22,41,96,,
confirmation,3163,864a24b6ac3af696a9e864c76c5ef0a14ecbda726e9355c32e6e04cd8ba1e4c7,0+1+2,3,5,13,27,,
confirmation,3164,4502551aa94578a86a2557a3cec3598e4d5b06246d47468fd9bf311ba71fe981,0+1,10,26,44,79,,
confirmation,3165,4502551aa94578a86a2557a3cec3598e4d5b06246d47468fd9bf311ba71fe981,0+2,0,5,14,31,,
confirmation,3166,4502551aa94578a86a2557a3cec3598e4d5b06246d47468fd9bf311ba71fe981,1+2,0,11,29,71,,
confirmation,3167,4502551aa94578a86a2557a3cec3598e4d5b06246d47468fd9bf311ba71fe981,0+1+2,0,0,8,20,,
confirmation,3168,a66ce1ce2255abc74b05a251243deaf132a2bafb55987d4c510c44089ad1044b,0+1,0,13,22,44,,
confirmation,3169,a66ce1ce2255abc74b05a251243deaf132a2bafb55987d4c510c44089ad1044b,0+2,0,7,11,24,,
confirmation,3170,a66ce1ce2255abc74b05a251243deaf132a2bafb55987d4c510c44089ad1044b,1+2,0,11,22,47,,
confirmation,3171,a66ce1ce2255abc74b05a251243deaf132a2bafb55987d4c510c44089ad1044b,0+1+2,0,7,11,24,,
confirmation,3172,83fa404b86e0ad06938452e5465b81967f12871244fa322f9a96a5cd5ca763b0,0+1,10,22,37,78,,
confirmation,3173,83fa404b86e0ad06938452e5465b81967f12871244fa322f9a96a5cd5ca763b0,0+2,11,15,21,42,,
confirmation,3174,83fa404b86e0ad06938452e5465b81967f12871244fa322f9a96a5cd5ca763b0,1+2,10,21,33,77,,
confirmation,3175,83fa404b86e0ad06938452e5465b81967f12871244fa322f9a96a5cd5ca763b0,0+1+2,10,14,19,36,,
confirmation,3176,b088f94345bac1974d4d5bdc4b639dabd95bc56390fb88360c4720ecd2422834,0+1,7,26,44,63,,
confirmation,3177,b088f94345bac1974d4d5bdc4b639dabd95bc56390fb88360c4720ecd2422834,0+2,5,18,26,37,,
confirmation,3178,b088f94345bac1974d4d5bdc4b639dabd95bc56390fb88360c4720ecd2422834,1+2,10,33,58,82,,
confirmation,3179,b088f94345bac1974d4d5bdc4b639dabd95bc56390fb88360c4720ecd2422834,0+1+2,5,16,24,35,,
confirmation,3180,afd56474162e1b9dedd8aa73fe4dff04197f8400ffdfe7a0e7b9c5307b1d9afb,0+1,0,24,43,86,,
confirmation,3181,afd56474162e1b9dedd8aa73fe4dff04197f8400ffdfe7a0e7b9c5307b1d9afb,0+2,0,12,21,40,,
confirmation,3182,afd56474162e1b9dedd8aa73fe4dff04197f8400ffdfe7a0e7b9c5307b1d9afb,1+2,0,13,36,68,,
confirmation,3183,afd56474162e1b9dedd8aa73fe4dff04197f8400ffdfe7a0e7b9c5307b1d9afb,0+1+2,0,11,19,35,,
confirmation,3184,292e1c18564ac8b5e864302dd884c32e983d8bc15075c89cc51d444af8556620,0+1,0,9,20,41,,
confirmation,3185,292e1c18564ac8b5e864302dd884c32e983d8bc15075c89cc51d444af8556620,0+2,0,0,12,25,,
confirmation,3186,292e1c18564ac8b5e864302dd884c32e983d8bc15075c89cc51d444af8556620,1+2,0,12,24,47,,
confirmation,3187,292e1c18564ac8b5e864302dd884c32e983d8bc15075c89cc51d444af8556620,0+1+2,0,0,11,24,,
confirmation,3188,249a931537222d697b1c150c3617a993cd0d6e2a8cdafbec358ee07d1088aea3,0+1,5,16,27,66,,
confirmation,3189,249a931537222d697b1c150c3617a993cd0d6e2a8cdafbec358ee07d1088aea3,0+2,0,3,11,31,,
confirmation,3190,249a931537222d697b1c150c3617a993cd0d6e2a8cdafbec358ee07d1088aea3,1+2,0,12,24,69,,
confirmation,3191,249a931537222d697b1c150c3617a993cd0d6e2a8cdafbec358ee07d1088aea3,0+1+2,0,3,11,28,,
confirmation,3192,a5e563df6e70fa83bce971933083e21722b1aeb25cac1f15a472fad6cb9a6f62,0+1,0,25,42,96,,
confirmation,3193,a5e563df6e70fa83bce971933083e21722b1aeb25cac1f15a472fad6cb9a6f62,0+2,0,10,19,37,,
confirmation,3194,a5e563df6e70fa83bce971933083e21722b1aeb25cac1f15a472fad6cb9a6f62,1+2,11,31,51,94,,
confirmation,3195,a5e563df6e70fa83bce971933083e21722b1aeb25cac1f15a472fad6cb9a6f62,0+1+2,0,10,14,31,,
confirmation,3196,40ac685ec00965fffecbadf54e7240ff5b4f9ed6b2939bfb7166a3623f6dbb9a,0+1,4,31,54,88,,
confirmation,3197,40ac685ec00965fffecbadf54e7240ff5b4f9ed6b2939bfb7166a3623f6dbb9a,0+2,6,18,24,40,,
confirmation,3198,40ac685ec00965fffecbadf54e7240ff5b4f9ed6b2939bfb7166a3623f6dbb9a,1+2,8,30,57,97,,
confirmation,3199,40ac685ec00965fffecbadf54e7240ff5b4f9ed6b2939bfb7166a3623f6dbb9a,0+1+2,4,15,18,28,,
confirmation,3200,7f89688713c0535b13560666cf74a1ca964df3054c2ee1efd69040411946ff43,0+1,5,30,49,88,,
confirmation,3201,7f89688713c0535b13560666cf74a1ca964df3054c2ee1efd69040411946ff43,0+2,0,14,19,37,,
confirmation,3202,7f89688713c0535b13560666cf74a1ca964df3054c2ee1efd69040411946ff43,1+2,0,22,44,84,,
confirmation,3203,7f89688713c0535b13560666cf74a1ca964df3054c2ee1efd69040411946ff43,0+1+2,0,13,16,28,,
confirmation,3204,a9a25e90ca200c07ee06275d0024303db38bce8c09278841b9b918ac197d67bd,0+1,0,30,52,98,,
confirmation,3205,a9a25e90ca200c07ee06275d0024303db38bce8c09278841b9b918ac197d67bd,0+2,0,11,22,32,,
confirmation,3206,a9a25e90ca200c07ee06275d0024303db38bce8c09278841b9b918ac197d67bd,1+2,8,39,66,106,,
confirmation,3207,a9a25e90ca200c07ee06275d0024303db38bce8c09278841b9b918ac197d67bd,0+1+2,0,9,17,26,,
confirmation,3208,4728e9d81a33154c1c26e4cf943f87a9f732aee3c6ce9d697a5d7df4091a02a6,0+1,0,25,46,98,,
confirmation,3209,4728e9d81a33154c1c26e4cf943f87a9f732aee3c6ce9d697a5d7df4091a02a6,0+2,0,9,17,36,,
confirmation,3210,4728e9d81a33154c1c26e4cf943f87a9f732aee3c6ce9d697a5d7df4091a02a6,1+2,0,18,38,93,,
confirmation,3211,4728e9d81a33154c1c26e4cf943f87a9f732aee3c6ce9d697a5d7df4091a02a6,0+1+2,0,8,11,27,,
confirmation,3212,bb352933d80bb52da40be4e8391f0c24489c6bb2f045ac8e549a5ea014794bd0,0+1,0,26,54,94,,
confirmation,3213,bb352933d80bb52da40be4e8391f0c24489c6bb2f045ac8e549a5ea014794bd0,0+2,0,13,18,30,,
confirmation,3214,bb352933d80bb52da40be4e8391f0c24489c6bb2f045ac8e549a5ea014794bd0,1+2,3,33,57,100,,
confirmation,3215,bb352933d80bb52da40be4e8391f0c24489c6bb2f045ac8e549a5ea014794bd0,0+1+2,0,12,13,19,,
confirmation,3216,eb0a39349c119af97b31bbbc40b9ef9c4c71578bf456236bafdc4fbe4e3069e0,0+1,0,0,7,22,,
confirmation,3217,eb0a39349c119af97b31bbbc40b9ef9c4c71578bf456236bafdc4fbe4e3069e0,0+2,0,0,0,7,,
confirmation,3218,eb0a39349c119af97b31bbbc40b9ef9c4c71578bf456236bafdc4fbe4e3069e0,1+2,0,0,4,12,,
confirmation,3219,eb0a39349c119af97b31bbbc40b9ef9c4c71578bf456236bafdc4fbe4e3069e0,0+1+2,0,0,0,7,,
confirmation,3220,259b7a9bce7d17d8207522a95a3a0b30b9615304b89ee782ec0ebc374c4facca,0+1,0,19,39,93,,
confirmation,3221,259b7a9bce7d17d8207522a95a3a0b30b9615304b89ee782ec0ebc374c4facca,0+2,1,10,15,33,,
confirmation,3222,259b7a9bce7d17d8207522a95a3a0b30b9615304b89ee782ec0ebc374c4facca,1+2,5,28,49,105,,
confirmation,3223,259b7a9bce7d17d8207522a95a3a0b30b9615304b89ee782ec0ebc374c4facca,0+1+2,0,7,7,21,,
confirmation,3224,5e46af2d753f31f1bc6dc964da9c5551628d788df1cc3829b870617fe0487455,0+1,0,24,43,88,,
confirmation,3225,5e46af2d753f31f1bc6dc964da9c5551628d788df1cc3829b870617fe0487455,0+2,0,13,16,29,,
confirmation,3226,5e46af2d753f31f1bc6dc964da9c5551628d788df1cc3829b870617fe0487455,1+2,0,25,45,96,,
confirmation,3227,5e46af2d753f31f1bc6dc964da9c5551628d788df1cc3829b870617fe0487455,0+1+2,0,11,11,21,,
confirmation,3228,fcbec41e02a425452fc67e603d62383ee0f50b00b8f8454b30533ce814ca81bb,0+1,0,0,0,0,,
confirmation,3229,fcbec41e02a425452fc67e603d62383ee0f50b00b8f8454b30533ce814ca81bb,0+2,0,0,0,0,,
confirmation,3230,fcbec41e02a425452fc67e603d62383ee0f50b00b8f8454b30533ce814ca81bb,1+2,0,0,0,0,,
confirmation,3231,fcbec41e02a425452fc67e603d62383ee0f50b00b8f8454b30533ce814ca81bb,0+1+2,0,0,0,0,,
confirmation,3232,a311928a08c225e86c62217bc38919a39c4b7d804945ce308a733c6f903fcbbe,0+1,0,13,21,21,,
confirmation,3233,a311928a08c225e86c62217bc38919a39c4b7d804945ce308a733c6f903fcbbe,0+2,0,13,13,13,,
confirmation,3234,a311928a08c225e86c62217bc38919a39c4b7d804945ce308a733c6f903fcbbe,1+2,0,14,25,25,,
confirmation,3235,a311928a08c225e86c62217bc38919a39c4b7d804945ce308a733c6f903fcbbe,0+1+2,0,13,13,13,,
confirmation,3236,b3bfdc0745bc3caf9363e2bb2f9b4c82d0434e0cd4aec15929ef5b73352fb78d,0+1,11,24,49,90,,
confirmation,3237,b3bfdc0745bc3caf9363e2bb2f9b4c82d0434e0cd4aec15929ef5b73352fb78d,0+2,1,4,19,37,,
confirmation,3238,b3bfdc0745bc3caf9363e2bb2f9b4c82d0434e0cd4aec15929ef5b73352fb78d,1+2,2,14,34,78,,
confirmation,3239,b3bfdc0745bc3caf9363e2bb2f9b4c82d0434e0cd4aec15929ef5b73352fb78d,0+1+2,1,4,18,32,,
confirmation,3240,0c3c5e302c149185b9065f30b7abcef99c5b21b1d1d50dbe4b66ad60ca21fe84,0+1,2,9,20,41,,
confirmation,3241,0c3c5e302c149185b9065f30b7abcef99c5b21b1d1d50dbe4b66ad60ca21fe84,0+2,0,0,10,23,,
confirmation,3242,0c3c5e302c149185b9065f30b7abcef99c5b21b1d1d50dbe4b66ad60ca21fe84,1+2,0,0,9,32,,
confirmation,3243,0c3c5e302c149185b9065f30b7abcef99c5b21b1d1d50dbe4b66ad60ca21fe84,0+1+2,0,0,9,22,,
confirmation,3244,49d124808b5455dbd6f016c6dbd4aec3d3eb3b24b8990f2ddb818222d531f0c1,0+1,0,13,22,62,,
confirmation,3245,49d124808b5455dbd6f016c6dbd4aec3d3eb3b24b8990f2ddb818222d531f0c1,0+2,0,13,13,33,,
confirmation,3246,49d124808b5455dbd6f016c6dbd4aec3d3eb3b24b8990f2ddb818222d531f0c1,1+2,0,14,26,72,,
confirmation,3247,49d124808b5455dbd6f016c6dbd4aec3d3eb3b24b8990f2ddb818222d531f0c1,0+1+2,0,13,13,32,,
confirmation,3248,5c630df6397419156ccfb5781bf4e5c76d7880b2aa9d26a5a22739298dd0c889,0+1,0,18,37,57,,
confirmation,3249,5c630df6397419156ccfb5781bf4e5c76d7880b2aa9d26a5a22739298dd0c889,0+2,0,13,20,31,,
confirmation,3250,5c630df6397419156ccfb5781bf4e5c76d7880b2aa9d26a5a22739298dd0c889,1+2,0,21,44,66,,
confirmation,3251,5c630df6397419156ccfb5781bf4e5c76d7880b2aa9d26a5a22739298dd0c889,0+1+2,0,10,17,27,,
confirmation,3252,e0a8851e9c48123d7e4616f6ded4d41ae8beb0f56abf44381d7bbaaf2db9ba51,0+1,6,30,47,78,,
confirmation,3253,e0a8851e9c48123d7e4616f6ded4d41ae8beb0f56abf44381d7bbaaf2db9ba51,0+2,0,12,19,28,,
confirmation,3254,e0a8851e9c48123d7e4616f6ded4d41ae8beb0f56abf44381d7bbaaf2db9ba51,1+2,0,23,43,67,,
confirmation,3255,e0a8851e9c48123d7e4616f6ded4d41ae8beb0f56abf44381d7bbaaf2db9ba51,0+1+2,0,12,15,23,,
confirmation,3256,f30acf9b923b505013566b0454464a5d29fb58cd1878f8bbe8a1303c6d41b926,0+1,0,23,38,73,,
confirmation,3257,f30acf9b923b505013566b0454464a5d29fb58cd1878f8bbe8a1303c6d41b926,0+2,0,9,20,30,,
confirmation,3258,f30acf9b923b505013566b0454464a5d29fb58cd1878f8bbe8a1303c6d41b926,1+2,5,26,46,80,,
confirmation,3259,f30acf9b923b505013566b0454464a5d29fb58cd1878f8bbe8a1303c6d41b926,0+1+2,0,9,15,23,,
confirmation,3260,03dd5025db6740d8c59de6bdaa2bef8390cfa22bfc3898489d7c32a7934fad5b,0+1,0,15,33,68,,
confirmation,3261,03dd5025db6740d8c59de6bdaa2bef8390cfa22bfc3898489d7c32a7934fad5b,0+2,0,6,13,28,,
confirmation,3262,03dd5025db6740d8c59de6bdaa2bef8390cfa22bfc3898489d7c32a7934fad5b,1+2,0,12,24,67,,
confirmation,3263,03dd5025db6740d8c59de6bdaa2bef8390cfa22bfc3898489d7c32a7934fad5b,0+1+2,0,1,7,19,,
confirmation,3264,33420915a29255b30e99fdcd0205cc907f2977948a72a131f2c069a612c62cfa,0+1,0,28,55,100,,
confirmation,3265,33420915a29255b30e99fdcd0205cc907f2977948a72a131f2c069a612c62cfa,0+2,0,14,21,36,,
confirmation,3266,33420915a29255b30e99fdcd0205cc907f2977948a72a131f2c069a612c62cfa,1+2,9,34,64,115,,
confirmation,3267,33420915a29255b30e99fdcd0205cc907f2977948a72a131f2c069a612c62cfa,0+1+2,0,12,15,25,,
confirmation,3268,d6686c9d5e0933eba4749a961d93d71a00f927d818f5eb70430b8b322c4623c5,0+1,0,8,20,62,,
confirmation,3269,d6686c9d5e0933eba4749a961d93d71a00f927d818f5eb70430b8b322c4623c5,0+2,0,4,9,28,,
confirmation,3270,d6686c9d5e0933eba4749a961d93d71a00f927d818f5eb70430b8b322c4623c5,1+2,0,12,22,66,,
confirmation,3271,d6686c9d5e0933eba4749a961d93d71a00f927d818f5eb70430b8b322c4623c5,0+1+2,0,3,8,24,,
confirmation,3272,f0b021c337aa66ab4567f527f427942dbe6483910b6d34f6850307437435e602,0+1,5,31,65,111,,
confirmation,3273,f0b021c337aa66ab4567f527f427942dbe6483910b6d34f6850307437435e602,0+2,0,5,19,36,,
confirmation,3274,f0b021c337aa66ab4567f527f427942dbe6483910b6d34f6850307437435e602,1+2,0,27,55,106,,
confirmation,3275,f0b021c337aa66ab4567f527f427942dbe6483910b6d34f6850307437435e602,0+1+2,0,3,16,28,,
confirmation,3276,f1d4191ead5b892d484e7369b9c6fef07b11b47b425e4e3a19727f153cf12fa5,0+1,0,22,56,109,,
confirmation,3277,f1d4191ead5b892d484e7369b9c6fef07b11b47b425e4e3a19727f153cf12fa5,0+2,0,5,19,37,,
confirmation,3278,f1d4191ead5b892d484e7369b9c6fef07b11b47b425e4e3a19727f153cf12fa5,1+2,8,35,64,112,,
confirmation,3279,f1d4191ead5b892d484e7369b9c6fef07b11b47b425e4e3a19727f153cf12fa5,0+1+2,0,2,15,28,,
confirmation,3280,d75a69e3324f412688ff04eb8fdf9557ed902f937df3de2cbc4b7ada03125d37,0+1,0,33,56,107,,
confirmation,3281,d75a69e3324f412688ff04eb8fdf9557ed902f937df3de2cbc4b7ada03125d37,0+2,0,9,19,27,,
confirmation,3282,d75a69e3324f412688ff04eb8fdf9557ed902f937df3de2cbc4b7ada03125d37,1+2,0,27,51,97,,
confirmation,3283,d75a69e3324f412688ff04eb8fdf9557ed902f937df3de2cbc4b7ada03125d37,0+1+2,0,9,14,21,,
confirmation,3284,d52908f1b1b294ca7003b9d49a1b8d6e44cc7f050090626f2fac4f7e7dc14171,0+1,0,25,56,101,,
confirmation,3285,d52908f1b1b294ca7003b9d49a1b8d6e44cc7f050090626f2fac4f7e7dc14171,0+2,0,13,23,37,,
confirmation,3286,d52908f1b1b294ca7003b9d49a1b8d6e44cc7f050090626f2fac4f7e7dc14171,1+2,0,26,57,109,,
confirmation,3287,d52908f1b1b294ca7003b9d49a1b8d6e44cc7f050090626f2fac4f7e7dc14171,0+1+2,0,11,17,28,,
confirmation,3288,736074d8bd431c88ed87628f9e1887c50be9e42dc68a41f9ea34018ab0c40cf3,0+1,8,34,57,100,,
confirmation,3289,736074d8bd431c88ed87628f9e1887c50be9e42dc68a41f9ea34018ab0c40cf3,0+2,0,12,17,31,,
confirmation,3290,736074d8bd431c88ed87628f9e1887c50be9e42dc68a41f9ea34018ab0c40cf3,1+2,0,29,54,94,,
confirmation,3291,736074d8bd431c88ed87628f9e1887c50be9e42dc68a41f9ea34018ab0c40cf3,0+1+2,0,12,14,22,,
confirmation,3292,508555f8d37313c47896e2a017d73786597419663bd9d2cec2f7886d3a2df1b3,0+1,0,18,47,98,,
confirmation,3293,508555f8d37313c47896e2a017d73786597419663bd9d2cec2f7886d3a2df1b3,0+2,0,10,15,37,,
confirmation,3294,508555f8d37313c47896e2a017d73786597419663bd9d2cec2f7886d3a2df1b3,1+2,7,28,48,100,,
confirmation,3295,508555f8d37313c47896e2a017d73786597419663bd9d2cec2f7886d3a2df1b3,0+1+2,0,7,12,29,,
confirmation,3296,61c475f7378a618f10dee75963459253105e4f74141076f85dea9763e8eefd89,0+1,0,17,44,80,,
confirmation,3297,61c475f7378a618f10dee75963459253105e4f74141076f85dea9763e8eefd89,0+2,0,5,18,35,,
confirmation,3298,61c475f7378a618f10dee75963459253105e4f74141076f85dea9763e8eefd89,1+2,9,29,54,98,,
confirmation,3299,61c475f7378a618f10dee75963459253105e4f74141076f85dea9763e8eefd89,0+1+2,0,1,12,24,,
confirmation,3300,d20e52568bd7d21cb223cbf2bac82bf327de111104d3fd4b6182efb36932cbaf,0+1,3,23,42,76,,
confirmation,3301,d20e52568bd7d21cb223cbf2bac82bf327de111104d3fd4b6182efb36932cbaf,0+2,0,9,20,32,,
confirmation,3302,d20e52568bd7d21cb223cbf2bac82bf327de111104d3fd4b6182efb36932cbaf,1+2,0,23,46,89,,
confirmation,3303,d20e52568bd7d21cb223cbf2bac82bf327de111104d3fd4b6182efb36932cbaf,0+1+2,0,9,18,28,,
confirmation,3304,cf2d365de818f44efe5fbc1947fd589b8d5ed1c718e99332910cc393bb159e86,0+1,0,8,20,23,,
confirmation,3305,cf2d365de818f44efe5fbc1947fd589b8d5ed1c718e99332910cc393bb159e86,0+2,0,0,12,12,,
confirmation,3306,cf2d365de818f44efe5fbc1947fd589b8d5ed1c718e99332910cc393bb159e86,1+2,0,11,24,24,,
confirmation,3307,cf2d365de818f44efe5fbc1947fd589b8d5ed1c718e99332910cc393bb159e86,0+1+2,0,0,12,12,,
confirmation,3308,93c84b62f11af679283cc5e37ffcb92815cb32f8c6fcd9f3c6781e344b7b3a0d,0+1,0,11,19,60,,
confirmation,3309,93c84b62f11af679283cc5e37ffcb92815cb32f8c6fcd9f3c6781e344b7b3a0d,0+2,0,8,12,34,,
confirmation,3310,93c84b62f11af679283cc5e37ffcb92815cb32f8c6fcd9f3c6781e344b7b3a0d,1+2,0,11,22,67,,
confirmation,3311,93c84b62f11af679283cc5e37ffcb92815cb32f8c6fcd9f3c6781e344b7b3a0d,0+1+2,0,8,12,31,,
confirmation,3312,6b8b39a6c3760ecc2adf7723528703f70ee5af7835e20bba95d5a3de51248a2a,0+1,0,18,36,74,,
confirmation,3313,6b8b39a6c3760ecc2adf7723528703f70ee5af7835e20bba95d5a3de51248a2a,0+2,0,5,17,39,,
confirmation,3314,6b8b39a6c3760ecc2adf7723528703f70ee5af7835e20bba95d5a3de51248a2a,1+2,3,14,28,72,,
confirmation,3315,6b8b39a6c3760ecc2adf7723528703f70ee5af7835e20bba95d5a3de51248a2a,0+1+2,0,5,15,34,,
confirmation,3316,391ccffd78cecb4da21488d75758df69219bd268563ec0f8455ba0bdcd99505c,0+1,7,24,50,87,,
confirmation,3317,391ccffd78cecb4da21488d75758df69219bd268563ec0f8455ba0bdcd99505c,0+2,7,13,26,38,,
confirmation,3318,391ccffd78cecb4da21488d75758df69219bd268563ec0f8455ba0bdcd99505c,1+2,13,35,57,80,,
confirmation,3319,391ccffd78cecb4da21488d75758df69219bd268563ec0f8455ba0bdcd99505c,0+1+2,7,11,24,36,,
confirmation,3320,81046d0cf592b982985c143a67fbbbad3b2ae75a882f77dcb2f5d6b604a4d954,0+1,3,22,55,94,,
confirmation,3321,81046d0cf592b982985c143a67fbbbad3b2ae75a882f77dcb2f5d6b604a4d954,0+2,4,8,22,41,,
confirmation,3322,81046d0cf592b982985c143a67fbbbad3b2ae75a882f77dcb2f5d6b604a4d954,1+2,10,29,53,92,,
confirmation,3323,81046d0cf592b982985c143a67fbbbad3b2ae75a882f77dcb2f5d6b604a4d954,0+1+2,3,6,19,32,,
confirmation,3324,321d325045450ca6a5a09e5bcc6b3037812def68f132d1a1a6608d5091b07b8d,0+1,6,27,54,90,,
confirmation,3325,321d325045450ca6a5a09e5bcc6b3037812def68f132d1a1a6608d5091b07b8d,0+2,0,5,18,28,,
confirmation,3326,321d325045450ca6a5a09e5bcc6b3037812def68f132d1a1a6608d5091b07b8d,1+2,0,21,44,81,,
confirmation,3327,321d325045450ca6a5a09e5bcc6b3037812def68f132d1a1a6608d5091b07b8d,0+1+2,0,1,13,19,,
confirmation,3328,b509cf858357453d3b306f086da057bb9cadd7d03506d1766fcaaae0cb0cf775,0+1,3,32,51,103,,
confirmation,3329,b509cf858357453d3b306f086da057bb9cadd7d03506d1766fcaaae0cb0cf775,0+2,5,7,16,40,,
confirmation,3330,b509cf858357453d3b306f086da057bb9cadd7d03506d1766fcaaae0cb0cf775,1+2,1,21,49,105,,
confirmation,3331,b509cf858357453d3b306f086da057bb9cadd7d03506d1766fcaaae0cb0cf775,0+1+2,1,3,11,29,,
confirmation,3332,a02584dd1ce929733adf173f8e63f6b4620b3c1c34c46cf61df6b6fd6f0ff00f,0+1,0,30,48,105,,
confirmation,3333,a02584dd1ce929733adf173f8e63f6b4620b3c1c34c46cf61df6b6fd6f0ff00f,0+2,0,4,11,32,,
confirmation,3334,a02584dd1ce929733adf173f8e63f6b4620b3c1c34c46cf61df6b6fd6f0ff00f,1+2,6,26,52,107,,
confirmation,3335,a02584dd1ce929733adf173f8e63f6b4620b3c1c34c46cf61df6b6fd6f0ff00f,0+1+2,0,4,9,25,,
confirmation,3336,d92ccde592e91a927c884e08f91860e37f345517ea48c1149eb32d69885d7086,0+1,0,11,29,49,,
confirmation,3337,d92ccde592e91a927c884e08f91860e37f345517ea48c1149eb32d69885d7086,0+2,0,0,13,25,,
confirmation,3338,d92ccde592e91a927c884e08f91860e37f345517ea48c1149eb32d69885d7086,1+2,0,11,24,48,,
confirmation,3339,d92ccde592e91a927c884e08f91860e37f345517ea48c1149eb32d69885d7086,0+1+2,0,0,10,22,,
confirmation,3340,d877685d87f43875a79e52bcc57c7daaba221a090508625501640c5513bf7329,0+1,0,10,19,47,,
confirmation,3341,d877685d87f43875a79e52bcc57c7daaba221a090508625501640c5513bf7329,0+2,0,10,12,25,,
confirmation,3342,d877685d87f43875a79e52bcc57c7daaba221a090508625501640c5513bf7329,1+2,0,13,24,38,,
confirmation,3343,d877685d87f43875a79e52bcc57c7daaba221a090508625501640c5513bf7329,0+1+2,0,10,12,23,,
confirmation,3344,f799cece400d1374d83723b17db6f71f352242dd317e348d2520e7b4bf17dc75,0+1,0,20,47,91,,
confirmation,3345,f799cece400d1374d83723b17db6f71f352242dd317e348d2520e7b4bf17dc75,0+2,0,9,18,26,,
confirmation,3346,f799cece400d1374d83723b17db6f71f352242dd317e348d2520e7b4bf17dc75,1+2,0,22,48,91,,
confirmation,3347,f799cece400d1374d83723b17db6f71f352242dd317e348d2520e7b4bf17dc75,0+1+2,0,4,13,18,,
confirmation,3348,439af89865f1d5ecfc88d279e2816f16cb49e7281007897de9e6a5cb069e8cc9,0+1,0,23,41,96,,
confirmation,3349,439af89865f1d5ecfc88d279e2816f16cb49e7281007897de9e6a5cb069e8cc9,0+2,0,4,14,30,,
confirmation,3350,439af89865f1d5ecfc88d279e2816f16cb49e7281007897de9e6a5cb069e8cc9,1+2,7,27,52,103,,
confirmation,3351,439af89865f1d5ecfc88d279e2816f16cb49e7281007897de9e6a5cb069e8cc9,0+1+2,0,0,9,21,,
confirmation,3352,5b36814c39f8e4a70da135be453b7fe4ba3e5a93521ce65d91e039f7a7dc739f,0+1,7,24,42,72,,
confirmation,3353,5b36814c39f8e4a70da135be453b7fe4ba3e5a93521ce65d91e039f7a7dc739f,0+2,0,11,14,22,,
confirmation,3354,5b36814c39f8e4a70da135be453b7fe4ba3e5a93521ce65d91e039f7a7dc739f,1+2,0,23,43,66,,
confirmation,3355,5b36814c39f8e4a70da135be453b7fe4ba3e5a93521ce65d91e039f7a7dc739f,0+1+2,0,10,12,18,,
confirmation,3356,961181bd3d41ddbd4c5ed526546e6051a1a3811f2dc1a9129ca9e81b73e36ae7,0+1,0,21,37,73,,
confirmation,3357,961181bd3d41ddbd4c5ed526546e6051a1a3811f2dc1a9129ca9e81b73e36ae7,0+2,0,10,18,36,,
confirmation,3358,961181bd3d41ddbd4c5ed526546e6051a1a3811f2dc1a9129ca9e81b73e36ae7,1+2,2,21,36,71,,
confirmation,3359,961181bd3d41ddbd4c5ed526546e6051a1a3811f2dc1a9129ca9e81b73e36ae7,0+1+2,0,9,12,28,,
confirmation,3360,20a0570991adf71fb457b0a92ae18668797889603c640e8b13450778d30e5a33,0+1,0,22,41,82,,
confirmation,3361,20a0570991adf71fb457b0a92ae18668797889603c640e8b13450778d30e5a33,0+2,0,7,18,27,,
confirmation,3362,20a0570991adf71fb457b0a92ae18668797889603c640e8b13450778d30e5a33,1+2,2,22,42,81,,
confirmation,3363,20a0570991adf71fb457b0a92ae18668797889603c640e8b13450778d30e5a33,0+1+2,0,7,13,19,,
confirmation,3364,3b2071c9a8e09be7d0a43423351b393e91fc0693ccc9d6b4adf38c006bd77672,0+1,3,26,42,82,,
confirmation,3365,3b2071c9a8e09be7d0a43423351b393e91fc0693ccc9d6b4adf38c006bd77672,0+2,0,5,15,35,,
confirmation,3366,3b2071c9a8e09be7d0a43423351b393e91fc0693ccc9d6b4adf38c006bd77672,1+2,0,19,40,86,,
confirmation,3367,3b2071c9a8e09be7d0a43423351b393e91fc0693ccc9d6b4adf38c006bd77672,0+1+2,0,5,11,28,,
confirmation,3368,2a2208f3b88bc209ca1345f89ac6d3acb1712755a7ed254a55870a5119b71ea0,0+1,0,22,40,80,,
confirmation,3369,2a2208f3b88bc209ca1345f89ac6d3acb1712755a7ed254a55870a5119b71ea0,0+2,0,11,20,39,,
confirmation,3370,2a2208f3b88bc209ca1345f89ac6d3acb1712755a7ed254a55870a5119b71ea0,1+2,0,23,45,70,,
confirmation,3371,2a2208f3b88bc209ca1345f89ac6d3acb1712755a7ed254a55870a5119b71ea0,0+1+2,0,11,18,32,,
confirmation,3372,e3403f8c8b8debb8ca8a0467facf51ac9ad11f07ff4f5ed64fa162c3321ba9fe,0+1,0,17,39,60,,
confirmation,3373,e3403f8c8b8debb8ca8a0467facf51ac9ad11f07ff4f5ed64fa162c3321ba9fe,0+2,0,6,21,34,,
confirmation,3374,e3403f8c8b8debb8ca8a0467facf51ac9ad11f07ff4f5ed64fa162c3321ba9fe,1+2,0,25,44,69,,
confirmation,3375,e3403f8c8b8debb8ca8a0467facf51ac9ad11f07ff4f5ed64fa162c3321ba9fe,0+1+2,0,6,19,32,,
confirmation,3376,50641fc42e077b54d394f353a06fbd0da68682e83aae52ed08d7645d5a40502f,0+1,0,24,42,63,,
confirmation,3377,50641fc42e077b54d394f353a06fbd0da68682e83aae52ed08d7645d5a40502f,0+2,0,13,19,32,,
confirmation,3378,50641fc42e077b54d394f353a06fbd0da68682e83aae52ed08d7645d5a40502f,1+2,0,22,44,67,,
confirmation,3379,50641fc42e077b54d394f353a06fbd0da68682e83aae52ed08d7645d5a40502f,0+1+2,0,13,18,31,,
confirmation,3380,265f5ea5716ff2f51b0183cc4167a7b974d8c3a8b20165e02ac5343bf4311d8f,0+1,0,8,8,28,,
confirmation,3381,265f5ea5716ff2f51b0183cc4167a7b974d8c3a8b20165e02ac5343bf4311d8f,0+2,0,0,0,12,,
confirmation,3382,265f5ea5716ff2f51b0183cc4167a7b974d8c3a8b20165e02ac5343bf4311d8f,1+2,0,1,1,24,,
confirmation,3383,265f5ea5716ff2f51b0183cc4167a7b974d8c3a8b20165e02ac5343bf4311d8f,0+1+2,0,0,0,12,,
confirmation,3384,5cd1b4afd0af9d0ac5ada6f214583604f0c86e6ad1a3429eb35b0709dc5f6044,0+1,0,19,34,71,,
confirmation,3385,5cd1b4afd0af9d0ac5ada6f214583604f0c86e6ad1a3429eb35b0709dc5f6044,0+2,0,1,10,28,,
confirmation,3386,5cd1b4afd0af9d0ac5ada6f214583604f0c86e6ad1a3429eb35b0709dc5f6044,1+2,4,17,36,77,,
confirmation,3387,5cd1b4afd0af9d0ac5ada6f214583604f0c86e6ad1a3429eb35b0709dc5f6044,0+1+2,0,0,7,22,,
confirmation,3388,892c4da9972096e5c69119f6f48ad496c7bc15b1c0992d080cf6e2669cb4c572,0+1,0,0,0,20,,
confirmation,3389,892c4da9972096e5c69119f6f48ad496c7bc15b1c0992d080cf6e2669cb4c572,0+2,0,0,0,13,,
confirmation,3390,892c4da9972096e5c69119f6f48ad496c7bc15b1c0992d080cf6e2669cb4c572,1+2,0,0,0,23,,
confirmation,3391,892c4da9972096e5c69119f6f48ad496c7bc15b1c0992d080cf6e2669cb4c572,0+1+2,0,0,0,13,,
confirmation,3392,32f9e15658a9f3b090060866ba6e7c0061a92afe3ce51fbb2690fe90393524a9,0+1,0,20,44,95,,
confirmation,3393,32f9e15658a9f3b090060866ba6e7c0061a92afe3ce51fbb2690fe90393524a9,0+2,0,6,10,28,,
confirmation,3394,32f9e15658a9f3b090060866ba6e7c0061a92afe3ce51fbb2690fe90393524a9,1+2,2,21,41,95,,
confirmation,3395,32f9e15658a9f3b090060866ba6e7c0061a92afe3ce51fbb2690fe90393524a9,0+1+2,0,3,7,21,,
confirmation,3396,ef9c0626dcaac6d906814a9316e9e658d7a3394779bec323a69bde93e1a166c1,0+1,0,28,48,109,,
confirmation,3397,ef9c0626dcaac6d906814a9316e9e658d7a3394779bec323a69bde93e1a166c1,0+2,0,4,12,33,,
confirmation,3398,ef9c0626dcaac6d906814a9316e9e658d7a3394779bec323a69bde93e1a166c1,1+2,6,28,54,109,,
confirmation,3399,ef9c0626dcaac6d906814a9316e9e658d7a3394779bec323a69bde93e1a166c1,0+1+2,0,4,9,26,,
confirmation,3400,7c34f11f859aa0da517845115328356fd3e5e1d83be991c047e4dd7745c50bdb,0+1,5,24,51,110,,
confirmation,3401,7c34f11f859aa0da517845115328356fd3e5e1d83be991c047e4dd7745c50bdb,0+2,0,8,13,32,,
confirmation,3402,7c34f11f859aa0da517845115328356fd3e5e1d83be991c047e4dd7745c50bdb,1+2,0,27,49,107,,
confirmation,3403,7c34f11f859aa0da517845115328356fd3e5e1d83be991c047e4dd7745c50bdb,0+1+2,0,5,9,24,,
confirmation,3404,50aa7ed27b905c41d52b0e1ad74cfba7511af97acff772f77a62de64e36d47f5,0+1,0,9,17,37,,
confirmation,3405,50aa7ed27b905c41d52b0e1ad74cfba7511af97acff772f77a62de64e36d47f5,0+2,0,8,8,21,,
confirmation,3406,50aa7ed27b905c41d52b0e1ad74cfba7511af97acff772f77a62de64e36d47f5,1+2,0,10,22,46,,
confirmation,3407,50aa7ed27b905c41d52b0e1ad74cfba7511af97acff772f77a62de64e36d47f5,0+1+2,0,6,6,19,,
confirmation,3408,afc8a37588e916823789fe56eb94e55fd156f88590420bc9e9a9d381cf9c0cbe,0+1,9,30,63,106,,
confirmation,3409,afc8a37588e916823789fe56eb94e55fd156f88590420bc9e9a9d381cf9c0cbe,0+2,0,11,17,30,,
confirmation,3410,afc8a37588e916823789fe56eb94e55fd156f88590420bc9e9a9d381cf9c0cbe,1+2,0,26,50,92,,
confirmation,3411,afc8a37588e916823789fe56eb94e55fd156f88590420bc9e9a9d381cf9c0cbe,0+1+2,0,8,13,21,,
confirmation,3412,a11bf7731c65cfb03de9b5af2540edc119f3bbd9042f2e5d831a3cec4da5fe03,0+1,0,23,44,95,,
confirmation,3413,a11bf7731c65cfb03de9b5af2540edc119f3bbd9042f2e5d831a3cec4da5fe03,0+2,0,3,15,32,,
confirmation,3414,a11bf7731c65cfb03de9b5af2540edc119f3bbd9042f2e5d831a3cec4da5fe03,1+2,0,26,54,99,,
confirmation,3415,a11bf7731c65cfb03de9b5af2540edc119f3bbd9042f2e5d831a3cec4da5fe03,0+1+2,0,0,11,22,,
confirmation,3416,84a508e349dadf4a8c96bf2ef0f3ddb634af41ed9c891fb1668f7b731539e4c7,0+1,5,16,26,63,,
confirmation,3417,84a508e349dadf4a8c96bf2ef0f3ddb634af41ed9c891fb1668f7b731539e4c7,0+2,0,2,8,24,,
confirmation,3418,84a508e349dadf4a8c96bf2ef0f3ddb634af41ed9c891fb1668f7b731539e4c7,1+2,0,11,22,60,,
confirmation,3419,84a508e349dadf4a8c96bf2ef0f3ddb634af41ed9c891fb1668f7b731539e4c7,0+1+2,0,1,6,19,,
confirmation,3420,8277816e2525aced94adab8d8575f144126669118fa50c890243b5bdaaed305e,0+1,11,33,60,93,,
confirmation,3421,8277816e2525aced94adab8d8575f144126669118fa50c890243b5bdaaed305e,0+2,0,12,20,33,,
confirmation,3422,8277816e2525aced94adab8d8575f144126669118fa50c890243b5bdaaed305e,1+2,0,27,56,93,,
confirmation,3423,8277816e2525aced94adab8d8575f144126669118fa50c890243b5bdaaed305e,0+1+2,0,9,15,24,,
confirmation,3424,64ca56ec8d75130cbc85d5d8085a4be2efb67e4aec1e229e74a61dc68c57edd3,0+1,0,17,36,69,,
confirmation,3425,64ca56ec8d75130cbc85d5d8085a4be2efb67e4aec1e229e74a61dc68c57edd3,0+2,0,5,17,31,,
confirmation,3426,64ca56ec8d75130cbc85d5d8085a4be2efb67e4aec1e229e74a61dc68c57edd3,1+2,0,21,44,80,,
confirmation,3427,64ca56ec8d75130cbc85d5d8085a4be2efb67e4aec1e229e74a61dc68c57edd3,0+1+2,0,2,13,20,,
confirmation,3428,ae9338a4938ae2f85d9ea1715f71b12da53f064390228388f1b41a8a61383d7b,0+1,1,18,35,73,,
confirmation,3429,ae9338a4938ae2f85d9ea1715f71b12da53f064390228388f1b41a8a61383d7b,0+2,0,10,15,35,,
confirmation,3430,ae9338a4938ae2f85d9ea1715f71b12da53f064390228388f1b41a8a61383d7b,1+2,0,24,42,85,,
confirmation,3431,ae9338a4938ae2f85d9ea1715f71b12da53f064390228388f1b41a8a61383d7b,0+1+2,0,10,12,30,,
confirmation,3432,01dce3b2b57064c9b767012bfb12e1dba48553765c3b3c449a6932472171112d,0+1,10,34,51,75,,
confirmation,3433,01dce3b2b57064c9b767012bfb12e1dba48553765c3b3c449a6932472171112d,0+2,11,25,30,40,,
confirmation,3434,01dce3b2b57064c9b767012bfb12e1dba48553765c3b3c449a6932472171112d,1+2,9,33,55,78,,
confirmation,3435,01dce3b2b57064c9b767012bfb12e1dba48553765c3b3c449a6932472171112d,0+1+2,9,23,25,34,,
confirmation,3436,b4a8cc03f120ed72d1902b896fdad1ba2ec6e0521dce5ad2d90ebd8ecc8b08c1,0+1,0,12,22,41,,
confirmation,3437,b4a8cc03f120ed72d1902b896fdad1ba2ec6e0521dce5ad2d90ebd8ecc8b08c1,0+2,0,5,12,24,,
confirmation,3438,b4a8cc03f120ed72d1902b896fdad1ba2ec6e0521dce5ad2d90ebd8ecc8b08c1,1+2,0,11,24,48,,
confirmation,3439,b4a8cc03f120ed72d1902b896fdad1ba2ec6e0521dce5ad2d90ebd8ecc8b08c1,0+1+2,0,5,12,24,,
confirmation,3440,85b21b1accf24dd3d44727046438ef911343e0ff7e666b1f82612d6e3bee918f,0+1,0,10,20,55,,
confirmation,3441,85b21b1accf24dd3d44727046438ef911343e0ff7e666b1f82612d6e3bee918f,0+2,0,11,11,29,,
confirmation,3442,85b21b1accf24dd3d44727046438ef911343e0ff7e666b1f82612d6e3bee918f,1+2,0,11,22,49,,
confirmation,3443,85b21b1accf24dd3d44727046438ef911343e0ff7e666b1f82612d6e3bee918f,0+1+2,0,10,10,26,,
confirmation,3444,1b6c186429706d2505bb336da545e7742ab7d5ce46ae185ffe50e1374f889060,0+1,0,17,39,74,,
confirmation,3445,1b6c186429706d2505bb336da545e7742ab7d5ce46ae185ffe50e1374f889060,0+2,0,4,17,32,,
confirmation,3446,1b6c186429706d2505bb336da545e7742ab7d5ce46ae185ffe50e1374f889060,1+2,0,17,41,71,,
confirmation,3447,1b6c186429706d2505bb336da545e7742ab7d5ce46ae185ffe50e1374f889060,0+1+2,0,1,14,28,,
confirmation,3448,69086d6e1504bafe11c1d261fa5a23775f755b597bbd2c79a3cdbc64f249e458,0+1,9,25,48,103,,
confirmation,3449,69086d6e1504bafe11c1d261fa5a23775f755b597bbd2c79a3cdbc64f249e458,0+2,0,8,17,36,,
confirmation,3450,69086d6e1504bafe11c1d261fa5a23775f755b597bbd2c79a3cdbc64f249e458,1+2,0,18,36,79,,
confirmation,3451,69086d6e1504bafe11c1d261fa5a23775f755b597bbd2c79a3cdbc64f249e458,0+1+2,0,3,12,28,,
confirmation,3452,5f08da313c676ef214b65000ab824cda490d971b5a5a734de33b8b1fdc1fa540,0+1,0,12,21,28,,
confirmation,3453,5f08da313c676ef214b65000ab824cda490d971b5a5a734de33b8b1fdc1fa540,0+2,0,11,12,12,,
confirmation,3454,5f08da313c676ef214b65000ab824cda490d971b5a5a734de33b8b1fdc1fa540,1+2,0,13,24,24,,
confirmation,3455,5f08da313c676ef214b65000ab824cda490d971b5a5a734de33b8b1fdc1fa540,0+1+2,0,11,12,12,,
confirmation,3456,ed65c9c3f49db5feee1b7a041b2969512f81631e6e70cf1825ff8ea5ea127750,0+1,0,22,59,107,,
confirmation,3457,ed65c9c3f49db5feee1b7a041b2969512f81631e6e70cf1825ff8ea5ea127750,0+2,0,6,19,36,,
confirmation,3458,ed65c9c3f49db5feee1b7a041b2969512f81631e6e70cf1825ff8ea5ea127750,1+2,8,28,56,102,,
confirmation,3459,ed65c9c3f49db5feee1b7a041b2969512f81631e6e70cf1825ff8ea5ea127750,0+1+2,0,4,17,29,,
confirmation,3460,48ac120072b6f07d0f9ee170a4784f9af5153c940178715664f9b6e58babcbe3,0+1,9,29,49,97,,
confirmation,3461,48ac120072b6f07d0f9ee170a4784f9af5153c940178715664f9b6e58babcbe3,0+2,0,7,12,27,,
confirmation,3462,48ac120072b6f07d0f9ee170a4784f9af5153c940178715664f9b6e58babcbe3,1+2,0,20,41,99,,
confirmation,3463,48ac120072b6f07d0f9ee170a4784f9af5153c940178715664f9b6e58babcbe3,0+1+2,0,5,6,18,,
confirmation,3464,6eee7232367cc7259a8a6727b83315e05366958817b993aee99f5220e8781e6a,0+1,0,8,18,53,,
confirmation,3465,6eee7232367cc7259a8a6727b83315e05366958817b993aee99f5220e8781e6a,0+2,0,7,7,20,,
confirmation,3466,6eee7232367cc7259a8a6727b83315e05366958817b993aee99f5220e8781e6a,1+2,0,11,23,47,,
confirmation,3467,6eee7232367cc7259a8a6727b83315e05366958817b993aee99f5220e8781e6a,0+1+2,0,5,5,17,,
confirmation,3468,f6873ca3c19e699d54ec03286062e82dfbeaeb6e45dd3d68ed21ef7cb1372e12,0+1,0,16,39,81,,
confirmation,3469,f6873ca3c19e699d54ec03286062e82dfbeaeb6e45dd3d68ed21ef7cb1372e12,0+2,0,9,17,24,,
confirmation,3470,f6873ca3c19e699d54ec03286062e82dfbeaeb6e45dd3d68ed21ef7cb1372e12,1+2,0,20,38,72,,
confirmation,3471,f6873ca3c19e699d54ec03286062e82dfbeaeb6e45dd3d68ed21ef7cb1372e12,0+1+2,0,4,12,17,,
confirmation,3472,9f1889cdb67de979fca73622a183d9f56cbd0e95fdecda00ba116eab99b14656,0+1,0,28,51,96,,
confirmation,3473,9f1889cdb67de979fca73622a183d9f56cbd0e95fdecda00ba116eab99b14656,0+2,0,14,19,35,,
confirmation,3474,9f1889cdb67de979fca73622a183d9f56cbd0e95fdecda00ba116eab99b14656,1+2,10,37,65,104,,
confirmation,3475,9f1889cdb67de979fca73622a183d9f56cbd0e95fdecda00ba116eab99b14656,0+1+2,0,12,14,24,,
confirmation,3476,bb67ead7b1fac016e348a4964ec868f59c50789e9be0c8d7afc5e514c118775e,0+1,0,15,42,93,,
confirmation,3477,bb67ead7b1fac016e348a4964ec868f59c50789e9be0c8d7afc5e514c118775e,0+2,0,9,9,31,,
confirmation,3478,bb67ead7b1fac016e348a4964ec868f59c50789e9be0c8d7afc5e514c118775e,1+2,11,31,49,104,,
confirmation,3479,bb67ead7b1fac016e348a4964ec868f59c50789e9be0c8d7afc5e514c118775e,0+1+2,0,7,7,23,,
confirmation,3480,e0029c6c2ae5ae181e578f7f01e7848f54a6c89e6d397c89e8d0263b32f0c95a,0+1,0,24,49,92,,
confirmation,3481,e0029c6c2ae5ae181e578f7f01e7848f54a6c89e6d397c89e8d0263b32f0c95a,0+2,0,13,19,33,,
confirmation,3482,e0029c6c2ae5ae181e578f7f01e7848f54a6c89e6d397c89e8d0263b32f0c95a,1+2,8,36,63,101,,
confirmation,3483,e0029c6c2ae5ae181e578f7f01e7848f54a6c89e6d397c89e8d0263b32f0c95a,0+1+2,0,11,14,23,,
confirmation,3484,bf60250c83d68299c0d297ac52c24b7b4ef079ea014d51b5b04a2070adcc70ff,0+1,2,33,55,92,,
confirmation,3485,bf60250c83d68299c0d297ac52c24b7b4ef079ea014d51b5b04a2070adcc70ff,0+2,5,15,26,39,,
confirmation,3486,bf60250c83d68299c0d297ac52c24b7b4ef079ea014d51b5b04a2070adcc70ff,1+2,7,38,63,103,,
confirmation,3487,bf60250c83d68299c0d297ac52c24b7b4ef079ea014d51b5b04a2070adcc70ff,0+1+2,2,12,19,29,,
confirmation,3488,5871f2ec3a1249a8a131e7c2024ece3feeeab91cb290238b741cae50704704eb,0+1,0,18,36,71,,
confirmation,3489,5871f2ec3a1249a8a131e7c2024ece3feeeab91cb290238b741cae50704704eb,0+2,0,3,15,28,,
confirmation,3490,5871f2ec3a1249a8a131e7c2024ece3feeeab91cb290238b741cae50704704eb,1+2,0,20,41,78,,
confirmation,3491,5871f2ec3a1249a8a131e7c2024ece3feeeab91cb290238b741cae50704704eb,0+1+2,0,3,12,20,,
confirmation,3492,889f2b76eb2c631d06902a9072ab0280a132687ce0448df5ecc9e30fba3d4e39,0+1,12,34,51,79,,
confirmation,3493,889f2b76eb2c631d06902a9072ab0280a132687ce0448df5ecc9e30fba3d4e39,0+2,6,15,27,35,,
confirmation,3494,889f2b76eb2c631d06902a9072ab0280a132687ce0448df5ecc9e30fba3d4e39,1+2,6,26,46,69,,
confirmation,3495,889f2b76eb2c631d06902a9072ab0280a132687ce0448df5ecc9e30fba3d4e39,0+1+2,6,15,22,29,,
confirmation,3496,8fe6ec91d8aa24718d8796ea46e6cb9c17b9eac898be520aeecd82d6ab5ccec2,0+1,9,17,27,64,,
confirmation,3497,8fe6ec91d8aa24718d8796ea46e6cb9c17b9eac898be520aeecd82d6ab5ccec2,0+2,11,20,20,38,,
confirmation,3498,8fe6ec91d8aa24718d8796ea46e6cb9c17b9eac898be520aeecd82d6ab5ccec2,1+2,10,22,33,74,,
confirmation,3499,8fe6ec91d8aa24718d8796ea46e6cb9c17b9eac898be520aeecd82d6ab5ccec2,0+1+2,9,17,17,32,,
confirmation,3500,6c0430daff819d2ba7bf71ac154d4ad236486edc759db7a4d31714cb1cf90e29,0+1,0,8,18,47,,
confirmation,3501,6c0430daff819d2ba7bf71ac154d4ad236486edc759db7a4d31714cb1cf90e29,0+2,0,5,13,23,,
confirmation,3502,6c0430daff819d2ba7bf71ac154d4ad236486edc759db7a4d31714cb1cf90e29,1+2,0,11,22,46,,
confirmation,3503,6c0430daff819d2ba7bf71ac154d4ad236486edc759db7a4d31714cb1cf90e29,0+1+2,0,5,13,22,,
confirmation,3504,8cb5986c9100b14997cdd40c9a3faca134e6191ced3f2b22852d267ccb4e490a,0+1,9,34,51,73,,
confirmation,3505,8cb5986c9100b14997cdd40c9a3faca134e6191ced3f2b22852d267ccb4e490a,0+2,9,24,28,40,,
confirmation,3506,8cb5986c9100b14997cdd40c9a3faca134e6191ced3f2b22852d267ccb4e490a,1+2,13,34,56,78,,
confirmation,3507,8cb5986c9100b14997cdd40c9a3faca134e6191ced3f2b22852d267ccb4e490a,0+1+2,9,23,27,38,,
confirmation,3508,ec12a4d5985f4977dc3186c49ef7fe57226c54c72df43d76993a51fd10a3c21c,0+1,0,14,26,65,,
confirmation,3509,ec12a4d5985f4977dc3186c49ef7fe57226c54c72df43d76993a51fd10a3c21c,0+2,0,6,8,28,,
confirmation,3510,ec12a4d5985f4977dc3186c49ef7fe57226c54c72df43d76993a51fd10a3c21c,1+2,0,14,25,66,,
confirmation,3511,ec12a4d5985f4977dc3186c49ef7fe57226c54c72df43d76993a51fd10a3c21c,0+1+2,0,4,6,21,,
confirmation,3512,0a52bafb3a172ae35dfc141955c8a01502a4e16d5b6ecd9cb104156f954dccc2,0+1,0,15,35,76,,
confirmation,3513,0a52bafb3a172ae35dfc141955c8a01502a4e16d5b6ecd9cb104156f954dccc2,0+2,0,8,12,31,,
confirmation,3514,0a52bafb3a172ae35dfc141955c8a01502a4e16d5b6ecd9cb104156f954dccc2,1+2,10,21,37,79,,
confirmation,3515,0a52bafb3a172ae35dfc141955c8a01502a4e16d5b6ecd9cb104156f954dccc2,0+1+2,0,4,8,23,,
confirmation,3516,6ba4a8b33cb35d283c595e7404b6c8fa03fa3edbca833f4430a21740e8edb051,0+1,4,32,56,90,,
confirmation,3517,6ba4a8b33cb35d283c595e7404b6c8fa03fa3edbca833f4430a21740e8edb051,0+2,8,21,26,41,,
confirmation,3518,6ba4a8b33cb35d283c595e7404b6c8fa03fa3edbca833f4430a21740e8edb051,1+2,4,27,53,92,,
confirmation,3519,6ba4a8b33cb35d283c595e7404b6c8fa03fa3edbca833f4430a21740e8edb051,0+1+2,4,17,19,28,,
confirmation,3520,1e502abb07e385e1e0c7ef23fb63244007947531eeab536b1b838ff0188b0391,0+1,0,25,44,98,,
confirmation,3521,1e502abb07e385e1e0c7ef23fb63244007947531eeab536b1b838ff0188b0391,0+2,0,5,13,32,,
confirmation,3522,1e502abb07e385e1e0c7ef23fb63244007947531eeab536b1b838ff0188b0391,1+2,0,18,39,96,,
confirmation,3523,1e502abb07e385e1e0c7ef23fb63244007947531eeab536b1b838ff0188b0391,0+1+2,0,5,9,25,,
confirmation,3524,7ca97d3febe2a1065fb8cb467cde79e9903ed7ba3d4c0bbe1c83000da948a1b7,0+1,0,8,19,41,,
confirmation,3525,7ca97d3febe2a1065fb8cb467cde79e9903ed7ba3d4c0bbe1c83000da948a1b7,0+2,0,3,7,18,,
confirmation,3526,7ca97d3febe2a1065fb8cb467cde79e9903ed7ba3d4c0bbe1c83000da948a1b7,1+2,0,10,13,36,,
confirmation,3527,7ca97d3febe2a1065fb8cb467cde79e9903ed7ba3d4c0bbe1c83000da948a1b7,0+1+2,0,2,5,16,,
confirmation,3528,7ebb467639f3cc7e1e7984a31a4d1e4d7caa63a625bc10ab97785b183caf7e67,0+1,0,12,21,49,,
confirmation,3529,7ebb467639f3cc7e1e7984a31a4d1e4d7caa63a625bc10ab97785b183caf7e67,0+2,0,5,11,22,,
confirmation,3530,7ebb467639f3cc7e1e7984a31a4d1e4d7caa63a625bc10ab97785b183caf7e67,1+2,0,11,24,48,,
confirmation,3531,7ebb467639f3cc7e1e7984a31a4d1e4d7caa63a625bc10ab97785b183caf7e67,0+1+2,0,5,11,19,,
confirmation,3532,9dc755fd893b13669a01777c6337191b66e867cc8bb9471f259f02c58c1807a8,0+1,5,27,42,93,,
confirmation,3533,9dc755fd893b13669a01777c6337191b66e867cc8bb9471f259f02c58c1807a8,0+2,0,2,10,31,,
confirmation,3534,9dc755fd893b13669a01777c6337191b66e867cc8bb9471f259f02c58c1807a8,1+2,0,18,38,81,,
confirmation,3535,9dc755fd893b13669a01777c6337191b66e867cc8bb9471f259f02c58c1807a8,0+1+2,0,2,9,26,,
confirmation,3536,0b9ef567dac8b0f9d5c091c779a6a6f8a209758ad149436764b08aeeaaab7646,0+1,7,23,50,103,,
confirmation,3537,0b9ef567dac8b0f9d5c091c779a6a6f8a209758ad149436764b08aeeaaab7646,0+2,0,10,11,28,,
confirmation,3538,0b9ef567dac8b0f9d5c091c779a6a6f8a209758ad149436764b08aeeaaab7646,1+2,0,22,41,91,,
confirmation,3539,0b9ef567dac8b0f9d5c091c779a6a6f8a209758ad149436764b08aeeaaab7646,0+1+2,0,7,7,20,,
confirmation,3540,8ef9d244b8d106f1d189942cd4d17b57de9694321472eba09d03201a60160513,0+1,0,30,50,110,,
confirmation,3541,8ef9d244b8d106f1d189942cd4d17b57de9694321472eba09d03201a60160513,0+2,0,9,19,38,,
confirmation,3542,8ef9d244b8d106f1d189942cd4d17b57de9694321472eba09d03201a60160513,1+2,0,24,49,99,,
confirmation,3543,8ef9d244b8d106f1d189942cd4d17b57de9694321472eba09d03201a60160513,0+1+2,0,7,12,29,,
confirmation,3544,6d40e9c0c6002303179ea62483f5f900ff318c458e9daff30be5749308d84a6b,0+1,0,19,49,90,,
confirmation,3545,6d40e9c0c6002303179ea62483f5f900ff318c458e9daff30be5749308d84a6b,0+2,0,8,14,23,,
confirmation,3546,6d40e9c0c6002303179ea62483f5f900ff318c458e9daff30be5749308d84a6b,1+2,0,21,40,79,,
confirmation,3547,6d40e9c0c6002303179ea62483f5f900ff318c458e9daff30be5749308d84a6b,0+1+2,0,5,11,16,,
confirmation,3548,8cf0d1d208289fb82f058deb4c37d7be62ec9c2a923334678a024253f9199633,0+1,0,14,32,81,,
confirmation,3549,8cf0d1d208289fb82f058deb4c37d7be62ec9c2a923334678a024253f9199633,0+2,0,10,12,27,,
confirmation,3550,8cf0d1d208289fb82f058deb4c37d7be62ec9c2a923334678a024253f9199633,1+2,0,18,36,78,,
confirmation,3551,8cf0d1d208289fb82f058deb4c37d7be62ec9c2a923334678a024253f9199633,0+1+2,0,7,7,19,,
confirmation,3552,49eca82db872a690c1828b672d53d10626ad3b68fa877443796c10a4bf4e98e2,0+1,0,15,33,70,,
confirmation,3553,49eca82db872a690c1828b672d53d10626ad3b68fa877443796c10a4bf4e98e2,0+2,0,11,14,31,,
confirmation,3554,49eca82db872a690c1828b672d53d10626ad3b68fa877443796c10a4bf4e98e2,1+2,0,18,36,78,,
confirmation,3555,49eca82db872a690c1828b672d53d10626ad3b68fa877443796c10a4bf4e98e2,0+1+2,0,9,9,24,,
confirmation,3556,d2888abb79b3131e4db8c48e6f16c503668752e39063ce7fff238b310d511d6b,0+1,0,22,39,77,,
confirmation,3557,d2888abb79b3131e4db8c48e6f16c503668752e39063ce7fff238b310d511d6b,0+2,0,5,14,37,,
confirmation,3558,d2888abb79b3131e4db8c48e6f16c503668752e39063ce7fff238b310d511d6b,1+2,0,16,29,76,,
confirmation,3559,d2888abb79b3131e4db8c48e6f16c503668752e39063ce7fff238b310d511d6b,0+1+2,0,5,12,31,,
confirmation,3560,0a09de015fcca2f9bf21939fec18a7b63056d1de855a55faea29b1464192828c,0+1,0,8,18,55,,
confirmation,3561,0a09de015fcca2f9bf21939fec18a7b63056d1de855a55faea29b1464192828c,0+2,0,1,12,31,,
confirmation,3562,0a09de015fcca2f9bf21939fec18a7b63056d1de855a55faea29b1464192828c,1+2,0,12,24,66,,
confirmation,3563,0a09de015fcca2f9bf21939fec18a7b63056d1de855a55faea29b1464192828c,0+1+2,0,1,11,28,,
confirmation,3564,6312f26efbc7b13bec171598e95b96f6a75a60dae939d0d953d84119ee11f73f,0+1,6,19,28,53,,
confirmation,3565,6312f26efbc7b13bec171598e95b96f6a75a60dae939d0d953d84119ee11f73f,0+2,0,10,12,25,,
confirmation,3566,6312f26efbc7b13bec171598e95b96f6a75a60dae939d0d953d84119ee11f73f,1+2,6,17,28,51,,
confirmation,3567,6312f26efbc7b13bec171598e95b96f6a75a60dae939d0d953d84119ee11f73f,0+1+2,0,10,12,24,,
confirmation,3568,6e230ac03af8aa156d2b4254882c628d5de069aee8a21e80c1bc48e525f26254,0+1,0,9,20,61,,
confirmation,3569,6e230ac03af8aa156d2b4254882c628d5de069aee8a21e80c1bc48e525f26254,0+2,0,1,9,27,,
confirmation,3570,6e230ac03af8aa156d2b4254882c628d5de069aee8a21e80c1bc48e525f26254,1+2,0,11,21,52,,
confirmation,3571,6e230ac03af8aa156d2b4254882c628d5de069aee8a21e80c1bc48e525f26254,0+1+2,0,1,8,23,,
confirmation,3572,fbdd1e75b48beb894607a7492556ca88c5156bbbdd8e6fc2dd9a43ebb3d43ffb,0+1,0,19,36,64,,
confirmation,3573,fbdd1e75b48beb894607a7492556ca88c5156bbbdd8e6fc2dd9a43ebb3d43ffb,0+2,0,5,16,28,,
confirmation,3574,fbdd1e75b48beb894607a7492556ca88c5156bbbdd8e6fc2dd9a43ebb3d43ffb,1+2,0,18,41,68,,
confirmation,3575,fbdd1e75b48beb894607a7492556ca88c5156bbbdd8e6fc2dd9a43ebb3d43ffb,0+1+2,0,4,13,23,,
confirmation,3576,18569c63299c9bde8b115a0a819739e384c4f7dd210a93e4e3f7f7dd44105107,0+1,0,15,35,72,,
confirmation,3577,18569c63299c9bde8b115a0a819739e384c4f7dd210a93e4e3f7f7dd44105107,0+2,0,8,11,30,,
confirmation,3578,18569c63299c9bde8b115a0a819739e384c4f7dd210a93e4e3f7f7dd44105107,1+2,5,16,30,72,,
confirmation,3579,18569c63299c9bde8b115a0a819739e384c4f7dd210a93e4e3f7f7dd44105107,0+1+2,0,7,9,25,,
confirmation,3580,2c8eea5ad3803ec94e1d10380261f18777257274cfec607a6b409f2ae94612e3,0+1,0,33,56,94,,
confirmation,3581,2c8eea5ad3803ec94e1d10380261f18777257274cfec607a6b409f2ae94612e3,0+2,1,14,20,37,,
confirmation,3582,2c8eea5ad3803ec94e1d10380261f18777257274cfec607a6b409f2ae94612e3,1+2,10,32,58,98,,
confirmation,3583,2c8eea5ad3803ec94e1d10380261f18777257274cfec607a6b409f2ae94612e3,0+1+2,0,12,15,27,,
confirmation,3584,6cd8a87dd0f712c9ea8aa97fce5e66064b7267b86073adf1216f5fb831b3bd99,0+1,11,30,64,106,,
confirmation,3585,6cd8a87dd0f712c9ea8aa97fce5e66064b7267b86073adf1216f5fb831b3bd99,0+2,0,8,20,35,,
confirmation,3586,6cd8a87dd0f712c9ea8aa97fce5e66064b7267b86073adf1216f5fb831b3bd99,1+2,0,21,52,93,,
confirmation,3587,6cd8a87dd0f712c9ea8aa97fce5e66064b7267b86073adf1216f5fb831b3bd99,0+1+2,0,5,17,28,,
confirmation,3588,50e30c1c66c59cfabc7d72fae9d95de061b467757b8c9de26ed0f79df7f1176b,0+1,0,8,21,27,,
confirmation,3589,50e30c1c66c59cfabc7d72fae9d95de061b467757b8c9de26ed0f79df7f1176b,0+2,0,0,12,12,,
confirmation,3590,50e30c1c66c59cfabc7d72fae9d95de061b467757b8c9de26ed0f79df7f1176b,1+2,0,11,24,24,,
confirmation,3591,50e30c1c66c59cfabc7d72fae9d95de061b467757b8c9de26ed0f79df7f1176b,0+1+2,0,0,12,12,,
confirmation,3592,756a9e32a5d9b766158c2dfc07b5cc428022494690f5398ed675baf191d9bc36,0+1,0,0,7,7,,
confirmation,3593,756a9e32a5d9b766158c2dfc07b5cc428022494690f5398ed675baf191d9bc36,0+2,0,0,0,0,,
confirmation,3594,756a9e32a5d9b766158c2dfc07b5cc428022494690f5398ed675baf191d9bc36,1+2,0,0,5,5,,
confirmation,3595,756a9e32a5d9b766158c2dfc07b5cc428022494690f5398ed675baf191d9bc36,0+1+2,0,0,0,0,,
confirmation,3596,a3e5cdac82906dd4072e20b5906fa583e1131ff044ee21692e58a7ba0fa30029,0+1,0,29,47,104,,
confirmation,3597,a3e5cdac82906dd4072e20b5906fa583e1131ff044ee21692e58a7ba0fa30029,0+2,0,3,10,31,,
confirmation,3598,a3e5cdac82906dd4072e20b5906fa583e1131ff044ee21692e58a7ba0fa30029,1+2,3,21,47,105,,
confirmation,3599,a3e5cdac82906dd4072e20b5906fa583e1131ff044ee21692e58a7ba0fa30029,0+1+2,0,3,9,25,,
confirmation,3600,9f15929a0da067c676cdb68eb89cbb54167f6d2742ccdd6942806d007bac0b75,0+1,0,21,53,91,,
confirmation,3601,9f15929a0da067c676cdb68eb89cbb54167f6d2742ccdd6942806d007bac0b75,0+2,0,11,21,32,,
confirmation,3602,9f15929a0da067c676cdb68eb89cbb54167f6d2742ccdd6942806d007bac0b75,1+2,5,26,47,87,,
confirmation,3603,9f15929a0da067c676cdb68eb89cbb54167f6d2742ccdd6942806d007bac0b75,0+1+2,0,7,17,26,,
confirmation,3604,835233e9cb5518e6fffc182a4ee67a8c967237cc01e4d81e70ab52af91cf6c62,0+1,6,29,62,107,,
confirmation,3605,835233e9cb5518e6fffc182a4ee67a8c967237cc01e4d81e70ab52af91cf6c62,0+2,0,12,20,29,,
confirmation,3606,835233e9cb5518e6fffc182a4ee67a8c967237cc01e4d81e70ab52af91cf6c62,1+2,0,25,50,92,,
confirmation,3607,835233e9cb5518e6fffc182a4ee67a8c967237cc01e4d81e70ab52af91cf6c62,0+1+2,0,8,15,22,,
confirmation,3608,77dd0c7e79450cf09ba2b7cc58be7473acdda0ce3f0b0112817c791b703e59ad,0+1,0,30,53,100,,
confirmation,3609,77dd0c7e79450cf09ba2b7cc58be7473acdda0ce3f0b0112817c791b703e59ad,0+2,0,9,21,36,,
confirmation,3610,77dd0c7e79450cf09ba2b7cc58be7473acdda0ce3f0b0112817c791b703e59ad,1+2,0,31,53,102,,
confirmation,3611,77dd0c7e79450cf09ba2b7cc58be7473acdda0ce3f0b0112817c791b703e59ad,0+1+2,0,9,17,28,,
confirmation,3612,26d4d01d9461d22db618b684fd63cb7e6f8e54228d6ecee99c28283149b846b9,0+1,4,19,37,86,,
confirmation,3613,26d4d01d9461d22db618b684fd63cb7e6f8e54228d6ecee99c28283149b846b9,0+2,0,6,10,28,,
confirmation,3614,26d4d01d9461d22db618b684fd63cb7e6f8e54228d6ecee99c28283149b846b9,1+2,0,19,37,82,,
confirmation,3615,26d4d01d9461d22db618b684fd63cb7e6f8e54228d6ecee99c28283149b846b9,0+1+2,0,2,6,19,,
confirmation,3616,984aeb3864b5247edc705f90ef7e65aff269a18ec236b3e0f86ab2dd3b233ae0,0+1,10,26,46,81,,
confirmation,3617,984aeb3864b5247edc705f90ef7e65aff269a18ec236b3e0f86ab2dd3b233ae0,0+2,2,10,20,38,,
confirmation,3618,984aeb3864b5247edc705f90ef7e65aff269a18ec236b3e0f86ab2dd3b233ae0,1+2,1,21,40,74,,
confirmation,3619,984aeb3864b5247edc705f90ef7e65aff269a18ec236b3e0f86ab2dd3b233ae0,0+1+2,1,4,13,28,,
confirmation,3620,95a280a27a0159ee2b9f2ba8a7e212118424f212bc167b61199a2914b7014f10,0+1,0,9,19,19,,
confirmation,3621,95a280a27a0159ee2b9f2ba8a7e212118424f212bc167b61199a2914b7014f10,0+2,0,5,12,12,,
confirmation,3622,95a280a27a0159ee2b9f2ba8a7e212118424f212bc167b61199a2914b7014f10,1+2,0,10,21,21,,
confirmation,3623,95a280a27a0159ee2b9f2ba8a7e212118424f212bc167b61199a2914b7014f10,0+1+2,0,5,12,12,,
confirmation,3624,3afd794f4c412523a5ab72edfccf9fda00df3711a6ad36f6a94297f916a97da5,0+1,0,18,41,62,,
confirmation,3625,3afd794f4c412523a5ab72edfccf9fda00df3711a6ad36f6a94297f916a97da5,0+2,0,4,18,29,,
confirmation,3626,3afd794f4c412523a5ab72edfccf9fda00df3711a6ad36f6a94297f916a97da5,1+2,0,22,42,64,,
confirmation,3627,3afd794f4c412523a5ab72edfccf9fda00df3711a6ad36f6a94297f916a97da5,0+1+2,0,3,16,26,,
confirmation,3628,d49f06dbb095ddb3cc1f04a9a6c729afa6b3eef0c6fdd5832914c50c6b01fb65,0+1,0,11,20,58,,
confirmation,3629,d49f06dbb095ddb3cc1f04a9a6c729afa6b3eef0c6fdd5832914c50c6b01fb65,0+2,0,8,13,33,,
confirmation,3630,d49f06dbb095ddb3cc1f04a9a6c729afa6b3eef0c6fdd5832914c50c6b01fb65,1+2,0,11,23,57,,
confirmation,3631,d49f06dbb095ddb3cc1f04a9a6c729afa6b3eef0c6fdd5832914c50c6b01fb65,0+1+2,0,8,13,30,,
confirmation,3632,6043a7a3f6a22354db333b700e23b68c84e0905d422a5393f6c503f24f65167e,0+1,0,0,8,10,,
confirmation,3633,6043a7a3f6a22354db333b700e23b68c84e0905d422a5393f6c503f24f65167e,0+2,0,0,2,2,,
confirmation,3634,6043a7a3f6a22354db333b700e23b68c84e0905d422a5393f6c503f24f65167e,1+2,0,0,6,6,,
confirmation,3635,6043a7a3f6a22354db333b700e23b68c84e0905d422a5393f6c503f24f65167e,0+1+2,0,0,2,2,,
confirmation,3636,92195e80475e060cb3bb4c67e701183fa9df8abd0c4316e110927d7aede45f5a,0+1,0,10,19,19,,
confirmation,3637,92195e80475e060cb3bb4c67e701183fa9df8abd0c4316e110927d7aede45f5a,0+2,0,4,13,13,,
confirmation,3638,92195e80475e060cb3bb4c67e701183fa9df8abd0c4316e110927d7aede45f5a,1+2,0,7,20,20,,
confirmation,3639,92195e80475e060cb3bb4c67e701183fa9df8abd0c4316e110927d7aede45f5a,0+1+2,0,4,13,13,,
confirmation,3640,7c65827b1d32a22eb0a36928ab391f0f310078d86d2a3bca675102d3b6c1bb60,0+1,6,26,42,78,,
confirmation,3641,7c65827b1d32a22eb0a36928ab391f0f310078d86d2a3bca675102d3b6c1bb60,0+2,8,13,26,35,,
confirmation,3642,7c65827b1d32a22eb0a36928ab391f0f310078d86d2a3bca675102d3b6c1bb60,1+2,8,28,50,71,,
confirmation,3643,7c65827b1d32a22eb0a36928ab391f0f310078d86d2a3bca675102d3b6c1bb60,0+1+2,6,11,20,27,,
confirmation,3644,7ed4ae160865ef92ffee4e997aaa0bf17346051a25887b8aaf7a2d78fb70ac1b,0+1,0,9,22,45,,
confirmation,3645,7ed4ae160865ef92ffee4e997aaa0bf17346051a25887b8aaf7a2d78fb70ac1b,0+2,0,0,13,25,,
confirmation,3646,7ed4ae160865ef92ffee4e997aaa0bf17346051a25887b8aaf7a2d78fb70ac1b,1+2,0,12,26,50,,
confirmation,3647,7ed4ae160865ef92ffee4e997aaa0bf17346051a25887b8aaf7a2d78fb70ac1b,0+1+2,0,0,13,25,,
confirmation,3648,cc6db58aa90faa0ffb9f96f435ec9246cf6b0de19f6da98edb19ca00a7ed3bb4,0+1,4,26,53,96,,
confirmation,3649,cc6db58aa90faa0ffb9f96f435ec9246cf6b0de19f6da98edb19ca00a7ed3bb4,0+2,4,7,21,36,,
confirmation,3650,cc6db58aa90faa0ffb9f96f435ec9246cf6b0de19f6da98edb19ca00a7ed3bb4,1+2,0,27,55,103,,
confirmation,3651,cc6db58aa90faa0ffb9f96f435ec9246cf6b0de19f6da98edb19ca00a7ed3bb4,0+1+2,0,1,14,23,,
confirmation,3652,d5ba254ef46c2273d316b94e737e7ca7129728a529eff325954453dfa86e5caf,0+1,0,19,42,90,,
confirmation,3653,d5ba254ef46c2273d316b94e737e7ca7129728a529eff325954453dfa86e5caf,0+2,0,10,14,32,,
confirmation,3654,d5ba254ef46c2273d316b94e737e7ca7129728a529eff325954453dfa86e5caf,1+2,7,33,53,103,,
confirmation,3655,d5ba254ef46c2273d316b94e737e7ca7129728a529eff325954453dfa86e5caf,0+1+2,0,9,9,21,,
confirmation,3656,7a931af8725f0dd4c4ea6e17be238da31120db17c9c76b8b95429d8e4da4eda8,0+1,0,24,42,97,,
confirmation,3657,7a931af8725f0dd4c4ea6e17be238da31120db17c9c76b8b95429d8e4da4eda8,0+2,0,3,8,29,,
confirmation,3658,7a931af8725f0dd4c4ea6e17be238da31120db17c9c76b8b95429d8e4da4eda8,1+2,5,22,47,99,,
confirmation,3659,7a931af8725f0dd4c4ea6e17be238da31120db17c9c76b8b95429d8e4da4eda8,0+1+2,0,2,5,21,,
confirmation,3660,8c4b80da02ffd4be7750d43dc2dcffb722ceb70e99e9759d68b90d699d335afe,0+1,0,12,15,15,,
confirmation,3661,8c4b80da02ffd4be7750d43dc2dcffb722ceb70e99e9759d68b90d699d335afe,0+2,0,10,10,10,,
confirmation,3662,8c4b80da02ffd4be7750d43dc2dcffb722ceb70e99e9759d68b90d699d335afe,1+2,0,11,14,14,,
confirmation,3663,8c4b80da02ffd4be7750d43dc2dcffb722ceb70e99e9759d68b90d699d335afe,0+1+2,0,10,10,10,,
confirmation,3664,d9cc1cced721a5bbf09917bcd0ffb1ca37717d4364f33e14bf00fae04851a295,0+1,8,35,50,105,,
confirmation,3665,d9cc1cced721a5bbf09917bcd0ffb1ca37717d4364f33e14bf00fae04851a295,0+2,0,1,11,28,,
confirmation,3666,d9cc1cced721a5bbf09917bcd0ffb1ca37717d4364f33e14bf00fae04851a295,1+2,0,20,44,95,,
confirmation,3667,d9cc1cced721a5bbf09917bcd0ffb1ca37717d4364f33e14bf00fae04851a295,0+1+2,0,0,7,20,,
confirmation,3668,b1ae816812ea7f87c2174c22b4ce3e1efe62239af2ad2a62d3b0c1a9512c7911,0+1,0,18,38,74,,
confirmation,3669,b1ae816812ea7f87c2174c22b4ce3e1efe62239af2ad2a62d3b0c1a9512c7911,0+2,0,12,19,30,,
confirmation,3670,b1ae816812ea7f87c2174c22b4ce3e1efe62239af2ad2a62d3b0c1a9512c7911,1+2,4,24,44,66,,
confirmation,3671,b1ae816812ea7f87c2174c22b4ce3e1efe62239af2ad2a62d3b0c1a9512c7911,0+1+2,0,9,16,26,,
confirmation,3672,fbf8f8af89e4513eca51e1412d5c891faac263c5eb0aa102269f4d2623b29cfa,0+1,1,20,48,87,,
confirmation,3673,fbf8f8af89e4513eca51e1412d5c891faac263c5eb0aa102269f4d2623b29cfa,0+2,0,7,17,23,,
confirmation,3674,fbf8f8af89e4513eca51e1412d5c891faac263c5eb0aa102269f4d2623b29cfa,1+2,0,23,49,87,,
confirmation,3675,fbf8f8af89e4513eca51e1412d5c891faac263c5eb0aa102269f4d2623b29cfa,0+1+2,0,2,12,16,,
confirmation,3676,dd69468c6a20bbd68db76c56a2e8edf3cecf71efc67f1307f0076cc2ddd637fc,0+1,0,8,21,41,,
confirmation,3677,dd69468c6a20bbd68db76c56a2e8edf3cecf71efc67f1307f0076cc2ddd637fc,0+2,0,0,13,23,,
confirmation,3678,dd69468c6a20bbd68db76c56a2e8edf3cecf71efc67f1307f0076cc2ddd637fc,1+2,0,12,26,50,,
confirmation,3679,dd69468c6a20bbd68db76c56a2e8edf3cecf71efc67f1307f0076cc2ddd637fc,0+1+2,0,0,13,22,,
confirmation,3680,6609230b41141f25c616a85ad60e75e9236a0755c9357f566a5556b2b35ddf16,0+1,0,23,40,80,,
confirmation,3681,6609230b41141f25c616a85ad60e75e9236a0755c9357f566a5556b2b35ddf16,0+2,0,8,17,25,,
confirmation,3682,6609230b41141f25c616a85ad60e75e9236a0755c9357f566a5556b2b35ddf16,1+2,8,29,50,87,,
confirmation,3683,6609230b41141f25c616a85ad60e75e9236a0755c9357f566a5556b2b35ddf16,0+1+2,0,8,13,18,,
confirmation,3684,be33163492497ed8ca7b159dad2e34e1bea588544252297f11508f17b2801dd0,0+1,0,0,0,0,,
confirmation,3685,be33163492497ed8ca7b159dad2e34e1bea588544252297f11508f17b2801dd0,0+2,0,0,0,0,,
confirmation,3686,be33163492497ed8ca7b159dad2e34e1bea588544252297f11508f17b2801dd0,1+2,0,0,0,0,,
confirmation,3687,be33163492497ed8ca7b159dad2e34e1bea588544252297f11508f17b2801dd0,0+1+2,0,0,0,0,,
confirmation,3688,dbad3cd2ba1780f17a6dc2a1f1775edac80dc29d884ba0b075240acc11ae7b4b,0+1,0,18,41,62,,
confirmation,3689,dbad3cd2ba1780f17a6dc2a1f1775edac80dc29d884ba0b075240acc11ae7b4b,0+2,0,8,21,32,,
confirmation,3690,dbad3cd2ba1780f17a6dc2a1f1775edac80dc29d884ba0b075240acc11ae7b4b,1+2,0,21,44,67,,
confirmation,3691,dbad3cd2ba1780f17a6dc2a1f1775edac80dc29d884ba0b075240acc11ae7b4b,0+1+2,0,6,18,29,,
confirmation,3692,da588f01ad7e8338fbf11e52d4b13be93e9c6348b6ac87de223c5593971bc5fe,0+1,7,17,26,46,,
confirmation,3693,da588f01ad7e8338fbf11e52d4b13be93e9c6348b6ac87de223c5593971bc5fe,0+2,1,6,14,26,,
confirmation,3694,da588f01ad7e8338fbf11e52d4b13be93e9c6348b6ac87de223c5593971bc5fe,1+2,6,18,31,55,,
confirmation,3695,da588f01ad7e8338fbf11e52d4b13be93e9c6348b6ac87de223c5593971bc5fe,0+1+2,1,6,14,26,,
confirmation,3696,0ffcdeb4fc4f128df6bff2cfa947ef6ec05c61dcf3683937a6e3e6b9a2efd508,0+1,0,0,0,18,,
confirmation,3697,0ffcdeb4fc4f128df6bff2cfa947ef6ec05c61dcf3683937a6e3e6b9a2efd508,0+2,0,0,0,13,,
confirmation,3698,0ffcdeb4fc4f128df6bff2cfa947ef6ec05c61dcf3683937a6e3e6b9a2efd508,1+2,0,0,0,25,,
confirmation,3699,0ffcdeb4fc4f128df6bff2cfa947ef6ec05c61dcf3683937a6e3e6b9a2efd508,0+1+2,0,0,0,13,,
confirmation,3700,027692d06528c83900565fb211f717669e40c6255a798ded77edaa7c422d3328,0+1,0,23,40,75,,
confirmation,3701,027692d06528c83900565fb211f717669e40c6255a798ded77edaa7c422d3328,0+2,0,13,19,33,,
confirmation,3702,027692d06528c83900565fb211f717669e40c6255a798ded77edaa7c422d3328,1+2,6,28,49,72,,
confirmation,3703,027692d06528c83900565fb211f717669e40c6255a798ded77edaa7c422d3328,0+1+2,0,12,15,24,,
confirmation,3704,22cc28655488cd53285a486289d5eb6e471160501b39f932eafe4dd9c5a70b75,0+1,0,20,38,74,,
confirmation,3705,22cc28655488cd53285a486289d5eb6e471160501b39f932eafe4dd9c5a70b75,0+2,0,8,19,31,,
confirmation,3706,22cc28655488cd53285a486289d5eb6e471160501b39f932eafe4dd9c5a70b75,1+2,0,22,44,83,,
confirmation,3707,22cc28655488cd53285a486289d5eb6e471160501b39f932eafe4dd9c5a70b75,0+1+2,0,8,17,27,,
confirmation,3708,666635bcb88bfaee6e4d7fb0bd839662744d67a4292174bcb652dbb73a60314c,0+1,6,25,54,88,,
confirmation,3709,666635bcb88bfaee6e4d7fb0bd839662744d67a4292174bcb652dbb73a60314c,0+2,4,14,19,31,,
confirmation,3710,666635bcb88bfaee6e4d7fb0bd839662744d67a4292174bcb652dbb73a60314c,1+2,1,23,46,80,,
confirmation,3711,666635bcb88bfaee6e4d7fb0bd839662744d67a4292174bcb652dbb73a60314c,0+1+2,1,8,13,20,,
confirmation,3712,a44128a71899728d67edf5163b1c9a225c039a819caada92c352db8c151fdd17,0+1,0,23,46,77,,
confirmation,3713,a44128a71899728d67edf5163b1c9a225c039a819caada92c352db8c151fdd17,0+2,0,12,16,26,,
confirmation,3714,a44128a71899728d67edf5163b1c9a225c039a819caada92c352db8c151fdd17,1+2,7,36,60,97,,
confirmation,3715,a44128a71899728d67edf5163b1c9a225c039a819caada92c352db8c151fdd17,0+1+2,0,11,11,16,,
confirmation,3716,d4f10a4e5052b3ce906898feb5a44e07423341577f64be90d180c56f1df07a68,0+1,3,25,51,98,,
confirmation,3717,d4f10a4e5052b3ce906898feb5a44e07423341577f64be90d180c56f1df07a68,0+2,0,10,11,26,,
confirmation,3718,d4f10a4e5052b3ce906898feb5a44e07423341577f64be90d180c56f1df07a68,1+2,0,21,39,90,,
confirmation,3719,d4f10a4e5052b3ce906898feb5a44e07423341577f64be90d180c56f1df07a68,0+1+2,0,7,7,18,,
confirmation,3720,ee77af52f216615bfccd60d1fe267ac6bc4e6dc3e4dbb53de5fabc2e41a90101,0+1,7,30,52,93,,
confirmation,3721,ee77af52f216615bfccd60d1fe267ac6bc4e6dc3e4dbb53de5fabc2e41a90101,0+2,0,6,17,31,,
confirmation,3722,ee77af52f216615bfccd60d1fe267ac6bc4e6dc3e4dbb53de5fabc2e41a90101,1+2,0,28,53,98,,
confirmation,3723,ee77af52f216615bfccd60d1fe267ac6bc4e6dc3e4dbb53de5fabc2e41a90101,0+1+2,0,4,13,22,,
confirmation,3724,24c03cfb48571a8ba3a17540536e5afad5b706d07f3f18e543b7e958cb51f4c9,0+1,3,25,45,102,,
confirmation,3725,24c03cfb48571a8ba3a17540536e5afad5b706d07f3f18e543b7e958cb51f4c9,0+2,0,6,12,31,,
confirmation,3726,24c03cfb48571a8ba3a17540536e5afad5b706d07f3f18e543b7e958cb51f4c9,1+2,0,24,48,102,,
confirmation,3727,24c03cfb48571a8ba3a17540536e5afad5b706d07f3f18e543b7e958cb51f4c9,0+1+2,0,5,7,22,,
confirmation,3728,96bbcf7d482777faea5b335277d5e74baa270afb5ae49185bb6edbde333ce337,0+1,0,0,0,7,,
confirmation,3729,96bbcf7d482777faea5b335277d5e74baa270afb5ae49185bb6edbde333ce337,0+2,0,0,0,1,,
confirmation,3730,96bbcf7d482777faea5b335277d5e74baa270afb5ae49185bb6edbde333ce337,1+2,0,0,0,6,,
confirmation,3731,96bbcf7d482777faea5b335277d5e74baa270afb5ae49185bb6edbde333ce337,0+1+2,0,0,0,1,,
confirmation,3732,5559f216b863aa9b24e693eb15687c04c392b0d4d24900bb3afa9c9f47c8ab13,0+1,0,35,56,99,,
confirmation,3733,5559f216b863aa9b24e693eb15687c04c392b0d4d24900bb3afa9c9f47c8ab13,0+2,0,9,20,29,,
confirmation,3734,5559f216b863aa9b24e693eb15687c04c392b0d4d24900bb3afa9c9f47c8ab13,1+2,6,33,59,104,,
confirmation,3735,5559f216b863aa9b24e693eb15687c04c392b0d4d24900bb3afa9c9f47c8ab13,0+1+2,0,7,15,22,,
confirmation,3736,f3b59d1b187a8dd0db92f1c365134d193beaeb483569e0dea4f426c8699e8510,0+1,9,32,56,96,,
confirmation,3737,f3b59d1b187a8dd0db92f1c365134d193beaeb483569e0dea4f426c8699e8510,0+2,0,4,17,29,,
confirmation,3738,f3b59d1b187a8dd0db92f1c365134d193beaeb483569e0dea4f426c8699e8510,1+2,0,24,53,90,,
confirmation,3739,f3b59d1b187a8dd0db92f1c365134d193beaeb483569e0dea4f426c8699e8510,0+1+2,0,0,12,17,,
confirmation,3740,454dbf86e2c0a7164adb5d67a26a9f89285f7c59d4e12a7b8f4416425102606f,0+1,0,29,49,88,,
confirmation,3741,454dbf86e2c0a7164adb5d67a26a9f89285f7c59d4e12a7b8f4416425102606f,0+2,0,6,15,24,,
confirmation,3742,454dbf86e2c0a7164adb5d67a26a9f89285f7c59d4e12a7b8f4416425102606f,1+2,0,20,40,80,,
confirmation,3743,454dbf86e2c0a7164adb5d67a26a9f89285f7c59d4e12a7b8f4416425102606f,0+1+2,0,6,11,17,,
confirmation,3744,4f935a82585bb781aa91233d061538f59331524d81bb5c7fd68396625a263250,0+1,12,23,31,70,,
confirmation,3745,4f935a82585bb781aa91233d061538f59331524d81bb5c7fd68396625a263250,0+2,0,9,9,26,,
confirmation,3746,4f935a82585bb781aa91233d061538f59331524d81bb5c7fd68396625a263250,1+2,0,12,23,67,,
confirmation,3747,4f935a82585bb781aa91233d061538f59331524d81bb5c7fd68396625a263250,0+1+2,0,8,8,22,,
confirmation,3748,1e7f8770b7f1b846ae8384ba85f8cc09e579d8ab9277ebeb2a2dd9f02f80b9cf,0+1,0,23,40,61,,
confirmation,3749,1e7f8770b7f1b846ae8384ba85f8cc09e579d8ab9277ebeb2a2dd9f02f80b9cf,0+2,0,10,19,28,,
confirmation,3750,1e7f8770b7f1b846ae8384ba85f8cc09e579d8ab9277ebeb2a2dd9f02f80b9cf,1+2,9,31,52,74,,
confirmation,3751,1e7f8770b7f1b846ae8384ba85f8cc09e579d8ab9277ebeb2a2dd9f02f80b9cf,0+1+2,0,10,15,23,,
confirmation,3752,7e3ba17c2d354c69b34c47e4f4a09fd168eb59a04e1da32309cb892bbbf7fe28,0+1,0,13,22,58,,
confirmation,3753,7e3ba17c2d354c69b34c47e4f4a09fd168eb59a04e1da32309cb892bbbf7fe28,0+2,0,11,12,29,,
confirmation,3754,7e3ba17c2d354c69b34c47e4f4a09fd168eb59a04e1da32309cb892bbbf7fe28,1+2,0,11,23,55,,
confirmation,3755,7e3ba17c2d354c69b34c47e4f4a09fd168eb59a04e1da32309cb892bbbf7fe28,0+1+2,0,11,12,27,,
confirmation,3756,2370e5ee4993668426d82f87496e6014b1b0379114e999b4efc1808286a1cad9,0+1,0,11,36,59,,
confirmation,3757,2370e5ee4993668426d82f87496e6014b1b0379114e999b4efc1808286a1cad9,0+2,0,0,15,27,,
confirmation,3758,2370e5ee4993668426d82f87496e6014b1b0379114e999b4efc1808286a1cad9,1+2,0,1,15,36,,
confirmation,3759,2370e5ee4993668426d82f87496e6014b1b0379114e999b4efc1808286a1cad9,0+1+2,0,0,14,26,,
confirmation,3760,005718e9e5e2cd3f808d5a2e7e65a264bbebf2235d29929de86b5f8a755aa25e,0+1,0,11,19,58,,
confirmation,3761,005718e9e5e2cd3f808d5a2e7e65a264bbebf2235d29929de86b5f8a755aa25e,0+2,0,10,10,26,,
confirmation,3762,005718e9e5e2cd3f808d5a2e7e65a264bbebf2235d29929de86b5f8a755aa25e,1+2,0,11,22,48,,
confirmation,3763,005718e9e5e2cd3f808d5a2e7e65a264bbebf2235d29929de86b5f8a755aa25e,0+1+2,0,9,9,24,,
confirmation,3764,669b08932b26b69efc6baf4ee3ffab9c4ddec4af7a98c2557da7cf4cd84b1ca4,0+1,0,10,19,19,,
confirmation,3765,669b08932b26b69efc6baf4ee3ffab9c4ddec4af7a98c2557da7cf4cd84b1ca4,0+2,0,7,11,11,,
confirmation,3766,669b08932b26b69efc6baf4ee3ffab9c4ddec4af7a98c2557da7cf4cd84b1ca4,1+2,0,11,22,22,,
confirmation,3767,669b08932b26b69efc6baf4ee3ffab9c4ddec4af7a98c2557da7cf4cd84b1ca4,0+1+2,0,7,11,11,,
confirmation,3768,142f7b34902a232c8fabcc98b535cf42f4ac57a4e918a7c6653e2ab9ff8d96e4,0+1,0,16,34,70,,
confirmation,3769,142f7b34902a232c8fabcc98b535cf42f4ac57a4e918a7c6653e2ab9ff8d96e4,0+2,0,12,18,29,,
confirmation,3770,142f7b34902a232c8fabcc98b535cf42f4ac57a4e918a7c6653e2ab9ff8d96e4,1+2,3,25,46,71,,
confirmation,3771,142f7b34902a232c8fabcc98b535cf42f4ac57a4e918a7c6653e2ab9ff8d96e4,0+1+2,0,9,15,25,,
confirmation,3772,c7962ba4e34f6bb9df58b218f8b583d2b40380a620447d4217847c57c715c3b9,0+1,0,0,9,22,,
confirmation,3773,c7962ba4e34f6bb9df58b218f8b583d2b40380a620447d4217847c57c715c3b9,0+2,0,0,4,8,,
confirmation,3774,c7962ba4e34f6bb9df58b218f8b583d2b40380a620447d4217847c57c715c3b9,1+2,0,0,8,13,,
confirmation,3775,c7962ba4e34f6bb9df58b218f8b583d2b40380a620447d4217847c57c715c3b9,0+1+2,0,0,4,8,,
confirmation,3776,5ac60e9d9a42d8f57e8efaa28d2860aa6b932e5e52ff1a46e342db6273f5b5b0,0+1,10,38,58,91,,
confirmation,3777,5ac60e9d9a42d8f57e8efaa28d2860aa6b932e5e52ff1a46e342db6273f5b5b0,0+2,0,8,18,25,,
confirmation,3778,5ac60e9d9a42d8f57e8efaa28d2860aa6b932e5e52ff1a46e342db6273f5b5b0,1+2,0,19,39,71,,
confirmation,3779,5ac60e9d9a42d8f57e8efaa28d2860aa6b932e5e52ff1a46e342db6273f5b5b0,0+1+2,0,8,13,16,,
confirmation,3780,a21f47409e68aef1cc7407f5b97e7d775a2867e3db75bf6df536aeeedd01a774,0+1,7,27,57,101,,
confirmation,3781,a21f47409e68aef1cc7407f5b97e7d775a2867e3db75bf6df536aeeedd01a774,0+2,0,11,18,26,,
confirmation,3782,a21f47409e68aef1cc7407f5b97e7d775a2867e3db75bf6df536aeeedd01a774,1+2,0,24,50,90,,
confirmation,3783,a21f47409e68aef1cc7407f5b97e7d775a2867e3db75bf6df536aeeedd01a774,0+1+2,0,7,13,19,,
confirmation,3784,e7d80bd74c6447499c6ad196fc4980e92f2d1f0280b470a728384b6bf08f5852,0+1,0,10,19,53,,
confirmation,3785,e7d80bd74c6447499c6ad196fc4980e92f2d1f0280b470a728384b6bf08f5852,0+2,0,1,7,22,,
confirmation,3786,e7d80bd74c6447499c6ad196fc4980e92f2d1f0280b470a728384b6bf08f5852,1+2,0,12,23,59,,
confirmation,3787,e7d80bd74c6447499c6ad196fc4980e92f2d1f0280b470a728384b6bf08f5852,0+1+2,0,0,4,14,,
confirmation,3788,d6ae83148d886d4a832ddf46882278931ae7e4e0b3d46ee540cc92561c01422f,0+1,0,4,4,27,,
confirmation,3789,d6ae83148d886d4a832ddf46882278931ae7e4e0b3d46ee540cc92561c01422f,0+2,0,0,0,13,,
confirmation,3790,d6ae83148d886d4a832ddf46882278931ae7e4e0b3d46ee540cc92561c01422f,1+2,0,0,0,22,,
confirmation,3791,d6ae83148d886d4a832ddf46882278931ae7e4e0b3d46ee540cc92561c01422f,0+1+2,0,0,0,13,,
confirmation,3792,d0849a64ecdb00c6a81dde913fc06521a1e612f128f090c27b0d5402688f96a6,0+1,0,18,33,69,,
confirmation,3793,d0849a64ecdb00c6a81dde913fc06521a1e612f128f090c27b0d5402688f96a6,0+2,0,0,11,28,,
confirmation,3794,d0849a64ecdb00c6a81dde913fc06521a1e612f128f090c27b0d5402688f96a6,1+2,6,17,29,72,,
confirmation,3795,d0849a64ecdb00c6a81dde913fc06521a1e612f128f090c27b0d5402688f96a6,0+1+2,0,0,9,24,,
confirmation,3796,8f593bf422845308f25111bd0a3483beb38633124a01820632f0bdb08206e99e,0+1,0,22,54,102,,
confirmation,3797,8f593bf422845308f25111bd0a3483beb38633124a01820632f0bdb08206e99e,0+2,0,4,17,34,,
confirmation,3798,8f593bf422845308f25111bd0a3483beb38633124a01820632f0bdb08206e99e,1+2,0,20,47,97,,
confirmation,3799,8f593bf422845308f25111bd0a3483beb38633124a01820632f0bdb08206e99e,0+1+2,0,2,14,25,,
confirmation,3800,db5cd0e904440992c657f745b15e9c3ff5424697cfac737f82a01e0645e03f94,0+1,0,17,40,90,,
confirmation,3801,db5cd0e904440992c657f745b15e9c3ff5424697cfac737f82a01e0645e03f94,0+2,1,7,13,31,,
confirmation,3802,db5cd0e904440992c657f745b15e9c3ff5424697cfac737f82a01e0645e03f94,1+2,5,25,43,98,,
confirmation,3803,db5cd0e904440992c657f745b15e9c3ff5424697cfac737f82a01e0645e03f94,0+1+2,0,2,6,19,,
confirmation,3804,a74c1a9e650ed3edc0f1fb12878e00ec26a0c129a4ebebc0e43897c3b1debc3b,0+1,0,20,40,89,,
confirmation,3805,a74c1a9e650ed3edc0f1fb12878e00ec26a0c129a4ebebc0e43897c3b1debc3b,0+2,0,0,6,23,,
confirmation,3806,a74c1a9e650ed3edc0f1fb12878e00ec26a0c129a4ebebc0e43897c3b1debc3b,1+2,2,18,40,81,,
confirmation,3807,a74c1a9e650ed3edc0f1fb12878e00ec26a0c129a4ebebc0e43897c3b1debc3b,0+1+2,0,0,4,16,,
confirmation,3808,ded16ba2692ee7180f3656b2980612253a3eff39456493569fa98f82f676ccb7,0+1,0,20,36,77,,
confirmation,3809,ded16ba2692ee7180f3656b2980612253a3eff39456493569fa98f82f676ccb7,0+2,0,3,12,25,,
confirmation,3810,ded16ba2692ee7180f3656b2980612253a3eff39456493569fa98f82f676ccb7,1+2,10,31,53,95,,
confirmation,3811,ded16ba2692ee7180f3656b2980612253a3eff39456493569fa98f82f676ccb7,0+1+2,0,3,10,18,,
confirmation,3812,9a3fb83af651c2b29d90cd9b1ef53f877faecdc808f3b1a91fce21c50e713eac,0+1,0,11,28,59,,
confirmation,3813,9a3fb83af651c2b29d90cd9b1ef53f877faecdc808f3b1a91fce21c50e713eac,0+2,0,12,12,26,,
confirmation,3814,9a3fb83af651c2b29d90cd9b1ef53f877faecdc808f3b1a91fce21c50e713eac,1+2,0,12,23,55,,
confirmation,3815,9a3fb83af651c2b29d90cd9b1ef53f877faecdc808f3b1a91fce21c50e713eac,0+1+2,0,11,11,22,,
confirmation,3816,d28a78f314059dac2d1933b7df9617defcafcff081dc2b4e53cdd5978a13e397,0+1,0,11,12,31,,
confirmation,3817,d28a78f314059dac2d1933b7df9617defcafcff081dc2b4e53cdd5978a13e397,0+2,0,6,6,18,,
confirmation,3818,d28a78f314059dac2d1933b7df9617defcafcff081dc2b4e53cdd5978a13e397,1+2,0,8,8,32,,
confirmation,3819,d28a78f314059dac2d1933b7df9617defcafcff081dc2b4e53cdd5978a13e397,0+1+2,0,6,6,18,,
confirmation,3820,725dab062b0eaec310bcecbad97562b0b1b994b8a896b4c9508d394b87b0de53,0+1,10,19,32,54,,
confirmation,3821,725dab062b0eaec310bcecbad97562b0b1b994b8a896b4c9508d394b87b0de53,0+2,6,6,17,29,,
confirmation,3822,725dab062b0eaec310bcecbad97562b0b1b994b8a896b4c9508d394b87b0de53,1+2,9,20,32,52,,
confirmation,3823,725dab062b0eaec310bcecbad97562b0b1b994b8a896b4c9508d394b87b0de53,0+1+2,6,6,17,29,,
confirmation,3824,d269a5f01bc9b8feb9143cb046fe68da70dfbed2c1bf1b4af0b21364693c49c2,0+1,0,9,21,50,,
confirmation,3825,d269a5f01bc9b8feb9143cb046fe68da70dfbed2c1bf1b4af0b21364693c49c2,0+2,0,2,9,22,,
confirmation,3826,d269a5f01bc9b8feb9143cb046fe68da70dfbed2c1bf1b4af0b21364693c49c2,1+2,0,12,23,49,,
confirmation,3827,d269a5f01bc9b8feb9143cb046fe68da70dfbed2c1bf1b4af0b21364693c49c2,0+1+2,0,2,8,21,,
confirmation,3828,0e087e92161002025b10d287fa44000d48478ae7b44955e29c8bc2054c497976,0+1,0,11,19,19,,
confirmation,3829,0e087e92161002025b10d287fa44000d48478ae7b44955e29c8bc2054c497976,0+2,0,11,12,12,,
confirmation,3830,0e087e92161002025b10d287fa44000d48478ae7b44955e29c8bc2054c497976,1+2,0,13,24,24,,
confirmation,3831,0e087e92161002025b10d287fa44000d48478ae7b44955e29c8bc2054c497976,0+1+2,0,11,12,12,,
confirmation,3832,773ff4b609e92e0110e2090cbddae908c4762f456b676969464e6843d354052b,0+1,0,25,43,81,,
confirmation,3833,773ff4b609e92e0110e2090cbddae908c4762f456b676969464e6843d354052b,0+2,0,12,21,34,,
confirmation,3834,773ff4b609e92e0110e2090cbddae908c4762f456b676969464e6843d354052b,1+2,10,33,54,78,,
confirmation,3835,773ff4b609e92e0110e2090cbddae908c4762f456b676969464e6843d354052b,0+1+2,0,12,17,27,,
confirmation,3836,a41f3ee2293b2608cc9851dd37d126ce91c0c8a78d481751859fe31bad95f641,0+1,0,20,52,89,,
confirmation,3837,a41f3ee2293b2608cc9851dd37d126ce91c0c8a78d481751859fe31bad95f641,0+2,1,12,23,32,,
confirmation,3838,a41f3ee2293b2608cc9851dd37d126ce91c0c8a78d481751859fe31bad95f641,1+2,8,30,57,94,,
confirmation,3839,a41f3ee2293b2608cc9851dd37d126ce91c0c8a78d481751859fe31bad95f641,0+1+2,0,7,16,23,,
confirmation,3840,acdceec5bf9755c752abf0f67b9d65e46e14a1597053024a52f6cccc78396217,0+1,0,10,23,46,,
confirmation,3841,acdceec5bf9755c752abf0f67b9d65e46e14a1597053024a52f6cccc78396217,0+2,0,3,11,16,,
confirmation,3842,acdceec5bf9755c752abf0f67b9d65e46e14a1597053024a52f6cccc78396217,1+2,0,12,25,51,,
confirmation,3843,acdceec5bf9755c752abf0f67b9d65e46e14a1597053024a52f6cccc78396217,0+1+2,0,3,11,14,,
confirmation,3844,3b080b4af6c6151cbcecc2471a79f9e1c6b4aa5faef39b7f4310b9d92836433c,0+1,0,17,26,61,,
confirmation,3845,3b080b4af6c6151cbcecc2471a79f9e1c6b4aa5faef39b7f4310b9d92836433c,0+2,0,0,8,24,,
confirmation,3846,3b080b4af6c6151cbcecc2471a79f9e1c6b4aa5faef39b7f4310b9d92836433c,1+2,9,20,31,74,,
confirmation,3847,3b080b4af6c6151cbcecc2471a79f9e1c6b4aa5faef39b7f4310b9d92836433c,0+1+2,0,0,6,18,,
confirmation,3848,9476578f160c401e2478be6c3511d87ae63fde93784b24512703af0be2077353,0+1,0,0,0,0,,
confirmation,3849,9476578f160c401e2478be6c3511d87ae63fde93784b24512703af0be2077353,0+2,0,0,0,0,,
confirmation,3850,9476578f160c401e2478be6c3511d87ae63fde93784b24512703af0be2077353,1+2,0,0,0,0,,
confirmation,3851,9476578f160c401e2478be6c3511d87ae63fde93784b24512703af0be2077353,0+1+2,0,0,0,0,,
confirmation,3852,63f40fedcf38d3dafdd9e7581b2c21449c3cad1a75e3450e49d836e1352dfa5c,0+1,2,22,35,84,,
confirmation,3853,63f40fedcf38d3dafdd9e7581b2c21449c3cad1a75e3450e49d836e1352dfa5c,0+2,0,1,7,26,,
confirmation,3854,63f40fedcf38d3dafdd9e7581b2c21449c3cad1a75e3450e49d836e1352dfa5c,1+2,0,16,34,73,,
confirmation,3855,63f40fedcf38d3dafdd9e7581b2c21449c3cad1a75e3450e49d836e1352dfa5c,0+1+2,0,1,5,19,,
confirmation,3856,594dcf9f09262639500bb0f2978761a1f90b7f592df4d9acdb5694212dbdc61d,0+1,6,26,59,103,,
confirmation,3857,594dcf9f09262639500bb0f2978761a1f90b7f592df4d9acdb5694212dbdc61d,0+2,0,10,18,26,,
confirmation,3858,594dcf9f09262639500bb0f2978761a1f90b7f592df4d9acdb5694212dbdc61d,1+2,0,24,50,90,,
confirmation,3859,594dcf9f09262639500bb0f2978761a1f90b7f592df4d9acdb5694212dbdc61d,0+1+2,0,6,12,18,,
confirmation,3860,c7398c1981d4555dc3f391f9542ad6c7c90b133bdb692ea250ec216e3b30230f,0+1,0,22,52,88,,
confirmation,3861,c7398c1981d4555dc3f391f9542ad6c7c90b133bdb692ea250ec216e3b30230f,0+2,0,9,19,30,,
confirmation,3862,c7398c1981d4555dc3f391f9542ad6c7c90b133bdb692ea250ec216e3b30230f,1+2,10,31,53,91,,
confirmation,3863,c7398c1981d4555dc3f391f9542ad6c7c90b133bdb692ea250ec216e3b30230f,0+1+2,0,5,15,22,,
confirmation,3864,bfa041c4b0785145215f76e83078d3b83a3e38f1afc2a1fda59be380f42822ec,0+1,0,21,43,92,,
confirmation,3865,bfa041c4b0785145215f76e83078d3b83a3e38f1afc2a1fda59be380f42822ec,0+2,0,10,15,33,,
confirmation,3866,bfa041c4b0785145215f76e83078d3b83a3e38f1afc2a1fda59be380f42822ec,1+2,0,25,47,96,,
confirmation,3867,bfa041c4b0785145215f76e83078d3b83a3e38f1afc2a1fda59be380f42822ec,0+1+2,0,9,9,22,,
confirmation,3868,5f955ba1db7b8b984875979040c1ff81fc39b07fcdbdb1c4e0734469421d7c1e,0+1,8,29,43,93,,
confirmation,3869,5f955ba1db7b8b984875979040c1ff81fc39b07fcdbdb1c4e0734469421d7c1e,0+2,0,0,9,28,,
confirmation,3870,5f955ba1db7b8b984875979040c1ff81fc39b07fcdbdb1c4e0734469421d7c1e,1+2,0,18,34,79,,
confirmation,3871,5f955ba1db7b8b984875979040c1ff81fc39b07fcdbdb1c4e0734469421d7c1e,0+1+2,0,0,6,19,,
confirmation,3872,cc7206073eabc5027b54ae73fc6ee1ca3f360330fb6a5900d78cbb5adaf84483,0+1,11,26,48,88,,
confirmation,3873,cc7206073eabc5027b54ae73fc6ee1ca3f360330fb6a5900d78cbb5adaf84483,0+2,0,8,12,34,,
confirmation,3874,cc7206073eabc5027b54ae73fc6ee1ca3f360330fb6a5900d78cbb5adaf84483,1+2,0,22,41,82,,
confirmation,3875,cc7206073eabc5027b54ae73fc6ee1ca3f360330fb6a5900d78cbb5adaf84483,0+1+2,0,6,10,28,,
confirmation,3876,d94e55cdd703be5eb80d6ef9d7e25b24cb440e9b9f53e6ee3cdee274d2b43a95,0+1,12,24,39,77,,
confirmation,3877,d94e55cdd703be5eb80d6ef9d7e25b24cb440e9b9f53e6ee3cdee274d2b43a95,0+2,1,2,8,25,,
confirmation,3878,d94e55cdd703be5eb80d6ef9d7e25b24cb440e9b9f53e6ee3cdee274d2b43a95,1+2,1,11,25,63,,
confirmation,3879,d94e55cdd703be5eb80d6ef9d7e25b24cb440e9b9f53e6ee3cdee274d2b43a95,0+1+2,1,2,6,18,,
confirmation,3880,e7bde458a49c426ea3b1810ad0fe742bc52c3bfc94621ac1f3b8e8764d7c75d9,0+1,0,12,20,60,,
confirmation,3881,e7bde458a49c426ea3b1810ad0fe742bc52c3bfc94621ac1f3b8e8764d7c75d9,0+2,0,6,11,32,,
confirmation,3882,e7bde458a49c426ea3b1810ad0fe742bc52c3bfc94621ac1f3b8e8764d7c75d9,1+2,0,12,24,65,,
confirmation,3883,e7bde458a49c426ea3b1810ad0fe742bc52c3bfc94621ac1f3b8e8764d7c75d9,0+1+2,0,6,11,29,,
confirmation,3884,0ae3f4f579739dfce79dd91edb73c1975433025fdcb0fe68cbdd340e0f4cecd8,0+1,4,14,23,44,,
confirmation,3885,0ae3f4f579739dfce79dd91edb73c1975433025fdcb0fe68cbdd340e0f4cecd8,0+2,0,11,11,24,,
confirmation,3886,0ae3f4f579739dfce79dd91edb73c1975433025fdcb0fe68cbdd340e0f4cecd8,1+2,0,11,22,45,,
confirmation,3887,0ae3f4f579739dfce79dd91edb73c1975433025fdcb0fe68cbdd340e0f4cecd8,0+1+2,0,10,10,23,,
confirmation,3888,e299ab26f6e26308640667d10691ae0efa8193d32db2e6529969423701cb3cb1,0+1,13,22,32,52,,
confirmation,3889,e299ab26f6e26308640667d10691ae0efa8193d32db2e6529969423701cb3cb1,0+2,12,17,24,34,,
confirmation,3890,e299ab26f6e26308640667d10691ae0efa8193d32db2e6529969423701cb3cb1,1+2,12,23,35,47,,
confirmation,3891,e299ab26f6e26308640667d10691ae0efa8193d32db2e6529969423701cb3cb1,0+1+2,12,17,24,32,,
confirmation,3892,2468b3079cd7e7fbc0dae6dd0f3338b04e39a2a2ec95836221e1ccb1581a6380,0+1,6,24,44,63,,
confirmation,3893,2468b3079cd7e7fbc0dae6dd0f3338b04e39a2a2ec95836221e1ccb1581a6380,0+2,0,13,19,28,,
confirmation,3894,2468b3079cd7e7fbc0dae6dd0f3338b04e39a2a2ec95836221e1ccb1581a6380,1+2,0,22,42,64,,
confirmation,3895,2468b3079cd7e7fbc0dae6dd0f3338b04e39a2a2ec95836221e1ccb1581a6380,0+1+2,0,10,16,23,,
confirmation,3896,893f57646fc221819d274f3c58cf698b4995751d59b4822aac0c179c569910ae,0+1,0,20,35,76,,
confirmation,3897,893f57646fc221819d274f3c58cf698b4995751d59b4822aac0c179c569910ae,0+2,0,0,9,27,,
confirmation,3898,893f57646fc221819d274f3c58cf698b4995751d59b4822aac0c179c569910ae,1+2,0,17,36,78,,
confirmation,3899,893f57646fc221819d274f3c58cf698b4995751d59b4822aac0c179c569910ae,0+1+2,0,0,7,22,,
confirmation,3900,98ddb58a1652b9f847b0c69a13b1a5908fb782bb61ddd9357149a1822e15eaa3,0+1,0,19,35,66,,
confirmation,3901,98ddb58a1652b9f847b0c69a13b1a5908fb782bb61ddd9357149a1822e15eaa3,0+2,0,2,12,22,,
confirmation,3902,98ddb58a1652b9f847b0c69a13b1a5908fb782bb61ddd9357149a1822e15eaa3,1+2,10,30,52,78,,
confirmation,3903,98ddb58a1652b9f847b0c69a13b1a5908fb782bb61ddd9357149a1822e15eaa3,0+1+2,0,2,11,16,,
confirmation,3904,b0f1d70afc09b610745df3f2dbcf90c090bf6a687c45f3ae31f85347bc156746,0+1,0,20,51,98,,
confirmation,3905,b0f1d70afc09b610745df3f2dbcf90c090bf6a687c45f3ae31f85347bc156746,0+2,0,12,22,32,,
confirmation,3906,b0f1d70afc09b610745df3f2dbcf90c090bf6a687c45f3ae31f85347bc156746,1+2,0,24,53,92,,
confirmation,3907,b0f1d70afc09b610745df3f2dbcf90c090bf6a687c45f3ae31f85347bc156746,0+1+2,0,8,16,25,,
confirmation,3908,12b107b7383aa170df3a7d9adb33debee3797a39f1489770cf010d1b1e8217f0,0+1,0,20,50,91,,
confirmation,3909,12b107b7383aa170df3a7d9adb33debee3797a39f1489770cf010d1b1e8217f0,0+2,0,10,15,24,,
confirmation,3910,12b107b7383aa170df3a7d9adb33debee3797a39f1489770cf010d1b1e8217f0,1+2,0,26,49,85,,
confirmation,3911,12b107b7383aa170df3a7d9adb33debee3797a39f1489770cf010d1b1e8217f0,0+1+2,0,7,11,16,,
confirmation,3912,a69df1176a94ec0daece132c6f4452f9c478c507a782470bba2ec65b20d21755,0+1,0,29,48,89,,
confirmation,3913,a69df1176a94ec0daece132c6f4452f9c478c507a782470bba2ec65b20d21755,0+2,0,4,14,26,,
confirmation,3914,a69df1176a94ec0daece132c6f4452f9c478c507a782470bba2ec65b20d21755,1+2,8,31,59,94,,
confirmation,3915,a69df1176a94ec0daece132c6f4452f9c478c507a782470bba2ec65b20d21755,0+1+2,0,4,12,18,,
confirmation,3916,85e13bfa6851178a24adc5f9029059e2caad0600355de8e37bfa71f90d9dadd9,0+1,6,25,51,107,,
confirmation,3917,85e13bfa6851178a24adc5f9029059e2caad0600355de8e37bfa71f90d9dadd9,0+2,0,7,10,28,,
confirmation,3918,85e13bfa6851178a24adc5f9029059e2caad0600355de8e37bfa71f90d9dadd9,1+2,0,26,45,101,,
confirmation,3919,85e13bfa6851178a24adc5f9029059e2caad0600355de8e37bfa71f90d9dadd9,0+1+2,0,4,7,21,,
confirmation,3920,544351321c191905feea6c9cf806d8126ce826942fa4d6a27c1f4d78dee13474,0+1,3,25,56,98,,
confirmation,3921,544351321c191905feea6c9cf806d8126ce826942fa4d6a27c1f4d78dee13474,0+2,0,11,16,28,,
confirmation,3922,544351321c191905feea6c9cf806d8126ce826942fa4d6a27c1f4d78dee13474,1+2,0,27,52,95,,
confirmation,3923,544351321c191905feea6c9cf806d8126ce826942fa4d6a27c1f4d78dee13474,0+1+2,0,9,12,19,,
confirmation,3924,9bdebbbba600fc63acafe253ca87323c82c47e543beb2591457e7ca8a74026ba,0+1,0,21,41,91,,
confirmation,3925,9bdebbbba600fc63acafe253ca87323c82c47e543beb2591457e7ca8a74026ba,0+2,0,10,15,29,,
confirmation,3926,9bdebbbba600fc63acafe253ca87323c82c47e543beb2591457e7ca8a74026ba,1+2,0,22,43,91,,
confirmation,3927,9bdebbbba600fc63acafe253ca87323c82c47e543beb2591457e7ca8a74026ba,0+1+2,0,8,8,19,,
confirmation,3928,0971a6e66a80b9eceb115899f085c3c828754cde6b95bb1990173ea244794e56,0+1,2,28,45,97,,
confirmation,3929,0971a6e66a80b9eceb115899f085c3c828754cde6b95bb1990173ea244794e56,0+2,7,11,17,36,,
confirmation,3930,0971a6e66a80b9eceb115899f085c3c828754cde6b95bb1990173ea244794e56,1+2,2,19,37,89,,
confirmation,3931,0971a6e66a80b9eceb115899f085c3c828754cde6b95bb1990173ea244794e56,0+1+2,2,5,9,23,,
confirmation,3932,6c1b1840db09e6a2ed224662ee4abad316903e70f34134602ed7f128e900411c,0+1,3,32,55,89,,
confirmation,3933,6c1b1840db09e6a2ed224662ee4abad316903e70f34134602ed7f128e900411c,0+2,8,18,29,40,,
confirmation,3934,6c1b1840db09e6a2ed224662ee4abad316903e70f34134602ed7f128e900411c,1+2,3,24,47,85,,
confirmation,3935,6c1b1840db09e6a2ed224662ee4abad316903e70f34134602ed7f128e900411c,0+1+2,3,10,18,26,,
confirmation,3936,b953255833c390a94f7f2c33b2f689433a3498843f6ae1941406dd6710f01547,0+1,8,26,41,67,,
confirmation,3937,b953255833c390a94f7f2c33b2f689433a3498843f6ae1941406dd6710f01547,0+2,4,7,18,30,,
confirmation,3938,b953255833c390a94f7f2c33b2f689433a3498843f6ae1941406dd6710f01547,1+2,2,22,41,72,,
confirmation,3939,b953255833c390a94f7f2c33b2f689433a3498843f6ae1941406dd6710f01547,0+1+2,2,2,11,21,,
confirmation,3940,e816bfa1c36fbd5473339e19662b00aad185ff41c425d3377770d904e4151183,0+1,12,21,32,64,,
confirmation,3941,e816bfa1c36fbd5473339e19662b00aad185ff41c425d3377770d904e4151183,0+2,4,14,14,28,,
confirmation,3942,e816bfa1c36fbd5473339e19662b00aad185ff41c425d3377770d904e4151183,1+2,4,15,25,49,,
confirmation,3943,e816bfa1c36fbd5473339e19662b00aad185ff41c425d3377770d904e4151183,0+1+2,4,11,11,25,,
confirmation,3944,5ddd21ed3665e16cda63b4c76373a42419128f521a83a58fc8a84c1bb4335052,0+1,2,14,22,61,,
confirmation,3945,5ddd21ed3665e16cda63b4c76373a42419128f521a83a58fc8a84c1bb4335052,0+2,0,7,9,27,,
confirmation,3946,5ddd21ed3665e16cda63b4c76373a42419128f521a83a58fc8a84c1bb4335052,1+2,10,22,34,65,,
confirmation,3947,5ddd21ed3665e16cda63b4c76373a42419128f521a83a58fc8a84c1bb4335052,0+1+2,0,7,9,24,,
confirmation,3948,c9657db9e794e0255754d5c7d24eb8dc82729782a026792ec98b3031a74574cb,0+1,14,24,32,50,,
confirmation,3949,c9657db9e794e0255754d5c7d24eb8dc82729782a026792ec98b3031a74574cb,0+2,13,17,25,37,,
confirmation,3950,c9657db9e794e0255754d5c7d24eb8dc82729782a026792ec98b3031a74574cb,1+2,13,24,37,56,,
confirmation,3951,c9657db9e794e0255754d5c7d24eb8dc82729782a026792ec98b3031a74574cb,0+1+2,13,17,25,37,,
confirmation,3952,549026ff843d0067c1f7778802a5cfc5b53a852664a673a107c74e0e8cbac172,0+1,4,13,23,42,,
confirmation,3953,549026ff843d0067c1f7778802a5cfc5b53a852664a673a107c74e0e8cbac172,0+2,2,8,16,27,,
confirmation,3954,549026ff843d0067c1f7778802a5cfc5b53a852664a673a107c74e0e8cbac172,1+2,10,22,33,53,,
confirmation,3955,549026ff843d0067c1f7778802a5cfc5b53a852664a673a107c74e0e8cbac172,0+1+2,2,8,16,25,,
confirmation,3956,6da50c3d909f9062d155134ecee5d8d313ed25c6d2855635a818429b00277a4b,0+1,0,17,35,53,,
confirmation,3957,6da50c3d909f9062d155134ecee5d8d313ed25c6d2855635a818429b00277a4b,0+2,0,5,16,26,,
confirmation,3958,6da50c3d909f9062d155134ecee5d8d313ed25c6d2855635a818429b00277a4b,1+2,0,18,31,54,,
confirmation,3959,6da50c3d909f9062d155134ecee5d8d313ed25c6d2855635a818429b00277a4b,0+1+2,0,3,13,21,,
confirmation,3960,6655eb4d8bb581fbb0d89f031a2f183727439b3bf04f4511e0ce11b6f308ca51,0+1,0,10,19,31,,
confirmation,3961,6655eb4d8bb581fbb0d89f031a2f183727439b3bf04f4511e0ce11b6f308ca51,0+2,0,7,13,13,,
confirmation,3962,6655eb4d8bb581fbb0d89f031a2f183727439b3bf04f4511e0ce11b6f308ca51,1+2,0,12,23,25,,
confirmation,3963,6655eb4d8bb581fbb0d89f031a2f183727439b3bf04f4511e0ce11b6f308ca51,0+1+2,0,7,13,13,,
confirmation,3964,9d60bd157e063a49beef90d0e6cb692ae970d6afa8093bd8d67c8dd032bd223d,0+1,0,2,13,13,,
confirmation,3965,9d60bd157e063a49beef90d0e6cb692ae970d6afa8093bd8d67c8dd032bd223d,0+2,0,0,8,8,,
confirmation,3966,9d60bd157e063a49beef90d0e6cb692ae970d6afa8093bd8d67c8dd032bd223d,1+2,0,1,11,11,,
confirmation,3967,9d60bd157e063a49beef90d0e6cb692ae970d6afa8093bd8d67c8dd032bd223d,0+1+2,0,0,8,8,,
confirmation,3968,df87865b2bb84de7b7f32ccb1b2d0a0d88931052158bfe2ffebc6ff47e483345,0+1,0,11,19,56,,
confirmation,3969,df87865b2bb84de7b7f32ccb1b2d0a0d88931052158bfe2ffebc6ff47e483345,0+2,0,2,9,29,,
confirmation,3970,df87865b2bb84de7b7f32ccb1b2d0a0d88931052158bfe2ffebc6ff47e483345,1+2,0,12,23,61,,
confirmation,3971,df87865b2bb84de7b7f32ccb1b2d0a0d88931052158bfe2ffebc6ff47e483345,0+1+2,0,2,8,24,,
confirmation,3972,82050b13d6a1afb514ab3b30deda451db54482db9701de64225b45eb162f926e,0+1,0,20,44,92,,
confirmation,3973,82050b13d6a1afb514ab3b30deda451db54482db9701de64225b45eb162f926e,0+2,0,8,8,22,,
confirmation,3974,82050b13d6a1afb514ab3b30deda451db54482db9701de64225b45eb162f926e,1+2,1,24,42,91,,
confirmation,3975,82050b13d6a1afb514ab3b30deda451db54482db9701de64225b45eb162f926e,0+1+2,0,5,5,15,,
confirmation,3976,0d96da2a431d4df4feb5363fc7a05f936a88ba23942874abe4e9d7976f26c37c,0+1,0,25,46,81,,
confirmation,3977,0d96da2a431d4df4feb5363fc7a05f936a88ba23942874abe4e9d7976f26c37c,0+2,1,11,19,25,,
confirmation,3978,0d96da2a431d4df4feb5363fc7a05f936a88ba23942874abe4e9d7976f26c37c,1+2,2,27,47,83,,
confirmation,3979,0d96da2a431d4df4feb5363fc7a05f936a88ba23942874abe4e9d7976f26c37c,0+1+2,0,9,12,15,,
confirmation,3980,dd4b4d4d43b57db1ed30c7c7f980e20ef7f1028dddeda371115ee7b276d33d5a,0+1,0,16,38,60,,
confirmation,3981,dd4b4d4d43b57db1ed30c7c7f980e20ef7f1028dddeda371115ee7b276d33d5a,0+2,0,9,19,26,,
confirmation,3982,dd4b4d4d43b57db1ed30c7c7f980e20ef7f1028dddeda371115ee7b276d33d5a,1+2,0,14,26,47,,
confirmation,3983,dd4b4d4d43b57db1ed30c7c7f980e20ef7f1028dddeda371115ee7b276d33d5a,0+1+2,0,4,14,20,,
confirmation,3984,223d1321d64f9e9951f1bbbd61997aded201141b1e8eb4219a9762fb5b13fcbf,0+1,0,11,20,59,,
confirmation,3985,223d1321d64f9e9951f1bbbd61997aded201141b1e8eb4219a9762fb5b13fcbf,0+2,0,2,8,26,,
confirmation,3986,223d1321d64f9e9951f1bbbd61997aded201141b1e8eb4219a9762fb5b13fcbf,1+2,0,10,21,58,,
confirmation,3987,223d1321d64f9e9951f1bbbd61997aded201141b1e8eb4219a9762fb5b13fcbf,0+1+2,0,1,5,18,,
confirmation,3988,f7d4aae91d7beaa4be21442cdee77f1846eeb4cb90caab3f11bd90a81a3b74b5,0+1,0,25,55,98,,
confirmation,3989,f7d4aae91d7beaa4be21442cdee77f1846eeb4cb90caab3f11bd90a81a3b74b5,0+2,0,5,17,27,,
confirmation,3990,f7d4aae91d7beaa4be21442cdee77f1846eeb4cb90caab3f11bd90a81a3b74b5,1+2,6,30,58,104,,
confirmation,3991,f7d4aae91d7beaa4be21442cdee77f1846eeb4cb90caab3f11bd90a81a3b74b5,0+1+2,0,1,12,19,,
confirmation,3992,fe056902977903eebf0441b34f0c1619eff771e759a961bcfc7dbea2f9c1e5fe,0+1,0,24,47,88,,
confirmation,3993,fe056902977903eebf0441b34f0c1619eff771e759a961bcfc7dbea2f9c1e5fe,0+2,0,5,18,32,,
confirmation,3994,fe056902977903eebf0441b34f0c1619eff771e759a961bcfc7dbea2f9c1e5fe,1+2,3,30,55,99,,
confirmation,3995,fe056902977903eebf0441b34f0c1619eff771e759a961bcfc7dbea2f9c1e5fe,0+1+2,0,2,13,21,,
confirmation,3996,403615786454b9625003c98d0cdb4df7e07c6c38ff9702d8dee0f92fab5f8b12,0+1,0,15,29,70,,
confirmation,3997,403615786454b9625003c98d0cdb4df7e07c6c38ff9702d8dee0f92fab5f8b12,0+2,0,5,9,25,,
confirmation,3998,403615786454b9625003c98d0cdb4df7e07c6c38ff9702d8dee0f92fab5f8b12,1+2,0,18,33,73,,
confirmation,3999,403615786454b9625003c98d0cdb4df7e07c6c38ff9702d8dee0f92fab5f8b12,0+1+2,0,1,3,13,,
confirmation,4000,3683e1bb72e5bd3d952dbdf9452fc505194d2de3f312597f3585fd50da5c7362,0+1,0,22,38,79,,
confirmation,4001,3683e1bb72e5bd3d952dbdf9452fc505194d2de3f312597f3585fd50da5c7362,0+2,0,5,14,25,,
confirmation,4002,3683e1bb72e5bd3d952dbdf9452fc505194d2de3f312597f3585fd50da5c7362,1+2,9,28,49,78,,
confirmation,4003,3683e1bb72e5bd3d952dbdf9452fc505194d2de3f312597f3585fd50da5c7362,0+1+2,0,5,11,18,,
confirmation,4004,d0a1060efd8bb13b5dcf0052a0282c260c3923f2074c9e03d2ba526709d70377,0+1,9,18,36,70,,
confirmation,4005,d0a1060efd8bb13b5dcf0052a0282c260c3923f2074c9e03d2ba526709d70377,0+2,0,0,14,24,,
confirmation,4006,d0a1060efd8bb13b5dcf0052a0282c260c3923f2074c9e03d2ba526709d70377,1+2,0,11,31,66,,
confirmation,4007,d0a1060efd8bb13b5dcf0052a0282c260c3923f2074c9e03d2ba526709d70377,0+1+2,0,0,11,20,,
confirmation,4008,cc426893131c683dac1feb50886eda936ece1dfa0274076c1856b3cb637265c6,0+1,0,12,26,48,,
confirmation,4009,cc426893131c683dac1feb50886eda936ece1dfa0274076c1856b3cb637265c6,0+2,0,0,8,19,,
confirmation,4010,cc426893131c683dac1feb50886eda936ece1dfa0274076c1856b3cb637265c6,1+2,0,0,13,36,,
confirmation,4011,cc426893131c683dac1feb50886eda936ece1dfa0274076c1856b3cb637265c6,0+1+2,0,0,5,16,,
confirmation,4012,bda6e9ca43bb9d0bddfd5b89e6e4325a4daf1156ede1c63ac54a221073115787,0+1,11,11,21,41,,
confirmation,4013,bda6e9ca43bb9d0bddfd5b89e6e4325a4daf1156ede1c63ac54a221073115787,0+2,7,7,12,23,,
confirmation,4014,bda6e9ca43bb9d0bddfd5b89e6e4325a4daf1156ede1c63ac54a221073115787,1+2,8,8,16,33,,
confirmation,4015,bda6e9ca43bb9d0bddfd5b89e6e4325a4daf1156ede1c63ac54a221073115787,0+1+2,7,7,12,23,,
confirmation,4016,db44857169c35b009dec573d837da4fcf67726b010aee636c9157f9e19283d80,0+1,5,11,23,41,,
confirmation,4017,db44857169c35b009dec573d837da4fcf67726b010aee636c9157f9e19283d80,0+2,1,1,10,22,,
confirmation,4018,db44857169c35b009dec573d837da4fcf67726b010aee636c9157f9e19283d80,1+2,8,8,16,33,,
confirmation,4019,db44857169c35b009dec573d837da4fcf67726b010aee636c9157f9e19283d80,0+1+2,1,1,9,21,,
confirmation,4020,e235df473cb208b99fd50f6942e59d976445a2b320c47ebf54e3f66fa4eebad6,0+1,11,19,31,70,,
confirmation,4021,e235df473cb208b99fd50f6942e59d976445a2b320c47ebf54e3f66fa4eebad6,0+2,0,6,10,31,,
confirmation,4022,e235df473cb208b99fd50f6942e59d976445a2b320c47ebf54e3f66fa4eebad6,1+2,1,12,23,63,,
confirmation,4023,e235df473cb208b99fd50f6942e59d976445a2b320c47ebf54e3f66fa4eebad6,0+1+2,0,5,9,26,,
confirmation,4024,c481cadf74d2d93145e9cc0f7ccdaabbf3667a7a5ea49be940b336a380b93d90,0+1,0,20,36,76,,
confirmation,4025,c481cadf74d2d93145e9cc0f7ccdaabbf3667a7a5ea49be940b336a380b93d90,0+2,0,5,13,31,,
confirmation,4026,c481cadf74d2d93145e9cc0f7ccdaabbf3667a7a5ea49be940b336a380b93d90,1+2,0,16,36,79,,
confirmation,4027,c481cadf74d2d93145e9cc0f7ccdaabbf3667a7a5ea49be940b336a380b93d90,0+1+2,0,5,9,23,,
confirmation,4028,ba8d5ad850149a637059f49da66fde6cdbe1cd02dac90403381398ee5afafb43,0+1,0,29,50,85,,
confirmation,4029,ba8d5ad850149a637059f49da66fde6cdbe1cd02dac90403381398ee5afafb43,0+2,2,13,22,33,,
confirmation,4030,ba8d5ad850149a637059f49da66fde6cdbe1cd02dac90403381398ee5afafb43,1+2,7,30,56,94,,
confirmation,4031,ba8d5ad850149a637059f49da66fde6cdbe1cd02dac90403381398ee5afafb43,0+1+2,0,11,16,24,,
confirmation,4032,555ef441240a2c162c32bdacccbb6a409e410bf6a020527a5a244e19c3372404,0+1,0,21,48,92,,
confirmation,4033,555ef441240a2c162c32bdacccbb6a409e410bf6a020527a5a244e19c3372404,0+2,0,12,18,30,,
confirmation,4034,555ef441240a2c162c32bdacccbb6a409e410bf6a020527a5a244e19c3372404,1+2,8,34,60,95,,
confirmation,4035,555ef441240a2c162c32bdacccbb6a409e410bf6a020527a5a244e19c3372404,0+1+2,0,9,13,21,,
confirmation,4036,b3eae9e88e0ffec479988d5adc3842e027accb85b5752f7157343179f1a6b566,0+1,0,30,54,93,,
confirmation,4037,b3eae9e88e0ffec479988d5adc3842e027accb85b5752f7157343179f1a6b566,0+2,0,3,15,27,,
confirmation,4038,b3eae9e88e0ffec479988d5adc3842e027accb85b5752f7157343179f1a6b566,1+2,8,34,61,104,,
confirmation,4039,b3eae9e88e0ffec479988d5adc3842e027accb85b5752f7157343179f1a6b566,0+1+2,0,2,12,18,,
confirmation,4040,a94d78e5b92af911ed87331a76eb44b34715fa52e5394b13d564922fad46bb12,0+1,0,13,21,21,,
confirmation,4041,a94d78e5b92af911ed87331a76eb44b34715fa52e5394b13d564922fad46bb12,0+2,0,11,11,11,,
confirmation,4042,a94d78e5b92af911ed87331a76eb44b34715fa52e5394b13d564922fad46bb12,1+2,0,11,22,22,,
confirmation,4043,a94d78e5b92af911ed87331a76eb44b34715fa52e5394b13d564922fad46bb12,0+1+2,0,11,11,11,,
confirmation,4044,6fab1531059929d2f2ca2ea5212adbcb84529570262682755d486ac122617841,0+1,0,28,48,105,,
confirmation,4045,6fab1531059929d2f2ca2ea5212adbcb84529570262682755d486ac122617841,0+2,0,3,11,33,,
confirmation,4046,6fab1531059929d2f2ca2ea5212adbcb84529570262682755d486ac122617841,1+2,8,31,58,112,,
confirmation,4047,6fab1531059929d2f2ca2ea5212adbcb84529570262682755d486ac122617841,0+1+2,0,3,9,26,,
confirmation,4048,43174f668ffe59210e577373419a84fd445d89f00589a38099a666b9395515e7,0+1,6,21,43,87,,
confirmation,4049,43174f668ffe59210e577373419a84fd445d89f00589a38099a666b9395515e7,0+2,0,7,12,27,,
confirmation,4050,43174f668ffe59210e577373419a84fd445d89f00589a38099a666b9395515e7,1+2,0,17,38,92,,
confirmation,4051,43174f668ffe59210e577373419a84fd445d89f00589a38099a666b9395515e7,0+1+2,0,5,5,16,,
confirmation,4052,f3133a8b6c2be91c745e029494fd1c1458499d3018fa066f189e6640ca4a5d72,0+1,0,0,0,19,,
confirmation,4053,f3133a8b6c2be91c745e029494fd1c1458499d3018fa066f189e6640ca4a5d72,0+2,0,0,0,13,,
confirmation,4054,f3133a8b6c2be91c745e029494fd1c1458499d3018fa066f189e6640ca4a5d72,1+2,0,0,0,23,,
confirmation,4055,f3133a8b6c2be91c745e029494fd1c1458499d3018fa066f189e6640ca4a5d72,0+1+2,0,0,0,13,,
confirmation,4056,c2c46e5e8279447d722a5d4473e684ad3e6ffcdc9691c2d19e7b3578af895bc1,0+1,5,28,48,92,,
confirmation,4057,c2c46e5e8279447d722a5d4473e684ad3e6ffcdc9691c2d19e7b3578af895bc1,0+2,0,4,7,22,,
confirmation,4058,c2c46e5e8279447d722a5d4473e684ad3e6ffcdc9691c2d19e7b3578af895bc1,1+2,0,19,37,85,,
confirmation,4059,c2c46e5e8279447d722a5d4473e684ad3e6ffcdc9691c2d19e7b3578af895bc1,0+1+2,0,1,3,12,,
confirmation,4060,fb3ca11e1c87f550069ebdc4b6c4508ab472b4e3e7afc65464da651f4d4a8051,0+1,8,30,61,96,,
confirmation,4061,fb3ca11e1c87f550069ebdc4b6c4508ab472b4e3e7afc65464da651f4d4a8051,0+2,0,9,19,27,,
confirmation,4062,fb3ca11e1c87f550069ebdc4b6c4508ab472b4e3e7afc65464da651f4d4a8051,1+2,0,25,52,86,,
confirmation,4063,fb3ca11e1c87f550069ebdc4b6c4508ab472b4e3e7afc65464da651f4d4a8051,0+1+2,0,5,15,21,,
confirmation,4064,7ee508bae67972fca27c111fcdd5d0f5101ffa2d2705275580db20ee5d7b8dc6,0+1,0,9,19,37,,
confirmation,4065,7ee508bae67972fca27c111fcdd5d0f5101ffa2d2705275580db20ee5d7b8dc6,0+2,0,8,12,21,,
confirmation,4066,7ee508bae67972fca27c111fcdd5d0f5101ffa2d2705275580db20ee5d7b8dc6,1+2,0,13,25,48,,
confirmation,4067,7ee508bae67972fca27c111fcdd5d0f5101ffa2d2705275580db20ee5d7b8dc6,0+1+2,0,8,12,18,,
confirmation,4068,8ba3b9c401f6747e22da332301791e0029e30f5fc51c658432ebf43da8cb2cea,0+1,0,10,21,61,,
confirmation,4069,8ba3b9c401f6747e22da332301791e0029e30f5fc51c658432ebf43da8cb2cea,0+2,0,8,9,27,,
confirmation,4070,8ba3b9c401f6747e22da332301791e0029e30f5fc51c658432ebf43da8cb2cea,1+2,1,12,23,63,,
confirmation,4071,8ba3b9c401f6747e22da332301791e0029e30f5fc51c658432ebf43da8cb2cea,0+1+2,0,7,8,22,,
confirmation,4072,fb946608ea9797089398e1c691a7dfb923a93d6b012225a2d8f912037c846ac2,0+1,0,11,21,21,,
confirmation,4073,fb946608ea9797089398e1c691a7dfb923a93d6b012225a2d8f912037c846ac2,0+2,0,10,13,13,,
confirmation,4074,fb946608ea9797089398e1c691a7dfb923a93d6b012225a2d8f912037c846ac2,1+2,0,13,25,25,,
confirmation,4075,fb946608ea9797089398e1c691a7dfb923a93d6b012225a2d8f912037c846ac2,0+1+2,0,10,13,13,,
confirmation,4076,6f62f0e0328c7d6f7fa4813e41f5f1c7eb71b3a1c7038da8979f2e54c13ec3bb,0+1,3,11,22,35,,
confirmation,4077,6f62f0e0328c7d6f7fa4813e41f5f1c7eb71b3a1c7038da8979f2e54c13ec3bb,0+2,0,0,11,17,,
confirmation,4078,6f62f0e0328c7d6f7fa4813e41f5f1c7eb71b3a1c7038da8979f2e54c13ec3bb,1+2,3,7,20,28,,
confirmation,4079,6f62f0e0328c7d6f7fa4813e41f5f1c7eb71b3a1c7038da8979f2e54c13ec3bb,0+1+2,0,0,11,17,,
confirmation,4080,57a202e1bd4838c65764a648730263276669850f34cb88e6cffd1bc0f37154c4,0+1,4,13,23,41,,
confirmation,4081,57a202e1bd4838c65764a648730263276669850f34cb88e6cffd1bc0f37154c4,0+2,3,7,16,26,,
confirmation,4082,57a202e1bd4838c65764a648730263276669850f34cb88e6cffd1bc0f37154c4,1+2,11,22,34,52,,
confirmation,4083,57a202e1bd4838c65764a648730263276669850f34cb88e6cffd1bc0f37154c4,0+1+2,3,7,16,24,,
confirmation,4084,f9a38f93a44e7b885c030a0d774f6cc3ed4fbd879dce9a55d4bef3ca8e4624bf,0+1,0,20,36,54,,
confirmation,4085,f9a38f93a44e7b885c030a0d774f6cc3ed4fbd879dce9a55d4bef3ca8e4624bf,0+2,0,12,12,19,,
confirmation,4086,f9a38f93a44e7b885c030a0d774f6cc3ed4fbd879dce9a55d4bef3ca8e4624bf,1+2,0,12,24,44,,
confirmation,4087,f9a38f93a44e7b885c030a0d774f6cc3ed4fbd879dce9a55d4bef3ca8e4624bf,0+1+2,0,11,11,15,,
confirmation,4088,3ebe1ece8013f8cca479394d78692901ba11c1967549ae3c6826fed0fadd1f58,0+1,0,17,36,68,,
confirmation,4089,3ebe1ece8013f8cca479394d78692901ba11c1967549ae3c6826fed0fadd1f58,0+2,0,5,17,27,,
confirmation,4090,3ebe1ece8013f8cca479394d78692901ba11c1967549ae3c6826fed0fadd1f58,1+2,7,27,48,73,,
confirmation,4091,3ebe1ece8013f8cca479394d78692901ba11c1967549ae3c6826fed0fadd1f58,0+1+2,0,1,12,18,,
confirmation,4092,a9cd89cd068139c8a6ff13093315c7c51c7e42d5fa2d4c38e84f530aa3e37d1a,0+1,4,20,37,79,,
confirmation,4093,a9cd89cd068139c8a6ff13093315c7c51c7e42d5fa2d4c38e84f530aa3e37d1a,0+2,0,10,14,30,,
confirmation,4094,a9cd89cd068139c8a6ff13093315c7c51c7e42d5fa2d4c38e84f530aa3e37d1a,1+2,0,19,38,80,,
confirmation,4095,a9cd89cd068139c8a6ff13093315c7c51c7e42d5fa2d4c38e84f530aa3e37d1a,0+1+2,0,8,8,20,,
