test_activation_environment_loader_ignores_unchecked_cached_bytecode (tests.test_radio_native_v2_compact_eight_case_resource_fixture.CompactEightPreparationTests.test_activation_environment_loader_ignores_unchecked_cached_bytecode) ... ok
test_admitted_derived_helper_legacy_modes_cannot_write_without_guard (tests.test_radio_native_v2_compact_eight_case_resource_fixture.CompactEightPreparationTests.test_admitted_derived_helper_legacy_modes_cannot_write_without_guard) ... ok
test_admitted_recipe_contract_requires_seven_args_for_tiny_library_reconstruction (tests.test_radio_native_v2_compact_eight_case_resource_fixture.CompactEightPreparationTests.test_admitted_recipe_contract_requires_seven_args_for_tiny_library_reconstruction) ... ok
test_big_entrypoints_refuse_before_touching_any_scope (tests.test_radio_native_v2_compact_eight_case_resource_fixture.CompactEightPreparationTests.test_big_entrypoints_refuse_before_touching_any_scope) ... ok
test_component_bootstrap_refuses_fifo_alias_and_oversize_before_compilation (tests.test_radio_native_v2_compact_eight_case_resource_fixture.CompactEightPreparationTests.test_component_bootstrap_refuses_fifo_alias_and_oversize_before_compilation) ... ok
test_derived_node_workers_refuse_at_closed_gate_before_identity_or_outputs (tests.test_radio_native_v2_compact_eight_case_resource_fixture.CompactEightPreparationTests.test_derived_node_workers_refuse_at_closed_gate_before_identity_or_outputs) ... ok
test_derived_source_worker_refuses_missing_admission_and_false_isolation_before_writes (tests.test_radio_native_v2_compact_eight_case_resource_fixture.CompactEightPreparationTests.test_derived_source_worker_refuses_missing_admission_and_false_isolation_before_writes) ... ok
test_eight_domains_are_distinct_fixed_and_reject_nonordinals (tests.test_radio_native_v2_compact_eight_case_resource_fixture.CompactEightPreparationTests.test_eight_domains_are_distinct_fixed_and_reject_nonordinals) ... ok
test_exact39_command_observation_count_cannot_hide_wrong_name (tests.test_radio_native_v2_compact_eight_case_resource_fixture.CompactEightPreparationTests.test_exact39_command_observation_count_cannot_hide_wrong_name) ... ok
test_fresh_code_derivations_are_syntax_valid_without_executing_preparation (tests.test_radio_native_v2_compact_eight_case_resource_fixture.CompactEightPreparationTests.test_fresh_code_derivations_are_syntax_valid_without_executing_preparation) ... ok
test_inherited_pipe_after_root_exit_is_bounded_by_original_deadline (tests.test_radio_native_v2_compact_eight_case_resource_fixture.CompactEightPreparationTests.test_inherited_pipe_after_root_exit_is_bounded_by_original_deadline) ... ok
test_locally_valid_supplied_claim_cannot_generate_or_execute_cached_admission_code (tests.test_radio_native_v2_compact_eight_case_resource_fixture.CompactEightPreparationTests.test_locally_valid_supplied_claim_cannot_generate_or_execute_cached_admission_code) ... ok
test_missing_child_identity_closes_with_direct_reap_without_tree_claim (tests.test_radio_native_v2_compact_eight_case_resource_fixture.CompactEightPreparationTests.test_missing_child_identity_closes_with_direct_reap_without_tree_claim) ... ok
test_no_follow_json_and_pin_refuse_fifo_and_symlink_without_blocking (tests.test_radio_native_v2_compact_eight_case_resource_fixture.CompactEightPreparationTests.test_no_follow_json_and_pin_refuse_fifo_and_symlink_without_blocking) ... ok
test_observer_registration_and_setup_failures_reap_child_and_close_every_pipe (tests.test_radio_native_v2_compact_eight_case_resource_fixture.CompactEightPreparationTests.test_observer_registration_and_setup_failures_reap_child_and_close_every_pipe) ... ok
test_oversized_output_is_not_retained_beyond_fixed_buffer_cap (tests.test_radio_native_v2_compact_eight_case_resource_fixture.CompactEightPreparationTests.test_oversized_output_is_not_retained_beyond_fixed_buffer_cap) ... ok
test_plan_only_cli_pins_fresh_derivations_and_creates_no_source_scope (tests.test_radio_native_v2_compact_eight_case_resource_fixture.CompactEightPreparationTests.test_plan_only_cli_pins_fresh_derivations_and_creates_no_source_scope) ... ok
test_plan_selected_activation_source_cannot_execute_before_receipt_check (tests.test_radio_native_v2_compact_eight_case_resource_fixture.CompactEightPreparationTests.test_plan_selected_activation_source_cannot_execute_before_receipt_check) ... ok
test_plan_selected_admission_source_cannot_replace_independent_entry_implementation (tests.test_radio_native_v2_compact_eight_case_resource_fixture.CompactEightPreparationTests.test_plan_selected_admission_source_cannot_replace_independent_entry_implementation) ... ok
test_prepared_and_terminal_identity_cannot_relabel_a_frozen_outer_case (tests.test_radio_native_v2_compact_eight_case_resource_fixture.CompactEightPreparationTests.test_prepared_and_terminal_identity_cannot_relabel_a_frozen_outer_case) ... ok
test_sample_retention_stays_bounded_without_discarding_kernel_peak (tests.test_radio_native_v2_compact_eight_case_resource_fixture.CompactEightPreparationTests.test_sample_retention_stays_bounded_without_discarding_kernel_peak) ... ok
test_sibling_procfs_pid_cannot_substitute_for_launched_child (tests.test_radio_native_v2_compact_eight_case_resource_fixture.CompactEightPreparationTests.test_sibling_procfs_pid_cannot_substitute_for_launched_child) ... ok
test_storage_inventory_includes_directories_and_rejects_symlink (tests.test_radio_native_v2_compact_eight_case_resource_fixture.CompactEightPreparationTests.test_storage_inventory_includes_directories_and_rejects_symlink) ... ok
test_tiny_source_domain_reader_rejects_other_ordinals_corruption_and_aliases (tests.test_radio_native_v2_compact_eight_case_resource_fixture.CompactEightPreparationTests.test_tiny_source_domain_reader_rejects_other_ordinals_corruption_and_aliases) ... ok
test_wait4_nested_small_child_peak_is_maximum_process_not_concurrent_sum (tests.test_radio_native_v2_compact_eight_case_resource_fixture.CompactEightPreparationTests.test_wait4_nested_small_child_peak_is_maximum_process_not_concurrent_sum) ... ok
test_workload_storage_cannot_skip_history_or_use_missing_future_case_roots (tests.test_radio_native_v2_compact_eight_case_resource_fixture.CompactEightPreparationTests.test_workload_storage_cannot_skip_history_or_use_missing_future_case_roots) ... ok
test_workload_storage_charges_all_history_and_reservations_to_future_cases (tests.test_radio_native_v2_compact_eight_case_resource_fixture.CompactEightPreparationTests.test_workload_storage_charges_all_history_and_reservations_to_future_cases) ... ok
test_workload_storage_external_share_can_close_an_otherwise_small_scope (tests.test_radio_native_v2_compact_eight_case_resource_fixture.CompactEightPreparationTests.test_workload_storage_external_share_can_close_an_otherwise_small_scope) ... ok
test_live_identity_retries_exactly_one_typed_read_transition_then_verifies (tests.test_radio_native_v2_compact_eight_case_resource_fixture.IdentityPublicationRaceTests.test_live_identity_retries_exactly_one_typed_read_transition_then_verifies) ... ok
test_stable_wrong_identity_and_untyped_validation_errors_close_immediately (tests.test_radio_native_v2_compact_eight_case_resource_fixture.IdentityPublicationRaceTests.test_stable_wrong_identity_and_untyped_validation_errors_close_immediately) ... ok
test_static_json_read_propagates_both_typed_instabilities_and_other_guards (tests.test_radio_native_v2_compact_eight_case_resource_fixture.IdentityPublicationRaceTests.test_static_json_read_propagates_both_typed_instabilities_and_other_guards) ... ok
test_tiny_resource_helper_roundtrip (tests.test_radio_native_v2_compact_eight_case_resource_fixture.SmallLosslessProjectorRoundtrip.test_tiny_resource_helper_roundtrip) ... ok
test_activation_receipt_false_readback_authority_and_stale_pins_are_refused (tests.test_radio_native_v2_worker_admission.WorkerAdmissionTests.test_activation_receipt_false_readback_authority_and_stale_pins_are_refused) ... ok
test_both_bundle_builders_require_independent_original_root (tests.test_radio_native_v2_worker_admission.WorkerAdmissionTests.test_both_bundle_builders_require_independent_original_root) ... ok
test_builder_creates_no_execution_scope_and_copies_input_metadata (tests.test_radio_native_v2_worker_admission.WorkerAdmissionTests.test_builder_creates_no_execution_scope_and_copies_input_metadata) ... ok
test_bundle_fifo_is_rejected_without_blocking (tests.test_radio_native_v2_worker_admission.WorkerAdmissionTests.test_bundle_fifo_is_rejected_without_blocking) ... ok
test_cached_parent_bundle_digest_refuses_replacement_even_if_internal_pins_match (tests.test_radio_native_v2_worker_admission.WorkerAdmissionTests.test_cached_parent_bundle_digest_refuses_replacement_even_if_internal_pins_match) ... ok
test_candidate_custody_source_pin_cannot_replace_independent_bootstrap (tests.test_radio_native_v2_worker_admission.WorkerAdmissionTests.test_candidate_custody_source_pin_cannot_replace_independent_bootstrap) ... ok
test_canonical_json_duplicates_and_nonfinite_are_refused_even_with_matching_digest (tests.test_radio_native_v2_worker_admission.WorkerAdmissionTests.test_canonical_json_duplicates_and_nonfinite_are_refused_even_with_matching_digest) ... ok
test_canonical_path_aliases_are_refused_before_material_reads (tests.test_radio_native_v2_worker_admission.WorkerAdmissionTests.test_canonical_path_aliases_are_refused_before_material_reads) ... ok
test_case_shape_and_original_limits_require_exact_integer_types (tests.test_radio_native_v2_worker_admission.WorkerAdmissionTests.test_case_shape_and_original_limits_require_exact_integer_types) ... ok
test_check_only_cli_runs_under_isolated_python_and_creates_nothing (tests.test_radio_native_v2_worker_admission.WorkerAdmissionTests.test_check_only_cli_runs_under_isolated_python_and_creates_nothing) ... ok
test_complete_b_c_history_cannot_be_omitted_from_selfconsistent_worker_plan (tests.test_radio_native_v2_worker_admission.WorkerAdmissionTests.test_complete_b_c_history_cannot_be_omitted_from_selfconsistent_worker_plan) ... ok
test_crosscase_source_domain_is_refused_despite_consistent_digest_refresh (tests.test_radio_native_v2_worker_admission.WorkerAdmissionTests.test_crosscase_source_domain_is_refused_despite_consistent_digest_refresh) ... ok
test_eight_case_ordinals_bind_exact_domains_and_case_layouts (tests.test_radio_native_v2_worker_admission.WorkerAdmissionTests.test_eight_case_ordinals_bind_exact_domains_and_case_layouts) ... ok
test_exact_argv_refuses_extra_argument_flags_crosscase_or_wrong_domain (tests.test_radio_native_v2_worker_admission.WorkerAdmissionTests.test_exact_argv_refuses_extra_argument_flags_crosscase_or_wrong_domain) ... ok
test_existing_generator_outputs_refuse_scope_reuse_before_any_mutation (tests.test_radio_native_v2_worker_admission.WorkerAdmissionTests.test_existing_generator_outputs_refuse_scope_reuse_before_any_mutation) ... ok
test_explicit_builder_root_cannot_default_to_candidate_plan_root (tests.test_radio_native_v2_worker_admission.WorkerAdmissionTests.test_explicit_builder_root_cannot_default_to_candidate_plan_root) ... ok
test_historical_input_must_be_frozen_as_input_even_if_present_in_code_hashes (tests.test_radio_native_v2_worker_admission.WorkerAdmissionTests.test_historical_input_must_be_frozen_as_input_even_if_present_in_code_hashes) ... ok
test_historical_receipts_refuse_before_custody_or_spender_io_even_with_malformed_other_evidence (tests.test_radio_native_v2_worker_admission.WorkerAdmissionTests.test_historical_receipts_refuse_before_custody_or_spender_io_even_with_malformed_other_evidence) ... ok
test_material_runtime_same_bytes_replacement_or_hardlink_is_refused (tests.test_radio_native_v2_worker_admission.WorkerAdmissionTests.test_material_runtime_same_bytes_replacement_or_hardlink_is_refused) ... ok
test_materialized_generator_or_code_tampering_is_detected (tests.test_radio_native_v2_worker_admission.WorkerAdmissionTests.test_materialized_generator_or_code_tampering_is_detected) ... ok
test_minimal_complete_child_environment_refuses_injection_missing_or_numeric_values (tests.test_radio_native_v2_worker_admission.WorkerAdmissionTests.test_minimal_complete_child_environment_refuses_injection_missing_or_numeric_values) ... ok
test_missing_extra_cache_or_fifo_material_entries_are_refused (tests.test_radio_native_v2_worker_admission.WorkerAdmissionTests.test_missing_extra_cache_or_fifo_material_entries_are_refused) ... ok
test_missing_relabelled_or_extra_retained_component_cannot_rehash_into_admission (tests.test_radio_native_v2_worker_admission.WorkerAdmissionTests.test_missing_relabelled_or_extra_retained_component_cannot_rehash_into_admission) ... ok
test_new_worker_identity_cannot_reuse_the_actual_spent_c_journal (tests.test_radio_native_v2_worker_admission.WorkerAdmissionTests.test_new_worker_identity_cannot_reuse_the_actual_spent_c_journal) ... ok
test_ordinals_refuse_boolean_float_string_or_crosscase (tests.test_radio_native_v2_worker_admission.WorkerAdmissionTests.test_ordinals_refuse_boolean_float_string_or_crosscase) ... ok
test_original_freeze_omission_and_runtime_version_type_are_refused (tests.test_radio_native_v2_worker_admission.WorkerAdmissionTests.test_original_freeze_omission_and_runtime_version_type_are_refused) ... ok
test_postactivation_worker_does_not_reopen_git_or_scan_git_aliases (tests.test_radio_native_v2_worker_admission.WorkerAdmissionTests.test_postactivation_worker_does_not_reopen_git_or_scan_git_aliases) ... ok
test_recomputed_metadata_hashes_do_not_hide_authority_claims (tests.test_radio_native_v2_worker_admission.WorkerAdmissionTests.test_recomputed_metadata_hashes_do_not_hide_authority_claims) ... ok
test_rehashed_plan_root_and_ledger_cannot_replace_authenticated_bundle_root (tests.test_radio_native_v2_worker_admission.WorkerAdmissionTests.test_rehashed_plan_root_and_ledger_cannot_replace_authenticated_bundle_root) ... ok
test_rehashed_receipt_custody_scope_ceased_bit_and_spent_identity_refuse (tests.test_radio_native_v2_worker_admission.WorkerAdmissionTests.test_rehashed_receipt_custody_scope_ceased_bit_and_spent_identity_refuse) ... ok
test_replacing_bundle_original_root_is_denied_by_independently_retained_argv_digest (tests.test_radio_native_v2_worker_admission.WorkerAdmissionTests.test_replacing_bundle_original_root_is_denied_by_independently_retained_argv_digest) ... ok
test_restored_history_continuity_claim_cannot_rehash_into_worker_admission (tests.test_radio_native_v2_worker_admission.WorkerAdmissionTests.test_restored_history_continuity_claim_cannot_rehash_into_worker_admission) ... ok
test_retained_digest_is_mandatory_and_covers_the_terminal_newline (tests.test_radio_native_v2_worker_admission.WorkerAdmissionTests.test_retained_digest_is_mandatory_and_covers_the_terminal_newline) ... ok
test_selfconsistent_historical_snapshot_change_cannot_replace_independent_map_pin (tests.test_radio_native_v2_worker_admission.WorkerAdmissionTests.test_selfconsistent_historical_snapshot_change_cannot_replace_independent_map_pin) ... ok
test_selfconsistent_manifest_cannot_replace_root_or_lifecycle_policy (tests.test_radio_native_v2_worker_admission.WorkerAdmissionTests.test_selfconsistent_manifest_cannot_replace_root_or_lifecycle_policy) ... ok
test_symlink_hardlink_and_ancestor_aliases_are_refused (tests.test_radio_native_v2_worker_admission.WorkerAdmissionTests.test_symlink_hardlink_and_ancestor_aliases_are_refused) ... ok
test_unknown_proof_fields_or_nonimmutable_commit_ids_are_refused (tests.test_radio_native_v2_worker_admission.WorkerAdmissionTests.test_unknown_proof_fields_or_nonimmutable_commit_ids_are_refused) ... ok
test_unpinned_empty_material_directory_is_refused (tests.test_radio_native_v2_worker_admission.WorkerAdmissionTests.test_unpinned_empty_material_directory_is_refused) ... ok
test_valid_local_supplied_claim_has_no_publication_or_execution_authority (tests.test_radio_native_v2_worker_admission.WorkerAdmissionTests.test_valid_local_supplied_claim_has_no_publication_or_execution_authority) ... ok
test_all_caller_terminal_and_rss_names_refuse_reuse (tests.test_radio_native_v2_worker_admission.WorkerRoleAdmissionTests.test_all_caller_terminal_and_rss_names_refuse_reuse) ... ok
test_archive_prefix_and_unexpected_authorization_prepared_fields_refused (tests.test_radio_native_v2_worker_admission.WorkerRoleAdmissionTests.test_archive_prefix_and_unexpected_authorization_prepared_fields_refused) ... ok
test_caller_checks_tiny_current_prepared_snapshot_and_keeps_all_closure_false (tests.test_radio_native_v2_worker_admission.WorkerRoleAdmissionTests.test_caller_checks_tiny_current_prepared_snapshot_and_keeps_all_closure_false) ... ok
test_caller_preexisting_outputs_rejected_and_running_snapshot_is_explicit (tests.test_radio_native_v2_worker_admission.WorkerRoleAdmissionTests.test_caller_preexisting_outputs_rejected_and_running_snapshot_is_explicit) ... ok
test_command_identity_output_reuse_refused (tests.test_radio_native_v2_worker_admission.WorkerRoleAdmissionTests.test_command_identity_output_reuse_refused) ... ok
test_command_label_and_literal_must_select_frozen_prepared_command (tests.test_radio_native_v2_worker_admission.WorkerRoleAdmissionTests.test_command_label_and_literal_must_select_frozen_prepared_command) ... ok
test_exact_node_flags_role_and_bundle_digest_cannot_be_relabelled (tests.test_radio_native_v2_worker_admission.WorkerRoleAdmissionTests.test_exact_node_flags_role_and_bundle_digest_cannot_be_relabelled) ... ok
test_phase_descriptor_bounds_and_boolean_bytes_rejected_in_builder (tests.test_radio_native_v2_worker_admission.WorkerRoleAdmissionTests.test_phase_descriptor_bounds_and_boolean_bytes_rejected_in_builder) ... ok
test_project_exact_options_recipe_digest_and_trace_identity_checked (tests.test_radio_native_v2_worker_admission.WorkerRoleAdmissionTests.test_project_exact_options_recipe_digest_and_trace_identity_checked) ... ok
test_project_noncanonical_preparation_recipe_cannot_be_admitted (tests.test_radio_native_v2_worker_admission.WorkerRoleAdmissionTests.test_project_noncanonical_preparation_recipe_cannot_be_admitted) ... ok
test_project_rehashed_trace_crosscase_identity_refused_without_full_parse (tests.test_radio_native_v2_worker_admission.WorkerRoleAdmissionTests.test_project_rehashed_trace_crosscase_identity_refused_without_full_parse) ... ok
test_reader_exact_current_byte_range_and_wrapper_argv_binding (tests.test_radio_native_v2_worker_admission.WorkerRoleAdmissionTests.test_reader_exact_current_byte_range_and_wrapper_argv_binding) ... ok
test_reader_rehashed_wire_tampering_still_refuses_prepared_pin_and_output_sha (tests.test_radio_native_v2_worker_admission.WorkerRoleAdmissionTests.test_reader_rehashed_wire_tampering_still_refuses_prepared_pin_and_output_sha) ... ok
test_rehashed_crosscase_domain_and_false_numeric_fields_refused (tests.test_radio_native_v2_worker_admission.WorkerRoleAdmissionTests.test_rehashed_crosscase_domain_and_false_numeric_fields_refused) ... ok
test_rehashed_prepared_reader_arbitrary_script_or_boolean_reservation_refused (tests.test_radio_native_v2_worker_admission.WorkerRoleAdmissionTests.test_rehashed_prepared_reader_arbitrary_script_or_boolean_reservation_refused) ... ok
test_retained_verifier_refuses_truncated_actual_payload_despite_matching_file_descriptor (tests.test_radio_native_v2_worker_admission.WorkerRoleAdmissionTests.test_retained_verifier_refuses_truncated_actual_payload_despite_matching_file_descriptor) ... ok
test_role_input_symlink_hardlink_and_extra_phase_key_are_refused (tests.test_radio_native_v2_worker_admission.WorkerRoleAdmissionTests.test_role_input_symlink_hardlink_and_extra_phase_key_are_refused) ... ok
test_role_layout_binds_node_bundle_and_receipt_paths (tests.test_radio_native_v2_worker_admission.WorkerRoleAdmissionTests.test_role_layout_binds_node_bundle_and_receipt_paths) ... ok
test_stale_prepared_file_pin_refused_before_material_scope_mutation (tests.test_radio_native_v2_worker_admission.WorkerRoleAdmissionTests.test_stale_prepared_file_pin_refused_before_material_scope_mutation) ... ok
test_tail_matching_payload_hash_cannot_hide_wrong_terminal_case_identity (tests.test_radio_native_v2_worker_admission.WorkerRoleAdmissionTests.test_tail_matching_payload_hash_cannot_hide_wrong_terminal_case_identity) ... ok
test_tail_pinned_bootstrap_payload_and_explicit_terminal_identity_checked (tests.test_radio_native_v2_worker_admission.WorkerRoleAdmissionTests.test_tail_pinned_bootstrap_payload_and_explicit_terminal_identity_checked) ... ok
test_verifier_exact_integer_resource_fields_and_replay_are_refused (tests.test_radio_native_v2_worker_admission.WorkerRoleAdmissionTests.test_verifier_exact_integer_resource_fields_and_replay_are_refused) ... ok
test_verifier_rehashed_current_prepared_identity_still_must_match_retained_trace (tests.test_radio_native_v2_worker_admission.WorkerRoleAdmissionTests.test_verifier_rehashed_current_prepared_identity_still_must_match_retained_trace) ... ok
test_whole_control_allows_observer_metadata_outside_cases_but_refuses_prior_outputs (tests.test_radio_native_v2_worker_admission.WorkerRoleAdmissionTests.test_whole_control_allows_observer_metadata_outside_cases_but_refuses_prior_outputs) ... ok
test_whole_control_current_embedded_plan_snapshot_must_match (tests.test_radio_native_v2_worker_admission.WorkerRoleAdmissionTests.test_whole_control_current_embedded_plan_snapshot_must_match) ... ok
test_whole_control_detects_case_and_cases_directory_replacement_during_check (tests.test_radio_native_v2_worker_admission.WorkerRoleAdmissionTests.test_whole_control_detects_case_and_cases_directory_replacement_during_check) ... ok
test_whole_control_empty_case_scaffolding_cannot_admit_spent_history (tests.test_radio_native_v2_worker_admission.WorkerRoleAdmissionTests.test_whole_control_empty_case_scaffolding_cannot_admit_spent_history) ... ok
test_whole_control_exact_roots_none_ordinal_and_no_case_scope_reuse (tests.test_radio_native_v2_worker_admission.WorkerRoleAdmissionTests.test_whole_control_exact_roots_none_ordinal_and_no_case_scope_reuse) ... ok
test_whole_control_refuses_foreign_directory_ownership (tests.test_radio_native_v2_worker_admission.WorkerRoleAdmissionTests.test_whole_control_refuses_foreign_directory_ownership) ... ok
test_whole_control_refuses_hierarchy_aliases_and_unsafe_permissions (tests.test_radio_native_v2_worker_admission.WorkerRoleAdmissionTests.test_whole_control_refuses_hierarchy_aliases_and_unsafe_permissions) ... ok
test_whole_control_requires_exact_eight_empty_case_reservations (tests.test_radio_native_v2_worker_admission.WorkerRoleAdmissionTests.test_whole_control_requires_exact_eight_empty_case_reservations) ... ok
test_whole_verifier_joins_eight_current_prepared_and_trace_identities (tests.test_radio_native_v2_worker_admission.WorkerRoleAdmissionTests.test_whole_verifier_joins_eight_current_prepared_and_trace_identities) ... ok
test_each_external_content_metadata_membership_and_alias_mutation_refuses (tests.test_radio_native_v2_process_tree_supervisor.AdmittedJoinedStorageMonitorTests.test_each_external_content_metadata_membership_and_alias_mutation_refuses) ... ok
test_latest_named_file_metadata_and_growth_are_charged (tests.test_radio_native_v2_process_tree_supervisor.AdmittedJoinedStorageMonitorTests.test_latest_named_file_metadata_and_growth_are_charged) ... ok
test_monitor_uses_checked_material_source_and_samples_all_five_components (tests.test_radio_native_v2_process_tree_supervisor.AdmittedJoinedStorageMonitorTests.test_monitor_uses_checked_material_source_and_samples_all_five_components) ... ok
test_shared_history_and_future_supervisor_receipts_are_charged_during_poll (tests.test_radio_native_v2_process_tree_supervisor.AdmittedJoinedStorageMonitorTests.test_shared_history_and_future_supervisor_receipts_are_charged_during_poll) ... ok
test_actual_tiny_child_keeps_raw_guard_calls_and_persists_small_receipts (tests.test_radio_native_v2_process_tree_supervisor.BoundedAdmissionReceiptTests.test_actual_tiny_child_keeps_raw_guard_calls_and_persists_small_receipts) ... ok
test_altered_reference_scope_bundle_argv_and_structural_fields_refuse (tests.test_radio_native_v2_process_tree_supervisor.BoundedAdmissionReceiptTests.test_altered_reference_scope_bundle_argv_and_structural_fields_refuse) ... ok
test_bad_fixed_metadata_refuses_before_subreaper_scope_identity_or_child (tests.test_radio_native_v2_process_tree_supervisor.BoundedAdmissionReceiptTests.test_bad_fixed_metadata_refuses_before_subreaper_scope_identity_or_child) ... ok
test_complete_envelope_reserves_64_rows_and_final_only_fields (tests.test_radio_native_v2_process_tree_supervisor.BoundedAdmissionReceiptTests.test_complete_envelope_reserves_64_rows_and_final_only_fields) ... ok
test_full_sized_metadata_compacts_and_all_seven_roles_fit_original_cap (tests.test_radio_native_v2_process_tree_supervisor.BoundedAdmissionReceiptTests.test_full_sized_metadata_compacts_and_all_seven_roles_fit_original_cap) ... ok
test_oversized_failure_text_has_exact_diagnostic_pin_and_stays_failure (tests.test_radio_native_v2_process_tree_supervisor.BoundedAdmissionReceiptTests.test_oversized_failure_text_has_exact_diagnostic_pin_and_stays_failure) ... ok
test_repository_root_reference_refuses_missing_relative_and_alias_spelling (tests.test_radio_native_v2_process_tree_supervisor.BoundedAdmissionReceiptTests.test_repository_root_reference_refuses_missing_relative_and_alias_spelling) ... ok
test_actual_supervisor_interpreter_flags_are_checked_before_mutation (tests.test_radio_native_v2_process_tree_supervisor.DedicatedSubreaperTests.test_actual_supervisor_interpreter_flags_are_checked_before_mutation) ... ok
test_admission_check_only_rejects_scope_and_checks_without_subprocess (tests.test_radio_native_v2_process_tree_supervisor.DedicatedSubreaperTests.test_admission_check_only_rejects_scope_and_checks_without_subprocess) ... ok
test_admission_propagates_authenticated_root_without_selecting_plan_or_material_root (tests.test_radio_native_v2_process_tree_supervisor.DedicatedSubreaperTests.test_admission_propagates_authenticated_root_without_selecting_plan_or_material_root) ... ok
test_admitted_cli_requires_independently_retained_bundle_hash (tests.test_radio_native_v2_process_tree_supervisor.DedicatedSubreaperTests.test_admitted_cli_requires_independently_retained_bundle_hash) ... ok
test_admitted_dispatch_checks_before_creating_scope_or_spawning (tests.test_radio_native_v2_process_tree_supervisor.DedicatedSubreaperTests.test_admitted_dispatch_checks_before_creating_scope_or_spawning) ... ok
test_all_role_controls_preserve_case_run_command_and_tiny_limits (tests.test_radio_native_v2_process_tree_supervisor.DedicatedSubreaperTests.test_all_role_controls_preserve_case_run_command_and_tiny_limits) ... ok
test_bootstrap_pins_bind_current_reviewed_dependency_sources (tests.test_radio_native_v2_process_tree_supervisor.DedicatedSubreaperTests.test_bootstrap_pins_bind_current_reviewed_dependency_sources) ... ok
test_bundle_hash_and_special_files_refuse_before_loading_worker (tests.test_radio_native_v2_process_tree_supervisor.DedicatedSubreaperTests.test_bundle_hash_and_special_files_refuse_before_loading_worker) ... ok
test_caller_observation_json_refuses_duplicate_and_nonfinite_metadata (tests.test_radio_native_v2_process_tree_supervisor.DedicatedSubreaperTests.test_caller_observation_json_refuses_duplicate_and_nonfinite_metadata) ... ok
test_caller_rss_accessor_is_bound_to_live_root_and_keeps_final_join_false (tests.test_radio_native_v2_process_tree_supervisor.DedicatedSubreaperTests.test_caller_rss_accessor_is_bound_to_live_root_and_keeps_final_join_false) ... ok
test_caller_rss_handshake_rejects_forged_pid_without_writing_response (tests.test_radio_native_v2_process_tree_supervisor.DedicatedSubreaperTests.test_caller_rss_handshake_rejects_forged_pid_without_writing_response) ... ok
test_cli_does_not_accept_generic_argv_or_existing_worker_routes (tests.test_radio_native_v2_process_tree_supervisor.DedicatedSubreaperTests.test_cli_does_not_accept_generic_argv_or_existing_worker_routes) ... ok
test_control_limits_reject_boolean_nonfinite_and_oversized_values (tests.test_radio_native_v2_process_tree_supervisor.DedicatedSubreaperTests.test_control_limits_reject_boolean_nonfinite_and_oversized_values) ... ok
test_deadline_kills_root_then_adopted_children_by_pidfd_and_reaps (tests.test_radio_native_v2_process_tree_supervisor.DedicatedSubreaperTests.test_deadline_kills_root_then_adopted_children_by_pidfd_and_reaps) ... ok
test_double_fork_has_no_unreaped_daemon_in_subreaper_scope (tests.test_radio_native_v2_process_tree_supervisor.DedicatedSubreaperTests.test_double_fork_has_no_unreaped_daemon_in_subreaper_scope) ... ok
test_engineering_pin_reader_refuses_oversized_input_before_read (tests.test_radio_native_v2_process_tree_supervisor.DedicatedSubreaperTests.test_engineering_pin_reader_refuses_oversized_input_before_read) ... ok
test_escape_guard_is_inherited_and_refuses_namespace_tracing_and_clone3 (tests.test_radio_native_v2_process_tree_supervisor.DedicatedSubreaperTests.test_escape_guard_is_inherited_and_refuses_namespace_tracing_and_clone3) ... ok
test_exact_raw_output_passthrough_has_no_json_summary_or_raw_file (tests.test_radio_native_v2_process_tree_supervisor.DedicatedSubreaperTests.test_exact_raw_output_passthrough_has_no_json_summary_or_raw_file) ... ok
test_exact_supervisor_orig_argv_refuses_extra_flags_and_interpreter_alias (tests.test_radio_native_v2_process_tree_supervisor.DedicatedSubreaperTests.test_exact_supervisor_orig_argv_refuses_extra_flags_and_interpreter_alias) ... ok
test_generic_function_refuses_shared_process_before_mutation (tests.test_radio_native_v2_process_tree_supervisor.DedicatedSubreaperTests.test_generic_function_refuses_shared_process_before_mutation) ... ok
test_generic_role_dispatch_checks_before_scope_creation_or_launch (tests.test_radio_native_v2_process_tree_supervisor.DedicatedSubreaperTests.test_generic_role_dispatch_checks_before_scope_creation_or_launch) ... ok
test_incomplete_live_rss_publication_retries_without_sampling_or_response (tests.test_radio_native_v2_process_tree_supervisor.DedicatedSubreaperTests.test_incomplete_live_rss_publication_retries_without_sampling_or_response) ... ok
test_materialized_fixture_gate_refuses_before_scope_and_launch (tests.test_radio_native_v2_process_tree_supervisor.DedicatedSubreaperTests.test_materialized_fixture_gate_refuses_before_scope_and_launch) ... ok
test_nonzero_adopted_exit_closes_even_when_root_exit_is_zero (tests.test_radio_native_v2_process_tree_supervisor.DedicatedSubreaperTests.test_nonzero_adopted_exit_closes_even_when_root_exit_is_zero) ... ok
test_orphan_is_adopted_reaped_and_required_before_echild (tests.test_radio_native_v2_process_tree_supervisor.DedicatedSubreaperTests.test_orphan_is_adopted_reaped_and_required_before_echild) ... ok
test_output_overflow_remains_bounded_and_is_never_written_as_raw_file (tests.test_radio_native_v2_process_tree_supervisor.DedicatedSubreaperTests.test_output_overflow_remains_bounded_and_is_never_written_as_raw_file) ... ok
test_pipeline_controls_are_separate_and_keep_original_case_caps (tests.test_radio_native_v2_process_tree_supervisor.DedicatedSubreaperTests.test_pipeline_controls_are_separate_and_keep_original_case_caps) ... ok
test_proper_nested_wait_is_covered_by_root_kernel_receipt (tests.test_radio_native_v2_process_tree_supervisor.DedicatedSubreaperTests.test_proper_nested_wait_is_covered_by_root_kernel_receipt) ... ok
test_raw_output_backpressure_is_bounded_by_deadline (tests.test_radio_native_v2_process_tree_supervisor.DedicatedSubreaperTests.test_raw_output_backpressure_is_bounded_by_deadline) ... ok
test_real_admission_check_cli_has_no_scope_or_generator_side_effects (tests.test_radio_native_v2_process_tree_supervisor.DedicatedSubreaperTests.test_real_admission_check_cli_has_no_scope_or_generator_side_effects) ... ok
test_real_role_checks_bind_case_and_whole_layouts_without_dispatch (tests.test_radio_native_v2_process_tree_supervisor.DedicatedSubreaperTests.test_real_role_checks_bind_case_and_whole_layouts_without_dispatch) ... ok
test_real_structural_check_is_read_only_and_large_dispatch_stays_closed (tests.test_radio_native_v2_process_tree_supervisor.DedicatedSubreaperTests.test_real_structural_check_is_read_only_and_large_dispatch_stays_closed) ... ok
test_reaped_receipt_count_is_bounded_and_overflow_closes (tests.test_radio_native_v2_process_tree_supervisor.DedicatedSubreaperTests.test_reaped_receipt_count_is_bounded_and_overflow_closes) ... ok
test_source_module_ignores_bytecode_and_rejects_changed_source_pins (tests.test_radio_native_v2_process_tree_supervisor.DedicatedSubreaperTests.test_source_module_ignores_bytecode_and_rejects_changed_source_pins) ... ok
test_storage_scan_is_bounded_and_rejects_nonregular_aliases (tests.test_radio_native_v2_process_tree_supervisor.DedicatedSubreaperTests.test_storage_scan_is_bounded_and_rejects_nonregular_aliases) ... ok
test_unverified_bundle_cannot_select_executable_admission_implementation (tests.test_radio_native_v2_process_tree_supervisor.DedicatedSubreaperTests.test_unverified_bundle_cannot_select_executable_admission_implementation) ... ok
test_actual_isolated_final_report_writer_fsyncs_and_exits (tests.test_radio_native_v2_resource_finalization.ResourceFinalizationTests.test_actual_isolated_final_report_writer_fsyncs_and_exits) ... ok
test_actual_tiny_fixture_observation_has_the_exact_join_fields (tests.test_radio_native_v2_resource_finalization.ResourceFinalizationTests.test_actual_tiny_fixture_observation_has_the_exact_join_fields) ... ok
test_authenticated_component_totals_metadata_and_historical_raw_pins_are_exact (tests.test_radio_native_v2_resource_finalization.ResourceFinalizationTests.test_authenticated_component_totals_metadata_and_historical_raw_pins_are_exact) ... ok
test_bool_ordinal_and_scientific_authority_are_rejected (tests.test_radio_native_v2_resource_finalization.ResourceFinalizationTests.test_bool_ordinal_and_scientific_authority_are_rejected) ... ok
test_changed_admission_stamp_is_not_taken_from_pending_json (tests.test_radio_native_v2_resource_finalization.ResourceFinalizationTests.test_changed_admission_stamp_is_not_taken_from_pending_json) ... ok
test_closed_driver_guard_precedes_identity_write_and_child_launch (tests.test_radio_native_v2_resource_finalization.ResourceFinalizationTests.test_closed_driver_guard_precedes_identity_write_and_child_launch) ... ok
test_combined_current_and_external_entry_bound_32768_is_not_relaxed (tests.test_radio_native_v2_resource_finalization.ResourceFinalizationTests.test_combined_current_and_external_entry_bound_32768_is_not_relaxed) ... ok
test_completion_rejects_extra_output_and_enlarged_remaining_deadline (tests.test_radio_native_v2_resource_finalization.ResourceFinalizationTests.test_completion_rejects_extra_output_and_enlarged_remaining_deadline) ... ok
test_copied_material_failure_precedes_fixture_compile_and_writer_identity (tests.test_radio_native_v2_resource_finalization.ResourceFinalizationTests.test_copied_material_failure_precedes_fixture_compile_and_writer_identity) ... ok
test_copied_source_inventory_rejects_extra_file_and_empty_directory (tests.test_radio_native_v2_resource_finalization.ResourceFinalizationTests.test_copied_source_inventory_rejects_extra_file_and_empty_directory) ... ok
test_copied_source_inventory_rejects_missing_source (tests.test_radio_native_v2_resource_finalization.ResourceFinalizationTests.test_copied_source_inventory_rejects_missing_source) ... ok
test_copied_source_inventory_rejects_same_byte_hardlink (tests.test_radio_native_v2_resource_finalization.ResourceFinalizationTests.test_copied_source_inventory_rejects_same_byte_hardlink) ... ok
test_copied_source_inventory_rejects_source_and_ancestor_symlinks (tests.test_radio_native_v2_resource_finalization.ResourceFinalizationTests.test_copied_source_inventory_rejects_source_and_ancestor_symlinks) ... ok
test_copied_source_pin_map_has_explicit_count_path_and_byte_bounds (tests.test_radio_native_v2_resource_finalization.ResourceFinalizationTests.test_copied_source_pin_map_has_explicit_count_path_and_byte_bounds) ... ok
test_current_storage_inventory_is_detached_before_allocation_checks (tests.test_radio_native_v2_resource_finalization.ResourceFinalizationTests.test_current_storage_inventory_is_detached_before_allocation_checks) ... ok
test_delayed_outer_finalization_is_charged_before_disposition (tests.test_radio_native_v2_resource_finalization.ResourceFinalizationTests.test_delayed_outer_finalization_is_charged_before_disposition) ... ok
test_descendant_completion_label_requires_exact_escape_guard_contract (tests.test_radio_native_v2_resource_finalization.ResourceFinalizationTests.test_descendant_completion_label_requires_exact_escape_guard_contract) ... ok
test_driver_receipt_must_cover_snapshot_fsync_and_termination (tests.test_radio_native_v2_resource_finalization.ResourceFinalizationTests.test_driver_receipt_must_cover_snapshot_fsync_and_termination) ... ok
test_duplicate_historical_paths_with_distinct_inodes_are_rejected (tests.test_radio_native_v2_resource_finalization.ResourceFinalizationTests.test_duplicate_historical_paths_with_distinct_inodes_are_rejected) ... ok
test_duplicate_json_properties_rejected_before_join (tests.test_radio_native_v2_resource_finalization.ResourceFinalizationTests.test_duplicate_json_properties_rejected_before_join) ... ok
test_each_historical_or_prospective_component_inode_alias_is_rejected (tests.test_radio_native_v2_resource_finalization.ResourceFinalizationTests.test_each_historical_or_prospective_component_inode_alias_is_rejected) ... ok
test_every_component_change_invalidates_retained_storage_digest (tests.test_radio_native_v2_resource_finalization.ResourceFinalizationTests.test_every_component_change_invalidates_retained_storage_digest) ... ok
test_exact_copied_source_inventory_checks_every_pin (tests.test_radio_native_v2_resource_finalization.ResourceFinalizationTests.test_exact_copied_source_inventory_checks_every_pin) ... ok
test_external_allocator_detaches_validated_observation_from_mutable_caller (tests.test_radio_native_v2_resource_finalization.ResourceFinalizationTests.test_external_allocator_detaches_validated_observation_from_mutable_caller) ... ok
test_external_components_must_be_disjoint_from_each_other_and_current_scope (tests.test_radio_native_v2_resource_finalization.ResourceFinalizationTests.test_external_components_must_be_disjoint_from_each_other_and_current_scope) ... ok
test_external_ledger_bytes_are_shared_once_inside_original_caps (tests.test_radio_native_v2_resource_finalization.ResourceFinalizationTests.test_external_ledger_bytes_are_shared_once_inside_original_caps) ... ok
test_external_ledger_original_logical_and_allocated_budget_boundaries (tests.test_radio_native_v2_resource_finalization.ResourceFinalizationTests.test_external_ledger_original_logical_and_allocated_budget_boundaries) ... ok
test_external_missing_component_duplicate_role_and_legacy_schema_fail_closed (tests.test_radio_native_v2_resource_finalization.ResourceFinalizationTests.test_external_missing_component_duplicate_role_and_legacy_schema_fail_closed) ... ok
test_external_storage_false_totals_overlap_and_aliases_are_rejected (tests.test_radio_native_v2_resource_finalization.ResourceFinalizationTests.test_external_storage_false_totals_overlap_and_aliases_are_rejected) ... ok
test_extra_file_after_driver_snapshot_cannot_hide_as_shared_overhead (tests.test_radio_native_v2_resource_finalization.ResourceFinalizationTests.test_extra_file_after_driver_snapshot_cannot_hide_as_shared_overhead) ... ok
test_filesystem_failure_does_not_leave_or_write_pass (tests.test_radio_native_v2_resource_finalization.ResourceFinalizationTests.test_filesystem_failure_does_not_leave_or_write_pass) ... ok
test_five_component_external_rows_are_charged_once_with_both_reservations (tests.test_radio_native_v2_resource_finalization.ResourceFinalizationTests.test_five_component_external_rows_are_charged_once_with_both_reservations) ... ok
test_fixed_cli_never_accepts_arbitrary_launch_argv (tests.test_radio_native_v2_resource_finalization.ResourceFinalizationTests.test_fixed_cli_never_accepts_arbitrary_launch_argv) ... ok
test_forged_driver_receipt_bytes_fail_expected_pin (tests.test_radio_native_v2_resource_finalization.ResourceFinalizationTests.test_forged_driver_receipt_bytes_fail_expected_pin) ... ok
test_growing_source_read_is_bounded_before_drift_rejection (tests.test_radio_native_v2_resource_finalization.ResourceFinalizationTests.test_growing_source_read_is_bounded_before_drift_rejection) ... ok
test_identity_swap_rejected_after_rehash (tests.test_radio_native_v2_resource_finalization.ResourceFinalizationTests.test_identity_swap_rejected_after_rehash) ... ok
test_independently_captured_completion_binds_pending_pin_and_dynamic_deadline (tests.test_radio_native_v2_resource_finalization.ResourceFinalizationTests.test_independently_captured_completion_binds_pending_pin_and_dynamic_deadline) ... ok
test_interpreter_executable_hash_cannot_be_self_selected (tests.test_radio_native_v2_resource_finalization.ResourceFinalizationTests.test_interpreter_executable_hash_cannot_be_self_selected) ... ok
test_legacy_missing_material_rss_fields_remain_unqualified (tests.test_radio_native_v2_resource_finalization.ResourceFinalizationTests.test_legacy_missing_material_rss_fields_remain_unqualified) ... ok
test_metadata_reservation_replaces_materialized_bytes_instead_of_double_count (tests.test_radio_native_v2_resource_finalization.ResourceFinalizationTests.test_metadata_reservation_replaces_materialized_bytes_instead_of_double_count) ... ok
test_missing_driver_receipt_preserves_pending (tests.test_radio_native_v2_resource_finalization.ResourceFinalizationTests.test_missing_driver_receipt_preserves_pending) ... ok
test_optional_material_worker_rss_fields_have_an_exact_inclusive_cap (tests.test_radio_native_v2_resource_finalization.ResourceFinalizationTests.test_optional_material_worker_rss_fields_have_an_exact_inclusive_cap) ... ok
test_original_calls_and_time_boundaries_are_inclusive (tests.test_radio_native_v2_resource_finalization.ResourceFinalizationTests.test_original_calls_and_time_boundaries_are_inclusive) ... ok
test_original_driver_interpreter_alias_rejected_before_identity_or_launch (tests.test_radio_native_v2_resource_finalization.ResourceFinalizationTests.test_original_driver_interpreter_alias_rejected_before_identity_or_launch) ... ok
test_original_storage_boundary_and_extra_allocated_block (tests.test_radio_native_v2_resource_finalization.ResourceFinalizationTests.test_original_storage_boundary_and_extra_allocated_block) ... ok
test_outer_launcher_metadata_stays_inside_fixed_total_reservation (tests.test_radio_native_v2_resource_finalization.ResourceFinalizationTests.test_outer_launcher_metadata_stays_inside_fixed_total_reservation) ... ok
test_persisted_final_report_requires_and_joins_distinct_writer_observation (tests.test_radio_native_v2_resource_finalization.ResourceFinalizationTests.test_persisted_final_report_requires_and_joins_distinct_writer_observation) ... ok
test_pinned_fixture_cannot_return_legacy_single_ledger_observation (tests.test_radio_native_v2_resource_finalization.ResourceFinalizationTests.test_pinned_fixture_cannot_return_legacy_single_ledger_observation) ... ok
test_pinned_ledger_adapter_rejects_self_selected_fixture_before_compile (tests.test_radio_native_v2_resource_finalization.ResourceFinalizationTests.test_pinned_ledger_adapter_rejects_self_selected_fixture_before_compile) ... ok
test_pinned_ledger_adapter_uses_exact_material_repo_and_scope (tests.test_radio_native_v2_resource_finalization.ResourceFinalizationTests.test_pinned_ledger_adapter_uses_exact_material_repo_and_scope) ... ok
test_production_join_external_allocated_drift_closes_without_writes (tests.test_radio_native_v2_resource_finalization.ResourceFinalizationTests.test_production_join_external_allocated_drift_closes_without_writes) ... ok
test_production_ledger_cannot_be_missing_or_replaced_by_a_boolean (tests.test_radio_native_v2_resource_finalization.ResourceFinalizationTests.test_production_ledger_cannot_be_missing_or_replaced_by_a_boolean) ... ok
test_production_report_ledger_drift_and_budget_failure_precede_first_write (tests.test_radio_native_v2_resource_finalization.ResourceFinalizationTests.test_production_report_ledger_drift_and_budget_failure_precede_first_write) ... ok
test_production_snapshot_reobserves_and_retains_external_ledger (tests.test_radio_native_v2_resource_finalization.ResourceFinalizationTests.test_production_snapshot_reobserves_and_retains_external_ledger) ... ok
test_production_writer_cli_refuses_missing_activation_before_identity (tests.test_radio_native_v2_resource_finalization.ResourceFinalizationTests.test_production_writer_cli_refuses_missing_activation_before_identity) ... ok
test_production_writer_lifetime_ledger_drift_closes_read_only (tests.test_radio_native_v2_resource_finalization.ResourceFinalizationTests.test_production_writer_lifetime_ledger_drift_closes_read_only) ... ok
test_production_writer_lifetime_reobserves_and_charges_ledger (tests.test_radio_native_v2_resource_finalization.ResourceFinalizationTests.test_production_writer_lifetime_reobserves_and_charges_ledger) ... ok
test_production_writer_material_custody_gate_precedes_identity_or_output (tests.test_radio_native_v2_resource_finalization.ResourceFinalizationTests.test_production_writer_material_custody_gate_precedes_identity_or_output) ... ok
test_rehashed_driver_with_unexpected_interpreter_argv_still_fails (tests.test_radio_native_v2_resource_finalization.ResourceFinalizationTests.test_rehashed_driver_with_unexpected_interpreter_argv_still_fails) ... ok
test_report_scope_cannot_select_unverified_executable_fixture (tests.test_radio_native_v2_resource_finalization.ResourceFinalizationTests.test_report_scope_cannot_select_unverified_executable_fixture) ... ok
test_report_scope_gate_passes_exact_material_evidence_and_scope_without_launch (tests.test_radio_native_v2_resource_finalization.ResourceFinalizationTests.test_report_scope_gate_passes_exact_material_evidence_and_scope_without_launch) ... ok
test_reserved_metadata_directory_cannot_consume_a_file_reservation (tests.test_radio_native_v2_resource_finalization.ResourceFinalizationTests.test_reserved_metadata_directory_cannot_consume_a_file_reservation) ... ok
test_subreaper_direct_receipt_does_not_imply_full_descendant_wait_chain (tests.test_radio_native_v2_resource_finalization.ResourceFinalizationTests.test_subreaper_direct_receipt_does_not_imply_full_descendant_wait_chain) ... ok
test_symlink_hardlink_and_fifo_storage_entries_rejected (tests.test_radio_native_v2_resource_finalization.ResourceFinalizationTests.test_symlink_hardlink_and_fifo_storage_entries_rejected) ... ok
test_synthetic_writer_observation_cannot_certify_material_report (tests.test_radio_native_v2_resource_finalization.ResourceFinalizationTests.test_synthetic_writer_observation_cannot_certify_material_report) ... ok
test_terminal_metadata_overallocation_is_rejected (tests.test_radio_native_v2_resource_finalization.ResourceFinalizationTests.test_terminal_metadata_overallocation_is_rejected) ... ok
test_tiny_synthetic_join_counts_shared_directories_and_reserved_final_metadata (tests.test_radio_native_v2_resource_finalization.ResourceFinalizationTests.test_tiny_synthetic_join_counts_shared_directories_and_reserved_final_metadata) ... ok
test_tiny_writer_lifetime_join_rechecks_report_bytes_and_observed_deadline (tests.test_radio_native_v2_resource_finalization.ResourceFinalizationTests.test_tiny_writer_lifetime_join_rechecks_report_bytes_and_observed_deadline) ... ok
test_tiny_writer_lifetime_join_rechecks_storage_after_parent_metadata (tests.test_radio_native_v2_resource_finalization.ResourceFinalizationTests.test_tiny_writer_lifetime_join_rechecks_storage_after_parent_metadata) ... ok
test_tiny_writer_refuses_real_qualification_extra_fields_or_full_input (tests.test_radio_native_v2_resource_finalization.ResourceFinalizationTests.test_tiny_writer_refuses_real_qualification_extra_fields_or_full_input) ... ok
test_tiny_writer_storage_bound_precedes_identity (tests.test_radio_native_v2_resource_finalization.ResourceFinalizationTests.test_tiny_writer_storage_bound_precedes_identity) ... ok
test_exact_secret_free_environment_passes_and_stays_blocked (tests.test_radio_native_v2_activation_environment.ActivationEnvironmentTests.test_exact_secret_free_environment_passes_and_stays_blocked) ... ok
test_missing_extra_or_changed_environment_is_refused (tests.test_radio_native_v2_activation_environment.ActivationEnvironmentTests.test_missing_extra_or_changed_environment_is_refused) ... ok
test_noncanonical_or_unpinned_executable_is_refused (tests.test_radio_native_v2_activation_environment.ActivationEnvironmentTests.test_noncanonical_or_unpinned_executable_is_refused) ... ok
test_platform_contract_is_secret_free_exact_and_drift_closes (tests.test_radio_native_v2_activation_environment.ActivationEnvironmentTests.test_platform_contract_is_secret_free_exact_and_drift_closes) ... ok
test_runtime_path_drift_and_authority_are_refused (tests.test_radio_native_v2_activation_environment.ActivationEnvironmentTests.test_runtime_path_drift_and_authority_are_refused) ... ok
test_authorizing_freeze_claim_and_numeric_false_impostor_are_refused (tests.test_radio_native_v2_compact_preparation_audit.CompactPreparationAuditTests.test_authorizing_freeze_claim_and_numeric_false_impostor_are_refused) ... ok
test_changed_runtime_and_missing_runtime_bytes_are_refused (tests.test_radio_native_v2_compact_preparation_audit.CompactPreparationAuditTests.test_changed_runtime_and_missing_runtime_bytes_are_refused) ... ok
test_child_environment_or_python_flags_drift_is_refused (tests.test_radio_native_v2_compact_preparation_audit.CompactPreparationAuditTests.test_child_environment_or_python_flags_drift_is_refused) ... ok
test_consistent_code_subset_is_refused_by_actual_checkout_enumeration (tests.test_radio_native_v2_compact_preparation_audit.CompactPreparationAuditTests.test_consistent_code_subset_is_refused_by_actual_checkout_enumeration) ... ok
test_consistent_runtime_subset_is_refused_by_independent_expected_closure (tests.test_radio_native_v2_compact_preparation_audit.CompactPreparationAuditTests.test_consistent_runtime_subset_is_refused_by_independent_expected_closure) ... ok
test_current_runtime_versions_and_executable_invocations_are_refused (tests.test_radio_native_v2_compact_preparation_audit.CompactPreparationAuditTests.test_current_runtime_versions_and_executable_invocations_are_refused) ... ok
test_exact_parent_allowlist_is_required_and_current_values_rechecked (tests.test_radio_native_v2_compact_preparation_audit.CompactPreparationAuditTests.test_exact_parent_allowlist_is_required_and_current_values_rechecked) ... ok
test_external_runtime_path_alias_and_fifo_are_refused (tests.test_radio_native_v2_compact_preparation_audit.CompactPreparationAuditTests.test_external_runtime_path_alias_and_fifo_are_refused) ... ok
test_extra_untracked_source_and_missing_tracked_source_fail (tests.test_radio_native_v2_compact_preparation_audit.CompactPreparationAuditTests.test_extra_untracked_source_and_missing_tracked_source_fail) ... ok
test_fresh_runtime_custody_is_independently_rechecked (tests.test_radio_native_v2_compact_preparation_audit.CompactPreparationAuditTests.test_fresh_runtime_custody_is_independently_rechecked) ... ok
test_full_named_scope_verifies_without_authorization_or_completion_claim (tests.test_radio_native_v2_compact_preparation_audit.CompactPreparationAuditTests.test_full_named_scope_verifies_without_authorization_or_completion_claim) ... ok
test_json_duplicate_keys_and_nonfinite_claims_are_refused (tests.test_radio_native_v2_compact_preparation_audit.CompactPreparationAuditTests.test_json_duplicate_keys_and_nonfinite_claims_are_refused) ... ok
test_materialized_pins_are_optional_but_missing_or_modified_files_fail (tests.test_radio_native_v2_compact_preparation_audit.CompactPreparationAuditTests.test_materialized_pins_are_optional_but_missing_or_modified_files_fail) ... ok
test_missing_archived_historical_input_pin_is_refused (tests.test_radio_native_v2_compact_preparation_audit.CompactPreparationAuditTests.test_missing_archived_historical_input_pin_is_refused) ... ok
test_missing_original_freezer_fields_and_claimed_coverage_are_refused (tests.test_radio_native_v2_compact_preparation_audit.CompactPreparationAuditTests.test_missing_original_freezer_fields_and_claimed_coverage_are_refused) ... ok
test_missing_test_input_pin_is_refused (tests.test_radio_native_v2_compact_preparation_audit.CompactPreparationAuditTests.test_missing_test_input_pin_is_refused) ... ok
test_new_hidden_git_alias_fails_custody_audit (tests.test_radio_native_v2_compact_preparation_audit.CompactPreparationAuditTests.test_new_hidden_git_alias_fails_custody_audit) ... ok
test_partial_runtime_custody_fields_are_refused (tests.test_radio_native_v2_compact_preparation_audit.CompactPreparationAuditTests.test_partial_runtime_custody_fields_are_refused) ... ok
test_plan_only_is_honestly_incomplete_and_creates_nothing (tests.test_radio_native_v2_compact_preparation_audit.CompactPreparationAuditTests.test_plan_only_is_honestly_incomplete_and_creates_nothing) ... ok
test_prospective_and_derived_pin_changes_fail_before_workers (tests.test_radio_native_v2_compact_preparation_audit.CompactPreparationAuditTests.test_prospective_and_derived_pin_changes_fail_before_workers) ... ok
test_repository_symlink_hardlink_and_parent_aliases_are_refused (tests.test_radio_native_v2_compact_preparation_audit.CompactPreparationAuditTests.test_repository_symlink_hardlink_and_parent_aliases_are_refused) ... ok
test_same_bytes_runtime_replacement_fails_custody_audit (tests.test_radio_native_v2_compact_preparation_audit.CompactPreparationAuditTests.test_same_bytes_runtime_replacement_fails_custody_audit) ... ok
test_stale_auditor_implementation_identity_is_refused (tests.test_radio_native_v2_compact_preparation_audit.CompactPreparationAuditTests.test_stale_auditor_implementation_identity_is_refused) ... ok
test_stale_supplement_inventory_is_refused_despite_current_named_bytes (tests.test_radio_native_v2_compact_preparation_audit.CompactPreparationAuditTests.test_stale_supplement_inventory_is_refused_despite_current_named_bytes) ... ok
test_supplement_and_base_overlap_must_join_one_identical_pin (tests.test_radio_native_v2_compact_preparation_audit.CompactPreparationAuditTests.test_supplement_and_base_overlap_must_join_one_identical_pin) ... ok
test_git_node_elf_closure_recursively_discovers_unlisted_libraries (tests.test_radio_native_v2_compact_preparation_audit.IndependentRuntimeEnumerationTests.test_git_node_elf_closure_recursively_discovers_unlisted_libraries) ... ok
test_missing_loaded_optional_extension_cannot_be_treated_as_unused (tests.test_radio_native_v2_compact_preparation_audit.IndependentRuntimeEnumerationTests.test_missing_loaded_optional_extension_cannot_be_treated_as_unused) ... ok
test_python_inventory_finds_new_sources_and_transitive_dependencies (tests.test_radio_native_v2_compact_preparation_audit.IndependentRuntimeEnumerationTests.test_python_inventory_finds_new_sources_and_transitive_dependencies) ... ok
test_complete_semantic_validators_reject_corrupt_retained_envelope (tests.test_radio_native_v2_compact_run_verifier.CompactRunVerifierTests.test_complete_semantic_validators_reject_corrupt_retained_envelope) ... ok
test_directory_replacement_cannot_redirect_custody (tests.test_radio_native_v2_compact_run_verifier.CompactRunVerifierTests.test_directory_replacement_cannot_redirect_custody) ... ok
test_duplicate_cases_and_original_storage_or_rss_caps_are_refused (tests.test_radio_native_v2_compact_run_verifier.CompactRunVerifierTests.test_duplicate_cases_and_original_storage_or_rss_caps_are_refused) ... ok
test_eight_small_cases_match_unchanged_contract_accounting (tests.test_radio_native_v2_compact_run_verifier.CompactRunVerifierTests.test_eight_small_cases_match_unchanged_contract_accounting) ... ok
test_failed_tail_and_combined_elapsed_match_original_failures (tests.test_radio_native_v2_compact_run_verifier.CompactRunVerifierTests.test_failed_tail_and_combined_elapsed_match_original_failures) ... ok
test_fifo_replacement_of_raw_or_metadata_is_rejected_without_a_writer (tests.test_radio_native_v2_compact_run_verifier.CompactRunVerifierTests.test_fifo_replacement_of_raw_or_metadata_is_rejected_without_a_writer) ... ok
test_hardlinked_raw_receipt_is_refused (tests.test_radio_native_v2_compact_run_verifier.CompactRunVerifierTests.test_hardlinked_raw_receipt_is_refused) ... ok
test_mutated_prospective_plan_closes_verifier (tests.test_radio_native_v2_compact_run_verifier.CompactRunVerifierTests.test_mutated_prospective_plan_closes_verifier) ... ok
test_original_hash_is_checked_before_semantic_acceptance (tests.test_radio_native_v2_compact_run_verifier.CompactRunVerifierTests.test_original_hash_is_checked_before_semantic_acceptance) ... ok
test_partial_replay_never_claims_eight_cases_or_resource_qualification (tests.test_radio_native_v2_compact_run_verifier.CompactRunVerifierTests.test_partial_replay_never_claims_eight_cases_or_resource_qualification) ... ok
test_raw_hash_or_file_identity_change_closes_final_readback (tests.test_radio_native_v2_compact_run_verifier.CompactRunVerifierTests.test_raw_hash_or_file_identity_change_closes_final_readback) ... ok
test_same_bytes_replaced_inode_is_refused (tests.test_radio_native_v2_compact_run_verifier.CompactRunVerifierTests.test_same_bytes_replaced_inode_is_refused) ... ok
test_symlink_raw_receipt_is_refused (tests.test_radio_native_v2_compact_run_verifier.CompactRunVerifierTests.test_symlink_raw_receipt_is_refused) ... ok
test_tampered_compact_metadata_cannot_self_certify (tests.test_radio_native_v2_compact_run_verifier.CompactRunVerifierTests.test_tampered_compact_metadata_cannot_self_certify) ... ok
test_unknown_local_storage_closes_verifier (tests.test_radio_native_v2_compact_run_verifier.CompactRunVerifierTests.test_unknown_local_storage_closes_verifier) ... ok
test_activation_wrapper_rechecks_runtime_metadata_not_just_bytes (tests.test_radio_native_v2_runner_freeze.PublishedRunnerFreezeTests.test_activation_wrapper_rechecks_runtime_metadata_not_just_bytes) ... ok
test_added_runtime_dependency_refused_by_reenumeration (tests.test_radio_native_v2_runner_freeze.PublishedRunnerFreezeTests.test_added_runtime_dependency_refused_by_reenumeration) ... ok
test_any_enabled_authority_flag_refused (tests.test_radio_native_v2_runner_freeze.PublishedRunnerFreezeTests.test_any_enabled_authority_flag_refused) ... ok
test_capture_and_readback_pin_python_javascript_inputs_and_runtime (tests.test_radio_native_v2_runner_freeze.PublishedRunnerFreezeTests.test_capture_and_readback_pin_python_javascript_inputs_and_runtime) ... ok
test_changed_and_missing_inputs_refused (tests.test_radio_native_v2_runner_freeze.PublishedRunnerFreezeTests.test_changed_and_missing_inputs_refused) ... ok
test_changed_and_missing_runtime_bytes_refused (tests.test_radio_native_v2_runner_freeze.PublishedRunnerFreezeTests.test_changed_and_missing_runtime_bytes_refused) ... ok
test_changed_local_javascript_refused (tests.test_radio_native_v2_runner_freeze.PublishedRunnerFreezeTests.test_changed_local_javascript_refused) ... ok
test_changed_published_javascript_is_detected_before_local_check (tests.test_radio_native_v2_runner_freeze.PublishedRunnerFreezeTests.test_changed_published_javascript_is_detected_before_local_check) ... ok
test_custody_field_omission_tampering_reclassification_and_unknown_fields_refused (tests.test_radio_native_v2_runner_freeze.PublishedRunnerFreezeTests.test_custody_field_omission_tampering_reclassification_and_unknown_fields_refused) ... ok
test_executable_resolution_and_versions_are_rechecked (tests.test_radio_native_v2_runner_freeze.PublishedRunnerFreezeTests.test_executable_resolution_and_versions_are_rechecked) ... ok
test_execution_stays_disabled_after_successful_verification (tests.test_radio_native_v2_runner_freeze.PublishedRunnerFreezeTests.test_execution_stays_disabled_after_successful_verification) ... ok
test_fresh_capture_pins_canonical_custody_and_historical_metadata_requires_explicit_current_gate (tests.test_radio_native_v2_runner_freeze.PublishedRunnerFreezeTests.test_fresh_capture_pins_canonical_custody_and_historical_metadata_requires_explicit_current_gate) ... ok
test_git_replace_refs_cannot_substitute_immutable_commit (tests.test_radio_native_v2_runner_freeze.PublishedRunnerFreezeTests.test_git_replace_refs_cannot_substitute_immutable_commit) ... ok
test_inventory_hash_omission_and_conflicting_input_pin_refused (tests.test_radio_native_v2_runner_freeze.PublishedRunnerFreezeTests.test_inventory_hash_omission_and_conflicting_input_pin_refused) ... ok
test_loaded_optional_unavailable_extension_refused (tests.test_radio_native_v2_runner_freeze.PublishedRunnerFreezeTests.test_loaded_optional_unavailable_extension_refused) ... ok
test_material_wrapper_never_runs_git_or_discovers_runtime_after_receipt (tests.test_radio_native_v2_runner_freeze.PublishedRunnerFreezeTests.test_material_wrapper_never_runs_git_or_discovers_runtime_after_receipt) ... ok
test_missing_published_input_blob_refused (tests.test_radio_native_v2_runner_freeze.PublishedRunnerFreezeTests.test_missing_published_input_blob_refused) ... ok
test_missing_tracked_code_refused_in_capture_and_verify (tests.test_radio_native_v2_runner_freeze.PublishedRunnerFreezeTests.test_missing_tracked_code_refused_in_capture_and_verify) ... ok
test_mutable_git_ref_or_abbreviated_commit_refused (tests.test_radio_native_v2_runner_freeze.PublishedRunnerFreezeTests.test_mutable_git_ref_or_abbreviated_commit_refused) ... ok
test_new_javascript_module_invalidates_inventory (tests.test_radio_native_v2_runner_freeze.PublishedRunnerFreezeTests.test_new_javascript_module_invalidates_inventory) ... ok
test_noncanonical_or_escaping_input_path_refused (tests.test_radio_native_v2_runner_freeze.PublishedRunnerFreezeTests.test_noncanonical_or_escaping_input_path_refused) ... ok
test_noncanonical_published_json_refused_despite_matching_hash (tests.test_radio_native_v2_runner_freeze.PublishedRunnerFreezeTests.test_noncanonical_published_json_refused_despite_matching_hash) ... ok
test_old_preparation_freeze_refused_even_with_enabled_claims (tests.test_radio_native_v2_runner_freeze.PublishedRunnerFreezeTests.test_old_preparation_freeze_refused_even_with_enabled_claims) ... ok
test_runtime_environment_drift_refused (tests.test_radio_native_v2_runner_freeze.PublishedRunnerFreezeTests.test_runtime_environment_drift_refused) ... ok
test_science_mode_wrong_namespace_or_manifest_binding_refused (tests.test_radio_native_v2_runner_freeze.PublishedRunnerFreezeTests.test_science_mode_wrong_namespace_or_manifest_binding_refused) ... ok
test_shared_git_discovered_library_and_node_executable_cannot_be_activation_only (tests.test_radio_native_v2_runner_freeze.PublishedRunnerFreezeTests.test_shared_git_discovered_library_and_node_executable_cannot_be_activation_only) ... ok
test_source_input_and_repository_ancestor_aliases_are_refused (tests.test_radio_native_v2_runner_freeze.PublishedRunnerFreezeTests.test_source_input_and_repository_ancestor_aliases_are_refused) ... ok
test_supplied_transport_receipt_cannot_grant_authority (tests.test_radio_native_v2_runner_freeze.PublishedRunnerFreezeTests.test_supplied_transport_receipt_cannot_grant_authority) ... ok
test_verified_state_and_metadata_copy_are_immutable (tests.test_radio_native_v2_runner_freeze.PublishedRunnerFreezeTests.test_verified_state_and_metadata_copy_are_immutable) ... ok
test_wrong_published_freeze_hash_refused (tests.test_radio_native_v2_runner_freeze.PublishedRunnerFreezeTests.test_wrong_published_freeze_hash_refused) ... ok
test_elf_resolution_recurses_and_refuses_missing_transitive_library (tests.test_radio_native_v2_runner_freeze.RuntimeClosureTests.test_elf_resolution_recurses_and_refuses_missing_transitive_library) ... ok
test_runtime_inventory_merges_python_numpy_git_node_and_elf_closure (tests.test_radio_native_v2_runner_freeze.RuntimeClosureTests.test_runtime_inventory_merges_python_numpy_git_node_and_elf_closure) ... ok
test_all_historical_receipt_identities_refuse_before_custody_io (tests.test_radio_native_v2_control_activation.ControlActivationTests.test_all_historical_receipt_identities_refuse_before_custody_io) ... ok
test_candidate_selected_git_custody_source_or_policy_cannot_run_before_check (tests.test_radio_native_v2_control_activation.ControlActivationTests.test_candidate_selected_git_custody_source_or_policy_cannot_run_before_check) ... ok
test_changed_public_readback_closes (tests.test_radio_native_v2_control_activation.ControlActivationTests.test_changed_public_readback_closes) ... ok
test_changed_receipt_pins_and_authority_close (tests.test_radio_native_v2_control_activation.ControlActivationTests.test_changed_receipt_pins_and_authority_close) ... ok
test_checkout_plan_cannot_choose_another_original_root_even_with_matching_ledger (tests.test_radio_native_v2_control_activation.ControlActivationTests.test_checkout_plan_cannot_choose_another_original_root_even_with_matching_ledger) ... ok
test_exact_marker_only_checkout_and_worker_receipt_pass (tests.test_radio_native_v2_control_activation.ControlActivationTests.test_exact_marker_only_checkout_and_worker_receipt_pass) ... ok
test_explicit_independent_commit_is_required_and_historical_paths_commits_refuse_before_io (tests.test_radio_native_v2_control_activation.ControlActivationTests.test_explicit_independent_commit_is_required_and_historical_paths_commits_refuse_before_io) ... ok
test_full_custody_rejects_same_byte_material_replacement_before_git (tests.test_radio_native_v2_control_activation.ControlActivationTests.test_full_custody_rejects_same_byte_material_replacement_before_git) ... ok
test_git_fixed_no_fetch_and_no_prompt_policy_overrides_conflicting_parent (tests.test_radio_native_v2_control_activation.ControlActivationTests.test_git_fixed_no_fetch_and_no_prompt_policy_overrides_conflicting_parent) ... ok
test_git_phase_closes_and_material_custody_is_rechecked_before_return (tests.test_radio_native_v2_control_activation.ControlActivationTests.test_git_phase_closes_and_material_custody_is_rechecked_before_return) ... ok
test_independent_activation_commit_refuses_readback_and_head_relocation (tests.test_radio_native_v2_control_activation.ControlActivationTests.test_independent_activation_commit_refuses_readback_and_head_relocation) ... ok
test_material_mutation_during_git_cannot_return_complete_receipt (tests.test_radio_native_v2_control_activation.ControlActivationTests.test_material_mutation_during_git_cannot_return_complete_receipt) ... ok
test_missing_or_dirty_marker_closes (tests.test_radio_native_v2_control_activation.ControlActivationTests.test_missing_or_dirty_marker_closes) ... ok
test_non_marker_only_commit_closes (tests.test_radio_native_v2_control_activation.ControlActivationTests.test_non_marker_only_commit_closes) ... ok
test_receipt_check_requires_root_and_rejects_rehashed_root_relocation_before_custody_io (tests.test_radio_native_v2_control_activation.ControlActivationTests.test_receipt_check_requires_root_and_rejects_rehashed_root_relocation_before_custody_io) ... ok
test_receipt_custody_scope_completion_and_spent_identity_are_strict (tests.test_radio_native_v2_control_activation.ControlActivationTests.test_receipt_custody_scope_completion_and_spent_identity_are_strict) ... ok
test_reused_marker_path_closes_even_when_all_current_bytes_are_read_back (tests.test_radio_native_v2_control_activation.ControlActivationTests.test_reused_marker_path_closes_even_when_all_current_bytes_are_read_back) ... ok
test_spent_c_exact_marker_and_commit_refuse_before_all_activation_io (tests.test_radio_native_v2_control_activation.ControlActivationTests.test_spent_c_exact_marker_and_commit_refuse_before_all_activation_io) ... ok
test_spent_c_receipt_fragments_refuse_before_root_and_custody_checks (tests.test_radio_native_v2_control_activation.ControlActivationTests.test_spent_c_receipt_fragments_refuse_before_root_and_custody_checks) ... ok
test_wrong_parent_or_tree_claim_closes_even_with_refreshed_commit_readback (tests.test_radio_native_v2_control_activation.ControlActivationTests.test_wrong_parent_or_tree_claim_closes_even_with_refreshed_commit_readback) ... ok
test_added_alias_changes_frozen_manifest (tests.test_radio_native_v2_runtime_custody.RuntimeCustodyTests.test_added_alias_changes_frozen_manifest) ... ok
test_alias_substitution_between_lstat_and_open_is_refused (tests.test_radio_native_v2_runtime_custody.RuntimeCustodyTests.test_alias_substitution_between_lstat_and_open_is_refused) ... ok
test_bounded_inventory_rejects_alias_fifo_hardlink_and_cardinality (tests.test_radio_native_v2_runtime_custody.RuntimeCustodyTests.test_bounded_inventory_rejects_alias_fifo_hardlink_and_cardinality) ... ok
test_current_freeze_matches_bounded_protocol_audit (tests.test_radio_native_v2_runtime_custody.RuntimeCustodyTests.test_current_freeze_matches_bounded_protocol_audit) ... ok
test_duplicate_spellings_and_symlink_ancestors_cannot_close_hidden_alias (tests.test_radio_native_v2_runtime_custody.RuntimeCustodyTests.test_duplicate_spellings_and_symlink_ancestors_cannot_close_hidden_alias) ... ok
test_exact_closed_group_and_sole_link_material_pass (tests.test_radio_native_v2_runtime_custody.RuntimeCustodyTests.test_exact_closed_group_and_sole_link_material_pass) ... ok
test_hash_drift_is_refused (tests.test_radio_native_v2_runtime_custody.RuntimeCustodyTests.test_hash_drift_is_refused) ... ok
test_hash_mutation_alias_stat_race_and_stale_manifest_sha_refused (tests.test_radio_native_v2_runtime_custody.RuntimeCustodyTests.test_hash_mutation_alias_stat_race_and_stale_manifest_sha_refused) ... ok
test_held_hardlink_inode_is_hashed_once_not_once_per_alias (tests.test_radio_native_v2_runtime_custody.RuntimeCustodyTests.test_held_hardlink_inode_is_hashed_once_not_once_per_alias) ... ok
test_hidden_alias_outside_roots_is_refused (tests.test_radio_native_v2_runtime_custody.RuntimeCustodyTests.test_hidden_alias_outside_roots_is_refused) ... ok
test_last_material_recheck_cannot_leave_earlier_git_group_stale (tests.test_radio_native_v2_runtime_custody.RuntimeCustodyTests.test_last_material_recheck_cannot_leave_earlier_git_group_stale) ... ok
test_material_only_check_never_opens_git_or_enumerates_roots (tests.test_radio_native_v2_runtime_custody.RuntimeCustodyTests.test_material_only_check_never_opens_git_or_enumerates_roots) ... ok
test_relinked_same_bytes_changes_frozen_manifest (tests.test_radio_native_v2_runtime_custody.RuntimeCustodyTests.test_relinked_same_bytes_changes_frozen_manifest) ... ok
test_same_byte_sole_link_replacement_is_refused_with_preserved_mtime_and_mode (tests.test_radio_native_v2_runtime_custody.RuntimeCustodyTests.test_same_byte_sole_link_replacement_is_refused_with_preserved_mtime_and_mode) ... ok
test_strict_metadata_types_group_membership_and_authority_are_not_self_attested (tests.test_radio_native_v2_runtime_custody.RuntimeCustodyTests.test_strict_metadata_types_group_membership_and_authority_are_not_self_attested) ... ok
test_symlink_runtime_is_refused (tests.test_radio_native_v2_runtime_custody.RuntimeCustodyTests.test_symlink_runtime_is_refused) ... ok
test_unexpected_material_hardlink_is_refused (tests.test_radio_native_v2_runtime_custody.RuntimeCustodyTests.test_unexpected_material_hardlink_is_refused) ... ok
test_whole_git_group_recreated_same_bytes_and_topology_is_refused (tests.test_radio_native_v2_runtime_custody.RuntimeCustodyTests.test_whole_git_group_recreated_same_bytes_and_topology_is_refused) ... ok
test_admission_failure_precedes_all_ledger_mutations (tests.test_radio_native_v2_invocation_spending.InvocationSpendingTests.test_admission_failure_precedes_all_ledger_mutations) ... ok
test_canonical_paths_and_scope_overlap_denied_before_io (tests.test_radio_native_v2_invocation_spending.InvocationSpendingTests.test_canonical_paths_and_scope_overlap_denied_before_io) ... ok
test_changed_commit_replay_remains_denied (tests.test_radio_native_v2_invocation_spending.InvocationSpendingTests.test_changed_commit_replay_remains_denied) ... ok
test_changed_scope_replay_remains_denied (tests.test_radio_native_v2_invocation_spending.InvocationSpendingTests.test_changed_scope_replay_remains_denied) ... ok
test_claim_mutation_after_readback_denied_without_witness (tests.test_radio_native_v2_invocation_spending.InvocationSpendingTests.test_claim_mutation_after_readback_denied_without_witness) ... ok
test_consume_durable_readback_and_worker_rechecks_without_scope (tests.test_radio_native_v2_invocation_spending.InvocationSpendingTests.test_consume_durable_readback_and_worker_rechecks_without_scope) ... ok
test_existing_empty_partial_malformed_records_permanently_refuse (tests.test_radio_native_v2_invocation_spending.InvocationSpendingTests.test_existing_empty_partial_malformed_records_permanently_refuse) ... ok
test_existing_symlink_hardlink_directory_and_fifo_refuse_without_io (tests.test_radio_native_v2_invocation_spending.InvocationSpendingTests.test_existing_symlink_hardlink_directory_and_fifo_refuse_without_io) ... ok
test_failed_final_directory_fsync_retains_complete_claim (tests.test_radio_native_v2_invocation_spending.InvocationSpendingTests.test_failed_final_directory_fsync_retains_complete_claim) ... ok
test_failed_first_fsync_retains_empty_claim_and_never_returns_witness (tests.test_radio_native_v2_invocation_spending.InvocationSpendingTests.test_failed_first_fsync_retains_empty_claim_and_never_returns_witness) ... ok
test_file_and_directory_fsync_complete_before_readback_or_witness (tests.test_radio_native_v2_invocation_spending.InvocationSpendingTests.test_file_and_directory_fsync_complete_before_readback_or_witness) ... ok
test_four_concurrent_process_attempts_accept_exactly_one (tests.test_radio_native_v2_invocation_spending.InvocationSpendingTests.test_four_concurrent_process_attempts_accept_exactly_one) ... ok
test_historical_failed_marker_and_commit_permanently_denied (tests.test_radio_native_v2_invocation_spending.InvocationSpendingTests.test_historical_failed_marker_and_commit_permanently_denied) ... ok
test_ledger_directory_replacement_denies_worker (tests.test_radio_native_v2_invocation_spending.InvocationSpendingTests.test_ledger_directory_replacement_denies_worker) ... ok
test_ledger_is_not_created_and_insecure_or_symlink_ledgers_deny (tests.test_radio_native_v2_invocation_spending.InvocationSpendingTests.test_ledger_is_not_created_and_insecure_or_symlink_ledgers_deny) ... ok
test_missing_extra_wrong_type_and_authority_receipts_denied (tests.test_radio_native_v2_invocation_spending.InvocationSpendingTests.test_missing_extra_wrong_type_and_authority_receipts_denied) ... ok
test_original_repository_policy_is_pure_and_has_no_rearm_api (tests.test_radio_native_v2_invocation_spending.InvocationSpendingTests.test_original_repository_policy_is_pure_and_has_no_rearm_api) ... ok
test_partial_write_failure_retains_claim (tests.test_radio_native_v2_invocation_spending.InvocationSpendingTests.test_partial_write_failure_retains_claim) ... ok
test_receipt_mutation_during_admission_denied_without_claim (tests.test_radio_native_v2_invocation_spending.InvocationSpendingTests.test_receipt_mutation_during_admission_denied_without_claim) ... ok
test_receipt_validator_exception_leaves_no_claim (tests.test_radio_native_v2_invocation_spending.InvocationSpendingTests.test_receipt_validator_exception_leaves_no_claim) ... ok
test_record_corruption_partial_json_and_duplicate_keys_deny_worker (tests.test_radio_native_v2_invocation_spending.InvocationSpendingTests.test_record_corruption_partial_json_and_duplicate_keys_deny_worker) ... ok
test_record_hardlink_mode_change_symlink_and_missing_deny_worker (tests.test_radio_native_v2_invocation_spending.InvocationSpendingTests.test_record_hardlink_mode_change_symlink_and_missing_deny_worker) ... ok
test_same_bytes_record_replacement_is_detected_by_held_identity (tests.test_radio_native_v2_invocation_spending.InvocationSpendingTests.test_same_bytes_record_replacement_is_detected_by_held_identity) ... ok
test_sixteen_concurrent_thread_attempts_accept_exactly_one (tests.test_radio_native_v2_invocation_spending.InvocationSpendingTests.test_sixteen_concurrent_thread_attempts_accept_exactly_one) ... ok
test_storage_observation_bounds_directory_size_before_enumeration (tests.test_radio_native_v2_invocation_spending.InvocationSpendingTests.test_storage_observation_bounds_directory_size_before_enumeration) ... ok
test_storage_observation_counts_current_file_and_directory_bytes_blocks (tests.test_radio_native_v2_invocation_spending.InvocationSpendingTests.test_storage_observation_counts_current_file_and_directory_bytes_blocks) ... ok
test_storage_observation_denies_ledger_root_replacement_after_authenticated_read (tests.test_radio_native_v2_invocation_spending.InvocationSpendingTests.test_storage_observation_denies_ledger_root_replacement_after_authenticated_read) ... ok
test_storage_observation_detects_directory_inventory_mutation_during_scan (tests.test_radio_native_v2_invocation_spending.InvocationSpendingTests.test_storage_observation_detects_directory_inventory_mutation_during_scan) ... ok
test_storage_observation_detects_directory_size_or_block_drift (tests.test_radio_native_v2_invocation_spending.InvocationSpendingTests.test_storage_observation_detects_directory_size_or_block_drift) ... ok
test_storage_observation_detects_file_block_drift_under_unchanged_witness (tests.test_radio_native_v2_invocation_spending.InvocationSpendingTests.test_storage_observation_detects_file_block_drift_under_unchanged_witness) ... ok
test_storage_observation_reauthenticates_receipt_witness_scope_and_ledger (tests.test_radio_native_v2_invocation_spending.InvocationSpendingTests.test_storage_observation_reauthenticates_receipt_witness_scope_and_ledger) ... ok
test_storage_observation_rejects_all_extra_including_hidden_and_special_entries (tests.test_radio_native_v2_invocation_spending.InvocationSpendingTests.test_storage_observation_rejects_all_extra_including_hidden_and_special_entries) ... ok
test_storage_observation_rejects_record_alias_corruption_and_missing_entry (tests.test_radio_native_v2_invocation_spending.InvocationSpendingTests.test_storage_observation_rejects_record_alias_corruption_and_missing_entry) ... ok
test_witness_receipt_scope_ledger_and_identity_tampering_deny_worker (tests.test_radio_native_v2_invocation_spending.InvocationSpendingTests.test_witness_receipt_scope_ledger_and_identity_tampering_deny_worker) ... ok
test_zero_length_write_refuses_and_retains_claim (tests.test_radio_native_v2_invocation_spending.InvocationSpendingTests.test_zero_length_write_refuses_and_retains_claim) ... ok
test_actual_argv_ordinal_scope_and_isolation_remain_bound (tests.test_radio_native_v2_source_receipt.AuthenticatedSourceReceiptTests.test_actual_argv_ordinal_scope_and_isolation_remain_bound) ... ok
test_alternative_bundle_path_is_not_an_equivalent_admission (tests.test_radio_native_v2_source_receipt.AuthenticatedSourceReceiptTests.test_alternative_bundle_path_is_not_an_equivalent_admission) ... ok
test_bundle_hardlink_or_symlink_is_refused_without_source_write (tests.test_radio_native_v2_source_receipt.AuthenticatedSourceReceiptTests.test_bundle_hardlink_or_symlink_is_refused_without_source_write) ... ok
test_duplicate_or_noncanonical_bundle_json_is_refused_even_if_rehashed (tests.test_radio_native_v2_source_receipt.AuthenticatedSourceReceiptTests.test_duplicate_or_noncanonical_bundle_json_is_refused_even_if_rehashed) ... ok
test_exact_pinned_bundle_delivers_receipt_scope_and_durable_witness_to_guard (tests.test_radio_native_v2_source_receipt.AuthenticatedSourceReceiptTests.test_exact_pinned_bundle_delivers_receipt_scope_and_durable_witness_to_guard) ... ok
test_missing_or_replaced_spend_record_is_refused_before_identity (tests.test_radio_native_v2_source_receipt.AuthenticatedSourceReceiptTests.test_missing_or_replaced_spend_record_is_refused_before_identity) ... ok
test_mutation_and_self_asserted_receipt_hash_do_not_replace_retained_bundle_digest (tests.test_radio_native_v2_source_receipt.AuthenticatedSourceReceiptTests.test_mutation_and_self_asserted_receipt_hash_do_not_replace_retained_bundle_digest) ... ok
test_repinning_changed_receipt_does_not_reauthenticate_durable_spend (tests.test_radio_native_v2_source_receipt.AuthenticatedSourceReceiptTests.test_repinning_changed_receipt_does_not_reauthenticate_durable_spend) ... ok
test_source_fixture_cannot_be_replaced_by_self_selected_code (tests.test_radio_native_v2_source_receipt.AuthenticatedSourceReceiptTests.test_source_fixture_cannot_be_replaced_by_self_selected_code) ... ok
test_structurally_valid_receipt_dict_without_witness_cannot_admit (tests.test_radio_native_v2_source_receipt.AuthenticatedSourceReceiptTests.test_structurally_valid_receipt_dict_without_witness_cannot_admit) ... ok
test_unmodified_cold_prefix_refuses_synthetic_root_before_source_outputs (tests.test_radio_native_v2_source_receipt.AuthenticatedSourceReceiptTests.test_unmodified_cold_prefix_refuses_synthetic_root_before_source_outputs) ... ok
test_bad_helper_or_reused_scope_refuses_before_consumption (tests.test_radio_native_v2_source_receipt.InvocationSpendingRunnerIntegrationTests.test_bad_helper_or_reused_scope_refuses_before_consumption) ... ok
test_spend_precedes_scope_creation_and_survives_later_gate_failure (tests.test_radio_native_v2_source_receipt.InvocationSpendingRunnerIntegrationTests.test_spend_precedes_scope_creation_and_survives_later_gate_failure) ... ok
test_actual_tiny_child_stdout_stderr_and_full_wait4_peak (tests.test_radio_native_v2_compact_control_launch.FiniteChildObservationTests.test_actual_tiny_child_stdout_stderr_and_full_wait4_peak) ... ok
test_inherited_pipe_cannot_extend_deadline_or_recycle_root_before_kill (tests.test_radio_native_v2_compact_control_launch.FiniteChildObservationTests.test_inherited_pipe_cannot_extend_deadline_or_recycle_root_before_kill) ... ok
test_nonzero_exit_is_retained_as_failed_evidence (tests.test_radio_native_v2_compact_control_launch.FiniteChildObservationTests.test_nonzero_exit_is_retained_as_failed_evidence) ... ok
test_original_deadline_kills_and_reaps_tiny_child (tests.test_radio_native_v2_compact_control_launch.FiniteChildObservationTests.test_original_deadline_kills_and_reaps_tiny_child) ... ok
test_selector_setup_failure_still_kills_reaps_and_closes_child_pipes (tests.test_radio_native_v2_compact_control_launch.FiniteChildObservationTests.test_selector_setup_failure_still_kills_reaps_and_closes_child_pipes) ... ok
test_stdout_and_stderr_caps_are_distinct_and_never_silently_truncate (tests.test_radio_native_v2_compact_control_launch.FiniteChildObservationTests.test_stdout_and_stderr_caps_are_distinct_and_never_silently_truncate) ... ok
test_actual_no_site_numpy_import_uses_runtime_derived_pinned_sources (tests.test_radio_native_v2_compact_control_launch.FixedConfigAndSourcePreflightTests.test_actual_no_site_numpy_import_uses_runtime_derived_pinned_sources) ... ok
test_bootstrap_source_pin_cannot_be_selected_by_supplied_plan (tests.test_radio_native_v2_compact_control_launch.FixedConfigAndSourcePreflightTests.test_bootstrap_source_pin_cannot_be_selected_by_supplied_plan) ... ok
test_cli_rejects_path_overrides_extra_interpreter_flags_and_missing_digest (tests.test_radio_native_v2_compact_control_launch.FixedConfigAndSourcePreflightTests.test_cli_rejects_path_overrides_extra_interpreter_flags_and_missing_digest) ... ok
test_fixed_config_exact_pin_and_canonical_bytes (tests.test_radio_native_v2_compact_control_launch.FixedConfigAndSourcePreflightTests.test_fixed_config_exact_pin_and_canonical_bytes) ... ok
test_original_repository_and_c_journal_binding_precedes_imports (tests.test_radio_native_v2_compact_control_launch.FixedConfigAndSourcePreflightTests.test_original_repository_and_c_journal_binding_precedes_imports) ... ok
test_pinned_source_import_ignores_forged_cached_bytecode (tests.test_radio_native_v2_compact_control_launch.FixedConfigAndSourcePreflightTests.test_pinned_source_import_ignores_forged_cached_bytecode) ... ok
test_preflight_refuses_false_isolation_before_importing_any_auditor (tests.test_radio_native_v2_compact_control_launch.FixedConfigAndSourcePreflightTests.test_preflight_refuses_false_isolation_before_importing_any_auditor) ... ok
test_scope_input_aliases_and_extra_config_keys_refuse (tests.test_radio_native_v2_compact_control_launch.FixedConfigAndSourcePreflightTests.test_scope_input_aliases_and_extra_config_keys_refuse) ... ok
test_monotonic_anchor_rejects_future_or_fabricated_values (tests.test_radio_native_v2_compact_control_launch.TinyLauncherIntegrationTests.test_monotonic_anchor_rejects_future_or_fabricated_values) ... ok
test_postscope_failures_retain_closed_endpoint_without_retry_or_overwrite (tests.test_radio_native_v2_compact_control_launch.TinyLauncherIntegrationTests.test_postscope_failures_retain_closed_endpoint_without_retry_or_overwrite) ... ok
test_preflight_refusal_launches_nothing_and_invents_no_scope (tests.test_radio_native_v2_compact_control_launch.TinyLauncherIntegrationTests.test_preflight_refusal_launches_nothing_and_invents_no_scope) ... ok
test_reused_scope_and_second_process_entry_are_refused_before_any_audit (tests.test_radio_native_v2_compact_control_launch.TinyLauncherIntegrationTests.test_reused_scope_and_second_process_entry_are_refused_before_any_audit) ... ok
test_tiny_join_replays_before_metadata_transition_then_charges_new_files_and_ledger (tests.test_radio_native_v2_compact_control_launch.TinyLauncherIntegrationTests.test_tiny_join_replays_before_metadata_transition_then_charges_new_files_and_ledger) ... ok
test_all_future_authority_parameters_are_refused_not_trusted (tests.test_prospective_source_metadata_radio.ProspectiveMetadataTests.test_all_future_authority_parameters_are_refused_not_trusted) ... ok
test_bank_shape_numeric_alias_refused_even_with_coherent_bank_hash (tests.test_prospective_source_metadata_radio.ProspectiveMetadataTests.test_bank_shape_numeric_alias_refused_even_with_coherent_bank_hash) ... ok
test_coherently_rehashed_wrapper_passed_gate_is_rejected (tests.test_prospective_source_metadata_radio.ProspectiveMetadataTests.test_coherently_rehashed_wrapper_passed_gate_is_rejected) ... ok
test_current_nine_implementation_pins_include_reader_search_filter_acquisition_drift (tests.test_prospective_source_metadata_radio.ProspectiveMetadataTests.test_current_nine_implementation_pins_include_reader_search_filter_acquisition_drift) ... ok
test_duplicate_json_even_with_matching_pin_is_refused (tests.test_prospective_source_metadata_radio.ProspectiveMetadataTests.test_duplicate_json_even_with_matching_pin_is_refused) ... ok
test_duplicate_output_members_refused_even_with_matching_pin (tests.test_prospective_source_metadata_radio.ProspectiveMetadataTests.test_duplicate_output_members_refused_even_with_matching_pin) ... ok
test_every_implementation_file_is_required (tests.test_prospective_source_metadata_radio.ProspectiveMetadataTests.test_every_implementation_file_is_required) ... ok
test_exact_clock_matches_independent_retained_bank_pin (tests.test_prospective_source_metadata_radio.ProspectiveMetadataTests.test_exact_clock_matches_independent_retained_bank_pin) ... ok
test_expanded_rate_width_frame_and_fake_bank_identity_refused (tests.test_prospective_source_metadata_radio.ProspectiveMetadataTests.test_expanded_rate_width_frame_and_fake_bank_identity_refused) ... ok
test_extra_input_and_local_path_substitution_are_refused (tests.test_prospective_source_metadata_radio.ProspectiveMetadataTests.test_extra_input_and_local_path_substitution_are_refused) ... ok
test_historical_factor_records_stay_ancestry_without_numeric_reconstruction (tests.test_prospective_source_metadata_radio.ProspectiveMetadataTests.test_historical_factor_records_stay_ancestry_without_numeric_reconstruction) ... ok
test_historical_session_limit_change_refused (tests.test_prospective_source_metadata_radio.ProspectiveMetadataTests.test_historical_session_limit_change_refused) ... ok
test_import_closure_contains_only_approved_standard_library (tests.test_prospective_source_metadata_radio.ProspectiveMetadataTests.test_import_closure_contains_only_approved_standard_library) ... ok
test_incomplete_or_executed_proposal_is_not_empty_success (tests.test_prospective_source_metadata_radio.ProspectiveMetadataTests.test_incomplete_or_executed_proposal_is_not_empty_success) ... ok
test_json_numeric_equality_cannot_substitute_float_clock_rationals (tests.test_prospective_source_metadata_radio.ProspectiveMetadataTests.test_json_numeric_equality_cannot_substitute_float_clock_rationals) ... ok
test_last_off_scan_change_refused_after_attacker_repins_input (tests.test_prospective_source_metadata_radio.ProspectiveMetadataTests.test_last_off_scan_change_refused_after_attacker_repins_input) ... ok
test_metadata_proximity_does_not_upgrade_physical_science (tests.test_prospective_source_metadata_radio.ProspectiveMetadataTests.test_metadata_proximity_does_not_upgrade_physical_science) ... ok
test_missing_wrong_or_unbounded_output_pin_refused (tests.test_prospective_source_metadata_radio.ProspectiveMetadataTests.test_missing_wrong_or_unbounded_output_pin_refused) ... ok
test_mutable_input_bytes_refused (tests.test_prospective_source_metadata_radio.ProspectiveMetadataTests.test_mutable_input_bytes_refused) ... ok
test_noncanonical_output_refused_even_with_matching_pin (tests.test_prospective_source_metadata_radio.ProspectiveMetadataTests.test_noncanonical_output_refused_even_with_matching_pin) ... ok
test_nonfinite_json_is_refused (tests.test_prospective_source_metadata_radio.ProspectiveMetadataTests.test_nonfinite_json_is_refused) ... ok
test_numeric_boolean_equivalence_cannot_rewrite_prospective_pin_bytes (tests.test_prospective_source_metadata_radio.ProspectiveMetadataTests.test_numeric_boolean_equivalence_cannot_rewrite_prospective_pin_bytes) ... ok
test_output_authority_status_counters_and_extension_refused (tests.test_prospective_source_metadata_radio.ProspectiveMetadataTests.test_output_authority_status_counters_and_extension_refused) ... ok
test_overlapping_roles_refused_even_with_rehashed_window_identity (tests.test_prospective_source_metadata_radio.ProspectiveMetadataTests.test_overlapping_roles_refused_even_with_rehashed_window_identity) ... ok
test_per_file_input_bound_refused_without_large_file (tests.test_prospective_source_metadata_radio.ProspectiveMetadataTests.test_per_file_input_bound_refused_without_large_file) ... ok
test_pure_operations_do_not_open_files_launch_children_network_or_import_runtime (tests.test_prospective_source_metadata_radio.ProspectiveMetadataTests.test_pure_operations_do_not_open_files_launch_children_network_or_import_runtime) ... ok
test_raw_pin_mismatch_refused_by_builder_and_validator (tests.test_prospective_source_metadata_radio.ProspectiveMetadataTests.test_raw_pin_mismatch_refused_by_builder_and_validator) ... ok
test_rehashed_fake_runtime_allocation_and_certificate_are_rejected (tests.test_prospective_source_metadata_radio.ProspectiveMetadataTests.test_rehashed_fake_runtime_allocation_and_certificate_are_rejected) ... ok
test_rehashed_requirement_deletion_or_executable_rebinding_refused (tests.test_prospective_source_metadata_radio.ProspectiveMetadataTests.test_rehashed_requirement_deletion_or_executable_rebinding_refused) ... ok
test_rehashed_shared_observation_forgery_is_recomputed (tests.test_prospective_source_metadata_radio.ProspectiveMetadataTests.test_rehashed_shared_observation_forgery_is_recomputed) ... ok
test_retained_header_etag_change_refused_after_repin (tests.test_prospective_source_metadata_radio.ProspectiveMetadataTests.test_retained_header_etag_change_refused_after_repin) ... ok
test_retained_header_integer_float_boolean_aliases_refused (tests.test_prospective_source_metadata_radio.ProspectiveMetadataTests.test_retained_header_integer_float_boolean_aliases_refused) ... ok
test_retained_metadata_outputs_are_permanently_blocked (tests.test_prospective_source_metadata_radio.ProspectiveMetadataTests.test_retained_metadata_outputs_are_permanently_blocked) ... ok
test_rounding_clock_receipt_cannot_replace_exact_rational_clock (tests.test_prospective_source_metadata_radio.ProspectiveMetadataTests.test_rounding_clock_receipt_cannot_replace_exact_rational_clock) ... ok
test_scientific_rank_tie_empty_gate_changes_refused (tests.test_prospective_source_metadata_radio.ProspectiveMetadataTests.test_scientific_rank_tie_empty_gate_changes_refused) ... ok
test_scored_span_and_rate_width_scope_are_not_extraction_width (tests.test_prospective_source_metadata_radio.ProspectiveMetadataTests.test_scored_span_and_rate_width_scope_are_not_extraction_width) ... ok
test_source_and_windows_preserve_288_scan_row_chunk_identities (tests.test_prospective_source_metadata_radio.ProspectiveMetadataTests.test_source_and_windows_preserve_288_scan_row_chunk_identities) ... ok
test_total_metadata_bound_refused_without_large_file (tests.test_prospective_source_metadata_radio.ProspectiveMetadataTests.test_total_metadata_bound_refused_without_large_file) ... ok
test_unknown_output_authority_fields_refused_after_rehash (tests.test_prospective_source_metadata_radio.ProspectiveMetadataTests.test_unknown_output_authority_fields_refused_after_rehash) ... ok
test_validator_does_not_call_builder (tests.test_prospective_source_metadata_radio.ProspectiveMetadataTests.test_validator_does_not_call_builder) ... ok
test_wrapper_is_not_the_live_source_contract_artifact (tests.test_prospective_source_metadata_radio.ProspectiveMetadataTests.test_wrapper_is_not_the_live_source_contract_artifact) ... ok
test_wrong_source_inventory_and_checkpoint_are_refused (tests.test_prospective_source_metadata_radio.ProspectiveMetadataTests.test_wrong_source_inventory_and_checkpoint_are_refused) ... ok
test_concurrent_destination_creation_never_overwrites_winner (tests.test_radio_native_v2_preparation_suite_store.AttemptStoreTests.test_concurrent_destination_creation_never_overwrites_winner) ... ok
test_counter_type_aliases_and_false_pass_refused_before_output (tests.test_radio_native_v2_preparation_suite_store.AttemptStoreTests.test_counter_type_aliases_and_false_pass_refused_before_output) ... ok
test_directory_fsync_failure_cannot_leave_selectable_publication (tests.test_radio_native_v2_preparation_suite_store.AttemptStoreTests.test_directory_fsync_failure_cannot_leave_selectable_publication) ... ok
test_directory_replacement_during_staging_cannot_report_success (tests.test_radio_native_v2_preparation_suite_store.AttemptStoreTests.test_directory_replacement_during_staging_cannot_report_success) ... ok
test_duplicate_noncanonical_and_nonfinite_json_refused (tests.test_radio_native_v2_preparation_suite_store.AttemptStoreTests.test_duplicate_noncanonical_and_nonfinite_json_refused) ... ok
test_explicit_digest_and_source_drift_are_independent_selection_gates (tests.test_radio_native_v2_preparation_suite_store.AttemptStoreTests.test_explicit_digest_and_source_drift_are_independent_selection_gates) ... ok
test_failed_attempt_is_retained_but_not_selected (tests.test_radio_native_v2_preparation_suite_store.AttemptStoreTests.test_failed_attempt_is_retained_but_not_selected) ... ok
test_file_fsync_failure_retains_pending_without_final_name (tests.test_radio_native_v2_preparation_suite_store.AttemptStoreTests.test_file_fsync_failure_retains_pending_without_final_name) ... ok
test_oversize_summary_and_invalid_attempts_have_no_output (tests.test_radio_native_v2_preparation_suite_store.AttemptStoreTests.test_oversize_summary_and_invalid_attempts_have_no_output) ... ok
test_pending_unlink_failure_cannot_leave_selectable_publication (tests.test_radio_native_v2_preparation_suite_store.AttemptStoreTests.test_pending_unlink_failure_cannot_leave_selectable_publication) ... ok
test_read_path_replacement_is_not_accepted_as_original_evidence (tests.test_radio_native_v2_preparation_suite_store.AttemptStoreTests.test_read_path_replacement_is_not_accepted_as_original_evidence) ... ok
test_results_directory_alias_is_refused_without_external_writes (tests.test_radio_native_v2_preparation_suite_store.AttemptStoreTests.test_results_directory_alias_is_refused_without_external_writes) ... ok
test_same_attempt_collision_refuses_before_any_write (tests.test_radio_native_v2_preparation_suite_store.AttemptStoreTests.test_same_attempt_collision_refuses_before_any_write) ... ok
test_short_writes_preserve_exact_complete_bytes_and_fsync (tests.test_radio_native_v2_preparation_suite_store.AttemptStoreTests.test_short_writes_preserve_exact_complete_bytes_and_fsync) ... ok
test_source_parent_symlink_and_file_hardlink_refused (tests.test_radio_native_v2_preparation_suite_store.AttemptStoreTests.test_source_parent_symlink_and_file_hardlink_refused) ... ok
test_summary_symlink_and_hardlink_aliases_refused (tests.test_radio_native_v2_preparation_suite_store.AttemptStoreTests.test_summary_symlink_and_hardlink_aliases_refused) ... ok
test_two_passing_attempts_preserve_existing_shared_alias_and_select_exact_second (tests.test_radio_native_v2_preparation_suite_store.AttemptStoreTests.test_two_passing_attempts_preserve_existing_shared_alias_and_select_exact_second) ... ok
test_unsafe_source_paths_and_invalid_pin_types_refused_before_output (tests.test_radio_native_v2_preparation_suite_store.AttemptStoreTests.test_unsafe_source_paths_and_invalid_pin_types_refused_before_output) ... ok
test_authenticated_manifest_is_detached_from_mutable_caller (tests.test_radio_native_v2_historical_storage.HistoricalStorageTests.test_authenticated_manifest_is_detached_from_mutable_caller) ... ok
test_canonical_paths_and_unexpected_manifest_fields_are_rejected (tests.test_radio_native_v2_historical_storage.HistoricalStorageTests.test_canonical_paths_and_unexpected_manifest_fields_are_rejected) ... ok
test_changed_content_or_mode_rejects_retained_metadata (tests.test_radio_native_v2_historical_storage.HistoricalStorageTests.test_changed_content_or_mode_rejects_retained_metadata) ... ok
test_changed_observation_fails_external_pin_even_with_plausible_flags (tests.test_radio_native_v2_historical_storage.HistoricalStorageTests.test_changed_observation_fails_external_pin_even_with_plausible_flags) ... ok
test_combined_entry_capacity_32768_is_not_relaxed (tests.test_radio_native_v2_historical_storage.HistoricalStorageTests.test_combined_entry_capacity_32768_is_not_relaxed) ... ok
test_combined_storage_exceeding_original_bound_is_rejected (tests.test_radio_native_v2_historical_storage.HistoricalStorageTests.test_combined_storage_exceeding_original_bound_is_rejected) ... ok
test_duplicate_manifest_inode_and_integer_overflow_reject_before_disk (tests.test_radio_native_v2_historical_storage.HistoricalStorageTests.test_duplicate_manifest_inode_and_integer_overflow_reject_before_disk) ... ok
test_empty_file_raw_pin_is_verified (tests.test_radio_native_v2_historical_storage.HistoricalStorageTests.test_empty_file_raw_pin_is_verified) ... ok
test_even_pinned_forged_totals_and_boolean_values_fail (tests.test_radio_native_v2_historical_storage.HistoricalStorageTests.test_even_pinned_forged_totals_and_boolean_values_fail) ... ok
test_even_pinned_inode_alias_and_canonical_root_overlap_fail (tests.test_radio_native_v2_historical_storage.HistoricalStorageTests.test_even_pinned_inode_alias_and_canonical_root_overlap_fail) ... ok
test_exact_descriptor_observation_is_read_only_and_charges_directories (tests.test_radio_native_v2_historical_storage.HistoricalStorageTests.test_exact_descriptor_observation_is_read_only_and_charges_directories) ... ok
test_hardlink_outside_scope_is_rejected (tests.test_radio_native_v2_historical_storage.HistoricalStorageTests.test_hardlink_outside_scope_is_rejected) ... ok
test_join_charges_three_disjoint_components_exactly_once_without_io (tests.test_radio_native_v2_historical_storage.HistoricalStorageTests.test_join_charges_three_disjoint_components_exactly_once_without_io) ... ok
test_late_mutation_of_already_read_file_is_detected_with_held_descriptor (tests.test_radio_native_v2_historical_storage.HistoricalStorageTests.test_late_mutation_of_already_read_file_is_detected_with_held_descriptor) ... ok
test_mutated_headers_at_authentication_boundary_reject_before_disk (tests.test_radio_native_v2_historical_storage.HistoricalStorageTests.test_mutated_headers_at_authentication_boundary_reject_before_disk) ... ok
test_prospective_control_overlap_and_unverified_ledger_fail (tests.test_radio_native_v2_historical_storage.HistoricalStorageTests.test_prospective_control_overlap_and_unverified_ledger_fail) ... ok
test_same_component_duplicate_inode_or_escaped_row_fail (tests.test_radio_native_v2_historical_storage.HistoricalStorageTests.test_same_component_duplicate_inode_or_escaped_row_fail) ... ok
test_same_size_changed_content_and_updated_metadata_still_rejects_raw_pin (tests.test_radio_native_v2_historical_storage.HistoricalStorageTests.test_same_size_changed_content_and_updated_metadata_still_rejects_raw_pin) ... ok
test_scope_rebinding_during_read_is_detected (tests.test_radio_native_v2_historical_storage.HistoricalStorageTests.test_scope_rebinding_during_read_is_detected) ... ok
test_symlink_ancestor_is_rejected (tests.test_radio_native_v2_historical_storage.HistoricalStorageTests.test_symlink_ancestor_is_rejected) ... ok
test_symlink_and_fifo_replacements_are_not_opened_as_files (tests.test_radio_native_v2_historical_storage.HistoricalStorageTests.test_symlink_and_fifo_replacements_are_not_opened_as_files) ... ok
test_symlink_swap_between_named_stat_and_open_fails_closed (tests.test_radio_native_v2_historical_storage.HistoricalStorageTests.test_symlink_swap_between_named_stat_and_open_fails_closed) ... ok
test_unexpected_file_dotfile_directory_or_fifo_rejected_without_read (tests.test_radio_native_v2_historical_storage.HistoricalStorageTests.test_unexpected_file_dotfile_directory_or_fifo_rejected_without_read) ... ok
test_wrong_external_pin_rejects_before_filesystem_access (tests.test_radio_native_v2_historical_storage.HistoricalStorageTests.test_wrong_external_pin_rejects_before_filesystem_access) ... ok
test_authenticated_snapshots_and_requirements_are_detached_from_caller_mutation (tests.test_radio_native_v2_historical_storage.JointRetainedStorageTests.test_authenticated_snapshots_and_requirements_are_detached_from_caller_mutation) ... ok
test_authenticated_wrong_historical_c_role_is_rejected (tests.test_radio_native_v2_historical_storage.JointRetainedStorageTests.test_authenticated_wrong_historical_c_role_is_rejected) ... ok
test_combined_five_member_charge_keeps_original_whole_storage_cap (tests.test_radio_native_v2_historical_storage.JointRetainedStorageTests.test_combined_five_member_charge_keeps_original_whole_storage_cap) ... ok
test_complete_five_member_join_charges_every_scope_and_journal_once_without_io (tests.test_radio_native_v2_historical_storage.JointRetainedStorageTests.test_complete_five_member_join_charges_every_scope_and_journal_once_without_io) ... ok
test_cross_component_scope_and_journal_inode_aliases_fail_even_when_repinned (tests.test_radio_native_v2_historical_storage.JointRetainedStorageTests.test_cross_component_scope_and_journal_inode_aliases_fail_even_when_repinned) ... ok
test_current_historical_c_file_drift_refuses_its_held_manifest (tests.test_radio_native_v2_historical_storage.JointRetainedStorageTests.test_current_historical_c_file_drift_refuses_its_held_manifest) ... ok
test_duplicate_scope_or_journal_is_refused_under_distinct_required_labels (tests.test_radio_native_v2_historical_storage.JointRetainedStorageTests.test_duplicate_scope_or_journal_is_refused_under_distinct_required_labels) ... ok
test_even_repinned_historical_c_unstable_or_authorized_flags_are_refused (tests.test_radio_native_v2_historical_storage.JointRetainedStorageTests.test_even_repinned_historical_c_unstable_or_authorized_flags_are_refused) ... ok
test_future_control_overlap_with_either_c_component_is_refused (tests.test_radio_native_v2_historical_storage.JointRetainedStorageTests.test_future_control_overlap_with_either_c_component_is_refused) ... ok
test_historical_c_observation_drift_rejects_independent_byte_pin (tests.test_radio_native_v2_historical_storage.JointRetainedStorageTests.test_historical_c_observation_drift_rejects_independent_byte_pin) ... ok
test_ledger_checks_follow_roles_even_for_labels_without_ledger_suffix (tests.test_radio_native_v2_historical_storage.JointRetainedStorageTests.test_ledger_checks_follow_roles_even_for_labels_without_ledger_suffix) ... ok
test_missing_historical_c_scope_or_journal_fails_even_with_regenerated_pins (tests.test_radio_native_v2_historical_storage.JointRetainedStorageTests.test_missing_historical_c_scope_or_journal_fails_even_with_regenerated_pins) ... ok
test_missing_or_additional_pins_and_component_labels_fail (tests.test_radio_native_v2_historical_storage.JointRetainedStorageTests.test_missing_or_additional_pins_and_component_labels_fail) ... ok
test_nested_retained_c_journal_and_prospective_roots_are_refused (tests.test_radio_native_v2_historical_storage.JointRetainedStorageTests.test_nested_retained_c_journal_and_prospective_roots_are_refused) ... ok
test_role_map_requires_exact_labels_paired_history_and_one_prospective (tests.test_radio_native_v2_historical_storage.JointRetainedStorageTests.test_role_map_requires_exact_labels_paired_history_and_one_prospective) ... ok
test_admission_failure_precedes_all_ledger_mutations (tests.test_radio_native_v2_prospective_spending.InvocationSpendingTests.test_admission_failure_precedes_all_ledger_mutations) ... ok
test_all_apis_refuse_historical_ledger_root_without_reading_or_modifying_it (tests.test_radio_native_v2_prospective_spending.InvocationSpendingTests.test_all_apis_refuse_historical_ledger_root_without_reading_or_modifying_it) ... ok
test_all_historical_namespaces_markers_and_commits_permanently_denied (tests.test_radio_native_v2_prospective_spending.InvocationSpendingTests.test_all_historical_namespaces_markers_and_commits_permanently_denied) ... ok
test_all_public_spend_apis_require_explicit_repository_root (tests.test_radio_native_v2_prospective_spending.InvocationSpendingTests.test_all_public_spend_apis_require_explicit_repository_root) ... ok
test_canonical_paths_and_scope_overlap_denied_before_io (tests.test_radio_native_v2_prospective_spending.InvocationSpendingTests.test_canonical_paths_and_scope_overlap_denied_before_io) ... ok
test_changed_commit_replay_remains_denied (tests.test_radio_native_v2_prospective_spending.InvocationSpendingTests.test_changed_commit_replay_remains_denied) ... ok
test_changed_scope_replay_remains_denied (tests.test_radio_native_v2_prospective_spending.InvocationSpendingTests.test_changed_scope_replay_remains_denied) ... ok
test_claim_mutation_after_readback_denied_without_witness (tests.test_radio_native_v2_prospective_spending.InvocationSpendingTests.test_claim_mutation_after_readback_denied_without_witness) ... ok
test_consume_durable_readback_and_worker_rechecks_without_scope (tests.test_radio_native_v2_prospective_spending.InvocationSpendingTests.test_consume_durable_readback_and_worker_rechecks_without_scope) ... ok
test_exact_historical_identities_are_pinned (tests.test_radio_native_v2_prospective_spending.InvocationSpendingTests.test_exact_historical_identities_are_pinned) ... ok
test_existing_empty_partial_malformed_records_permanently_refuse (tests.test_radio_native_v2_prospective_spending.InvocationSpendingTests.test_existing_empty_partial_malformed_records_permanently_refuse) ... ok
test_existing_symlink_hardlink_directory_and_fifo_refuse_without_io (tests.test_radio_native_v2_prospective_spending.InvocationSpendingTests.test_existing_symlink_hardlink_directory_and_fifo_refuse_without_io) ... ok
test_extra_entry_after_durable_readback_denies_witness_and_keeps_claim_spent (tests.test_radio_native_v2_prospective_spending.InvocationSpendingTests.test_extra_entry_after_durable_readback_denies_witness_and_keeps_claim_spent) ... ok
test_failed_final_directory_fsync_retains_complete_claim (tests.test_radio_native_v2_prospective_spending.InvocationSpendingTests.test_failed_final_directory_fsync_retains_complete_claim) ... ok
test_failed_first_fsync_retains_empty_claim_and_never_returns_witness (tests.test_radio_native_v2_prospective_spending.InvocationSpendingTests.test_failed_first_fsync_retains_empty_claim_and_never_returns_witness) ... ok
test_file_and_directory_fsync_complete_before_readback_or_witness (tests.test_radio_native_v2_prospective_spending.InvocationSpendingTests.test_file_and_directory_fsync_complete_before_readback_or_witness) ... ok
test_four_concurrent_process_attempts_accept_exactly_one (tests.test_radio_native_v2_prospective_spending.InvocationSpendingTests.test_four_concurrent_process_attempts_accept_exactly_one) ... ok
test_historical_receipts_refuse_worker_and_storage_apis_before_directory_io (tests.test_radio_native_v2_prospective_spending.InvocationSpendingTests.test_historical_receipts_refuse_worker_and_storage_apis_before_directory_io) ... ok
test_ledger_directory_replacement_denies_worker (tests.test_radio_native_v2_prospective_spending.InvocationSpendingTests.test_ledger_directory_replacement_denies_worker) ... ok
test_ledger_is_not_created_and_insecure_or_symlink_ledgers_deny (tests.test_radio_native_v2_prospective_spending.InvocationSpendingTests.test_ledger_is_not_created_and_insecure_or_symlink_ledgers_deny) ... ok
test_missing_extra_wrong_type_and_authority_receipts_denied (tests.test_radio_native_v2_prospective_spending.InvocationSpendingTests.test_missing_extra_wrong_type_and_authority_receipts_denied) ... ok
test_original_repository_policy_is_pure_and_has_no_rearm_api (tests.test_radio_native_v2_prospective_spending.InvocationSpendingTests.test_original_repository_policy_is_pure_and_has_no_rearm_api) ... ok
test_original_root_binding_refuses_wrong_root_and_alias_before_directory_io (tests.test_radio_native_v2_prospective_spending.InvocationSpendingTests.test_original_root_binding_refuses_wrong_root_and_alias_before_directory_io) ... ok
test_partial_write_failure_retains_claim (tests.test_radio_native_v2_prospective_spending.InvocationSpendingTests.test_partial_write_failure_retains_claim) ... ok
test_preclaim_unexpected_entries_refuse_before_exclusive_creation (tests.test_radio_native_v2_prospective_spending.InvocationSpendingTests.test_preclaim_unexpected_entries_refuse_before_exclusive_creation) ... ok
test_preexisting_claim_keeps_spent_reason_even_with_extra_entries (tests.test_radio_native_v2_prospective_spending.InvocationSpendingTests.test_preexisting_claim_keeps_spent_reason_even_with_extra_entries) ... ok
test_receipt_mutation_during_admission_denied_without_claim (tests.test_radio_native_v2_prospective_spending.InvocationSpendingTests.test_receipt_mutation_during_admission_denied_without_claim) ... ok
test_receipt_validator_exception_leaves_no_claim (tests.test_radio_native_v2_prospective_spending.InvocationSpendingTests.test_receipt_validator_exception_leaves_no_claim) ... ok
test_record_corruption_partial_json_and_duplicate_keys_deny_worker (tests.test_radio_native_v2_prospective_spending.InvocationSpendingTests.test_record_corruption_partial_json_and_duplicate_keys_deny_worker) ... ok
test_record_hardlink_mode_change_symlink_and_missing_deny_worker (tests.test_radio_native_v2_prospective_spending.InvocationSpendingTests.test_record_hardlink_mode_change_symlink_and_missing_deny_worker) ... ok
test_root_is_not_inferred_from_scope_or_witness (tests.test_radio_native_v2_prospective_spending.InvocationSpendingTests.test_root_is_not_inferred_from_scope_or_witness) ... ok
test_same_bytes_record_replacement_is_detected_by_held_identity (tests.test_radio_native_v2_prospective_spending.InvocationSpendingTests.test_same_bytes_record_replacement_is_detected_by_held_identity) ... ok
test_sixteen_concurrent_thread_attempts_accept_exactly_one (tests.test_radio_native_v2_prospective_spending.InvocationSpendingTests.test_sixteen_concurrent_thread_attempts_accept_exactly_one) ... ok
test_spent_c_literal_identity_refuses_admission_and_all_ledger_io (tests.test_radio_native_v2_prospective_spending.InvocationSpendingTests.test_spent_c_literal_identity_refuses_admission_and_all_ledger_io) ... ok
test_spent_c_literal_identity_refuses_read_only_worker_and_storage_paths (tests.test_radio_native_v2_prospective_spending.InvocationSpendingTests.test_spent_c_literal_identity_refuses_read_only_worker_and_storage_paths) ... ok
test_storage_observation_bounds_directory_size_before_enumeration (tests.test_radio_native_v2_prospective_spending.InvocationSpendingTests.test_storage_observation_bounds_directory_size_before_enumeration) ... ok
test_storage_observation_counts_current_file_and_directory_bytes_blocks (tests.test_radio_native_v2_prospective_spending.InvocationSpendingTests.test_storage_observation_counts_current_file_and_directory_bytes_blocks) ... ok
test_storage_observation_denies_ledger_root_replacement_after_authenticated_read (tests.test_radio_native_v2_prospective_spending.InvocationSpendingTests.test_storage_observation_denies_ledger_root_replacement_after_authenticated_read) ... ok
test_storage_observation_detects_directory_inventory_mutation_during_scan (tests.test_radio_native_v2_prospective_spending.InvocationSpendingTests.test_storage_observation_detects_directory_inventory_mutation_during_scan) ... ok
test_storage_observation_detects_directory_size_or_block_drift (tests.test_radio_native_v2_prospective_spending.InvocationSpendingTests.test_storage_observation_detects_directory_size_or_block_drift) ... ok
test_storage_observation_detects_file_block_drift_under_unchanged_witness (tests.test_radio_native_v2_prospective_spending.InvocationSpendingTests.test_storage_observation_detects_file_block_drift_under_unchanged_witness) ... ok
test_storage_observation_reauthenticates_receipt_witness_scope_and_ledger (tests.test_radio_native_v2_prospective_spending.InvocationSpendingTests.test_storage_observation_reauthenticates_receipt_witness_scope_and_ledger) ... ok
test_storage_observation_rejects_all_extra_including_hidden_and_special_entries (tests.test_radio_native_v2_prospective_spending.InvocationSpendingTests.test_storage_observation_rejects_all_extra_including_hidden_and_special_entries) ... ok
test_storage_observation_rejects_record_alias_corruption_and_missing_entry (tests.test_radio_native_v2_prospective_spending.InvocationSpendingTests.test_storage_observation_rejects_record_alias_corruption_and_missing_entry) ... ok
test_witness_receipt_scope_ledger_and_identity_tampering_deny_worker (tests.test_radio_native_v2_prospective_spending.InvocationSpendingTests.test_witness_receipt_scope_ledger_and_identity_tampering_deny_worker) ... ok
test_worker_and_storage_refuse_wrong_explicit_original_root_before_io (tests.test_radio_native_v2_prospective_spending.InvocationSpendingTests.test_worker_and_storage_refuse_wrong_explicit_original_root_before_io) ... ok
test_worker_verification_requires_exact_inventory (tests.test_radio_native_v2_prospective_spending.InvocationSpendingTests.test_worker_verification_requires_exact_inventory) ... ok
test_zero_length_write_refuses_and_retains_claim (tests.test_radio_native_v2_prospective_spending.InvocationSpendingTests.test_zero_length_write_refuses_and_retains_claim) ... ok
test_b_witness_remains_readable_but_d_refuses_it_before_any_ledger_open (tests.test_radio_native_v2_historical_spending_join.HistoricalSpendingJoinTests.test_b_witness_remains_readable_but_d_refuses_it_before_any_ledger_open) ... ok
test_cross_ledger_inode_alias_and_changed_observation_pin_refused (tests.test_radio_native_v2_historical_spending_join.HistoricalSpendingJoinTests.test_cross_ledger_inode_alias_and_changed_observation_pin_refused) ... ok
test_distinct_held_b_and_candidate_d_observers_charge_all_rows_once (tests.test_radio_native_v2_historical_spending_join.HistoricalSpendingJoinTests.test_distinct_held_b_and_candidate_d_observers_charge_all_rows_once) ... ok
test_historical_record_tamper_refused_by_b_and_retained_scope_observer (tests.test_radio_native_v2_historical_spending_join.HistoricalSpendingJoinTests.test_historical_record_tamper_refused_by_b_and_retained_scope_observer) ... ok
test_original_and_prospective_replays_do_not_create_a_second_record (tests.test_radio_native_v2_historical_spending_join.HistoricalSpendingJoinTests.test_original_and_prospective_replays_do_not_create_a_second_record) ... ok
test_exact_frozen_b_c_and_current_d_contracts_join_without_reusing_any_identity (tests.test_radio_native_v2_historical_spending_join.TwoHistoricalSpendingJoinTests.test_exact_frozen_b_c_and_current_d_contracts_join_without_reusing_any_identity) ... ok
test_historical_c_record_drift_is_refused_by_frozen_contract_and_retained_manifest (tests.test_radio_native_v2_historical_spending_join.TwoHistoricalSpendingJoinTests.test_historical_c_record_drift_is_refused_by_frozen_contract_and_retained_manifest) ... ok
test_omitting_c_scope_or_spent_journal_fails_even_with_valid_remaining_spend_witness (tests.test_radio_native_v2_historical_spending_join.TwoHistoricalSpendingJoinTests.test_omitting_c_scope_or_spent_journal_fails_even_with_valid_remaining_spend_witness) ... ok
test_raw_input_requires_exact_pin_sole_link_and_nofollow_ancestors (tests.test_radio_native_v2_historical_observation.HeldHistoricalSourceTests.test_raw_input_requires_exact_pin_sole_link_and_nofollow_ancestors) ... ok
test_unpinned_historical_source_is_refused_before_execution (tests.test_radio_native_v2_historical_observation.HeldHistoricalSourceTests.test_unpinned_historical_source_is_refused_before_execution) ... ok
test_current_scope_cannot_escape_the_independent_root (tests.test_radio_native_v2_historical_observation.HistoricalRootAndContractTests.test_current_scope_cannot_escape_the_independent_root) ... ok
test_current_scope_cannot_reuse_or_nest_either_spent_scope_or_journal (tests.test_radio_native_v2_historical_observation.HistoricalRootAndContractTests.test_current_scope_cannot_reuse_or_nest_either_spent_scope_or_journal) ... ok
test_every_historical_input_needs_exact_plan_and_input_freeze_pin (tests.test_radio_native_v2_historical_observation.HistoricalRootAndContractTests.test_every_historical_input_needs_exact_plan_and_input_freeze_pin) ... ok
test_exact_original_root_and_distinct_d_root_are_mandatory (tests.test_radio_native_v2_historical_observation.HistoricalRootAndContractTests.test_exact_original_root_and_distinct_d_root_are_mandatory) ... ok
test_missing_history_is_refused_before_any_source_load (tests.test_radio_native_v2_historical_observation.HistoricalRootAndContractTests.test_missing_history_is_refused_before_any_source_load) ... ok
test_missing_relabelled_or_extra_component_roles_refuse_before_source_io (tests.test_radio_native_v2_historical_observation.HistoricalRootAndContractTests.test_missing_relabelled_or_extra_component_roles_refuse_before_source_io) ... ok
test_plan_cannot_select_storage_implementation_or_extra_history (tests.test_radio_native_v2_historical_observation.HistoricalRootAndContractTests.test_plan_cannot_select_storage_implementation_or_extra_history) ... ok
test_registered_material_inventory_covers_all_history_sources_and_tests (tests.test_radio_native_v2_historical_observation.HistoricalRootAndContractTests.test_registered_material_inventory_covers_all_history_sources_and_tests) ... ok
test_restored_content_cannot_claim_original_identity_continuity (tests.test_radio_native_v2_historical_observation.HistoricalRootAndContractTests.test_restored_content_cannot_claim_original_identity_continuity) ... ok
test_current_d_inventory_must_bind_scope_and_exact_root_before_history_read (tests.test_radio_native_v2_historical_observation.JoinedObservationBoundaryTests.test_current_d_inventory_must_bind_scope_and_exact_root_before_history_read) ... ok
test_d_journal_mutation_on_historical_entry_refuses_join (tests.test_radio_native_v2_historical_observation.JoinedObservationBoundaryTests.test_d_journal_mutation_on_historical_entry_refuses_join) ... ok
test_join_passes_all_five_exact_component_labels_and_roles_to_storage (tests.test_radio_native_v2_historical_observation.JoinedObservationBoundaryTests.test_join_passes_all_five_exact_component_labels_and_roles_to_storage) ... ok
test_mutable_passed_d_snapshot_cannot_erase_before_history_pin (tests.test_radio_native_v2_historical_observation.JoinedObservationBoundaryTests.test_mutable_passed_d_snapshot_cannot_erase_before_history_pin) ... ok
test_unchanged_d_is_reobserved_on_both_sides_of_historical_window (tests.test_radio_native_v2_historical_observation.JoinedObservationBoundaryTests.test_unchanged_d_is_reobserved_on_both_sides_of_historical_window) ... ok
test_c_case_directory_omission_public_file_change_or_relabelled_scope_refuses (tests.test_radio_native_v2_historical_observation.RetainedCObservationTests.test_c_case_directory_omission_public_file_change_or_relabelled_scope_refuses) ... ok
test_c_journal_change_during_scope_observation_refuses (tests.test_radio_native_v2_historical_observation.RetainedCObservationTests.test_c_journal_change_during_scope_observation_refuses) ... ok
test_exact_retained_c_public_closure_empty_cases_and_journal_are_bound (tests.test_radio_native_v2_historical_observation.RetainedCObservationTests.test_exact_retained_c_public_closure_empty_cases_and_journal_are_bound) ... ok
test_actual_cold_preparation_reaches_read_only_control_admission (tests.test_radio_native_v2_cold_driver_admission.ColdDriverAdmissionTests.test_actual_cold_preparation_reaches_read_only_control_admission) ... ok
test_driver_bootstrap_rechecks_with_observer_metadata_outside_cases (tests.test_radio_native_v2_cold_driver_admission.ColdDriverAdmissionTests.test_driver_bootstrap_rechecks_with_observer_metadata_outside_cases) ... ok
test_populated_case_is_refused_at_the_same_cold_boundary (tests.test_radio_native_v2_cold_driver_admission.ColdDriverAdmissionTests.test_populated_case_is_refused_at_the_same_cold_boundary) ... ok
test_real_driver_bootstrap_accepts_actual_cold_preparation (tests.test_radio_native_v2_cold_driver_admission.ColdDriverAdmissionTests.test_real_driver_bootstrap_accepts_actual_cold_preparation) ... ok
test_forged_terminal_identity_is_still_refused (tests.test_radio_native_v2_observer_terminal_identity.ObserverTerminalIdentityTests.test_forged_terminal_identity_is_still_refused) ... ok
test_identity_published_before_terminal_eof_is_verified (tests.test_radio_native_v2_observer_terminal_identity.ObserverTerminalIdentityTests.test_identity_published_before_terminal_eof_is_verified) ... ok
test_malformed_terminal_identity_is_still_refused (tests.test_radio_native_v2_observer_terminal_identity.ObserverTerminalIdentityTests.test_malformed_terminal_identity_is_still_refused) ... ok
test_missing_terminal_identity_is_still_refused (tests.test_radio_native_v2_observer_terminal_identity.ObserverTerminalIdentityTests.test_missing_terminal_identity_is_still_refused) ... ok
test_bool_and_float_values_cannot_satisfy_integer_contracts (tests.test_radio_native_v2_archival_closure.ArchivalClosureTests.test_bool_and_float_values_cannot_satisfy_integer_contracts) ... ok
test_exact_public_bundle_closes_c_without_live_storage_authority (tests.test_radio_native_v2_archival_closure.ArchivalClosureTests.test_exact_public_bundle_closes_c_without_live_storage_authority) ... ok
test_inventory_cannot_claim_completed_nonempty_or_scientific_work (tests.test_radio_native_v2_archival_closure.ArchivalClosureTests.test_inventory_cannot_claim_completed_nonempty_or_scientific_work) ... ok
test_inventory_directory_modes_allocation_and_ancestry_are_validated (tests.test_radio_native_v2_archival_closure.ArchivalClosureTests.test_inventory_directory_modes_allocation_and_ancestry_are_validated) ... ok
test_inventory_empty_case_and_frozen_file_claims_require_corresponding_rows (tests.test_radio_native_v2_archival_closure.ArchivalClosureTests.test_inventory_empty_case_and_frozen_file_claims_require_corresponding_rows) ... ok
test_inventory_paths_cannot_escape_duplicate_or_alias_directory_labels (tests.test_radio_native_v2_archival_closure.ArchivalClosureTests.test_inventory_paths_cannot_escape_duplicate_or_alias_directory_labels) ... ok
test_inventory_row_digests_links_and_exact_shapes_are_validated (tests.test_radio_native_v2_archival_closure.ArchivalClosureTests.test_inventory_row_digests_links_and_exact_shapes_are_validated) ... ok
test_inventory_rows_and_declared_totals_must_agree (tests.test_radio_native_v2_archival_closure.ArchivalClosureTests.test_inventory_rows_and_declared_totals_must_agree) ... ok
test_launch_argv_must_bind_isolation_script_and_config (tests.test_radio_native_v2_archival_closure.ArchivalClosureTests.test_launch_argv_must_bind_isolation_script_and_config) ... ok
test_launch_config_commit_ledger_and_utc_fields_are_validated (tests.test_radio_native_v2_archival_closure.ArchivalClosureTests.test_launch_config_commit_ledger_and_utc_fields_are_validated) ... ok
test_launch_environment_must_preserve_isolation_and_canonical_path (tests.test_radio_native_v2_archival_closure.ArchivalClosureTests.test_launch_environment_must_preserve_isolation_and_canonical_path) ... ok
test_missing_extra_and_changed_pins_are_refused (tests.test_radio_native_v2_archival_closure.ArchivalClosureTests.test_missing_extra_and_changed_pins_are_refused) ... ok
test_noncanonical_or_duplicate_json_is_refused_even_when_pinned (tests.test_radio_native_v2_archival_closure.ArchivalClosureTests.test_noncanonical_or_duplicate_json_is_refused_even_when_pinned) ... ok
test_preservation_status_baseline_count_and_no_rerun_claim_are_bound (tests.test_radio_native_v2_archival_closure.ArchivalClosureTests.test_preservation_status_baseline_count_and_no_rerun_claim_are_bound) ... ok
test_public_archive_never_asserts_original_live_observation (tests.test_radio_native_v2_archival_closure.ArchivalClosureTests.test_public_archive_never_asserts_original_live_observation) ... ok
test_retry_restart_and_authority_bits_cannot_be_relaxed (tests.test_radio_native_v2_archival_closure.ArchivalClosureTests.test_retry_restart_and_authority_bits_cannot_be_relaxed) ... ok
test_scope_label_must_be_canonical_and_bind_the_closed_c_generation (tests.test_radio_native_v2_archival_closure.ArchivalClosureTests.test_scope_label_must_be_canonical_and_bind_the_closed_c_generation) ... ok
test_spend_state_and_cross_file_activation_commit_are_bound (tests.test_radio_native_v2_archival_closure.ArchivalClosureTests.test_spend_state_and_cross_file_activation_commit_are_bound) ... ok
test_terminal_spend_hash_filename_and_counts_are_cross_checked (tests.test_radio_native_v2_archival_closure.ArchivalClosureTests.test_terminal_spend_hash_filename_and_counts_are_cross_checked) ... ok
test_terminal_timestamp_must_be_canonical_and_not_precede_start (tests.test_radio_native_v2_archival_closure.ArchivalClosureTests.test_terminal_timestamp_must_be_canonical_and_not_precede_start) ... ok
test_changed_observation_after_pin_is_refused (tests.test_radio_native_v2_multi_history_storage.MultiHistoryStorageTests.test_changed_observation_after_pin_is_refused) ... ok
test_cross_generation_inode_alias_is_refused (tests.test_radio_native_v2_multi_history_storage.MultiHistoryStorageTests.test_cross_generation_inode_alias_is_refused) ... ok
test_cross_generation_root_overlap_is_refused (tests.test_radio_native_v2_multi_history_storage.MultiHistoryStorageTests.test_cross_generation_root_overlap_is_refused) ... ok
test_false_historical_authentication_flags_are_refused (tests.test_radio_native_v2_multi_history_storage.MultiHistoryStorageTests.test_false_historical_authentication_flags_are_refused) ... ok
test_missing_extra_and_changed_independent_pins_are_refused (tests.test_radio_native_v2_multi_history_storage.MultiHistoryStorageTests.test_missing_extra_and_changed_independent_pins_are_refused) ... ok
test_one_history_is_not_silently_promoted_to_multi_history (tests.test_radio_native_v2_multi_history_storage.MultiHistoryStorageTests.test_one_history_is_not_silently_promoted_to_multi_history) ... ok
test_prospective_control_overlap_is_refused (tests.test_radio_native_v2_multi_history_storage.MultiHistoryStorageTests.test_prospective_control_overlap_is_refused) ... ok
test_prospective_false_witness_and_noncanonical_sha_are_refused (tests.test_radio_native_v2_multi_history_storage.MultiHistoryStorageTests.test_prospective_false_witness_and_noncanonical_sha_are_refused) ... ok
test_prospective_ledger_requires_exact_root_and_direct_file (tests.test_radio_native_v2_multi_history_storage.MultiHistoryStorageTests.test_prospective_ledger_requires_exact_root_and_direct_file) ... ok
test_two_closed_generations_and_distinct_prospective_are_charged_once (tests.test_radio_native_v2_multi_history_storage.MultiHistoryStorageTests.test_two_closed_generations_and_distinct_prospective_are_charged_once) ... ok
test_unsorted_duplicate_and_malformed_generations_are_refused (tests.test_radio_native_v2_multi_history_storage.MultiHistoryStorageTests.test_unsorted_duplicate_and_malformed_generations_are_refused) ... ok
test_whole_bound_is_enforced_after_all_generations (tests.test_radio_native_v2_multi_history_storage.MultiHistoryStorageTests.test_whole_bound_is_enforced_after_all_generations) ... ok
test_canonical_paths_sorted_rows_and_file_directory_conflicts_are_refused (tests.test_radio_native_v2_archive_storage_contract.ArchiveStorageContractTests.test_canonical_paths_sorted_rows_and_file_directory_conflicts_are_refused) ... ok
test_combined_original_storage_and_entry_bounds_are_enforced (tests.test_radio_native_v2_archive_storage_contract.ArchiveStorageContractTests.test_combined_original_storage_and_entry_bounds_are_enforced) ... ok
test_cross_copy_inode_alias_is_refused_even_with_authentic_new_observation_pin (tests.test_radio_native_v2_archive_storage_contract.ArchiveStorageContractTests.test_cross_copy_inode_alias_is_refused_even_with_authentic_new_observation_pin) ... ok
test_each_independent_requirement_and_observation_requires_literal_b_c_set (tests.test_radio_native_v2_archive_storage_contract.ArchiveStorageContractTests.test_each_independent_requirement_and_observation_requires_literal_b_c_set) ... ok
test_exact_current_copies_charge_files_and_directories_once_without_authority (tests.test_radio_native_v2_archive_storage_contract.ArchiveStorageContractTests.test_exact_current_copies_charge_files_and_directories_once_without_authority) ... ok
test_independent_root_drift_and_archive_root_overlap_are_refused (tests.test_radio_native_v2_archive_storage_contract.ArchiveStorageContractTests.test_independent_root_drift_and_archive_root_overlap_are_refused) ... ok
test_missing_extra_or_changed_expected_file_pins_are_refused (tests.test_radio_native_v2_archive_storage_contract.ArchiveStorageContractTests.test_missing_extra_or_changed_expected_file_pins_are_refused) ... ok
test_nonstring_file_keys_cannot_be_coerced_to_archive_paths_by_json (tests.test_radio_native_v2_archive_storage_contract.ArchiveStorageContractTests.test_nonstring_file_keys_cannot_be_coerced_to_archive_paths_by_json) ... ok
test_observation_drift_and_changed_independent_pin_are_refused (tests.test_radio_native_v2_archive_storage_contract.ArchiveStorageContractTests.test_observation_drift_and_changed_independent_pin_are_refused) ... ok
test_original_repository_root_ancestor_and_descendant_are_refused (tests.test_radio_native_v2_archive_storage_contract.ArchiveStorageContractTests.test_original_repository_root_ancestor_and_descendant_are_refused) ... ok
test_private_journal_directory_and_spent_record_names_are_refused (tests.test_radio_native_v2_archive_storage_contract.ArchiveStorageContractTests.test_private_journal_directory_and_spent_record_names_are_refused) ... ok
test_returned_rows_and_pins_are_detached_from_all_caller_inputs (tests.test_radio_native_v2_archive_storage_contract.ArchiveStorageContractTests.test_returned_rows_and_pins_are_detached_from_all_caller_inputs) ... ok
test_sole_link_and_exact_totals_are_required (tests.test_radio_native_v2_archive_storage_contract.ArchiveStorageContractTests.test_sole_link_and_exact_totals_are_required) ... ok
test_transport_role_scope_and_authority_cannot_drift_even_when_repinned (tests.test_radio_native_v2_archive_storage_contract.ArchiveStorageContractTests.test_transport_role_scope_and_authority_cannot_drift_even_when_repinned) ... ok
test_unrelated_empty_directory_is_not_charged_as_an_accepted_copy (tests.test_radio_native_v2_archive_storage_contract.ArchiveStorageContractTests.test_unrelated_empty_directory_is_not_charged_as_an_accepted_copy) ... ok

----------------------------------------------------------------------
Ran 635 tests in 153.118s

OK
